hostname,pl_name,sy_dist,ra,dec,st_mass,st_rad,st_teff,pl_orbsmax,pl_orbper,pl_orbeccen,pl_orbincl,pl_orblper,pl_bmasse,pl_rade
"HD 2039","HD 2039 b",85.69220000,6.0851069,-56.6499880,1.230000,1.190000,5945.00,2.2000000000,1120.00000000000,0.710000,,344.1000,1999.15070000,12.70000000
"HAT-P-8","HAT-P-8 b",211.55300000,343.0414932,35.4471778,1.270000,1.570000,6200.00,0.0449600000,3.07634000000,0.000000,87.80000,116.0000,406.82240000,15.69260000
"K2-43","K2-43 b",182.53600000,169.1170280,-3.9754405,0.571000,0.542000,3840.60,0.0378400000,3.47114900000,0.070000,89.60000,-25.1100,18.50000000,4.51000000
"Kepler-1753","Kepler-1753 b",707.68800000,288.2366640,46.6058744,0.860000,0.769000,5180.00,0.1179000000,16.00460052000,0.000000,89.00000,,5.59000000,2.22678077
"Kepler-1176","Kepler-1176 b",864.69900000,297.9197240,45.2742038,1.010000,1.020000,5844.00,0.1589000000,24.17385790000,0.000000,89.76000,,6.57000000,2.45000000
"K2-126","K2-126 b",102.95300000,203.5467021,-13.5769705,0.690000,0.650000,4339.00,0.0656000000,7.38565500000,0.060000,89.40000,-33.7200,4.54000000,1.97000000
"Kepler-1263","Kepler-1263 b",664.83000000,286.4836260,46.7526182,0.840000,0.800000,5213.00,0.0499000000,4.55139967000,0.000000,88.98000,,1.55000000,1.14000000
"Kepler-1416","Kepler-1416 b",949.59000000,298.6634624,43.8940593,1.090000,1.150000,6019.00,0.0257000000,1.49514952000,0.000000,42.38000,,0.61500000,0.88000000
"Kepler-1542","Kepler-1542 c",399.11400000,285.7284757,42.6544651,0.940000,0.990000,5564.00,0.0387000000,2.89223021000,0.000000,89.89000,,0.20800000,0.65000000
"K2-85","K2-85 b",97.21790000,59.4648290,18.4649505,0.700000,0.710000,4232.00,0.0130000000,0.68453862616,0.240000,80.21000,67.5900,3.20000000,1.40000000
"Kepler-368","Kepler-368 c",770.97800000,291.8800180,45.3878419,1.165000,2.019000,5502.00,0.3600000000,72.37933400000,0.000000,88.95000,,14.30000000,3.88000000
"K2-123","K2-123 b",161.55500000,134.4441404,21.4532748,0.620000,0.590000,4035.00,0.1649000000,30.95152400000,0.060000,89.79000,-33.5300,8.05000000,2.76000000
"Kepler-770","Kepler-770 b",930.45700000,286.4904589,38.3748720,0.940000,0.920000,5598.00,0.1694000000,18.92540274000,0.000000,88.00000,,5.90000000,2.30000000
"Kepler-1399","Kepler-1399 b",1385.70000000,293.3116962,46.0416516,0.970000,0.960000,5735.00,0.0276000000,1.63865305800,0.000000,86.56000,,2.10000000,1.25000000
"Kepler-723","Kepler-723 b",1071.80000000,284.8304434,44.6580932,0.920000,0.890000,5539.00,0.0479000000,4.08227506800,0.000000,89.51000,,,12.19000000
"K2-107","K2-107 b",685.20000000,284.9853550,-22.2934206,1.300000,1.810000,6061.00,0.0475000000,3.31395900000,0.000000,82.36105,,266.97720000,15.98000000
"K2-45","K2-45 b",495.31700000,169.6327547,-1.7740582,0.503000,0.445000,4103.00,0.0224000000,1.72926840000,0.100000,87.75000,59.6100,36.40000000,6.71000000
"K2-365","K2-365 b",187.22200000,238.8197061,-21.0269691,0.823000,1.051000,5561.00,,23.44817200000,,89.00390,,8.78000000,2.90600000
"K2-127","K2-127 b",709.99900000,207.0782895,-11.5889878,0.720000,0.660000,4575.00,0.0411000000,3.58816300000,0.120000,87.22000,-65.7400,52.90000000,8.37000000
"K2-195","K2-195 b",315.01400000,199.8315191,-8.5095364,0.940000,0.990000,5713.00,0.1208000000,15.85297500000,,89.04065,,9.96000000,3.13000000
"K2-80","K2-80 c",200.80200000,59.0374860,13.5590288,0.900000,0.870000,5441.00,0.0596000000,5.60500000000,,87.91636,,2.76000000,1.47000000
"K2-229","K2-229 c",102.56400000,186.8729195,-6.7218474,0.870000,0.790000,5315.00,0.0769000000,8.32727000000,0.000000,87.94000,,7.00000000,2.03000000
"HAT-P-3","HAT-P-3 b",134.55400000,206.0940142,48.0285650,1.060000,0.870000,5185.00,0.0386600000,2.89970000000,0.000000,87.24000,107.7000,206.58950000,10.53646000
"WASP-32","WASP-32 b",275.99400000,3.9617073,1.2005122,0.720000,0.950000,6140.00,0.0394000000,2.71866000000,0.000000,85.10000,130.0000,835.89290000,10.76064000
"WASP-24","WASP-24 b",322.11400000,227.2154975,2.3432860,1.430000,1.420000,6075.00,0.0365100000,2.34121000000,0.000000,83.64000,70.0000,394.10920000,15.46842000
"Kepler-65","Kepler-65 c",303.72800000,288.6887221,41.1511076,1.250000,1.410000,6211.00,0.0680000000,5.85994400000,0.020000,92.33000,,5.40000000,2.58000000
"TrES-2","TrES-2 b",215.32000000,286.8085258,49.3164211,1.360000,1.120000,5850.00,0.0356800000,2.47063000000,0.000000,83.57000,24.0000,473.56670000,15.24424000
"Kepler-939","Kepler-939 b",2093.62000000,293.8656181,47.0268148,0.880000,0.850000,5471.00,0.1153000000,14.87829600000,0.000000,85.91000,,3.71000000,1.75000000
"Kepler-1028","Kepler-1028 b",607.91600000,289.5931004,49.7812447,0.900000,0.870000,5522.00,0.0354000000,2.51462432000,0.000000,88.78000,,2.33000000,1.33000000
"HAT-P-67","HAT-P-67 b",371.68600000,256.6107279,44.7768849,1.730000,2.620000,6640.00,0.0650500000,4.81010690000,0.000000,88.80000,,143.02278315,23.98721870
"Kepler-1101","Kepler-1101 b",742.47300000,294.5693544,45.6711623,0.940000,0.910000,5614.00,0.3483000000,81.31510590000,0.000000,89.99000,,6.66000000,2.47000000
"Kepler-1388","Kepler-1388 b",453.79500000,283.3360156,47.1744499,0.630000,0.610000,4098.00,0.0882000000,12.28546030000,0.000000,89.46000,,7.22000000,2.59000000
"Kepler-768","Kepler-768 b",784.56000000,294.1156858,38.3934378,0.820000,0.780000,5108.00,0.0920000000,11.39100250000,0.000000,88.44000,,3.86000000,1.79000000
"Kepler-796","Kepler-796 b",817.58400000,287.3078999,39.1447097,0.930000,1.090000,5475.00,0.0731700000,6.40087618000,0.000000,85.17000,,2.24000000,1.30000000
"Kepler-110","Kepler-110 b",586.53100000,292.9291693,48.6028303,0.989000,1.149000,5960.00,0.1070000000,12.69111200000,0.000000,89.98000,,4.01000000,1.83000000
"Kepler-1042","Kepler-1042 b",659.00000000,288.6689428,39.8239935,0.750000,0.720000,4815.00,0.0756000000,10.13202575000,0.000000,89.93000,,5.43000000,2.19000000
"Kepler-334","Kepler-334 c",426.59000000,287.1406177,47.1151153,1.022000,1.068000,5828.00,0.1070000000,12.75800500000,0.000000,89.97000,,2.63000000,1.43000000
"Kepler-937","Kepler-937 b",1571.46000000,294.1688142,46.7146161,1.150000,1.220000,6095.00,0.3214000000,67.66882700000,0.000000,89.61000,,13.40000000,3.72000000
"Kepler-1117","Kepler-1117 b",568.48700000,292.0847866,49.2374206,0.950000,0.930000,5612.00,0.0548500000,4.79028459000,0.000000,87.83000,,1.41000000,1.11000000
"Kepler-1789","Kepler-1789 b",611.46100000,282.8631419,41.7966332,0.920000,0.888000,5436.00,0.3543000000,80.23190308000,0.000000,89.19000,,8.40000000,2.83137505
"Kepler-1831","Kepler-1831 b",1053.49000000,295.3024604,49.5890456,1.117000,1.012000,6063.00,0.0655000000,5.78387022000,0.000000,89.59000,,4.54000000,1.97019818
"Kepler-1245","Kepler-1245 b",805.93600000,290.7443078,43.2607530,0.860000,0.830000,5306.00,0.0484000000,4.35409304000,0.000000,85.65000,,2.67000000,1.44000000
"Kepler-114","Kepler-114 b",259.53300000,294.1214820,48.3497977,0.770000,0.667000,4605.00,0.0530000000,5.18854900000,0.000000,89.39000,,1.09000000,1.26000000
"Kepler-1105","Kepler-1105 b",318.00400000,281.1117588,42.4549698,0.710000,0.680000,4299.00,0.0471000000,4.42157218200,0.000000,84.34000,,4.70000000,2.01000000
"Kepler-187","Kepler-187 b",1143.00000000,299.7964955,44.0892448,1.081000,1.287000,6105.00,0.0590000000,4.93886400000,0.000000,84.67000,,2.57000000,1.41000000
"Kepler-1379","Kepler-1379 b",971.32500000,293.6704404,41.4102105,0.830000,0.790000,5188.00,0.0171000000,0.88184114600,0.000000,84.47000,,2.24000000,1.30000000
"Kepler-304","Kepler-304 c",434.68400000,294.4418031,40.5575408,0.737000,0.687000,4731.00,0.0540000000,5.31594600000,0.000000,88.47000,,5.35000000,2.17000000
"Kepler-1291","Kepler-1291 b",897.35200000,289.3770051,40.0010791,0.840000,0.800000,5216.00,0.0779000000,8.63043276000,0.000000,88.03000,,3.39000000,1.66000000
"Kepler-304","Kepler-304 e",434.68400000,294.4418031,40.5575408,0.800000,0.730000,4817.00,0.0231700000,1.49914695300,0.000000,87.54000,,1.87000000,1.20000000
"Kepler-461","Kepler-461 b",692.15800000,292.2490563,46.1647909,0.980000,0.910000,5634.00,0.0789500000,8.31378305900,0.000000,89.99000,,7.18000000,2.58000000
"Kepler-1894","Kepler-1894 b",935.19100000,295.5864604,49.6668523,0.999000,0.901000,5772.00,0.0385000000,2.76266002700,0.000000,87.48000,,1.87000000,1.20117759
"Kepler-576","Kepler-576 b",617.55000000,295.1828896,38.6542028,0.990000,0.970000,5672.00,0.1790000000,29.91136794000,0.000000,89.93000,,10.70000000,3.27000000
"Kepler-1893","Kepler-1893 b",1050.72000000,298.4012866,44.8381709,0.973000,1.162000,5633.00,0.0504000000,4.17936992600,0.000000,88.44000,,3.55000000,1.70557445
"Kepler-1601","Kepler-1601 b",644.45600000,285.5129496,38.0798390,1.040000,1.070000,5869.00,0.0328100000,2.20921951000,0.000000,89.11000,,0.47700000,0.82000000
"Kepler-1922","Kepler-1922 b",1344.29000000,292.3303706,37.9970696,0.953000,0.863000,5931.00,0.1077000000,13.22259998000,0.000000,83.99000,,5.86000000,2.29064904
"HD 80653","HD 80653 b",109.86000000,140.3390845,14.3678691,1.150000,1.199000,5959.00,0.0165700000,0.71957926000,0.000000,81.70000,90.0000,5.61000000,1.62100000
"Kepler-1542","Kepler-1542 d",399.11400000,285.7284757,42.6544651,0.940000,0.990000,5564.00,0.0629000000,5.99273738000,0.000000,88.08000,,0.59000000,0.87000000
"Kepler-666","Kepler-666 b",1508.71000000,298.4568899,48.7915925,1.030000,1.050000,5887.00,0.0542000000,4.49876092000,0.000000,88.00000,,6.35000000,2.40000000
"Kepler-211","Kepler-211 c",309.35300000,285.4391183,43.1685051,0.867000,0.816000,5123.00,0.0620000000,6.04045000000,0.000000,88.58000,,18.30000000,1.29000000
"Kepler-203","Kepler-203 c",703.30200000,297.0899590,41.3880686,1.060000,1.114000,5821.00,0.0610000000,5.37064700000,0.000000,87.46000,,749.90000000,2.47000000
"GJ 674","GJ 674 b",4.54896000,262.1700476,-46.8989826,0.350000,0.364630,3600.00,0.0390000000,4.69380000000,0.200000,,143.0000,11.09000000,3.33000000
"OGLE-TR-182","OGLE-TR-182 b",2501.75000000,167.3279228,-61.0952624,1.140000,1.140000,5924.00,0.0510000000,3.97910000000,0.000000,85.70000,,320.99500000,12.66600000
"HD 69830","HD 69830 c",12.55910000,124.6010091,-12.6364246,0.860000,0.886947,5385.00,0.1860000000,31.56000000000,0.130000,,221.0000,11.80000000,3.46000000
"GJ 3021","GJ 3021 b",17.55590000,4.0634323,-79.8514218,0.900000,0.900000,5540.00,0.4900000000,133.71000000000,0.511000,,290.7000,1071.04000000,13.10000000
"HD 221287","HD 221287 b",55.92310000,352.8362230,-58.2097540,1.250000,1.138640,6304.00,1.2500000000,456.10000000000,0.080000,,98.0000,982.05000000,13.10000000
"HD 47536","HD 47536 b",122.53600000,99.4489580,-32.3394531,2.100000,23.470000,4380.00,1.9300000000,712.13000000000,0.200000,,260.8000,2330.00000000,12.60000000
"HD 107148","HD 107148 b",49.41560000,184.8059773,-3.3199927,1.120000,1.169193,5797.00,0.2690000000,48.05600000000,0.050000,,75.0000,66.74100000,9.60000000
"HD 179949","HD 179949 b",27.45730000,288.8890182,-24.1797939,1.210000,1.266865,6168.00,0.0443000000,3.09251400000,0.022000,,192.0000,291.12000000,13.90000000
"HD 188015","HD 188015 b",50.67060000,298.0191857,28.0999769,1.090000,1.125296,5746.00,1.2030000000,461.20000000000,0.137000,,222.0000,476.72000000,13.60000000
"HD 27442","HD 27442 b",18.27040000,64.1205476,-59.3028771,1.230000,3.180000,4846.00,1.2710000000,428.10000000000,0.060000,,216.0000,495.80000000,13.50000000
"HD 46375","HD 46375 b",29.55290000,98.3030763,5.4625071,0.920000,0.914196,5285.00,0.0398000000,3.02357300000,0.063000,,114.0000,71.80000000,10.00000000
"HAT-P-2","HAT-P-2 b",127.77400000,245.1514324,41.0479601,1.330000,1.390000,6380.00,0.0681400000,5.63351580000,0.517200,86.16000,188.0100,2866.81223114,10.65975900
"HD 109749","HD 109749 b",63.08210000,189.3173489,-40.8121458,1.130000,1.220000,5824.00,0.0615000000,5.23989100000,0.000000,,109.8000,85.81410000,11.10000000
"HD 149143","HD 149143 b",73.28010000,248.2126715,2.0844547,1.200000,1.440000,5856.00,0.0530000000,4.07182000000,0.016700,,217.0000,422.71390000,13.60000000
"HD 224693","HD 224693 b",93.50150000,359.9749837,-22.4279999,1.310000,1.930000,5894.00,0.1910000000,26.69040000000,0.104000,,358.0000,222.48100000,14.00000000
"HD 231701","HD 231701 b",108.87700000,293.0176220,16.4743566,1.210000,1.530000,6101.00,0.5670000000,141.63000000000,0.130000,,68.0000,359.14790000,13.70000000
"HIP 14810","HIP 14810 b",50.48000000,47.8092750,21.0971302,1.010000,1.070000,5544.00,0.0696000000,6.67389200000,0.143990,,158.8300,1239.53700000,13.00000000
"HIP 14810","HIP 14810 d",50.48000000,47.8092750,21.0971302,1.010000,1.070000,5544.00,1.9400000000,981.80000000000,0.185000,,247.0000,187.51970000,14.10000000
"HD 207832","HD 207832 b",58.92910000,328.1517893,-26.0271749,1.050000,0.890000,5726.00,0.5860000000,160.07000000000,0.197000,,1.0000,177.98480000,14.20000000
"HD 37605","HD 37605 c",46.78640000,85.0074276,6.0595116,0.940000,0.910000,5329.00,3.7400000000,2720.00000000000,0.030000,,227.0000,1013.87770000,13.10000000
"HD 1605","HD 1605 c",88.80470000,5.1317548,30.9750611,1.330000,3.490000,4915.00,3.5840000000,2149.00000000000,0.099000,,233.0000,1150.54460000,13.00000000
"HD 55696","HD 55696 b",77.96930000,108.0622029,-38.1746390,1.290000,1.520000,6012.00,3.1800000000,1827.00000000000,0.705000,57.00000,137.0000,1357.12729789,12.90000000
"HD 148164","HD 148164 c",77.19710000,246.4351678,11.9190729,1.210000,1.340000,6032.00,6.1500000000,5062.00000000000,0.125000,,152.0000,1640.00280000,12.80000000
"HD 211810","HD 211810 b",64.63530000,334.5286724,61.1349912,1.030000,1.130000,5652.00,2.6560000000,1558.00000000000,0.680000,,98.0000,212.94610000,14.00000000
"HD 221416","HD 221416 b",95.54830000,353.0331863,-21.8012007,1.212000,2.943000,5080.00,0.1228000000,14.27670000000,0.115000,85.75000,-106.0000,60.50000000,9.17000000
"Kepler-595","Kepler-595 c",643.00900000,294.5703593,50.6730147,0.930000,0.821000,5138.50,0.0983000000,12.38602000000,0.000000,89.01000,,3.30000000,1.00900000
"Kepler-595","Kepler-595 b",643.00900000,294.5703593,50.6730147,0.930000,0.821000,5138.50,0.1582000000,25.30290920000,0.000000,89.95000,,17.40000000,3.70800000
"PSR B1257+12","PSR B1257+12 b",600.00000000,195.0149029,12.6823534,1.400000,,,0.1900000000,25.26200000000,0.000000,50.00000,0.0000,0.02000000,0.33800000
"PSR B1257+12","PSR B1257+12 c",600.00000000,195.0149029,12.6823534,1.400000,,,0.3600000000,66.54190000000,0.018600,53.00000,250.4000,4.30000000,1.91000000
"OGLE-TR-211","OGLE-TR-211 b",1515.26000000,160.0598236,-62.4555353,1.330000,1.640000,6325.00,0.0510000000,3.67724000000,0.000000,87.20000,,327.35100000,15.24400000
"Lupus-TR-3","Lupus-TR-3 b",773.40900000,232.5774696,-42.9799461,0.870000,0.820000,5000.00,0.0464000000,3.91405000000,0.000000,88.30000,,257.43100000,9.97600000
"2MASS J04414489+2301513","2MASS J04414489+2301513 b",120.42398696,70.4371079,23.0308544,0.019000,0.231916,2936.00,15.0000000000,,,,,2383.60000000,12.60000000
"WASP-21","WASP-21 b",258.42600000,347.4928024,18.3961597,1.010000,1.060000,5800.00,0.0520000000,4.32248200000,0.000000,88.75000,,95.34500000,11.99000000
"CoRoT-10","CoRoT-10 b",338.38600000,291.0636813,0.7460143,0.890000,0.790000,5075.00,0.1055000000,13.24060000000,0.530000,88.55000,218.9000,874.00000000,10.87000000
"CoRoT-12","CoRoT-12 b",1126.37000000,100.7656871,-1.2964437,1.078000,1.116000,5675.00,0.0401600000,2.82804200000,0.070000,85.48000,105.0000,291.43800000,16.14000000
"CoRoT-13","CoRoT-13 b",1148.93000000,102.7211432,-5.0864557,1.090000,1.010000,5945.00,0.0510000000,4.03519000000,0.000000,88.02000,,415.70400000,9.92000000
"HD 285968","HD 285968 b",9.47045000,70.7353853,18.9533580,0.500000,0.478214,3703.49,0.0660000000,8.78360000000,0.000000,,0.0000,8.40000000,2.83000000
"HD 205739","HD 205739 b",92.50870000,324.5351273,-31.7378373,1.220000,1.330000,6176.00,0.8960000000,279.80000000000,0.270000,,301.0000,435.41000000,13.60000000
"CoRoT-3","CoRoT-3 b",768.77100000,292.0552827,0.1218359,1.370000,1.560000,6740.00,0.0578300000,4.25680000000,0.000000,85.90000,,6883.91000000,11.32000000
"HD 16417","HD 16417 b",25.39360000,39.2441029,-34.5790905,1.200000,1.639984,5841.00,0.1400000000,17.24000000000,0.200000,,77.0000,22.10000000,5.00000000
"AB Pic","AB Pic b",50.04750000,94.8039208,-58.0541184,0.900000,0.999394,5285.00,260.0000000000,,,,,4290.50000000,12.30000000
"CT Cha","CT Cha b",190.72000000,166.0375038,-76.4553693,,1.679694,4403.00,440.0000000000,,,,,5403.00000000,24.66000000
"HD 9446","HD 9446 b",50.35030000,23.3350424,29.2649187,1.000000,1.000000,5793.00,0.1890000000,30.05200000000,0.200000,,215.0000,222.47200000,14.00000000
"Kepler-4","Kepler-4 b",487.91600000,285.6154492,50.1357712,1.223000,1.487000,5857.00,0.0456000000,3.21346000000,0.000000,89.76000,,24.47200000,4.00200000
"GJ 876","GJ 876 c",4.67517000,343.3239737,-14.2665958,0.320000,0.300000,3293.74,0.1295900000,30.08810000000,0.255910,59.00000,48.7600,226.98460000,14.00000000
"HIP 79431","HIP 79431 b",14.53240000,243.1742467,-18.8764247,0.490000,0.478625,3191.00,0.3600000000,111.70000000000,0.290000,,287.4000,667.41500000,13.40000000
"TOI-907","TOI-907.01",312.52900000,262.1834072,-62.8403830,1.069357,2.059789,6272.00,0.0552254810,4.58491290000,,,,67.00000000,9.61588510
"WASP-31","WASP-31 b",383.82900000,169.4388603,-19.0547781,1.163000,1.252000,6302.00,0.0465900000,3.40590960000,0.000000,84.41000,,151.91600000,17.36300000
"24 Sex","24 Sex b",72.06910000,155.8684866,-0.9023998,1.540000,4.900000,5098.00,1.3330000000,452.80000000000,0.090000,,9.2000,632.46000000,13.40000000
"WASP-37","WASP-37 b",392.79100000,221.9438866,1.0650227,0.925000,1.003000,5800.00,0.0446000000,3.57746900000,0.000000,88.82000,,572.07000000,13.00200000
"Kepler-9","Kepler-9 d",628.25700000,285.5739904,38.4008192,1.070000,1.020000,5777.00,0.0273000000,1.59285100000,0.000000,89.38000,,8.41466053,1.64000000
"KOI-217","KOI-217 b",914.69900000,294.8654667,46.2858128,0.950000,0.860000,5545.00,0.0477000000,3.90512000000,0.000000,89.80000,,,12.44200000
"HD 90156","HD 90156 b",21.94960000,155.9801144,-29.6451030,0.840000,0.920286,5599.00,0.2500000000,49.77000000000,0.310000,,113.0000,17.98000000,4.43000000
"HD 177830","HD 177830 c",62.76740000,286.3363574,25.9204327,1.470000,2.620000,4949.00,0.5137000000,110.90000000000,0.300000,,110.0000,47.67250000,7.87000000
"ups And","ups And b",13.40540000,24.1983534,41.4038147,1.300000,1.560000,6156.77,0.0592216600,4.61703300000,0.021500,,324.9000,218.53100000,14.00000000
"ups And","ups And d",13.40540000,24.1983534,41.4038147,1.300000,1.560000,6156.77,2.5132900000,1276.46000000000,0.298700,,258.8200,3257.74117175,12.50000000
"OGLE-2017-BLG-0373L","OGLE-2017-BLG-0373L b",5915.00000000,269.3294067,-31.9517231,0.248000,,,2.4240000000,,,,,127.00000000,14.00000000
"K2-269","K2-269 b",360.76000000,130.1551381,13.0146799,1.160000,1.450000,6209.00,0.0531000000,4.14496500000,,86.72002,,3.09000000,1.57000000
"TOI-1249","TOI-1249 b",139.49000000,200.5615762,66.3085331,1.006200,0.978500,5497.00,0.1090000000,13.07915100000,0.000000,,90.0000,11.90000000,3.27103010
"Kepler-106","Kepler-106 d",444.32200000,300.8640060,44.3375497,1.000000,1.040000,5858.00,0.1606300000,23.98020000000,0.000000,85.45000,,8.10000000,0.95000000
"Kepler-1031","Kepler-1031 b",682.88200000,296.0898796,48.9554121,1.090000,1.120000,6011.00,0.0218000000,1.22621732000,0.000000,89.93000,,0.59000000,0.87000000
"Kepler-948","Kepler-948 b",868.01700000,293.3002774,41.5233244,0.960000,0.940000,5679.00,0.0749000000,7.76846622000,0.000000,88.68000,,4.08000000,1.85000000
"OGLE-2014-BLG-0319L","OGLE-2014-BLG-0319L b",7730.00000000,266.9611667,-33.9350444,0.520000,,,3.4900000000,,,,,181.16219199,14.10000000
"OGLE-2018-BLG-1011L","OGLE-2018-BLG-1011L b",7100.00000000,269.0140000,-29.0828889,0.180000,,,1.8000000000,,,,,570.00000000,13.50000000
"WASP-61","WASP-61 b",488.66000000,75.2996637,-26.0541438,1.820000,1.550000,6250.00,0.0521000000,3.85590000000,0.000000,89.35000,,851.78440000,15.80469000
"KMT-2022-BLG-0303L","KMT-2022-BLG-0303L b",6570.00000000,268.0331250,-22.6890806,0.368000,,,4.8100000000,,,,,163.04597279,14.20000000
"OGLE-2019-BLG-0954L","OGLE-2019-BLG-0954L b",3630.00000000,267.9132500,-29.6110000,0.800000,,,2.6500000000,,,,,4513.16337940,12.30000000
"WASP-123","WASP-123 b",197.99600000,289.4792124,-32.8601244,1.166000,1.285000,5740.00,0.0426300000,2.97764359000,0.000000,86.20000,,285.72917000,15.13212395
"Kepler-1882","Kepler-1882 b",443.37100000,290.6640856,43.4997866,1.068000,1.458000,5691.00,0.1163600000,13.78730011000,0.000000,83.09000,,2.81000000,1.48674404
"KOI-984","KOI-984 b",252.66700000,291.0489438,36.8400772,0.928000,0.818000,5295.00,0.0504000000,4.28817850000,0.120000,88.93000,-75.0000,17.10000000,4.30000000
"Kepler-1573","Kepler-1573 b",1455.36000000,292.9883129,49.4849664,1.010000,1.000000,5808.00,0.0364000000,2.61575540000,0.000000,87.98000,,1.87000000,1.20000000
"Kepler-802","Kepler-802 b",780.58500000,286.0157998,45.0077413,0.930000,0.900000,5507.00,0.2265000000,40.05874730000,0.000000,88.65000,,12.30000000,3.54000000
"KMT-2023-BLG-1454L","KMT-2023-BLG-1454L b",7220.00000000,267.6200833,-29.6227500,0.170000,,,1.1800000000,,,,,200.23189641,14.10000000
"Kepler-1440","Kepler-1440 b",1115.35000000,285.3469737,48.3122283,0.980000,0.960000,5698.00,0.2343100000,39.85948400000,0.000000,89.36000,,2.13000000,1.26000000
"WASP-130","WASP-130 b",172.25600000,203.1060194,-42.4752733,1.040000,0.960000,5625.00,0.1012000000,11.55098000000,0.000000,88.66000,90.0000,390.93090000,9.97601000
"OGLE-2017-BLG-1049L","OGLE-2017-BLG-1049L b",5670.00000000,269.5335420,-27.1442222,0.550000,,,3.9200000000,,,,,1760.00000000,12.80000000
"Kepler-949","Kepler-949 b",486.10500000,298.6079128,46.4536600,0.890000,0.860000,5403.00,0.0773900000,8.68930729600,0.000000,89.94000,,8.80000000,2.91000000
"KMT-2023-BLG-1592L","KMT-2023-BLG-1592L b",7200.00000000,268.6786667,-29.0084194,0.550000,,,3.9000000000,,,,,184.34047606,14.10000000
"OGLE-2019-BLG-0362L","OGLE-2019-BLG-0362L b",5830.00000000,263.4652500,-24.8103611,0.420000,,,2.1800000000,,,,,1036.12060682,13.10000000
"KMT-2017-BLG-1057L","KMT-2017-BLG-1057L b",6500.00000000,265.4860000,-22.3351111,0.570000,,,2.3600000000,,,,,23.50000000,5.19000000
"KMT-2025-BLG-1616L","KMT-2025-BLG-1616L b",7500.00000000,267.7788750,-30.1391111,0.260000,,,1.6000000000,,,,,42.32000000,7.34000000
"Wolf 327","Wolf 327 b",28.53210000,148.3783199,35.5705480,0.405000,0.406000,3542.00,0.0100000000,0.57347450000,0.000000,84.89000,,2.53000000,1.24000000
"Kepler-62","Kepler-62 f",300.87400000,283.2125621,45.3496992,0.690000,0.640000,4925.00,0.7180000000,267.29100000000,0.000000,89.90000,,35.00000000,1.41000000
"WASP-53","WASP-53 c",201.33800000,31.9091639,-20.6618430,0.839000,0.798000,4953.00,3.7300000000,2840.00000000000,0.836900,,198.6000,5196.52050000,
"KMT-2023-BLG-1743L","KMT-2023-BLG-1743L b",7130.00000000,269.1652500,-28.8549194,0.110000,,,1.1600000000,,,,,6356.56814000,12.10000000
"TOI-5789","TOI-5789 c",20.45810000,302.7734475,16.1897138,0.821000,0.833000,5185.00,0.1009000000,12.92774800000,0.067000,88.02000,,5.00000000,2.86000000
"MOA-2019-BLG-008L","MOA-2019-BLG-008L b",2700.00000000,267.9828750,-29.9897306,0.900000,,,,,,,,5720.91132600,12.20000000
"OGLE-2016-BLG-1598L","OGLE-2016-BLG-1598L b",5910.00000000,270.1907500,-29.1754389,0.550000,,,2.5000000000,,,,,120.77479466,13.60000000
"OGLE-2017-BLG-1275L","OGLE-2017-BLG-1275L b",7690.00000000,267.9154167,-29.4979694,0.630000,,,2.0900000000,,,,,1875.18760130,12.80000000
"HATS-44","HATS-44 b",446.03500000,84.3267559,-27.9725758,0.860000,0.847000,5080.00,0.0364900000,2.74390040000,0.279000,84.65000,,177.98480000,11.96000300
"HD 160691","HD 160691 b",15.59810000,266.0361585,-51.8348751,1.130000,1.330000,5773.00,1.5000000000,645.00000000000,0.050500,60.00000,39.0000,1366.66215010,
"Kepler-132","Kepler-132 b",349.54900000,283.2358100,41.3430370,0.929000,1.178000,6003.00,0.0670000000,6.17819600000,0.000000,85.28000,,1.92000000,1.21000000
"KMT-2021-BLG-0192L","KMT-2021-BLG-0192L b",5120.00000000,268.1049583,-30.0086889,0.270000,,,1.6200000000,,,,,34.96112477,6.56000000
"Kepler-49","Kepler-49 b",311.22200000,292.2945208,40.5918123,0.607000,0.618000,4095.60,0.0592900000,7.20000000000,0.000000,89.90000,,9.77000000,2.57900000
"KMT-2016-BLG-2364L","KMT-2016-BLG-2364L b",6440.00000000,265.7156670,-27.4355611,0.500000,,,2.6300000000,,,,,1250.00000000,13.00000000
"Kepler-218","Kepler-218 c",656.38000000,295.4128785,46.2665801,1.019000,1.063000,5502.00,0.2480000000,44.69957600000,0.000000,89.46000,,10.00000000,3.14000000
"GJ 328","GJ 328 c",20.52660000,133.7819507,1.5420011,0.650000,0.630000,3897.00,0.6570000000,241.80000000000,,,,21.40000000,4.91000000
"K2-212","K2-212 b",109.21800000,18.4241015,3.0970732,0.622000,0.678000,4349.00,0.0785000000,9.79564700000,,89.19149,,7.51000000,2.65000000
"KMT-2022-BLG-1818L","KMT-2022-BLG-1818L c",5300.00000000,270.7986250,-27.4811111,0.790000,,,12.6000000000,,,,,114.41822652,13.20000000
"Qatar-8","Qatar-8 b",281.49800000,157.4123405,70.5270835,1.029000,1.315000,5738.00,0.0474000000,3.71495000000,0.000000,89.29000,,117.91493000,14.40356500
"KMT-2018-BLG-0885L","KMT-2018-BLG-0885L b",6890.00000000,268.9663333,-28.5133611,0.290000,,,1.0700000000,,,,,9217.02380300,11.90000000
"KMT-2016-BLG-2321L","KMT-2016-BLG-2321L b",3580.00000000,264.0579167,-25.5248806,0.730000,,,3.5800000000,,,,,301.93698665,13.80000000
"Kepler-74","Kepler-74 b",1177.55000000,293.0925275,41.3555095,1.180000,1.120000,6000.00,0.0781000000,7.34071100000,0.000000,87.46000,64.0000,200.22000000,10.76000000
"OGLE-2017-BLG-0482L","OGLE-2017-BLG-0482L b",5800.00000000,269.0488890,-30.5283604,0.200000,,,1.8000000000,,,,,9.00000000,2.95000000
"PSR B0329+54","PSR B0329+54 b",504.93312058,53.2472749,54.5791636,1.440000,,,10.2600000000,10140.00000000000,0.236000,,,1.97000000,1.22000000
"K2-140","K2-140 b",347.91700000,188.1373172,-9.6076115,0.960000,1.060000,5585.00,0.0680000000,6.56918800000,0.000000,88.30000,90.0000,295.58041851,13.56286665
"HD 184010","HD 184010 c",60.79930000,292.8401421,26.6172796,1.350000,4.860000,4971.00,1.3340000000,484.30000000000,0.000000,,0.0000,95.34852210,11.80000000
"EPIC 201595106","EPIC 201595106 b",232.10000000,183.7203635,1.9681688,0.958000,0.980000,5679.00,0.0177000000,0.87724000000,0.000000,78.20000,0.0000,7.67000000,1.56500000
"TOI-1203","TOI-1203 e",64.99430000,168.2267358,-34.4069371,0.886000,1.179000,5737.00,,204.59000000000,0.152000,,189.7000,42.10000000,7.31000000
"Kepler-1503","Kepler-1503 b",1225.57000000,293.7271604,42.8067119,0.770000,0.740000,5069.00,0.3771000000,96.16987000000,0.000000,89.97000,,5.77000000,2.27000000
"Kepler-1781","Kepler-1781 b",962.63000000,291.7114906,42.3415097,1.053000,0.957000,5568.00,0.0574000000,4.88752985000,0.000000,89.55000,,6.26000000,2.38091029
"Kepler-57","Kepler-57 c",644.14000000,293.6413146,44.6570692,0.859000,0.826000,5187.90,0.0958800000,11.60000000000,0.072500,89.96000,,6.86000000,2.19600000
"Kepler-1124","Kepler-1124 b",289.89900000,286.5942529,37.8912836,0.350000,0.340000,3658.00,0.0305000000,2.85234897500,0.000000,89.45000,,2.18000000,1.28000000
"Kepler-1581","Kepler-1581 b",493.17500000,287.3713199,39.6036225,1.120000,1.230000,6022.00,0.0686500000,6.28385491000,0.000000,89.49000,,0.43700000,0.80000000
"K2-136","K2-136 c",59.24740000,67.4128615,22.8825674,0.742000,0.677000,4500.00,0.1185000000,17.30723000000,0.047000,89.70000,124.0000,18.10000000,3.00000000
"HD 39091","HD 39091 b",18.27020000,84.2992798,-80.4646041,1.070000,1.170000,5998.00,3.2800000000,2088.80000000000,0.642000,45.80000,-30.1000,4481.38053870,12.30000000
"LHS 1815","LHS 1815 b",29.84240000,91.0899861,-55.3115376,0.502000,0.501000,3643.00,0.0404000000,3.81433400000,0.000000,88.12500,90.0000,1.58000000,1.08800000
"Kepler-464","Kepler-464 b",667.60400000,294.8351052,48.9823204,1.210000,1.590000,5933.00,0.0793100000,7.25696522400,0.000000,85.51000,,10.90000000,3.30000000
"Kepler-1580","Kepler-1580 b",1002.02000000,285.9687099,41.3635264,1.470000,2.150000,6228.00,0.3357100000,56.64492790000,0.000000,88.47000,,5.10000000,2.11000000
"Kepler-198","Kepler-198 d",495.35800000,290.6731326,38.6910045,0.970000,0.930000,5636.00,0.0234200000,1.31184443000,0.000000,88.78000,,2.96000000,1.53000000
"HD 50554","HD 50554 b",31.16640000,103.6782730,24.2451409,1.100000,1.020000,6050.00,2.3390000000,1240.00000000000,0.482000,61.00000,4.0000,1859.29618095,12.80000000
"HD 73267","HD 73267 c",50.40930000,129.0735123,-34.4594469,0.930000,0.909000,5387.00,12.6880000000,17071.78045000000,0.089000,91.84900,112.7460,1630.77755632,12.80000000
"Kepler-580","Kepler-580 b",323.89900000,283.4997537,40.5528053,0.670000,0.640000,4298.00,0.0683000000,8.22241965600,0.000000,89.39000,,7.13000000,2.57000000
"KOI-12","KOI-12 b",399.39800000,297.4537402,41.0110188,1.500000,1.400000,6635.00,0.1540000000,17.85518200000,0.340000,88.95000,228.0000,349.61300000,13.78707000
"Kepler-637","Kepler-637 b",786.09100000,292.4172566,41.4168384,1.640000,2.560000,6096.00,0.1661900000,23.20584623000,0.000000,89.92000,,20.20000000,4.75000000
"HD 29985","HD 29985 b",31.27070000,70.5216589,-33.9210696,0.750000,0.574666,4678.00,13.3900000000,20608.14049000000,0.261000,52.65800,89.4140,1739.47487151,12.80000000
"HD 165155","HD 165155 b",63.35740000,271.4893395,-29.9172536,1.020000,0.950000,5426.00,1.1300000000,434.50000000000,0.200000,,211.9900,918.52870000,13.20000000
"HD 22946","HD 22946 d",62.77920000,54.8195380,-42.7630276,1.098000,1.117000,6169.00,0.2958000000,47.42489000000,,,,26.57000000,2.60700000
"Kepler-1697","Kepler-1697 b",247.77100000,287.6633310,43.4713782,0.747000,0.772344,4681.53,0.2008000000,33.49690000000,0.000000,86.86000,,2.12000000,1.25954761
"Kepler-674","Kepler-674 b",342.25400000,285.1761864,50.1496897,0.600000,0.570000,4192.00,0.0280000000,2.24338184700,0.000000,82.88000,,3.50000000,1.69000000
"Kepler-873","Kepler-873 b",1182.22000000,296.4031319,51.2712773,1.180000,1.270000,6163.00,0.1542000000,20.55338440000,0.000000,87.62000,,13.50000000,3.75000000
"Kepler-783","Kepler-783 b",516.09000000,291.0628615,47.4847890,0.930000,0.890000,5521.00,0.0495800000,4.29264638000,0.000000,87.62000,,0.39900000,0.78000000
"HD 31527","HD 31527 c",38.44730000,73.9096193,-23.2413163,0.960000,1.073694,5898.00,0.2663000000,51.20530000000,0.040000,,-23.2500,14.16000000,3.85000000
"Kepler-1955","Kepler-1955 b",449.35100000,299.5347603,40.4777528,1.049000,1.291000,5825.00,0.1195900000,14.26519966000,0.000000,89.29000,,1.69000000,1.16654878
"Kepler-1684","Kepler-1684 b",621.99600000,294.0054181,46.3106625,0.750000,0.666755,4706.54,0.2253000000,47.70550000000,0.000000,88.24000,,8.60000000,2.87084792
"Kepler-322","Kepler-322 c",400.48000000,281.3487514,44.2952525,0.908000,0.890000,5388.00,0.0510000000,4.33723400000,0.000000,89.77000,,3.43000000,1.67000000
"Qatar-5","Qatar-5 b",367.65800000,7.0539375,42.0613451,1.128000,1.076000,5747.00,0.0412700000,2.87923190000,0.000000,88.74000,,1373.02560000,12.40836300
"Kepler-399","Kepler-399 c",740.53700000,299.5017242,40.6707669,0.902000,0.680000,5502.00,0.1550000000,26.67569000000,0.000000,89.26000,,2.63000000,1.43000000
"DMPP-2","DMPP-2 c",137.94000000,27.4077310,-34.4590985,1.410000,1.780000,6500.00,0.0478900000,3.16800000000,0.280000,,115.0000,51.79000000,8.26000000
"TOI-1062","TOI-1062 b",82.17330000,38.1209678,-78.0236828,0.940000,0.840000,5328.00,0.0520000000,4.11296000000,0.177000,85.91300,117.0000,10.15000000,2.26500000
"TOI-1759","TOI-1759 b",40.06540000,326.8516615,62.7538164,0.606000,0.597000,4065.00,0.1177000000,18.85019000000,0.000000,89.72000,90.0000,10.80000000,3.14000000
"TOI-2285","TOI-2285 b",42.40900000,332.5632644,58.7060934,0.454000,0.464000,3491.00,0.1363000000,13.63510900000,0.300000,89.66000,56.0000,19.50000000,1.77000000
"Kepler-546","Kepler-546 b",1019.65000000,283.2575730,40.9904095,1.110000,1.150000,5967.00,0.0502000000,4.14702025800,0.000000,88.70000,,39.10000000,7.00000000
"Kepler-682","Kepler-682 b",1979.25000000,289.1122204,51.7373589,0.920000,0.890000,5559.00,0.1058000000,12.61190667200,0.000000,88.17000,,42.60000000,7.37000000
"TOI-220","TOI-220 b",90.74020000,91.7996988,-61.9972098,0.825000,0.858000,5298.00,0.0891100000,10.69526400000,0.032000,87.88000,248.0000,13.80000000,3.03000000
"TOI-5624","TOI-5624 f",101.91300000,180.8443476,49.2512257,0.858000,0.820000,5327.00,0.2366000000,45.37000000000,0.000000,,90.0000,13.00000000,3.66000000
"Kepler-242","Kepler-242 b",600.24100000,286.5656932,41.8084168,0.748000,0.850000,5020.00,0.0750000000,8.20395000000,0.000000,86.43000,,7.32000000,2.61000000
"Kepler-258","Kepler-258 b",575.98800000,294.0684116,46.5791357,0.820000,0.915000,4942.00,0.1030000000,13.19722000000,0.000000,88.71000,,15.50000000,4.06000000
"TOI-4898","TOI-4898 b",98.59580000,197.3416711,-32.8294537,0.619077,0.639344,4201.57,,2.76520470167,,87.39169,,13.40000000,3.71979540
"Kepler-1292","Kepler-1292 b",1493.43000000,284.9057222,43.9491434,0.950000,0.930000,5556.00,0.0443000000,3.27646405000,0.000000,90.00000,,3.97000000,1.82000000
"HD 128717","HD 128717 b",73.63600000,219.0881687,57.5609512,1.212000,1.248000,6210.00,4.8500000000,3420.00000000000,0.850000,130.30000,-105.7000,6293.00245860,12.10000000
"TOI-3278","TOI-3278 b",904.75200000,291.8668611,-62.0948769,1.040000,1.390000,5720.00,0.0430000000,3.24645600000,0.000000,83.00000,90.0000,95.34852210,13.89913607
"Kepler-103","Kepler-103 b",494.83200000,288.9845512,40.0644857,1.212000,1.492000,6047.00,0.1330000000,15.96532870000,0.171000,87.91400,-46.7000,11.67000000,3.48570000
"TOI-4492","TOI-4492 b",143.18400000,308.6508000,29.2381016,1.067000,1.222000,5711.00,0.0535000000,4.43318240000,,88.78000,,1881.54416944,11.78063872
"HD 39091","pi Men d",18.27020000,84.2992798,-80.4646041,1.070000,1.190000,5998.00,0.5060000000,124.64000000000,0.220000,,323.0000,13.38000000,3.72000000
"Kepler-1058","Kepler-1058 b",491.99700000,294.5956256,45.8750556,0.730000,0.690000,4644.00,0.3679000000,110.96546000000,0.000000,89.14000,,7.85000000,2.72000000
"Kepler-160","Kepler-160 b",937.01300000,287.7735730,42.8692755,1.003000,1.118000,5471.00,0.0551100000,4.30939700000,0.000000,89.83000,,3.59000000,1.71500000
"Kepler-1365","Kepler-1365 b",840.12800000,292.1996573,42.0459944,1.000000,1.050000,5770.00,0.0783900000,7.69993485000,0.000000,89.92000,,0.72100000,0.92000000
"Kepler-346","Kepler-346 c",984.10500000,288.0119248,46.1176003,0.943000,1.021000,6033.00,0.1680000000,23.85154900000,0.000000,88.74000,,9.64000000,3.07000000
"Kepler-1489","Kepler-1489 b",1283.05000000,281.2957984,44.4654063,0.930000,0.900000,5655.00,0.3679000000,82.29475100000,0.000000,89.87000,,3.78000000,1.77000000
"Kepler-1126","Kepler-1126 b",635.73600000,285.6919550,45.6893993,0.920000,0.930000,5798.00,0.4125100000,108.59332900000,0.000000,90.00000,,3.64000000,1.73000000
"Kepler-1914","Kepler-1914 b",1621.56000000,291.4314024,38.6543635,1.047000,0.960000,5982.00,0.1954000000,30.82789993000,0.000000,89.98000,,8.97000000,2.94298030
"HATS-43","HATS-43 b",362.27300000,80.5382418,-30.9708179,0.837000,0.812000,5099.00,0.0494400000,4.38884970000,0.173000,89.24000,330.0000,82.95363000,13.22662000
"Kepler-685","Kepler-685 b",938.71500000,293.8719143,38.4229184,1.110000,1.160000,5963.00,0.0265000000,1.62552220000,0.000000,89.22000,,78.80000000,10.58000000
"Kepler-1303","Kepler-1303 b",897.78300000,284.2871470,42.3555784,1.010000,1.000000,5771.00,0.0751000000,7.56127224000,0.000000,89.27000,,2.60000000,1.42000000
"Kepler-1016","Kepler-1016 b",1402.82000000,294.6136890,45.9846265,0.990000,1.000000,5821.00,0.0304400000,1.95452434200,0.000000,82.98000,,5.39000000,2.18000000
"HIP 54373","HIP 54373 c",18.71680000,166.8643532,-19.2916857,0.570000,0.564998,4021.00,0.0990000000,15.14400000000,0.200000,,122.3700,12.44000000,3.57000000
"L 363-38","L 363-38 b",10.22950000,10.8555443,-41.2952926,0.210000,0.274000,3129.00,0.0480000000,8.78100000000,,,,4.67000000,2.00000000
"HAT-P-46","HAT-P-46 b",290.73600000,270.4441831,-2.9709800,1.284000,1.396000,6120.00,0.0577000000,4.46312900000,0.123000,85.50000,70.0000,156.68400000,14.39200000
"K2-396","K2-396 c",274.86400000,74.6928607,17.2690562,0.954000,0.920000,5236.00,,25.76051000000,,,,9.93000000,3.12400000
"TOI-1107","TOI-1107 b",281.31400000,155.6078632,-82.2188693,1.350000,1.810000,6311.00,0.0561000000,4.07823870000,0.025000,88.63000,71.9700,1064.72516345,14.57167491
"KOI-319","KOI-319 c",660.13800000,290.1174980,44.8729586,1.325000,2.064000,5880.00,,80.09900000000,0.032000,,,8803.84687390,11.90000000
"Kepler-1992","Kepler-1992 b",532.95500000,295.0902409,45.0811045,0.874000,0.842000,5383.00,0.1169000000,15.61122380000,0.000000,89.03000,,0.69300000,0.91000000
"Kepler-134","Kepler-134 b",334.79700000,284.7391156,49.5984448,0.956000,1.176000,5983.00,0.0600000000,5.31742900000,0.000000,85.86000,,4.66000000,2.00000000
"TOI-912","TOI-912 b",26.10720000,229.3285665,-80.4733446,0.418000,0.419000,3572.00,0.0410000000,4.67806910000,0.580000,88.70000,-169.0000,5.10000000,1.93000000
"TOI-913","TOI-913 b",65.17690000,234.5723244,-80.8034265,0.820000,0.732500,4969.00,,11.09864400000,,89.10000,,6.59000000,2.45280000
"TOI-1105","TOI-1105 b",79.52250000,146.0539694,-89.4715133,0.740000,0.755833,4678.46,,10.86818410933,,88.95536,,9.58000000,3.05823658
"Kepler-559","Kepler-559 b",776.70800000,296.6368878,43.8027948,0.960000,0.950000,5630.00,0.1277000000,17.58752333000,0.000000,89.81000,,12.70000000,3.61000000
"WASP-34","WASP-34 b",132.09600000,165.3993679,-23.8609457,0.960000,0.910000,5700.00,0.0524000000,4.31768000000,0.040000,85.20000,319.8000,177.98480000,11.20900000
"Kepler-1426","Kepler-1426 b",1697.81000000,292.5457096,49.4168981,1.020000,1.020000,5831.00,0.1187000000,14.25632270000,0.000000,85.33000,,3.05000000,1.56000000
"OGLE-2014-BLG-0676L","OGLE-2014-BLG-0676L b",1880.00000000,268.1020833,-30.5483889,0.600000,,,2.0400000000,,,,,988.44634577,13.10000000
"Kepler-156","Kepler-156 b",443.48300000,290.2964214,37.7494271,0.864000,0.807000,5094.00,0.0540000000,4.97345600000,0.000000,86.75000,,5.90000000,2.30000000
"HATS-64","HATS-64 b",1080.15000000,144.2876092,-29.8004440,1.564000,2.113000,6554.00,0.0656200000,4.90889700000,0.151000,87.24000,,305.11680000,18.81991100
"Kepler-610","Kepler-610 b",845.82400000,293.1713241,45.0655934,1.100000,1.130000,5943.00,0.0719000000,6.99692655400,0.000000,89.94000,,16.30000000,4.19000000
"TOI-2322","TOI-2322 c",59.86100000,116.9731027,-71.0019671,0.703000,0.662000,4664.00,0.1362000000,20.22552800000,0.000000,88.98000,90.0000,18.10000000,1.87400000
"TOI-2322","TOI-2322 b",59.86100000,116.9731027,-71.0019671,0.703000,0.662000,4664.00,0.0924000000,11.30717000000,0.000000,89.57000,90.0000,2.31000000,0.99400000
"Kepler-524","Kepler-524 c",1058.24000000,296.8591787,49.1620125,1.090000,1.100000,6014.00,0.0304600000,1.88897906000,0.000000,89.84000,,0.84000000,0.96000000
"Kepler-398","Kepler-398 c",177.35500000,291.4688524,40.3437001,0.649000,0.613000,4493.00,0.0870000000,11.41941200000,0.000000,85.38000,,1.01000000,1.01000000
"Kepler-1916","Kepler-1916 b",2055.82000000,293.0705754,48.3876790,1.180000,1.092000,6246.00,0.2053000000,31.25429916000,0.000000,89.98000,,7.35000000,2.61757235
"TIC 320419023","TIC 320419023 b",288.89300000,118.0726215,11.8241773,1.056000,0.952319,5703.36,,5.26375651589,,87.59684,,8.11000000,2.77280763
"HD 108236","HD 108236 f",64.59780000,186.5740627,-51.3630519,0.869000,0.877000,5660.00,0.1758000000,29.54115000000,0.051000,88.96300,275.0000,4.72000000,2.01700000
"Kepler-1617","Kepler-1617 b",898.31000000,287.9371747,46.4184781,1.150000,1.220000,6167.00,0.1770700000,27.47855720000,0.000000,89.98000,,1.87000000,1.20000000
"HD 206893","HD 206893 c",40.75830000,326.3416874,-12.7833522,1.310000,1.311160,6500.00,3.7400000000,2290.00000000000,0.283000,142.50000,27.0000,3527.89531770,16.36511182
"TOI-4527","TOI-4527.01",18.10370000,19.4722574,5.4711996,0.483901,0.485948,3702.00,0.0083323530,0.39944450000,,,,0.68900000,0.90866170
"K2-255","K2-255 b",191.60800000,189.9128532,-3.3705631,0.710000,0.690000,4676.00,0.0274000000,1.96417000000,,,,8.75000000,2.90000000
"Kepler-1678","Kepler-1678 b",847.33900000,292.5916297,38.3995629,1.030000,0.834976,5754.00,0.5302000000,147.97400000000,0.000000,89.99000,,10.90000000,3.30422249
"HD 224018","HD 224018 b",105.48000000,358.6390056,-4.7233362,1.013000,1.147000,5784.00,0.0952000000,10.64130000000,0.060000,86.70000,190.0000,4.10000000,0.91000000
"Kepler-1334","Kepler-1334 b",1223.04000000,289.3115320,51.3209059,0.940000,0.910000,5614.00,0.1229000000,15.64591713000,0.000000,89.94000,,5.86000000,2.29000000
"Kepler-480","Kepler-480 b",847.50800000,294.4639165,49.7650473,1.250000,1.340000,6322.00,0.0602400000,4.91958379500,0.000000,88.43000,,8.15000000,2.78000000
"Kepler-1382","Kepler-1382 b",738.26100000,295.3774182,39.0480365,1.360000,1.720000,6161.00,0.1402300000,16.35830550000,0.000000,81.83000,,4.19000000,1.88000000
"TOI-2068","TOI-2068 b",52.93280000,186.2735600,60.4183455,0.559000,0.535000,3710.00,0.0632000000,7.76891500000,,89.01000,,3.97000000,1.82100000
"Kepler-1030","Kepler-1030 b",758.70200000,293.6819098,45.8175241,0.800000,0.760000,4983.00,0.1338000000,19.32952416000,0.000000,89.99000,,6.71000000,2.48000000
"HD 153950","HD 153950 b",48.45490000,256.1292826,-43.3103753,1.250000,1.280000,6124.00,1.2800000000,499.39999000000,0.340000,,308.2000,937.59850000,13.20000000
"CoRoT-11","CoRoT-11 b",655.03700000,280.6872998,5.9376586,1.270000,1.370000,6440.00,0.0436000000,2.99433000000,0.000000,83.17000,,740.51000000,16.03000000
"TOI-286","TOI-286 c",59.22930000,90.9842762,-60.6663348,0.832000,0.780000,5152.00,0.2130000000,39.36182600000,0.000000,89.69000,90.0000,3.72000000,1.88000000
"TOI-1806","TOI-1806.01",55.52110000,166.1181474,30.4585763,0.392935,0.401575,3272.00,0.0877350440,15.14546930000,,,,11.50000000,3.40953670
"TOI-4443","TOI-4443.01",56.07390000,274.2686643,21.9095459,1.049133,1.017330,5834.00,0.0299626450,1.84985670000,,,,3.60000000,1.71932650
"K2-141","K2-141 c",61.87360000,350.9170464,-1.1891827,0.708000,0.681000,4570.00,0.0683000000,7.74850000000,0.092000,87.20000,90.0000,8.00000000,7.00000000
"K2-232","K2-232 b",130.72000000,73.7667927,18.6543230,1.188000,1.161000,6154.00,0.1035600000,11.16845400000,0.258000,89.14000,207.0000,126.49634000,11.20900000
"GJ 1132","GJ 1132 c",12.61300000,153.7090696,-47.1549358,0.198000,0.226000,3090.00,0.0476000000,8.92900000000,0.190000,,,2.91000000,1.52000000
"55 Cnc","55 Cnc b",12.58550000,133.1468373,28.3298154,1.015000,0.980000,5198.00,0.1180000000,14.65155200000,0.002900,89.73000,23.0000,263.97850000,13.90000000
"55 Cnc","55 Cnc c",12.58550000,133.1468373,28.3298154,1.015000,0.980000,5198.00,0.2470000000,44.39360000000,0.088000,89.73000,31.0000,54.47380000,8.51000000
"55 Cnc","55 Cnc d",12.58550000,133.1468373,28.3298154,1.015000,0.980000,5198.00,5.6000000000,4799.00000000000,0.091300,89.73000,-90.0000,1232.49300000,13.00000000
"55 Cnc","55 Cnc e",12.58550000,133.1468373,28.3298154,0.905000,0.943000,5172.00,0.0154400000,0.73654740000,0.050000,83.59000,86.0000,7.99000000,1.87500000
"55 Cnc","55 Cnc f",12.58550000,133.1468373,28.3298154,1.015000,0.980000,5198.00,0.8020000000,260.58000000000,0.063000,89.73000,100.0000,44.81200000,7.59000000
"GJ 1214","GJ 1214 b",14.64270000,258.8313991,4.9606795,0.182000,0.216200,3101.00,0.0150500000,1.58040453100,0.006200,88.98000,77.0000,8.41000000,2.73300000
"GJ 436","GJ 436 b",9.75321000,175.5505363,26.7030669,0.470000,0.455000,3586.11,0.0291000000,2.64388312000,0.138270,86.44000,351.0000,22.10000000,4.17000000
"HAT-P-12","HAT-P-12 b",142.75100000,209.3886452,43.4933100,0.733000,0.701000,4650.00,0.0384000000,3.21305980000,0.000000,89.00000,354.3000,67.05900000,10.74900000
"HAT-P-13","HAT-P-13 b",246.81000000,129.8823772,47.3519076,1.320000,1.756000,5653.00,0.0438300000,2.91625000000,0.013300,83.40000,210.0000,270.46200000,14.25800000
"HAT-P-13","HAT-P-13 c",246.81000000,129.8823772,47.3519076,1.320000,1.756000,5653.00,1.2580000000,446.27000000000,0.661600,,175.2900,4538.42100000,12.30000000
"HAT-P-14","HAT-P-14 b",222.66300000,260.1161719,38.2421682,2.650000,1.820000,6600.00,0.0596000000,4.62767000000,0.110000,83.50000,106.1000,1093.33520000,15.91678000
"HAT-P-17","HAT-P-17 b",92.38310000,324.5359781,30.4881882,0.990000,0.870000,5246.00,0.0892000000,10.33852000000,0.350000,89.20000,201.0000,184.34140000,11.76945000
"HAT-P-17","HAT-P-17 c",92.38310000,324.5359781,30.4881882,0.920000,0.838682,5336.96,5.6000000000,5584.00000000000,0.390000,,181.5000,1080.60000000,13.10000000
"HAT-P-18","HAT-P-18 b",161.40000000,256.3463760,33.0123251,0.770000,0.717000,4870.00,0.0559000000,5.50802910000,0.030000,88.66000,12.0000,55.52462270,10.70457657
"HAT-P-1","HAT-P-1 b",158.97900000,344.4453632,38.6749190,1.151000,1.174000,5980.00,0.0556100000,4.46529976000,0.000000,85.63400,253.1000,166.86075000,14.78467100
"HAT-P-26","HAT-P-26 b",141.83700000,213.1565508,4.0594175,1.120000,0.870000,5079.00,0.0474800000,4.23452000000,0.120000,88.60000,46.0000,22.24810000,7.06167000
"HAT-P-30","HAT-P-30 b",213.98500000,123.9498431,5.8368669,1.550000,1.310000,6304.00,0.0419000000,2.81060000000,0.040000,83.60000,252.0000,263.79890000,16.14096000
"HAT-P-32","HAT-P-32 b",289.20500000,31.0427614,46.6878512,1.132000,1.367000,6001.00,0.0339700000,2.15000820000,0.159000,88.98000,50.0000,216.12440000,22.19382000
"HD 149026","HD 149026 b",75.86430000,247.6229827,38.3475349,1.420000,1.410000,6179.00,0.0436400000,2.87589000000,0.000000,84.55000,109.0000,120.77540000,8.29466000
"HD 189733","HD 189733 b",19.76380000,300.1821223,22.7097759,0.790000,0.750000,5052.00,0.0312600000,2.21857567000,0.000000,85.71000,20.0000,359.14790000,12.66617000
"HD 209458","HD 209458 b",48.30160000,330.7950219,18.8842419,1.230000,1.190000,6091.00,0.0470700000,3.52474859000,0.000000,86.71000,0.0000,232.01590000,15.58051000
"HD 80606","HD 80606 b",66.47110000,140.6569501,50.6037764,1.050000,1.050000,5565.00,0.4603000000,111.43676500000,0.931830,89.24000,-58.8870,1323.46926959,11.56766808
"HD 86226","HD 86226 b",45.68300000,149.1235154,-24.0991859,1.019000,1.053000,5863.00,2.7300000000,1628.00000000000,0.059000,,225.0000,143.02350000,14.30000000
"TrES-4","TrES-4 b",515.98000000,268.3043361,37.2117397,1.080000,1.660000,6200.00,0.0508400000,3.55395000000,0.000000,82.81000,80.6000,247.90740000,18.04649000
"WASP-12","WASP-12 b",427.24600000,97.6366450,29.6722662,1.325000,1.690000,6265.00,0.0234000000,1.09141890100,0.044700,81.80000,272.7000,467.21010000,22.02564708
"WASP-15","WASP-15 b",282.09100000,208.9280111,-32.1597118,1.180000,1.480000,6300.00,0.0516500000,3.75210000000,0.000000,85.96000,240.0000,171.62820000,15.80469000
"WASP-17","WASP-17 b",405.90800000,239.9622479,-28.0617941,2.280000,1.490000,6550.00,0.0515000000,3.73543000000,0.000000,86.63000,-82.6000,247.90740000,20.96083000
"WASP-18","WASP-18 b",123.48300000,24.3544618,-45.6777937,1.294000,1.319000,6432.00,0.0202400000,0.94145223000,0.005100,83.50000,-85.0000,3241.84975140,13.89913607
"WASP-19","WASP-19 b",268.32500000,148.4167672,-45.6591078,0.965000,1.006000,5616.00,0.0165200000,0.78883852000,0.012600,79.08000,51.0000,366.77398168,15.86070769
"WASP-25","WASP-25 b",211.41600000,195.3597581,-27.5222273,0.962000,0.884000,5697.00,0.0473000000,3.76483370000,0.000000,88.19000,0.0000,179.25522155,13.80946422
"WASP-39","WASP-39 b",213.98200000,217.3266477,-3.4444994,0.913000,0.939000,5485.00,0.0482800000,4.05529410000,0.000000,87.32000,0.0000,89.31023000,14.33631100
"WASP-43","WASP-43 b",86.74670000,154.9081869,-9.8064431,0.580000,0.600000,4400.00,0.0142000000,0.81347500000,0.000000,82.60000,90.0000,565.71400000,10.42400000
"WASP-6","WASP-6 b",197.11900000,348.1571282,-22.6741248,0.854000,0.790000,5438.00,0.0421700000,3.36100260000,0.054000,89.00000,1.7000,148.42586607,12.54284940
"GJ 3470","GJ 3470 b",29.42140000,119.7735021,15.3912090,0.539000,0.547000,3600.00,0.0355000000,3.33664960000,0.017000,89.13000,1.7000,13.90000000,4.57000000
"WASP-47","WASP-47 b",264.78000000,331.2030920,-12.0190670,1.058000,1.156000,5565.00,0.0520000000,4.15915100000,0.000600,89.00000,89.0000,374.00000000,12.86000000
"WASP-63","WASP-63 b",290.68400000,94.3363562,-38.3233826,1.280000,1.860000,5550.00,0.0574000000,4.37808000000,0.000000,87.80000,,117.59710000,15.80469000
"WASP-52","WASP-52 b",174.81800000,348.4947931,8.7610793,0.870000,0.790000,5000.00,0.0272000000,1.74977980000,0.000000,85.35000,,146.20000000,14.24000000
"WASP-77 A","WASP-77 A b",105.16600000,37.1555223,-7.0606675,0.903000,0.910000,5617.00,0.0232336330,1.36002939500,0.013530,89.99000,-88.2900,529.31142902,13.56000000
"WASP-80","WASP-80 b",49.78760000,303.1667996,-2.1444369,0.577000,0.586000,4143.00,0.0344000000,3.06785234000,0.002000,89.02000,94.0000,170.99254000,11.19779100
"WASP-103","WASP-103 b",375.64700000,249.3148604,7.1833758,1.220000,1.436000,6110.00,0.0198500000,0.92554200000,0.000000,86.30000,,473.54700000,17.12700000
"WASP-96","WASP-96 b",352.46400000,1.0465696,-47.3606352,1.060000,1.050000,5540.00,0.0453000000,3.42526020000,0.000000,85.60000,,152.55000000,13.45000000
"WASP-94 A","WASP-94 A b",211.21100000,313.7832393,-34.1357512,1.670000,1.480000,6170.00,0.0550000000,3.95019000000,0.000000,88.70000,,158.91500000,17.71022000
"WASP-94 B","WASP-94 B b",208.69600000,313.7882932,-34.1357240,1.240000,1.350000,6040.00,0.0335000000,2.00839000000,0.000000,,,196.41100000,14.10000000
"WASP-69","WASP-69 b",49.96050000,315.0259661,-5.0948570,0.830000,0.801000,4792.00,0.0453000000,3.86813881000,0.000000,86.79000,90.0000,82.58000000,11.21000000
"WASP-84","WASP-84 b",100.58800000,131.1069959,1.8598933,0.853000,0.768000,5280.00,0.0778000000,8.52349648000,0.000000,88.29200,,220.00000000,10.72000000
"WASP-20","WASP-20 b",211.87700000,5.1605621,-23.9357894,1.200000,1.242000,5940.00,0.0599900000,4.89964477000,0.000000,85.82000,,98.84100000,15.46839337
"HATS-6","HATS-6 b",169.31800000,88.1468079,-19.0316268,0.574000,0.570000,3724.00,0.0362300000,3.32527250000,0.000000,88.21000,,101.38777000,11.18658200
"KELT-7","KELT-7 b",136.68100000,78.2955912,33.3179532,1.760000,1.810000,6768.00,0.0441500000,2.73477000000,0.000000,83.76000,,441.78370000,17.93440000
"K2-18","K2-18 b",38.02660000,172.5601410,7.5878315,0.359000,0.411000,3457.00,0.1429000000,32.93962300000,0.200000,89.57850,-5.7000,8.92000000,2.37000000
"KELT-8","KELT-8 b",197.57200000,283.3054489,24.1272483,0.810000,1.460000,5754.00,0.0455000000,3.24406000000,0.040000,82.65000,85.0000,209.76780000,18.15858000
"K2-22","K2-22 b",243.83600000,169.4827046,2.6190363,0.595292,0.580000,3879.00,0.0090000000,0.38107300000,0.190000,90.60000,46.7000,444.96200000,2.30000000
"WASP-47","WASP-47 c",264.78000000,331.2030920,-12.0190670,1.058000,1.156000,5565.00,1.3930000000,589.57000000000,0.264000,90.00000,111.8000,447.00000000,
"WASP-47","WASP-47 d",264.78000000,331.2030920,-12.0190670,1.058000,1.156000,5565.00,0.0850000000,9.03050100000,0.001000,89.23000,83.0000,15.50000000,3.65000000
"WASP-47","WASP-47 e",264.78000000,331.2030920,-12.0190670,1.058000,1.156000,5565.00,0.0167300000,0.78961000000,0.000000,86.73000,90.0000,9.00000000,1.83000000
"GJ 1132","GJ 1132 b",12.61300000,153.7090696,-47.1549358,0.194500,0.221100,3229.00,0.0157000000,1.62892911000,0.011800,88.16000,-95.8000,1.83704819,1.19151465
"WASP-76","WASP-76 b",194.45900000,26.6329360,2.7003890,1.458000,1.756000,6329.00,0.0330000000,1.80988198000,0.000000,89.62300,51.0000,284.13859586,20.78145022
"KELT-4 A","KELT-4 A b",218.05000000,157.0626200,25.5731366,1.201000,1.603000,6206.00,0.0431700000,2.98959320000,0.000000,83.16000,,286.68266000,19.04409100
"TRAPPIST-1","TRAPPIST-1 b",12.42988881,346.6263919,-5.0434618,0.089800,0.119200,2566.00,0.0115400000,1.51082600000,0.006220,89.72800,336.8600,1.37400000,1.11600000
"TRAPPIST-1","TRAPPIST-1 c",12.42988881,346.6263919,-5.0434618,0.089800,0.119200,2566.00,0.0158000000,2.42193700000,0.006540,89.77800,282.4500,1.30800000,1.09700000
"TRAPPIST-1","TRAPPIST-1 d",12.42988881,346.6263919,-5.0434618,0.089800,0.119200,2566.00,0.0222700000,4.04921900000,0.008370,89.89600,-8.7300,0.38800000,0.78800000
"K2-34","K2-34 b",348.64600000,127.5787231,22.2359194,1.160000,1.420000,6168.00,0.0442000000,2.99563480000,0.000000,82.23000,,539.67534000,13.75000000
"WASP-121","WASP-121 b",269.89800000,107.6002312,-39.0972705,1.330000,1.461000,6628.00,0.0257100000,1.27492504000,0.008500,88.49000,88.9500,371.85923619,19.52604438
"HIP 41378","HIP 41378 b",106.28900000,126.6158279,10.0803708,1.220000,1.300000,6290.00,0.1303000000,15.57209000000,0.050000,88.81600,-13.0000,6.90000000,2.64000000
"HIP 41378","HIP 41378 c",106.28900000,126.6158279,10.0803708,1.220000,1.300000,6290.00,0.2093000000,31.70591000000,0.044000,88.46200,158.0000,5.97000000,2.74000000
"HIP 41378","HIP 41378 d",106.28900000,126.6158279,10.0803708,1.220000,1.300000,6290.00,1.1700000000,278.36180000000,0.063000,89.93000,,6.53000000,3.65000000
"HIP 41378","HIP 41378 e",106.28900000,126.6158279,10.0803708,1.220000,1.300000,6290.00,0.6800000000,393.00000000000,0.065000,89.70000,,7.62000000,5.19000000
"HIP 41378","HIP 41378 f",106.28900000,126.6158279,10.0803708,1.220000,1.300000,6290.00,1.3940000000,542.07970000000,0.052000,89.95300,,25.00000000,9.47000000
"HD 3167","HD 3167 b",47.28990000,8.7401487,4.3807215,0.864000,0.871000,5338.00,0.0181400000,0.95965451000,0.000000,87.80000,90.0000,4.84400000,1.60100000
"HD 3167","HD 3167 c",47.28990000,8.7401487,4.3807215,0.864000,0.871000,5338.00,0.1794000000,29.84651100000,0.040000,89.43300,-69.0000,11.41000000,2.98300000
"HAT-P-65","HAT-P-65 b",738.51900000,315.9054895,11.9893675,1.297000,1.666000,5872.00,0.0404200000,2.60544751000,0.304000,88.30000,,176.07693748,18.05766791
"WASP-131","WASP-131 b",200.07500000,210.1935714,-30.5836084,1.060000,1.561000,5990.00,0.0608000000,5.32201250000,0.000000,84.96000,,86.76715511,13.74221034
"WASP-139","WASP-139 b",212.47200000,49.5621730,-41.3020235,0.920000,0.800000,5310.00,0.0620000000,5.92426200000,0.000000,88.90000,,37.18611000,8.96720000
"WASP-127","WASP-127 b",159.50700000,160.5587646,-3.8349989,0.950000,1.333000,5620.00,0.0484000000,4.17806203000,0.000000,87.84000,,52.34660100,14.69499900
"TRAPPIST-1","TRAPPIST-1 e",12.42988881,346.6263919,-5.0434618,0.089800,0.119200,2566.00,0.0292500000,6.10101300000,0.005100,89.79300,108.3700,0.69200000,0.92000000
"TRAPPIST-1","TRAPPIST-1 f",12.42988881,346.6263919,-5.0434618,0.089800,0.119200,2566.00,0.0384900000,9.20754000000,0.010070,89.74000,368.8100,1.03900000,1.04500000
"TRAPPIST-1","TRAPPIST-1 g",12.42988881,346.6263919,-5.0434618,0.089800,0.119200,2566.00,0.0468300000,12.35244600000,0.002080,89.74200,191.3400,1.32100000,1.12900000
"TRAPPIST-1","TRAPPIST-1 h",12.42988881,346.6263919,-5.0434618,0.089800,0.119200,2566.00,0.0618900000,18.77286600000,0.005670,89.80500,338.9200,0.32600000,0.75500000
"HD 106315","HD 106315 b",109.35300000,183.4724742,-0.3934357,1.091000,1.296000,6327.00,0.0907000000,9.55237000000,0.093000,87.54000,239.0000,12.60000000,2.44000000
"HD 106315","HD 106315 c",109.35300000,183.4724742,-0.3934357,1.091000,1.296000,6327.00,0.1536000000,21.05704000000,0.220000,88.61000,96.0000,15.20000000,4.35000000
"LHS 1140","LHS 1140 b",14.98610000,11.2486320,-15.2741085,0.184400,0.215900,3096.00,0.0946000000,24.73723000000,0.043000,89.86000,,5.60000000,1.73000000
"KELT-11","KELT-11 b",99.15960000,161.7069053,-9.3993646,1.440000,2.690000,5375.00,0.0623000000,4.73620865000,0.000000,85.30000,116.0000,65.15482343,15.13212395
"KELT-9","KELT-9 b",204.45500000,307.8598998,39.9389161,2.320000,2.418000,9270.00,0.0336800000,1.48112350000,0.000000,86.79000,90.0000,915.34581216,21.70058664
"HD 3167","HD 3167 d",47.28990000,8.7401487,4.3807215,0.864000,0.871000,5338.00,0.0770000000,8.39670000000,0.350000,39.00000,62.0000,7.30000000,2.61000000
"WASP-107","WASP-107 b",64.74140000,188.3864277,-10.1462141,0.683000,0.657000,4425.00,0.0550000000,5.72148750000,0.052000,89.57000,79.3000,33.02237149,10.48039695
"GJ 9827","GJ 9827 b",29.66100000,351.7717763,-1.2853435,0.620000,0.580000,4236.00,0.0189000000,1.20897400000,0.000000,87.60000,,4.28000000,1.44000000
"GJ 9827","GJ 9827 c",29.66100000,351.7717763,-1.2853435,0.620000,0.580000,4236.00,0.0395000000,3.64810300000,0.000000,89.09000,,1.86000000,1.13000000
"GJ 9827","GJ 9827 d",29.66100000,351.7717763,-1.2853435,0.620000,0.580000,4236.00,0.0530000000,6.20183000000,0.000000,87.41000,,3.02000000,1.98000000
"KELT-20","KELT-20 b",136.42600000,294.6614126,31.2192001,1.760000,1.565000,8720.00,0.0542000000,3.47410850000,0.000000,86.12000,,1074.90106000,19.51486900
"K2-18","K2-18 c",38.02660000,172.5601410,7.5878315,0.359000,0.411000,3457.00,0.0600000000,8.96200000000,0.470000,,,7.51000000,2.65000000
"K2-141","K2-141 b",61.87360000,350.9170464,-1.1891827,0.708000,0.681000,4570.00,0.0074700000,0.28032440000,0.000000,86.30000,90.0000,4.97000000,1.51000000
"HAT-P-11","HAT-P-11 c",37.76470000,297.7101763,48.0818635,0.811000,0.683000,4653.00,4.1000000000,3361.00000000000,0.652000,33.10000,142.1000,851.78013076,13.20000000
"NGTS-2","NGTS-2 b",356.39100000,215.1227617,-31.2020698,1.640000,1.702000,6478.00,0.0630000000,4.51116400000,0.000000,88.50000,,235.19420000,17.87835500
"WASP-164","WASP-164 b",327.50600000,344.8735878,-60.4478194,0.946000,0.932000,5806.00,0.0281800000,1.77712550000,0.000000,82.73000,,676.97790000,12.64375200
"LHS 1140","LHS 1140 c",14.98610000,11.2486320,-15.2741085,0.184400,0.215900,3096.00,0.0270000000,3.77794000000,0.050000,89.80000,,1.91000000,1.27200000
"K2-287","K2-287 b",158.33500000,233.0743401,-22.3583447,1.056000,1.070000,5695.00,0.1206000000,14.89329100000,0.478000,88.13000,10.1000,100.11645000,9.49402300
"LHS 3844","LHS 3844 b",14.88460000,340.4962038,-69.1721081,0.151000,0.189000,3080.00,0.0062400000,0.46292970900,0.000000,88.90000,90.0000,2.37000000,1.28600000
"HD 15337","HD 15337 b",44.81550000,36.8678846,-27.6361171,0.829000,0.855000,5131.00,0.0524500000,4.75598040000,0.058000,89.30000,71.6200,6.51900000,1.77000000
"HD 15337","HD 15337 c",44.81550000,36.8678846,-27.6361171,0.829000,0.855000,5131.00,0.1235000000,17.18054600000,0.096000,88.41000,56.6300,6.79200000,2.52600000
"L 98-59","L 98-59 b",10.61940000,124.5328604,-68.3144658,0.292300,0.315500,3415.00,0.0223000000,2.25311400000,0.031000,88.08000,192.0000,0.46000000,0.83700000
"L 98-59","L 98-59 c",10.61940000,124.5328604,-68.3144658,0.292300,0.315500,3415.00,0.0309000000,3.69067640000,0.002000,88.88000,261.0000,2.00000000,1.32900000
"L 98-59","L 98-59 d",10.61940000,124.5328604,-68.3144658,0.292300,0.315500,3415.00,0.0494000000,7.45072900000,0.006000,88.44000,180.0000,1.64000000,1.62700000
"V1298 Tau","V1298 Tau b",108.19900000,61.3316540,20.1570318,1.100000,1.320000,4970.00,0.1685000000,24.14000600000,0.007900,88.75900,91.0000,13.10000000,9.41000000
"WASP-166","WASP-166 b",114.17300000,144.8751047,-20.9824191,1.190000,1.220000,6050.00,0.0641000000,5.44354000000,0.000000,88.00000,,32.10083000,7.06167000
"TOI-270","TOI-270 b",22.47930000,68.4160804,-51.9573937,0.386000,0.380000,3506.00,0.0319700000,3.35992000000,0.016700,89.39000,0.0000,1.48000000,1.28000000
"TOI-270","TOI-270 c",22.47930000,68.4160804,-51.9573937,0.386000,0.380000,3506.00,0.0452600000,5.66051000000,0.004400,89.36000,10.0000,6.20000000,2.33000000
"TOI-270","TOI-270 d",22.47930000,68.4160804,-51.9573937,0.386000,0.380000,3506.00,0.0721000000,11.38194000000,0.006600,89.68000,-6.0000,4.20000000,2.00000000
"GJ 357","GJ 357 b",9.44181000,144.0074644,-21.6650634,0.342000,0.337000,3505.00,0.0360000000,3.93060000000,,89.22800,,1.83000000,1.20000000
"GJ 357","GJ 357 c",9.44181000,144.0074644,-21.6650634,0.342000,0.337000,3505.00,0.0610000000,9.12470000000,,,,3.40000000,1.66000000
"GJ 357","GJ 357 d",9.44181000,144.0074644,-21.6650634,0.342000,0.337000,3505.00,0.2040000000,55.66100000000,,,,6.10000000,2.34000000
"LTT 1445 A","LTT 1445 A b",6.86929000,45.4624781,-16.5944956,0.257000,0.271000,3562.00,0.0381000000,5.35876350000,0.180000,89.53000,244.0000,2.73000000,1.34000000
"WASP-178","WASP-178 b",427.67800000,227.2703290,-42.7049658,2.070000,1.670000,9360.00,0.0558000000,3.34482850000,0.000000,85.70000,,527.59780000,20.28829000
"V1298 Tau","V1298 Tau c",108.19900000,61.3316540,20.1570318,1.100000,1.320000,4970.00,0.0824000000,8.24916400000,0.009400,88.49000,87.8400,4.70000000,5.08000000
"V1298 Tau","V1298 Tau d",108.19900000,61.3316540,20.1570318,1.100000,1.320000,4970.00,0.1081000000,12.40139400000,0.008700,89.04000,88.0000,6.00000000,6.53000000
"V1298 Tau","V1298 Tau e",108.19900000,61.3316540,20.1570318,1.100000,1.320000,4970.00,0.2689000000,48.67771400000,0.012400,89.40000,91.0000,15.30000000,10.17000000
"LP 791-18","LP 791-18 b",26.49270000,165.6904843,-16.4064445,0.139000,0.182000,2960.00,0.0097800000,0.94799810000,0.000000,88.37000,,1.94000000,1.21200000
"LP 791-18","LP 791-18 c",26.49270000,165.6904843,-16.4064445,0.139000,0.182000,2960.00,0.0296100000,4.98991000000,0.000100,89.94000,,7.16000000,2.48800000
"TOI-125","TOI-125 b",111.05900000,23.5934253,-66.6763495,0.859000,0.848000,5320.00,0.0518600000,4.65382000000,0.194000,88.92000,-37.0000,9.50000000,2.72600000
"TOI-125","TOI-125 c",111.05900000,23.5934253,-66.6763495,0.859000,0.848000,5320.00,0.0814000000,9.15059000000,0.066000,88.54000,70.0000,6.63000000,2.75900000
"L 168-9","L 168-9 b",25.14960000,350.0285917,-60.0657292,0.614000,0.604000,3842.00,0.0208000000,1.40152604000,0.000000,84.27000,90.0000,4.07000000,1.63000000
"TOI-125","TOI-125 d",111.05900000,23.5934253,-66.6763495,0.859000,0.848000,5320.00,0.1370000000,19.98000000000,0.168000,88.79500,46.0000,13.60000000,2.93000000
"HATS-48 A","HATS-48 A b",263.60900000,288.6720048,-59.5793505,0.727900,0.715200,4546.00,0.0376900000,3.13166660000,0.162000,89.58000,,77.23269000,8.96720000
"HATS-72","HATS-72 b",127.58900000,339.0258401,-17.0003046,0.731100,0.721400,4656.10,0.0665170000,7.32794740000,0.013000,89.56000,,39.85588200,8.09738160
"NGTS-10","NGTS-10 b",324.69865036,91.8722801,-25.5948963,0.696000,0.700000,4567.00,0.0143000000,0.76689440000,0.000000,79.40000,,687.14846000,13.89913607
"TOI-1130","TOI-1130 b",58.26090000,286.3760037,-41.4376399,0.745000,0.697000,4360.00,0.0453000000,4.07455400000,0.052162,87.49000,141.1100,19.80000000,3.66000000
"TOI-1130","TOI-1130 c",58.26090000,286.3760037,-41.4376399,0.745000,0.697000,4360.00,0.0731000000,8.35018980000,0.039800,87.61000,182.5000,336.00000000,13.00000000
"TOI-677","TOI-677 b",141.81200000,144.1193594,-50.4630933,1.181000,1.280000,6295.00,0.1041000000,11.23659850000,0.460000,85.77000,72.9000,392.20025424,13.11450742
"LTT 3780","LTT 3780 b",21.98140000,154.6449033,-11.7178010,0.381000,0.380000,3358.00,0.0119500000,0.76837931000,0.000000,86.10000,90.0000,2.46000000,1.32500000
"LTT 3780","LTT 3780 c",21.98140000,154.6449033,-11.7178010,0.381000,0.380000,3358.00,0.0757000000,12.25228400000,0.024000,88.95800,-66.0000,8.04000000,2.39000000
"TOI-1338 A","TOI-1338 b",399.01700000,92.1330955,-59.5409853,1.093600,1.313000,5723.20,0.4607000000,95.40010000000,0.033100,90.49400,71.9000,11.30000000,7.66100000
"AU Mic","AU Mic b",9.72210000,311.2911369,-31.3424500,0.635000,0.862000,3540.00,0.0700000000,8.46344600000,0.070000,88.39000,-52.0000,8.99000000,4.79000000
"WASP-148","WASP-148 b",246.35300000,254.1305022,44.3025361,0.954000,0.912000,5555.00,0.0821500000,8.80380900000,0.208000,89.30000,60.6000,91.21675281,8.47398941
"WASP-148","WASP-148 c",246.35300000,254.1305022,44.3025361,0.954000,0.912000,5555.00,0.2044000000,34.52400000000,0.180900,104.90000,26.1000,124.58873554,13.90000000
"NGTS-11","NGTS-11 b",190.42200000,23.5214497,-14.4191493,0.862000,0.832000,5050.00,0.2010000000,35.45533000000,0.130000,89.16000,32.0000,109.33352000,9.15775300
"TOI-849","TOI-849 b",225.73400000,28.7157956,-29.4217086,0.970000,0.970000,5257.00,0.0155000000,0.76554800000,0.000000,86.80000,90.0000,41.80000000,3.64000000
"TOI-700","TOI-700 b",31.12650000,97.0957165,-65.5786149,0.415000,0.421000,3459.00,0.0677000000,9.97721900000,0.075000,89.60000,-150.0000,0.70400000,0.91400000
"TOI-700","TOI-700 c",31.12650000,97.0957165,-65.5786149,0.415000,0.421000,3459.00,0.0929000000,16.05113700000,0.068000,88.90300,30.0000,7.27000000,2.60000000
"TOI-700","TOI-700 d",31.12650000,97.0957165,-65.5786149,0.415000,0.421000,3459.00,0.1633000000,37.42396000000,0.042000,89.80000,10.0000,1.25000000,1.07300000
"HIP 67522","HIP 67522 b",127.28000000,207.5260010,-40.8358961,1.220000,1.380000,5675.00,0.0748000000,6.95947310000,0.064000,89.88000,195.3000,71.40000000,9.98720180
"TOI-1899","TOI-1899 b",128.43800000,299.4268472,40.1433462,0.632000,0.607000,3926.00,0.1525000000,29.09031200000,0.044000,89.64000,-53.0000,212.94503269,11.09689089
"HD 86226","HD 86226 c",45.68300000,149.1235154,-24.0991859,1.019000,1.053000,5863.00,0.0490000000,3.98442000000,0.075000,86.45000,196.0000,7.25000000,2.16000000
"WD 1856+534","WD 1856+534 b",24.73590000,284.4156750,53.5090244,0.518000,0.013100,4710.00,0.0204000000,1.40794050000,0.000000,88.77800,,4386.05400000,10.40000000
"LTT 9779","LTT 9779 b",80.43730000,358.6688767,-37.6282237,1.020000,0.949000,5443.00,0.0167900000,0.79205200000,0.000000,76.39000,90.0000,29.32000000,4.72000000
"TOI-824","TOI-824 b",63.92620000,222.1654705,-57.5888666,0.710000,0.695000,4600.00,0.0217700000,1.39297800000,,83.65000,,18.46700000,2.92600000
"TOI-421","TOI-421 b",74.79690000,81.8532824,-14.2767404,0.833000,0.866000,5291.00,0.0554000000,5.19757600000,0.130000,85.68000,140.0000,6.70000000,2.64000000
"TOI-421","TOI-421 c",74.79690000,81.8532824,-14.2767404,0.833000,0.866000,5291.00,0.1170000000,16.06754100000,0.190000,88.35300,102.0000,14.10000000,5.09000000
"GJ 3473","GJ 3473 b",27.36440000,120.5936065,3.3371629,0.360000,0.364000,3347.00,0.0158900000,1.19800350000,0.000000,87.95000,,1.86000000,1.26400000
"GJ 3473","GJ 3473 c",27.36440000,120.5936065,3.3371629,0.360000,0.364000,3347.00,0.0876000000,15.50900000000,0.000000,,,7.41000000,2.63000000
"WASP-107","WASP-107 c",64.74140000,188.3864277,-10.1462141,0.683000,0.657000,4425.00,,1091.00000000000,0.315000,,-120.0000,111.23994245,13.00000000
"TOI-776","TOI-776 b",27.17010000,178.5779970,-37.5533568,0.542000,0.547000,3725.00,0.0653000000,8.24662000000,0.052000,89.41000,45.0000,5.00000000,1.79800000
"TOI-776","TOI-776 c",27.17010000,178.5779970,-37.5533568,0.542000,0.547000,3725.00,0.1001000000,15.66532300000,0.089000,89.49000,7.0000,6.90000000,2.04700000
"TOI-561","TOI-561 b",85.79900000,148.1851516,6.2161030,0.806000,0.843000,5342.00,0.0106400000,0.44656970000,0.000000,87.00000,0.0000,2.02000000,1.39700000
"TOI-561","TOI-561 c",85.79900000,148.1851516,6.2161030,0.806000,0.843000,5342.00,0.0889000000,10.77883800000,0.023000,89.61000,219.0000,5.93000000,2.86500000
"TOI-561","TOI-561 d",85.79900000,148.1851516,6.2161030,0.806000,0.843000,5342.00,0.1587000000,25.71268000000,0.111000,89.51000,-131.0000,13.33000000,2.61500000
"TOI-561","TOI-561 e",85.79900000,148.1851516,6.2161030,0.806000,0.843000,5342.00,0.3300000000,77.14400000000,0.074000,89.86400,148.0000,12.40000000,2.51700000
"TOI-451","TOI-451 b",123.73900000,62.9663850,-37.9397300,0.930000,0.850000,5490.00,0.0274000000,1.85870330000,0.000000,88.70000,90.0000,4.70000000,1.84000000
"TOI-451","TOI-451 c",123.73900000,62.9663850,-37.9397300,0.930000,0.850000,5490.00,0.0795000000,9.19246300000,0.000000,89.27000,90.0000,3.70000000,2.93000000
"TOI-451","TOI-451 d",123.73900000,62.9663850,-37.9397300,0.930000,0.850000,5490.00,0.1168000000,16.36496200000,0.000000,89.26000,90.0000,10.20000000,3.93000000
"TOI-178","TOI-178 b",62.69900000,7.3020115,-30.4541159,0.647000,0.662000,4316.00,0.0260700000,1.91456010000,,88.80000,,0.96000000,1.20000000
"TOI-178","TOI-178 c",62.69900000,7.3020115,-30.4541159,0.647000,0.662000,4316.00,0.0370000000,3.23848600000,0.000320,88.40000,26.0000,4.64000000,1.75400000
"TOI-178","TOI-178 d",62.69900000,7.3020115,-30.4541159,0.647000,0.662000,4316.00,0.0592000000,6.55756900000,0.006800,88.58000,-146.3000,5.20000000,2.69500000
"TOI-178","TOI-178 e",62.69900000,7.3020115,-30.4541159,0.647000,0.662000,4316.00,0.0783000000,9.96318000000,0.000380,88.71000,2.0000,3.48000000,2.30100000
"TOI-178","TOI-178 f",62.69900000,7.3020115,-30.4541159,0.647000,0.662000,4316.00,0.1039000000,15.23335000000,0.000450,88.72300,87.3000,5.63000000,2.41700000
"TOI-178","TOI-178 g",62.69900000,7.3020115,-30.4541159,0.647000,0.662000,4316.00,0.1275000000,20.71663000000,0.000430,88.82300,-44.0000,4.40000000,2.93900000
"GJ 486","GJ 486 b",8.07426000,191.9815310,9.7494181,0.312000,0.324300,3317.00,0.0171400000,1.46712127000,0.000860,89.39000,14.0000,2.77000000,1.28900000
"LHS 1478","LHS 1478 b",18.22760000,44.3388743,76.5514045,0.236000,0.246000,3381.00,0.0184800000,1.94953780000,,87.45200,,2.33000000,1.24200000
"TOI-1231","TOI-1231 b",27.62270000,156.7472600,-52.4678724,0.485000,0.476000,3553.00,0.1288000000,24.24558600000,0.087000,89.73000,176.0000,15.40000000,3.65000000
"TOI-674","TOI-674 b",46.08510000,164.5865592,-36.8581092,0.420000,0.420000,3514.00,0.0250000000,1.97714300000,0.000000,87.21000,,23.60000000,5.25000000
"TOI-1685","TOI-1685 b",37.61530000,68.5939529,43.0370395,0.466000,0.462000,3470.00,0.0116400000,0.66913923000,0.000000,86.62000,90.0000,3.07000000,1.42100000
"TOI-1807","TOI-1807 b",42.57750000,201.2826259,38.9223671,0.804800,0.746000,4914.00,0.0122000000,0.54937097000,0.000000,77.70000,90.0000,2.44000000,1.49681583
"TOI-2076","TOI-2076 b",41.90910000,217.3920159,39.7903991,0.849000,0.758000,5187.00,0.0878100000,10.35504000000,0.011400,89.75000,90.0000,6.70000000,2.59000000
"TOI-2076","TOI-2076 c",41.90910000,217.3920159,39.7903991,0.849000,0.758000,5187.00,0.1407000000,21.01447000000,0.036000,89.76000,90.0000,7.20000000,3.54000000
"TOI-2076","TOI-2076 d",41.90910000,217.3920159,39.7903991,0.849000,0.758000,5187.00,0.1982000000,35.12803000000,0.027000,89.16400,90.0000,7.30000000,3.27000000
"AU Mic","AU Mic c",9.72210000,311.2911369,-31.3424500,0.635000,0.862000,3540.00,0.1190000000,18.85902300000,0.180000,89.46000,72.8000,14.46000000,2.79000000
"TOI-431","TOI-431 b",32.56860000,83.2692502,-26.7238698,0.780000,0.731000,4850.00,0.0113000000,0.49004700000,0.000000,84.30000,0.0000,3.07000000,1.28000000
"TOI-431","TOI-431 c",32.56860000,83.2692502,-26.7238698,0.780000,0.731000,4850.00,0.0520000000,4.84940000000,0.000000,86.35000,0.0000,2.83000000,1.49000000
"TOI-431","TOI-431 d",32.56860000,83.2692502,-26.7238698,0.780000,0.731000,4850.00,0.0980000000,12.46103000000,0.000000,89.70000,0.0000,9.90000000,3.29000000
"L 98-59","L 98-59 e",10.61940000,124.5328604,-68.3144658,0.292300,0.315500,3415.00,0.0712000000,12.82780000000,0.012000,80.00000,165.0000,2.82000000,1.49000000
"HD 63935","HD 63935 b",48.97390000,117.9246417,9.3852412,0.940600,0.959800,5513.00,0.0830000000,9.05880700000,0.000000,88.49000,90.0000,10.50000000,2.91575244
"HD 63935","HD 63935 c",48.97390000,117.9246417,9.3852412,0.940600,0.959800,5513.00,0.1480000000,21.40270000000,0.000000,88.24100,90.0000,11.10000000,3.06451296
"GJ 367","GJ 367 b",9.41263000,146.1214640,-45.7790165,0.451000,0.457000,3535.00,0.0071000000,0.32192260000,0.000000,78.60000,66.0000,0.50300000,0.73600000
"TOI-2109","TOI-2109 b",262.04100000,253.1862971,16.5799153,1.453000,1.698000,6540.00,0.0179100000,0.67247414000,,70.74000,,1595.49860314,15.09849700
"HATS-75","HATS-75 b",194.96400000,60.9493919,-25.4089214,0.601700,0.584800,3790.40,0.0327420000,2.78865560000,0.064000,88.07000,,156.05374784,9.90873894
"LTT 1445 A","LTT 1445 A c",6.86929000,45.4624781,-16.5944956,0.257000,0.265000,3340.00,0.0266100000,3.12390350000,0.223000,87.43000,163.0000,1.54000000,1.14700000
"TOI-500","TOI-500 b",47.39240000,106.5590980,-47.5878156,0.740000,0.678000,4440.00,0.0118900000,0.54817700000,0.063000,82.09000,228.5000,1.42000000,1.16600000
"TOI-1075","TOI-1075 b",61.45920000,309.9712091,-65.4496994,0.604000,0.581000,3875.00,0.0115900000,0.60473280000,0.000000,84.67000,,9.95000000,1.79100000
"TOI-1442","TOI-1442 b",41.16590000,287.2921006,74.1742762,0.290000,0.310000,3330.00,0.0071000000,0.40906770000,,,,1.71000000,1.17000000
"TOI-2260","TOI-2260 b",101.25100000,247.6669998,49.0467891,0.990000,0.940000,5534.00,0.0097000000,0.35247280000,,,,3.26000000,1.62000000
"TOI-2445","TOI-2445 b",48.58200000,43.3161555,0.0523366,0.250000,0.270000,3333.00,0.0064000000,0.37112810000,,,,2.10000000,1.25000000
"GJ 3929","GJ 3929 b",15.80950000,239.5775678,35.4081141,0.313000,0.320000,3384.00,0.0252000000,2.61623500000,0.000000,88.44200,90.0000,1.75000000,1.09000000
"WASP-189","WASP-189 b",99.73100000,225.6867320,-3.0314874,2.030000,2.360000,8000.00,0.0505300000,2.72403300000,0.000000,84.03000,,632.47852993,18.14733975
"TOI-1670","TOI-1670 b",168.06700000,259.0172522,72.1611806,1.210000,1.316000,6170.00,0.1030000000,10.98462000000,0.590000,86.87000,163.6000,41.31769291,2.06000000
"TOI-1670","TOI-1670 c",168.06700000,259.0172522,72.1611806,1.210000,1.316000,6170.00,0.2490000000,40.74976000000,0.090000,88.84000,105.5000,200.23189641,11.06326395
"TOI-500","TOI-500 c",47.39240000,106.5590980,-47.5878156,0.740000,0.678000,4440.00,,6.63560000000,0.072000,,228.0000,5.03000000,2.09000000
"TOI-500","TOI-500 d",47.39240000,106.5590980,-47.5878156,0.740000,0.678000,4440.00,,26.23300000000,0.016000,,189.6000,33.12000000,6.35000000
"TOI-500","TOI-500 e",47.39240000,106.5590980,-47.5878156,0.740000,0.678000,4440.00,,61.30000000000,0.073000,,103.7000,15.05000000,3.99000000
"HD 260655","HD 260655 b",10.00550000,99.2915429,17.5662696,0.439000,0.439000,3803.00,0.0293300000,2.76953000000,0.039000,87.35000,57.0000,2.14000000,1.24000000
"HD 260655","HD 260655 c",10.00550000,99.2915429,17.5662696,0.439000,0.439000,3803.00,0.0474900000,5.70588000000,0.038000,87.79000,-25.0000,3.09000000,1.53300000
"TOI-3714","TOI-3714 b",112.71000000,69.5523415,39.4580035,0.530000,0.510000,3660.00,0.0270000000,2.15484900000,0.030000,88.70000,100.0000,222.47988490,11.32107051
"GJ 3929","GJ 3929 c",15.80950000,239.5775678,35.4081141,0.313000,0.320000,3384.00,0.0810000000,15.04000000000,0.000000,,90.0000,5.71000000,2.26000000
"GJ 3090","GJ 3090 b",22.47510000,20.4384281,-46.7147234,0.519000,0.516000,3707.00,0.0316000000,2.85310198000,0.250000,86.90000,90.0000,4.52000000,2.18000000
"TOI-181","TOI-181 b",96.23380000,352.1725409,-34.4914099,0.822000,0.745000,4994.00,0.0539000000,4.53200000000,0.154300,88.28000,-96.9100,46.16870000,6.95590000
"TOI-199","TOI-199 b",102.27000000,80.1058735,-59.8954326,0.936000,0.820000,5255.00,0.4254000000,104.85400000000,0.090000,90.00000,350.0000,54.03082919,9.07927437
"TOI-700","TOI-700 e",31.12650000,97.0957165,-65.5786149,0.415000,0.421000,3459.00,0.1340000000,27.80978000000,0.059000,89.60000,70.0000,0.81800000,0.95300000
"TOI-771","TOI-771 b",25.27880000,164.1138903,-72.9851736,0.220000,0.232000,3370.00,0.0208000000,2.32601550000,0.055000,89.30000,-130.0000,2.47000000,1.36000000
"TOI-836","TOI-836.01",27.50240000,225.0798831,-24.4542022,0.678000,0.665000,4552.00,0.0750000000,8.59545000000,0.078000,88.70000,-28.0000,9.60000000,2.58700000
"TOI-836","TOI-836 b",27.50240000,225.0798831,-24.4542022,0.678000,0.665000,4552.00,0.0422000000,3.81673000000,0.053000,87.57000,9.0000,4.53000000,1.70400000
"LHS 475","LHS 475 b",12.48140000,290.2379403,-82.5597883,0.262000,0.278900,3300.00,0.0203700000,2.02908800000,0.000000,87.19400,,0.94100000,0.99100000
"TOI-1136","TOI-1136 d",84.53620000,192.1848981,64.8552755,1.022000,0.968000,5770.00,0.1062000000,12.51990000000,0.042000,89.20000,-67.0000,8.35000000,4.62700000
"TOI-1136","TOI-1136 c",84.53620000,192.1848981,64.8552755,1.022000,0.968000,5770.00,0.0669000000,6.25740000000,0.110000,88.80000,70.0000,6.32000000,2.87900000
"TOI-1136","TOI-1136 f",84.53620000,192.1848981,64.8552755,1.022000,0.968000,5770.00,0.1740000000,26.32100000000,0.001000,89.30000,-45.0000,9.70000000,3.73591482
"TOI-1136","TOI-1136 e",84.53620000,192.1848981,64.8552755,1.022000,0.968000,5770.00,0.1400000000,18.80100000000,0.042500,89.20000,-67.0000,6.07000000,2.63900000
"TOI-1173","TOI-1173 b",132.35300000,197.6830975,70.7680117,0.911000,0.934000,5350.00,0.0710000000,7.06439710000,0.037000,87.22800,90.0000,28.28672822,8.77663189
"TOI-1416","TOI-1416 b",55.01350000,216.9234892,41.9529862,0.798000,0.793000,4884.00,0.0190000000,1.06975680000,0.000000,85.70000,,3.48000000,1.62000000
"TOI-1420","TOI-1420 b",201.91800000,322.9418092,66.3490054,0.987000,0.923000,5510.00,0.0710000000,6.95610630000,0.170000,88.58000,-165.0000,25.10000000,11.89000000
"TOI-1468","TOI-1468 c",24.73990000,16.6538724,19.2249195,0.352700,0.371400,3376.00,0.0860800000,15.53247700000,0.111000,89.22000,130.0000,4.10000000,2.12600000
"TOI-1468","TOI-1468 b",24.73990000,16.6538724,19.2249195,0.352700,0.371400,3376.00,0.0210700000,1.88052010000,0.009900,87.82000,-170.0000,3.04000000,1.40100000
"HIP 9618","HIP 9618 b",67.54780000,30.9050061,21.2813274,0.942000,0.959300,5649.00,0.1450000000,20.77285800000,0.000000,,90.0000,8.30000000,3.82838127
"HIP 9618","HIP 9618 c",67.54780000,30.9050061,21.2813274,0.942000,0.959300,5649.00,0.2690000000,52.56363000000,0.000000,,90.0000,7.00000000,3.42855926
"TOI-1801","TOI-1801 b",30.67960000,175.5755995,23.0270335,0.556000,0.547000,3863.00,0.0750000000,10.64387000000,0.000000,89.50700,90.0000,5.73800000,2.07900000
"TOI-1823","TOI-1823 b",71.64560000,196.2197201,63.7532610,0.841400,0.804900,4927.00,0.2120000000,38.80000000000,0.000000,,74.0000,67.40000000,7.54062410
"TOI-2031 A","TOI-2031 A b",276.10500000,331.1178077,81.5659509,1.174000,1.241000,6490.00,0.0660000000,5.71548654000,0.076000,88.32000,,254.26272560,14.20177855
"TOI-2134","TOI-2134 b",22.62020000,271.9355015,39.0729269,0.744000,0.709000,4580.00,0.0780300000,9.22919800000,0.067000,89.69000,163.0000,9.37000000,2.73500000
"TOI-2134","TOI-2134 c",22.62020000,271.9355015,39.0729269,0.744000,0.709000,4580.00,0.3715000000,95.85284000000,0.312500,89.68800,160.0000,58.30000000,7.35000000
"TOI-2374","TOI-2374 b",134.65500000,319.4982407,-22.0498228,0.802000,0.711000,5002.00,0.0481800000,4.31361930000,0.130000,87.20000,,61.65871096,7.48759911
"TOI-2431","TOI-2431 b",36.05590000,37.7652989,8.3816255,0.661000,0.651000,4109.00,0.0063000000,0.22419578000,0.000000,74.00000,90.0000,6.20000000,1.53400000
"TOI-3235","TOI-3235 b",72.81100000,207.4738488,-46.0665139,0.393900,0.369700,3388.80,0.0270900000,2.59261842000,0.029000,88.14000,,211.35589065,11.39953337
"TOI-3757","TOI-3757 b",181.13900000,91.0036423,55.0199793,0.640000,0.620000,3913.00,0.0384500000,3.43875300000,0.140000,86.76000,130.0000,85.30000000,12.00000000
"TOI-3884","TOI-3884 b",43.14480000,181.5718341,12.5070258,0.298000,0.302000,3180.00,0.0361000000,4.54458280000,0.060000,89.81000,-112.0000,32.59000000,6.43000000
"TOI-3984 A","TOI-3984 A b",108.88300000,226.3371468,36.7869747,0.490000,0.470000,3476.00,0.0410000000,4.35332600000,0.230000,89.50000,-54.0000,44.00000000,7.90000000
"TOI-4010","TOI-4010 c",177.50400000,20.2148196,66.0722009,0.880000,0.830000,4960.00,0.0580000000,5.41465400000,0.030000,88.80000,57.0000,20.31000000,5.93000000
"TOI-4010","TOI-4010 d",177.50400000,20.2148196,66.0722009,0.880000,0.830000,4960.00,0.1130000000,14.70886000000,0.070000,89.00000,109.0000,38.15000000,6.18000000
"TOI-4010","TOI-4010 b",177.50400000,20.2148196,66.0722009,0.880000,0.830000,4960.00,0.0229000000,1.34833500000,0.030000,88.10000,0.0000,11.00000000,3.02000000
"LP 890-9","LP 890-9 b",32.42980000,64.1309096,-28.3157909,0.118000,0.155600,2850.00,0.0187500000,2.72990250000,,89.67000,,13.20000000,1.32000000
"TOI-4336 A","TOI-4336 A b",22.54550000,206.1070129,-40.3373505,0.306000,0.326000,3307.00,0.0849000000,16.33635100000,0.000000,89.49200,90.0000,3.33000000,2.13700000
"HD 20329","HD 20329 b",63.67960000,49.1781240,15.6563542,0.900000,1.130000,5596.00,0.0180000000,0.92611800000,0.000000,76.01000,,7.42000000,1.72000000
"Kepler-167","Kepler-167 e",341.90800000,292.6585253,38.3455558,0.777000,0.749000,4884.00,1.8830000000,1071.23205000000,0.290000,89.97200,201.0000,321.00669107,10.16000000
"TOI-5205","TOI-5205 b",86.44930000,313.7706819,24.3609770,0.392000,0.394000,3430.00,0.0199000000,1.63075700000,0.020000,88.21000,-42.0000,343.00000000,11.60000000
"Kepler-167","Kepler-167 c",341.90800000,292.6585253,38.3455558,0.777000,0.749000,4884.00,0.0684000000,7.40610600000,0.000000,88.48000,,3.44000000,1.67400000
"TOI-5293 A","TOI-5293 A b",162.22900000,355.8286820,-2.0450945,0.540000,0.520000,3586.00,0.0340000000,2.93028900000,0.380000,88.80000,-92.0000,170.40000000,11.90000000
"KOI-94","KOI-94 d",477.05200000,297.3330716,41.8911186,1.277000,1.520000,6182.00,0.1684000000,22.34298900000,0.022000,89.87100,,106.00000000,11.27000000
"LP 890-9","LP 890-9 c",32.42980000,64.1309096,-28.3157909,0.118000,0.155600,2850.00,0.0398400000,8.45746300000,,89.28700,,25.30000000,1.36700000
"HD 3167","HD 3167 e",47.28990000,8.7401487,4.3807215,0.864000,0.871000,5338.00,0.3797000000,91.90000000000,0.128000,41.00000,0.0000,14.90000000,3.97000000
"TOI-1136","TOI-1136 b",84.53620000,192.1848981,64.8552755,1.022000,0.968000,5770.00,0.0510600000,4.17270000000,0.027000,86.40000,25.0000,3.50000000,1.90000000
"TOI-1136","TOI-1136 g",84.53620000,192.1848981,64.8552755,1.022000,0.968000,5770.00,0.2290000000,39.54500000000,0.040000,89.50000,-81.0000,5.60000000,2.53000000
"TOI-1338 A","TOI-1338 c",399.01700000,92.1330955,-59.5409853,1.093600,1.313000,5723.20,0.7940000000,215.79000000000,0.037000,97.00000,344.6400,75.40000000,10.30000000
"WASP-84","WASP-84 c",100.58800000,131.1069959,1.8598933,0.853000,0.768000,5280.00,0.0235900000,1.44688490000,,83.20000,,15.20000000,1.95000000
"TOI-6109","TOI-6109 c",151.73800000,50.1319206,42.6069564,1.030000,1.021000,5660.00,0.0786000000,8.53887800000,,87.20000,,20.80000000,4.83260000
"TOI-6255","TOI-6255 b",20.31670000,331.5031606,39.2988284,0.353000,0.370000,3421.00,,0.23818244000,0.000000,74.40000,,1.44000000,1.07900000
"WASP-193","WASP-193 b",362.08700000,164.3491401,-29.9971229,1.018000,1.213000,6080.00,0.0668000000,6.24634750000,0.081000,89.25000,42.0000,35.59678158,14.78464554
"LP 791-18","LP 791-18 d",26.49270000,165.6904843,-16.4064445,0.139000,0.182000,2960.00,0.0199200000,2.75485000000,0.001100,89.34000,,0.91000000,1.03200000
"TOI-6324","TOI-6324 b",20.54880000,330.8445430,67.4986773,0.269000,0.293000,3247.00,,0.27922100000,0.000000,74.60000,,1.17000000,1.05900000
"HD 207496","HD 207496 b",23.60600000,328.7181708,-77.3388025,0.800000,0.769000,4819.00,0.0629000000,6.44100800000,0.231000,88.79000,57.0000,6.10000000,2.25000000
"TOI-4010","TOI-4010 e",177.50400000,20.2148196,66.0722009,0.880000,0.830000,4960.00,1.5700000000,762.00000000000,0.260000,,138.0000,692.00000000,13.30000000
"GJ 367","GJ 367 c",9.41263000,146.1214640,-45.7790165,0.455000,0.458000,3522.00,,11.53010000000,0.090000,,-34.0000,4.13000000,1.86000000
"GJ 367","GJ 367 d",9.41263000,146.1214640,-45.7790165,0.455000,0.458000,3522.00,,34.36900000000,0.140000,,-126.0000,6.03000000,2.33000000
"TOI-6109","TOI-6109 b",151.73800000,50.1319206,42.6069564,1.030000,1.021000,5660.00,0.0599000000,5.69047600000,,85.69090,,21.10000000,4.87040000
"TOI-199","TOI-199 c",102.27000000,80.1058735,-59.8954326,0.936000,0.820000,5255.00,0.8070000000,273.69000000000,0.096000,90.00000,8.0000,88.99195396,11.40000000
"AU Mic","AU Mic e",9.72210000,311.2911369,-31.3424500,0.600000,0.820000,3665.00,,33.11000000000,,,,21.10000000,4.87000000
"AU Mic","AU Mic d",9.72210000,311.2911369,-31.3424500,0.510000,0.744000,3678.00,,12.73596000000,0.003050,89.31812,160.7894,1.05300000,1.02000000
"GJ 806","GJ 806 b",12.04450000,311.2697002,44.5002351,0.413000,0.414400,3600.00,0.0140600000,0.92632370000,,87.70000,,1.90000000,1.33100000
"GJ 806","GJ 806 c",12.04450000,311.2697002,44.5002351,0.413000,0.414400,3600.00,0.0523000000,6.64064000000,,,,5.80000000,2.28000000
"HD 110067","HD 110067 b",32.15850000,189.8392243,20.0273377,0.798000,0.788000,5266.00,0.0793000000,9.11367800000,,89.06100,,5.69000000,2.20000000
"HD 110067","HD 110067 c",32.15850000,189.8392243,20.0273377,0.798000,0.788000,5266.00,0.1039000000,13.67369400000,,89.68700,,6.30000000,2.38800000
"HD 110067","HD 110067 d",32.15850000,189.8392243,20.0273377,0.798000,0.788000,5266.00,0.1362000000,20.51961700000,,89.24800,,8.52000000,2.85200000
"HD 110067","HD 110067 e",32.15850000,189.8392243,20.0273377,0.798000,0.788000,5266.00,0.1785000000,30.79309100000,,89.86700,,3.90000000,1.94000000
"HD 110067","HD 110067 f",32.15850000,189.8392243,20.0273377,0.798000,0.788000,5266.00,0.2163000000,41.05854000000,,89.67300,,5.04000000,2.60100000
"HD 110067","HD 110067 g",32.15850000,189.8392243,20.0273377,0.798000,0.788000,5266.00,0.2621000000,54.76992000000,,89.72900,,8.40000000,2.60700000
"GJ 341","GJ 341 b",10.45400000,140.3993759,-60.2811692,0.480000,0.506600,3770.00,,7.57686000000,0.000000,89.24000,,4.00000000,0.88000000
"TOI-6894","TOI-6894 b",73.81310000,173.4691418,12.4510906,0.207000,0.227600,3007.00,0.0260400000,3.37077196000,0.029000,89.58000,,53.39517238,9.58367850
"IRAS 04125+2902","IRAS 04125+2902 b",159.24400000,63.9283394,29.1665420,0.700000,1.450000,4080.00,0.0770000000,8.83497800000,,88.30000,,80.80000000,10.73820351
"HIP 67522","HIP 67522 c",127.28000000,207.5260010,-40.8358961,1.220000,1.380000,5675.00,0.1228000000,14.33489200000,0.077000,89.20000,186.6000,48.30000000,7.93595834
"Kepler-51","Kepler-51 e",783.83100000,296.4797624,49.9376486,0.960000,0.870000,5674.00,,264.28400000000,0.020000,,,5.40000000,2.18000000
"BD+05 4868 A","BD+05 4868 A b",43.56870000,326.8614036,6.6053185,0.700000,0.690000,4596.00,0.0208000000,1.27186900000,,,,6.20000000,
"TOI-771","TOI-771 c",25.27880000,164.1138903,-72.9851736,0.220000,0.232000,3370.00,0.0460000000,7.61000000000,0.065000,,-82.0000,2.87000000,1.50000000
"TOI-2076","TOI-2076 e",41.90910000,217.3920159,39.7903991,0.849000,0.758000,5187.00,0.0386300000,3.02237530000,0.000000,89.46000,,4.70000000,1.30100000
"L 98-59","L 98-59 f",10.61940000,124.5328604,-68.3144658,0.292300,0.315500,3415.00,0.1052000000,23.06400000000,0.044000,74.00000,4.0000,2.80000000,1.48000000
"HIP 41378","HIP 41378 g",106.28900000,126.6158279,10.0803708,1.220000,1.300000,6290.00,,63.19000000000,0.055000,95.00000,205.0000,6.81000000,2.50000000
"55 Cnc B","55 Cnc B b",12.47730000,133.1679080,28.3152863,0.260000,0.274000,3286.00,0.0440000000,6.79940000000,0.000000,,,3.50000000,1.69000000
"55 Cnc B","55 Cnc B c",12.47730000,133.1679080,28.3152863,0.260000,0.274000,3286.00,0.1300000000,33.74700000000,0.000000,,,5.30000000,2.16000000
"GJ 3090","GJ 3090 c",22.47510000,20.4384281,-46.7147234,0.519000,0.516000,3707.00,0.0997000000,15.94070000000,0.000000,,90.0000,10.00000000,3.14000000
"TOI-4336 A","TOI-4336 A c",22.54550000,206.1070129,-40.3373505,0.306000,0.326000,3307.00,0.0509200000,7.58726600000,0.000000,89.64000,90.0000,1.55000000,1.25100000
"TOI-260","TOI-260 b",20.18520000,4.7730178,-9.9661505,0.616000,0.607000,4026.00,0.0943000000,13.47585300000,0.000000,88.84000,90.0000,4.23000000,1.71000000
"HD 278555","HD 278555 b",289.82900000,50.3680468,32.9138110,1.255000,1.624000,6047.00,0.1985000000,28.84243800000,0.085000,,116.0000,266.97586188,11.02963701
"Kepler-12","Kepler-12 b",881.38600000,286.2434458,50.0403671,1.166000,1.483000,5947.00,0.0553000000,4.43796290000,0.000000,88.79600,182.0000,137.30256000,19.66058600
"KOI-94","KOI-94 b",477.05200000,297.3330716,41.8911186,1.277000,1.520000,6182.00,0.0511900000,3.74320800000,0.250000,89.30000,,10.50000000,1.71000000
"Kepler-167","Kepler-167 d",341.90800000,292.6585253,38.3455558,0.777000,0.749000,4884.00,0.1404000000,21.80379000000,0.000000,89.26000,,2.06000000,1.23800000
"Kepler-51","Kepler-51 d",783.83100000,296.4797624,49.9376486,1.040000,0.940000,6018.00,0.5090000000,130.19400000000,0.008000,89.91000,-12.6000,7.60000000,9.70000000
"Kepler-51","Kepler-51 c",783.83100000,296.4797624,49.9376486,1.040000,0.940000,6018.00,0.3840000000,85.31200000000,0.014000,89.44000,-16.7000,4.00000000,9.00000000
"Kepler-51","Kepler-51 b",783.83100000,296.4797624,49.9376486,1.040000,0.940000,6018.00,0.2514000000,45.15400000000,0.040000,89.78000,53.3000,2.10000000,7.10000000
"Kepler-167","Kepler-167 b",341.90800000,292.6585253,38.3455558,0.777000,0.749000,4884.00,0.0482500000,4.39315390000,0.000000,88.30000,,3.60000000,1.71800000
"KOI-94","KOI-94 c",477.05200000,297.3330716,41.8911186,1.277000,1.520000,6182.00,0.1013000000,10.42364800000,0.430000,88.36000,,15.60000000,4.32000000
"KOI-94","KOI-94 e",477.05200000,297.3330716,41.8911186,1.277000,1.520000,6182.00,0.3046000000,54.32031000000,0.019000,89.76000,,35.00000000,6.56000000
"PH2","PH2 b",343.86300000,289.7636212,51.9626830,0.966000,0.949000,5734.00,0.8330000000,282.52542000000,0.215000,89.89800,24.0000,87.08498352,9.33708092
"K2-33","K2-33 b",139.26800000,242.5613635,-19.3193831,0.560000,1.050000,3540.00,0.0409000000,5.42486500000,0.000000,89.10000,0.0000,1175.97100000,5.04000000
"HAT-P-11","HAT-P-11 b",37.76470000,297.7101763,48.0818635,0.811000,0.683000,4653.00,0.0525800000,4.88800000000,0.251000,89.02700,28.0000,25.00000000,4.36000000
"K2-136","K2-136 b",59.24740000,67.4128615,22.8825674,0.742000,0.677000,4500.00,0.0707000000,7.97525000000,0.140000,89.20000,189.0000,4.30000000,1.01400000
"HAT-P-52","HAT-P-52 b",361.15500000,42.7217412,29.0222492,0.887000,0.893000,5131.00,0.0369400000,2.75359530000,0.047000,87.02000,,259.98494000,11.30988100
"TOI-4747","TOI-4747 b",304.61500000,86.4276650,-45.0292291,1.010000,0.988751,5595.08,,5.21924158592,,88.42032,,14.80000000,3.95803201
"Kepler-891","Kepler-891 b",2340.58000000,291.0837644,40.3552252,1.060000,1.070000,5887.00,0.2881000000,53.44945593000,0.000000,89.93000,,33.60000000,6.41000000
"Kepler-1159","Kepler-1159 b",1213.71000000,294.2663250,45.2042317,1.190000,1.280000,6217.00,0.1603000000,22.70816791000,0.000000,89.96000,,6.21000000,2.37000000
"HATS-18","HATS-18 b",624.36800000,173.9574203,-29.1560639,1.037000,1.020000,5600.00,0.0174000000,0.83784000000,0.166000,85.29000,,629.14448500,14.89676100
"GJ 676 A","GJ 676 A e",16.02720000,262.5448903,-51.6377777,0.626000,0.690000,3734.00,0.1810000000,35.47358000000,0.152000,,117.5230,6.67439655,2.47000000
"Kepler-48","Kepler-48 c",306.73800000,299.1393094,40.9489390,0.880000,0.890000,5194.00,0.0863300000,9.67395000000,0.000000,89.51000,,14.61000000,2.71000000
"Kepler-889","Kepler-889 b",598.31300000,291.4674540,50.7595597,1.140000,1.250000,5961.00,0.0497500000,3.74443900000,0.000000,89.01000,,1.32000000,1.09000000
"HR 2562","HR 2562 b",34.00710000,102.5042716,-60.2486775,1.300000,1.334000,6597.00,22.2000000000,,0.340000,86.70000,37.0000,6992.22495400,12.44199000
"Kepler-1804","Kepler-1804 b",434.45600000,301.3428675,44.6721750,0.929000,1.671000,5109.00,0.1017000000,12.28849983000,0.000000,88.64000,,3.18000000,1.59615726
"Kepler-1188","Kepler-1188 b",1717.48000000,283.1038438,43.1480487,1.040000,1.060000,5913.00,0.1350000000,17.13695430000,0.000000,89.92000,,4.98000000,2.08000000
"HD 21411","HD 21411 b",29.13280000,51.5474155,-30.6168403,0.890000,0.825605,5605.00,0.3620000000,84.28800000000,0.400000,,332.4200,65.90000000,9.52000000
"Kepler-1281","Kepler-1281 b",1090.00000000,295.3543571,48.5153932,0.870000,0.830000,5353.00,0.0415000000,3.11602791000,0.000000,89.17000,,3.33000000,1.64000000
"Kepler-128","Kepler-128 b",396.37900000,282.4922622,43.9802442,1.184000,1.659000,6072.00,0.1254500000,15.00000000000,0.000000,89.96000,,3.79000000,1.42100000
"Kepler-1693","Kepler-1693 b",760.06500000,290.2015581,48.1857799,0.950000,0.878295,5432.34,0.1011000000,12.09990000000,0.000000,89.69000,,2.21000000,1.28938413
"Kepler-104","Kepler-104 b",400.78500000,287.6046621,42.1665104,0.818000,1.349000,5711.00,0.0940000000,11.42754800000,0.000000,87.76000,,19.60000000,3.10000000
"Kepler-1849","Kepler-1849 b",631.88400000,285.2919300,41.2557275,0.709000,0.729000,4806.00,0.2597000000,57.29290009000,0.000000,89.99000,,6.29000000,2.38685349
"Kepler-1036","Kepler-1036 b",489.43500000,295.1817093,49.9458172,0.950000,0.890000,5533.00,0.4772600000,122.88080580000,0.000000,89.24000,,9.32000000,3.01000000
"Kepler-419","Kepler-419 c",1011.36000000,295.4179125,51.1847629,1.390000,1.740000,6430.00,1.6800000000,675.47000000000,0.184000,88.00000,275.3000,2320.10000000,12.60000000
"2MASS J22362452+4751425","2MASS J22362452+4751425 b",69.57370000,339.1025931,47.8616830,0.600000,0.641152,4045.00,230.0000000000,,,,,3972.87500000,12.30000000
"Kepler-1191","Kepler-1191 b",955.53600000,291.6577923,48.0092619,0.850000,0.810000,5308.00,0.0587000000,5.60014851000,0.000000,89.84000,,2.89000000,1.51000000
"Kepler-511","Kepler-511 c",651.99900000,282.9455384,47.5749181,0.958000,1.417000,5866.00,0.1717700000,26.62949944000,0.000000,89.97000,,16.50000000,4.20964327
"XO-5","XO-5 b",276.21100000,116.7163868,39.0944695,1.040000,1.130000,5430.00,0.0515000000,4.18775580000,0.000000,86.80000,331.0100,378.20000000,12.78000000
"Kepler-1825","Kepler-1825 b",430.25400000,292.5140647,42.6517554,0.828000,0.847000,5123.00,0.0187000000,1.02586996600,0.000000,83.02000,,2.61000000,1.42200732
"Kepler-1074","Kepler-1074 b",250.81700000,284.4766869,46.2526781,0.600000,0.570000,4002.00,0.0536000000,5.94566534000,0.000000,89.37000,,2.10000000,1.25000000
"HD 39091","pi Men c",18.27020000,84.2992798,-80.4646041,1.070000,1.170000,5998.00,0.0683900000,6.26783990000,0.000000,87.04500,0.0000,3.63000000,2.01890000
"TIC 183374187","TIC 183374187 b",1208.75000000,357.6160382,-41.4124228,0.853000,1.344000,5768.00,,5.05907000000,0.506000,,,177.98390792,14.03364384
"GJ 1061","GJ 1061 d",3.67278000,54.0032486,-44.5143104,0.120000,0.156000,2953.00,0.0540000000,13.06600000000,0.040000,,157.0000,1.67000000,1.16000000
"Kepler-1987","Kepler-1987 d",595.68300000,295.8254663,42.9433716,0.799000,0.714000,4769.00,0.0571000000,5.64491415400,0.000000,88.57000,,7.56000000,2.66000000
"Kepler-245","Kepler-245 b",861.52700000,291.6389972,42.4363482,0.856000,0.795000,5100.00,0.0710000000,7.49019000000,0.000000,89.95000,,146.78000000,2.57000000
"Kepler-131","Kepler-131 c",228.67800000,288.5308924,40.9423730,1.020000,1.030000,5685.00,0.1739100000,25.51690000000,0.000000,89.53000,,8.25000000,0.84000000
"Kepler-144","Kepler-144 c",384.91700000,281.9156128,42.7755535,1.154000,1.235000,6075.00,0.0940000000,10.10466500000,0.000000,88.79000,,2.39000000,1.35000000
"HD 93385","HD 93385 c",43.34750000,161.5627065,-41.4646040,1.040000,1.184840,5977.00,0.1120000000,13.18000000000,0.200000,,,7.10000000,2.56000000
"Kepler-431","Kepler-431 c",486.54600000,281.1123072,43.2277663,1.071000,1.092000,6004.00,0.0847000000,8.70300000000,0.000000,82.35000,,0.22900000,0.66800000
"HD 106270","HD 106270 b",93.80800000,183.4049258,-9.5135645,1.390000,2.660000,5509.00,3.3400000000,1888.00000000000,0.185000,63.00000,3.3000,3623.24383980,12.40000000
"TOI-5720","TOI-5720 b",35.82560000,170.3135774,25.2732942,0.383000,0.383000,3325.00,0.0182880000,1.43445550000,,89.30000,,4.30000000,1.09000000
"Kepler-203","Kepler-203 d",703.30200000,297.0899590,41.3880686,1.060000,1.114000,5821.00,0.1000000000,11.32972000000,0.000000,89.91000,,33.90000000,1.44000000
"Kepler-230","Kepler-230 c",740.75400000,285.7185682,48.5058038,0.784000,0.817000,5588.00,0.3800000000,91.77324200000,0.000000,89.61000,,4.82000000,2.04000000
"Kepler-1091","Kepler-1091 b",914.29900000,299.7854426,43.6707235,1.010000,1.030000,5851.00,0.0252000000,1.43474156400,0.000000,88.96000,,2.73000000,1.46000000
"Kepler-1129","Kepler-1129 b",1183.88000000,291.6044965,41.3093275,1.000000,1.000000,5831.00,0.1648100000,24.33978040000,0.000000,87.53000,,9.06000000,2.96000000
"Kepler-472","Kepler-472 b",306.60200000,296.5245187,39.2498503,0.850000,0.780000,4996.00,0.0482300000,4.17625551400,0.000000,83.75000,,10.50000000,3.22000000
"Kepler-1275","Kepler-1275 b",1153.98000000,293.5004955,44.9324455,1.230000,1.360000,6296.00,0.0488000000,3.65691115000,0.000000,89.07000,,2.79000000,1.48000000
"Kepler-1690","Kepler-1690 b",703.78900000,288.1566649,41.8779417,0.940000,0.862346,5404.00,0.7097000000,234.63600000000,0.000000,89.99000,,8.30000000,2.81109223
"HD 75898","HD 75898 c",78.05050000,133.4611999,33.0566885,1.295000,1.550000,6122.00,7.3900000000,6717.00000000000,0.080000,153.00000,110.0000,2698.36317543,12.60000000
"K2-386","K2-386 b",428.78500000,18.2999964,7.0130302,0.911000,0.970000,5749.00,,7.47322300000,,,,5.99000000,2.32000000
"TOI-7510","TOI-7510 c",249.00600000,273.7281880,-54.4340547,1.063000,1.035000,5720.00,0.1595000000,22.56874230000,0.009100,90.11000,187.0000,131.00000000,10.81000000
"Kepler-718","Kepler-718 b",1302.33000000,299.5618676,43.5035173,1.180000,1.300000,6191.00,0.0322000000,2.05234990500,0.000000,86.76000,,,16.56000000
"Kepler-1342","Kepler-1342 b",890.72400000,297.0200549,43.4325382,0.930000,0.900000,5527.00,0.0313000000,2.21571035800,0.000000,82.30000,,3.39000000,1.66000000
"WASP-174","WASP-174 b",410.14900000,195.7940145,-41.3848617,1.240000,1.347000,6399.00,0.0550300000,4.23370050000,0.000000,83.78000,,104.88337431,16.10730527
"Kepler-1713","Kepler-1713 b",295.29300000,287.3456737,43.3783894,1.300000,1.459000,6477.00,0.1418500000,18.01160049000,0.000000,83.74000,,3.59000000,1.71673535
"Kepler-1121","Kepler-1121 b",482.04700000,297.7865467,47.8861542,1.290000,1.590000,6231.00,0.1181800000,13.15141081000,0.000000,84.73000,,4.31000000,1.91000000
"Kepler-197","Kepler-197 c",330.57500000,295.2264739,50.5592348,0.857000,1.120000,6004.00,0.0900000000,10.34969500000,0.080000,83.51000,,5.30000000,1.23000000
"TOI-1294","TOI-1294 b",332.64800000,223.0926408,70.4765573,1.157800,1.556600,5718.00,0.0510000000,3.91529200000,0.000000,,90.0000,63.90000000,10.12369881
"Kepler-1195","Kepler-1195 b",918.56600000,284.3510523,40.8529319,0.740000,0.710000,4965.00,0.0726000000,8.49642241000,0.000000,88.49000,,4.98000000,2.08000000
"GJ 328","GJ 328 b",20.52660000,133.7819507,1.5420011,0.650000,0.630000,3897.00,4.1100000000,3771.00000000000,0.227000,,-76.2000,797.74930157,13.30000000
"EPIC 212737443","EPIC 212737443 c",336.25000000,204.2215065,-7.3180577,0.690000,0.673000,4684.00,0.2800000000,65.55000000000,0.200000,89.63000,,7.70000000,2.69000000
"Kepler-1783","Kepler-1783 b",264.07800000,297.0210984,41.3771655,0.887000,1.781000,5129.00,0.0759500000,8.27744007100,0.000000,89.35000,,2.30000000,1.31946731
"HD 50499","HD 50499 c",46.28450000,103.0080750,-33.9152670,1.310000,1.420000,6099.00,9.0200000000,8619.90000000000,0.000000,,23.0000,931.24190000,13.20000000
"Kepler-874","Kepler-874 b",1082.16000000,294.9568477,43.0142991,1.090000,1.130000,6020.00,0.2234000000,40.06867270000,0.000000,89.97000,,14.70000000,3.94000000
"Kepler-235","Kepler-235 b",428.01800000,286.0790779,39.2782370,0.581000,0.554000,4255.00,0.0370000000,3.34022200000,0.000000,89.47000,,5.60000000,2.23000000
"HD 98219","HD 98219 b",113.70400000,169.4475218,-23.9754880,1.410000,4.600000,4925.00,1.2600000000,433.80000000000,0.079000,,360.0000,624.21812000,13.40000000
"Kepler-625","Kepler-625 b",760.70800000,292.1504723,39.6375254,1.040000,0.960000,5789.00,0.0813700000,7.75192492000,0.000000,87.83000,,4.62000000,1.99000000
"Kepler-1178","Kepler-1178 b",482.28700000,288.4561183,45.8022258,0.800000,0.750000,4990.00,0.1596000000,31.80634000000,0.000000,89.50000,,1.24000000,1.07000000
"K2-407","K2-407 b",218.37600000,232.5552584,-23.0067371,0.881000,0.927000,5563.00,,4.94190700000,,,,2.19000000,1.28300000
"KOI-351","KOI-351 b",848.25400000,284.4334642,49.3051239,1.200000,1.200000,6080.00,0.0740000000,7.00815100000,0.000000,89.40000,,2.27000000,1.31000000
"WASP-151","WASP-151 b",453.09900000,349.0634651,0.3066895,1.081000,1.181000,5871.00,0.0550000000,4.53347750000,0.000000,88.25000,-50.0000,100.43377661,13.30506009
"K2-289","K2-289 b",274.30000000,246.6429443,-15.7925384,0.953000,1.025000,5529.00,0.1070000000,13.15696900000,,88.48000,,61.00000000,9.10000000
"GJ 1002","GJ 1002 b",4.84867000,1.6764641,-7.5462123,0.120000,0.137000,3024.00,0.0457000000,10.34650000000,,,,1.08000000,1.03000000
"Kepler-1143","Kepler-1143 c",555.18900000,287.3027720,39.2896399,0.810000,0.770000,5053.00,0.6477000000,210.63059100000,0.000000,89.76000,,12.60000000,3.60000000
"TOI-2587 A","TOI-2587 A b",373.67500000,115.9317105,-1.0733330,1.150000,1.726000,5760.00,0.0635000000,5.45664000000,0.000000,84.81000,,69.28659273,12.07207221
"Kepler-1154","Kepler-1154 b",1460.10000000,297.4771158,39.8772345,1.260000,1.430000,6327.00,0.0631000000,5.18561420000,0.000000,89.93000,,6.08000000,2.34000000
"Kepler-60","Kepler-60 b",1025.10000000,288.9612535,42.2650472,1.041000,1.257000,5905.00,0.0725500000,7.13340000000,0.000000,86.52000,175.5600,4.19000000,1.71000000
"Kepler-85","Kepler-85 c",765.02500000,290.9734395,45.2902761,0.928000,0.875000,5505.20,0.1036300000,12.51000000000,0.027000,88.14000,,2.15000000,1.97800000
"TOI-2081","TOI-2081 b",62.34460000,264.3022634,53.0255666,0.540000,0.534000,3800.00,0.0752000000,10.50534000000,,89.34000,,4.82000000,2.04000000
"Kepler-1780","Kepler-1780 b",790.51600000,294.0839282,42.8095104,0.868000,0.868000,5403.00,0.4276000000,109.44499970000,0.000000,89.96000,,12.70000000,3.60600667
"Kepler-1818","Kepler-1818 b",1034.59000000,284.3284866,40.5688741,1.021000,1.129000,6047.00,0.0550000000,4.64490985900,0.000000,88.31000,,3.58000000,1.71360684
"TOI-871","TOI-871 b",68.04730000,74.7376264,-50.6274153,0.758000,0.719000,4929.00,0.1054000000,14.36256500000,,89.26000,,3.41000000,1.66400000
"GJ 251","GJ 251 c",5.58057000,103.7002499,33.2664632,0.350000,0.360000,3342.00,0.1960000000,53.64700000000,0.000000,,0.0000,3.88000000,1.80000000
"Kepler-1518","Kepler-1518 c",903.51000000,300.3323404,44.9861065,1.060000,1.345000,6432.00,0.0905000000,9.63102580000,0.000000,79.56000,,8.75000000,2.90000000
"Kepler-1718","Kepler-1718 b",375.52200000,292.2349191,42.9094618,0.846000,0.906000,5731.00,0.4841800000,135.18800350000,0.000000,89.99000,,7.12000000,2.56852070
"TOI-4914","TOI-4914 b",299.89000000,204.5426717,-28.1429206,1.030000,1.000000,5805.00,0.0980000000,10.60057000000,0.408000,86.35000,58.7000,227.00000000,12.87000000
"USco1556 A","USco1556 b",140.63500000,239.1037198,-25.6890476,0.330000,0.668108,3410.00,3500.0000000000,,,,,4767.45000000,12.30000000
"Kepler-109","Kepler-109 c",474.86100000,290.3926795,40.2849074,1.094000,1.387000,5950.00,0.1546000000,21.22265000000,0.098000,89.63000,,8.20000000,2.65000000
"Kepler-101","Kepler-101 c",927.98100000,283.2555070,48.3552474,1.170000,1.560000,5667.00,0.0684000000,6.02976000000,0.000000,84.60000,90.0000,3.78000000,1.25000000
"Kepler-1200","Kepler-1200 b",588.71500000,296.6034317,44.1292537,0.740000,0.700000,4612.00,0.0188000000,1.11854971700,0.000000,87.68000,,1.20000000,1.06000000
"NY Vir","NY Vir b",544.02400000,204.7005847,-2.0303873,0.459000,0.151000,32780.00,3.3000000000,3160.00000000000,0.150000,,348.0000,730.97800000,13.30000000
"TOI-4137","TOI-4137 b",334.99300000,77.6128790,70.3910790,1.313000,1.438000,6202.00,0.0522200000,3.80161220000,0.000000,85.70000,,457.67290608,13.57407563
"Kepler-1630","Kepler-1630 b",331.21300000,297.5083004,43.7110543,0.660000,0.630000,4736.00,1.1218000000,509.99740200000,0.000000,89.95000,,5.43000000,2.19000000
"Kepler-475","Kepler-475 b",280.06900000,287.0516940,40.2114232,0.860000,0.790000,5009.00,0.0398900000,3.10550818900,0.000000,84.85000,,6.76000000,2.49000000
"Kepler-1978","Kepler-1978 b",865.51200000,286.0067312,38.0095407,0.869000,0.778000,5251.00,0.0914000000,10.84969477000,0.000000,88.49000,,7.61000000,2.67000000
"Kepler-1836","Kepler-1836 b",1472.62000000,292.3150933,40.8387799,1.053000,0.987000,6123.00,0.0602000000,5.25416994100,0.000000,89.97000,,7.05000000,2.55303229
"Kepler-887","Kepler-887 c",886.58800000,290.0907893,39.8169085,1.190000,1.290000,6194.00,0.0801000000,7.63846023000,0.000000,88.30000,,1.51000000,1.13000000
"Kepler-350","Kepler-350 c",956.85900000,285.4195845,39.7061009,1.000000,1.250000,6492.30,0.1385000000,17.84900000000,0.000000,86.29000,,6.10000000,3.10000000
"Kepler-816","Kepler-816 b",983.69700000,293.3628165,39.2124394,0.900000,0.850000,5286.00,0.0895000000,10.50682564600,0.000000,88.93000,,74.50000000,10.24000000
"HD 51608","HD 51608 b",35.05530000,103.7137102,-55.2600189,0.800000,0.916136,5358.00,0.1059000000,14.07260000000,0.090000,,117.4500,12.77000000,3.62000000
"HD 125390","HD 125390 b",153.64700000,214.5387463,38.9669132,1.820000,6.470000,4882.00,3.4960000000,1757.39151000000,0.597000,84.68500,342.1260,8646.20398403,11.90000000
"Kepler-1947","Kepler-1947 b",468.77100000,296.1040313,42.3425818,0.984000,1.686000,6040.00,0.0737500000,6.96363019900,0.000000,89.69000,,1.01000000,1.01016660
"Kepler-81","Kepler-81 d",348.29100000,293.6369437,42.8248275,0.648000,0.595000,4500.00,0.1280000000,20.83784600000,0.000000,89.18000,,1.92000000,1.21000000
"Kepler-1827","Kepler-1827 b",686.46100000,292.2525301,40.7927895,0.915000,1.404000,5423.00,0.0464700000,3.70061993600,0.000000,79.31000,,4.10000000,1.85644292
"TOI-1768","TOI-1768.01",157.59700000,152.1027826,55.5399599,1.100000,1.100000,5994.00,0.0763810000,7.33770364900,,,,11.80000000,3.45300000
"HIP 10090","HIP 10090 c",82.39370000,32.4351198,-30.7470844,0.940000,1.382680,5661.00,0.9000000000,321.82000000000,0.188000,153.80000,283.0000,270.15414595,13.90000000
"Kepler-855","Kepler-855 b",1506.58000000,295.0949565,43.5375650,1.030000,1.030000,5835.00,0.0762000000,7.88663110400,0.000000,89.78000,,52.70000000,8.35000000
"TOI-205","TOI-205 b",177.75900000,7.9754636,-56.9650808,1.200000,1.453820,6302.74,,4.25300773815,,86.62587,,6.81000000,2.50121142
"Kepler-1886","Kepler-1886 b",1059.51000000,296.2645118,39.4059745,0.928000,0.837000,5745.00,0.1600000000,24.27580070000,0.000000,89.32000,,7.18000000,2.58158428
"Kepler-279","Kepler-279 c",1037.40000000,287.3912950,42.1948220,1.100000,1.070000,6689.45,0.2236000000,35.73600000000,0.000000,87.09000,,49.40000000,4.30000000
"K2-401","K2-401 b",200.72700000,154.9876040,3.9548275,0.870000,0.675000,4213.00,,6.29309900000,,,,5.74000000,2.26200000
"TOI-3807","TOI-3807 b",421.74500000,139.1125648,69.0741284,1.181000,1.468000,5772.00,0.0421000000,2.89897270000,0.000000,80.81000,,330.54154328,18.49481816
"Kepler-931","Kepler-931 b",490.00000000,297.1326937,42.7682885,0.860000,0.810000,5241.00,0.0719000000,8.03755877000,0.000000,86.29000,,2.33000000,1.33000000
"TOI-286","TOI-286 b",59.22930000,90.9842762,-60.6663348,0.832000,0.780000,5152.00,0.0503000000,4.51172440000,0.000000,87.52000,90.0000,4.53000000,1.42000000
"Kepler-106","Kepler-106 e",444.32200000,300.8640060,44.3375497,1.000000,1.040000,5858.00,0.2400600000,43.84450000000,0.000000,88.27000,,11.17000000,2.56000000
"GSC 06214-00210","GSC 06214-00210 b",108.50000000,245.4776921,-20.7193398,0.900000,0.904840,4200.00,320.0000000000,,,,,5000.00000000,20.17620000
"HD 89839","HD 89839 b",57.30630000,155.1688790,-53.6640291,1.210000,1.285880,6314.00,4.7130000000,3391.20000000000,0.185000,49.50000,158.0000,1748.05623850,12.80000000
"Kepler-520","Kepler-520 b",623.90100000,293.1802903,41.6177408,1.100000,1.090000,6112.00,0.1462800000,19.67416124000,0.000000,87.05000,,3.39000000,1.66000000
"Kepler-19","Kepler-19 b",218.56200000,290.4209694,37.8516556,0.936000,0.859000,5541.00,0.0846000000,9.28699000000,0.410000,89.94000,59.1000,6.10000000,2.20900000
"Kepler-1102","Kepler-1102 b",1246.05000000,281.3225917,48.0664955,0.960000,0.940000,5724.00,0.2731000000,51.32856230000,0.000000,89.06000,,7.56000000,2.66000000
"Kepler-371","Kepler-371 c",813.19200000,292.3264835,38.6575441,0.876000,0.992000,5666.00,0.3130000000,67.96801500000,0.000000,89.71000,,3.82000000,1.78000000
"K2-338","K2-338 b",156.95100000,124.3609294,17.0241557,0.660000,0.630000,4558.00,,3.85061400000,,,,1.08000000,1.03000000
"KELT-16","KELT-16 b",444.58600000,314.2685227,31.6610186,1.211000,1.360000,6236.00,0.0204400000,0.96899510000,0.000000,84.40000,,874.03250000,15.86073500
"Kepler-1681","Kepler-1681 b",758.30000000,296.6972773,46.3716969,0.893000,0.759000,5756.40,0.3200000000,69.89560000000,0.000000,89.08000,,7.05000000,2.55321772
"TOI-544","TOI-544 c",41.11660000,82.2900716,-0.3428983,0.631000,0.623000,4169.00,,50.08900000000,0.320000,,11.0000,21.50000000,4.92000000
"Kepler-251","Kepler-251 d",924.62500000,296.5662171,44.1058077,0.891000,0.890000,5526.00,0.1820000000,30.13300100000,0.000000,88.21000,,8.10000000,2.77000000
"HD 180902","HD 180902 b",104.57700000,289.8239604,-23.5582432,1.410000,4.160000,4961.00,1.4000000000,510.90000000000,0.107000,,181.0000,535.54355000,13.50000000
"TOI-5624","TOI-5624 e",101.91300000,180.8443476,49.2512257,0.858000,0.820000,5327.00,0.1439000000,21.48993600000,0.000000,89.40500,90.0000,8.90000000,3.24700000
"XEST 17-036","KOINTREAU-1 b",158.61800000,68.3592880,22.7580560,0.260000,,3551.00,690.0000000000,,,,,3368.98111420,12.40000000
"K2-414","K2-414 c",260.03600000,351.6361913,-4.6066569,0.814000,0.732000,4343.00,0.0552000000,6.66900000000,,89.99730,,4.38000000,1.92870000
"Kepler-1154","Kepler-1154 c",1460.10000000,297.4771158,39.8772345,1.260000,1.430000,6327.00,0.0875000000,8.45808312000,0.000000,87.50000,,6.17000000,2.36000000
"Kepler-863","Kepler-863 b",1499.66000000,297.6644677,43.2489903,0.960000,0.950000,5678.00,0.1220000000,15.59461874000,0.000000,89.35000,,8.75000000,2.90000000
"Kepler-278","Kepler-278 c",443.03000000,290.1072124,38.7022694,1.227000,2.861000,4965.00,0.2870000000,51.11100000000,0.616000,88.58000,20.8000,34.90000000,3.26800000
"GJ 180","GJ 180 d",11.94070000,73.4600970,-17.7761940,0.430000,0.413049,3371.00,0.3090000000,106.30000000000,0.140000,,155.0000,7.56000000,2.66000000
"K2-86","K2-86 b",258.69900000,51.5531053,18.6355718,0.790000,0.760000,5482.00,0.0770000000,8.77683000000,,88.56037,,4.50000000,1.96000000
"HD 196050","HD 196050 b",50.67420000,309.4637796,-60.6347649,1.270000,1.420000,5879.00,2.6500000000,1392.00000000000,0.200000,42.00000,178.0000,1493.79351290,12.90000000
"Kepler-564","Kepler-564 b",863.03700000,296.8383661,46.6263912,0.950000,0.920000,5626.00,0.0484000000,3.75083228500,0.000000,90.00000,,19.40000000,4.63000000
"Kepler-878","Kepler-878 b",791.62500000,285.2962562,46.6034497,0.810000,0.770000,5044.00,0.1650000000,25.94220330000,0.000000,89.20000,,4.38000000,1.93000000
"HD 120084","HD 120084 b",103.04400000,205.6619890,78.0646376,2.160000,10.370000,4879.00,4.2100000000,2142.00000000000,0.483000,38.00000,103.9000,2034.10180480,12.70000000
"TOI-2384","TOI-2384 b",191.51000000,36.1561463,-65.0001957,0.635000,0.611300,3943.00,0.0279300000,2.13570304000,0.000000,88.37000,,624.85064816,11.48920522
"Kepler-82","Kepler-82 d",904.32600000,292.8733696,42.9661583,0.946000,0.945000,5428.00,0.0340000000,2.38296100000,0.000000,86.85000,,885.09800000,1.77000000
"Kepler-338","Kepler-338 b",552.79800000,282.9790593,40.7844188,1.105000,1.735000,5923.00,0.1170000000,13.72697600000,0.040000,89.90000,,30.60000000,2.44000000
"Kepler-247","KOI-884 e",663.71100000,288.6425609,43.0393769,0.887000,0.788000,5060.00,,31.10165900000,0.041500,88.73887,,66.05405000,9.54000000
"K2-87","K2-87 b",491.24200000,66.2363638,18.8273617,1.164000,1.401000,5747.00,0.0940000000,9.72661800000,,87.74000,,44.90000000,7.60000000
"Kepler-983","Kepler-983 b",714.43700000,285.1042243,45.0080745,1.130000,1.080000,6052.00,0.3148000000,60.08550820000,0.000000,88.93000,,6.17000000,2.36000000
"Kepler-1948","Kepler-1948 b",193.90300000,287.3640804,47.7853043,0.585000,0.557000,3872.00,0.1022000000,15.57129955000,0.000000,89.64000,,1.09000000,1.03283226
"Kepler-444","Kepler-444 c",36.43960000,289.7528323,41.6318840,0.758000,0.752000,5046.00,0.0488100000,4.54588410000,0.310000,88.20000,,0.07930000,0.49700000
"Kepler-1173","Kepler-1173 b",377.06000000,293.1311803,45.6634153,0.860000,0.820000,5252.00,0.0156000000,0.76985360000,0.000000,80.42000,,0.64000000,0.89000000
"HD 219077","HD 219077 b",29.18640000,348.5319387,-62.7018297,0.920000,1.910000,5362.00,5.9350000000,5478.68861000000,0.768000,90.17800,57.3410,3057.50927534,12.50000000
"KIC 9663113","Kepler-458 c",1594.74000000,297.0454037,46.3286653,1.150000,2.215620,6117.21,0.1701200000,20.74028413000,0.000000,88.27000,,16.40000000,4.20000000
"Kepler-1608","Kepler-1608 b",832.00000000,295.5635550,39.4175700,0.750000,0.720000,4992.00,0.1126000000,16.47356860000,0.000000,89.97000,,3.64000000,1.73000000
"TOI-2093","TOI-2093 b",82.79820000,302.7375229,70.8696532,0.745000,0.729000,4426.00,0.0970000000,12.83600000000,0.000000,,90.0000,10.60000000,3.25000000
"EPIC 212499991","EPIC 212499991 b",283.29000000,202.4887520,-12.7347749,0.912000,0.757541,4982.79,,34.88500000000,,,,3.19000000,1.60000000
"Kepler-759","Kepler-759 b",1073.48000000,290.1314231,41.3814345,1.040000,1.040000,5860.00,0.2329000000,41.80598500000,0.000000,89.97000,,5.77000000,2.27000000
"Kepler-563","Kepler-563 b",565.20700000,292.4461832,46.2897548,0.800000,0.770000,5066.00,0.1418000000,22.18432708000,0.000000,89.97000,,9.75000000,3.09000000
"Kepler-296","Kepler-296 f",167.00000000,286.5400278,49.4372614,0.498000,0.480000,3740.00,0.2550000000,63.33627000000,0.330000,89.95000,,3.89000000,1.80000000
"Kepler-534","Kepler-534 b",570.65900000,296.4185696,49.5401480,1.050000,0.980000,5884.00,0.1272000000,15.95994513000,0.000000,88.78000,,5.65000000,2.24000000
"TOI-512","TOI-512 b",67.39750000,96.6467023,-38.6072095,0.740000,0.890000,5277.00,,7.18886000000,0.020000,88.92000,-54.0000,3.57000000,1.54000000
"HD 75784","HD 75784 b",85.43210000,133.0992289,13.2330548,1.260000,3.400000,4867.00,1.0320000000,341.20000000000,0.097000,,350.0000,317.83000000,13.80000000
"Kepler-172","Kepler-172 c",828.59200000,283.3684093,41.8218390,1.081000,1.085000,5526.00,0.0680000000,6.38899600000,0.000000,83.26000,,8.55000000,2.86000000
"Kepler-1340","Kepler-1340 b",981.77900000,296.2328099,42.4727965,1.270000,1.420000,6331.00,0.0152300000,0.66502691600,0.000000,80.48000,,3.02000000,1.55000000
"Kepler-1115","Kepler-1115 b",983.24500000,294.9917723,40.1443964,1.600000,1.730000,8480.00,0.2134000000,23.55407250000,0.000000,88.34000,,3.53000000,1.70000000
"KIC 5437945","KIC 5437945 b",1274.01000000,288.4749028,40.6512848,1.070000,1.240000,6340.00,1.1967100000,440.78130000000,0.000000,89.90400,,33.60000000,6.40000000
"Kepler-1859","Kepler-1859 c",1331.25000000,293.9886751,46.7179996,1.090000,1.235000,5887.00,0.0473000000,3.59645081000,0.000000,83.31000,,3.39000000,1.66000000
"Kepler-1201","Kepler-1201 b",944.24100000,294.6147908,40.8331158,1.150000,1.240000,6177.00,0.1183000000,15.18725932000,0.000000,86.77000,,5.86000000,2.29000000
"Kepler-232","Kepler-232 c",1349.13000000,295.8161668,51.1217249,0.970000,0.968000,5847.00,0.1010000000,11.37934900000,0.000000,86.80000,,14.00000000,3.83000000
"tau Cet","tau Cet g",3.60304000,26.0093029,-15.9337987,0.783000,0.830000,5310.00,0.1330000000,20.00000000000,0.060000,,395.3410,1.75000000,1.18000000
"Kepler-151","Kepler-151 b",649.91900000,292.1627933,41.0231947,0.870000,0.830000,5460.00,0.1160000000,15.22895800000,0.000000,88.54000,,9.59000000,3.06000000
"TOI-201","TOI-201 b",113.82500000,87.4017825,-54.9104230,1.320000,1.310000,6423.00,0.3030000000,52.97860000000,0.275000,91.18000,83.0000,164.00000000,11.40000000
"Kepler-207","Kepler-207 d",875.51900000,290.0305195,42.1660555,1.313000,1.588000,5920.00,0.0680000000,5.86807500000,0.000000,83.38000,,11.00000000,3.31000000
"GJ 887","GJ 887 e",3.28679000,346.5027573,-35.8473489,0.495000,0.468000,3688.00,0.0417000000,4.42490000000,,,,1.46000000,1.12000000
"WASP-108","WASP-108 b",258.77700000,195.8281644,-49.6397727,1.167000,1.344150,6783.00,,2.67555212374,0.000000,89.20000,,283.50293904,15.13212395
"Kepler-1521","Kepler-1521 b",206.98300000,292.6903779,37.8350549,0.810000,0.760000,5042.00,0.2347600000,47.14840805000,0.000000,89.58000,,6.80000000,2.50000000
"Kepler-238","Kepler-238 c",1798.75000000,287.8971066,40.6378141,1.229000,1.430000,5751.00,0.0690000000,6.15555700000,0.000000,88.56000,,152.52200000,2.39000000
"GJ 676 A","GJ 676 A d",16.02720000,262.5448903,-51.6377777,0.626000,0.690000,3734.00,0.0390000000,3.60076000000,0.192000,,304.6980,3.81394088,1.78000000
"Kepler-620","Kepler-620 b",1355.28000000,291.1593939,51.3348228,1.150000,1.220000,6155.00,0.1053000000,12.91375431000,0.000000,85.45000,,11.00000000,3.32000000
"TOI-2989","TOI-2989 b",195.79500000,171.2316754,-27.0623619,0.770000,0.760000,4672.00,0.0384000000,3.12283200000,0.000000,88.10000,,953.48522100,12.55405838
"Kepler-349","Kepler-349 c",940.72400000,293.6764689,44.6155972,1.083000,0.927000,5956.00,0.1050000000,12.24762900000,0.000000,89.77000,,4.50000000,1.96000000
"Kepler-1231","Kepler-1231 b",987.23700000,288.5882888,42.6056644,1.010000,1.000000,5778.00,0.0914000000,10.41725184000,0.000000,89.65000,,2.60000000,1.42000000
"Kepler-274","Kepler-274 b",1333.62000000,292.9227926,38.4772173,0.883000,1.007000,6023.00,0.1010000000,11.63478800000,0.000000,89.82000,,2.99000000,1.54000000
"Kepler-832","Kepler-832 b",1688.12000000,295.9261101,45.3838690,0.920000,0.900000,5596.00,0.0750000000,7.13969410000,0.000000,89.89000,,4.90000000,2.06000000
"Kepler-1889","Kepler-1889 b",1395.13000000,297.1992577,41.2264404,0.864000,0.817000,5646.00,0.2082000000,37.30369949000,0.000000,87.03000,,8.98000000,2.94360686
"Kepler-988","Kepler-988 b",304.88900000,290.7082585,42.2372245,0.550000,0.530000,4005.00,0.1085000000,17.76080053000,0.000000,89.46000,,4.94000000,2.07000000
"TOI-880","TOI-880 c",60.66790000,94.1644734,-13.9873370,0.870000,0.830000,5050.00,0.0635000000,6.38727030000,,88.20000,,21.70000000,4.95000000
"HD 12235","HD 12235 b",31.76270000,30.0391601,3.0959098,1.100000,1.801850,5986.00,0.0540000000,4.36305000000,0.376000,,279.4920,10.48833743,3.23000000
"Kepler-444","Kepler-444 f",36.43960000,289.7528323,41.6318840,0.758000,0.752000,5046.00,0.0811000000,9.74048600000,0.290000,87.96000,,0.33200000,0.74100000
"GJ 887","GJ 887 c",3.28679000,346.5027573,-35.8473489,0.495000,0.468000,3688.00,0.1210000000,21.78400000000,0.170000,,200.0000,6.50000000,2.43000000
"Kepler-524","Kepler-524 b",1058.24000000,296.8591787,49.1620125,1.090000,1.100000,6014.00,0.0795500000,7.97419807000,0.000000,89.36000,,4.31000000,1.91000000
"Kepler-1075","Kepler-1075 b",291.27500000,287.5011404,47.4691157,0.560000,0.540000,3959.00,0.0208000000,1.52372816000,0.000000,73.31000,,2.60000000,1.42000000
"Kepler-368","Kepler-368 b",770.97800000,291.8800180,45.3878419,1.165000,2.019000,5502.00,0.1860000000,26.84768000000,0.000000,88.58000,,10.70000000,3.26000000
"Kepler-115","Kepler-115 b",623.60900000,297.7119299,45.2619850,1.042000,1.205000,5979.00,0.0360000000,2.40367900000,0.000000,80.55000,,1.32000000,1.09000000
"Kepler-1735","Kepler-1735 b",245.30300000,281.0503476,47.1882005,0.535000,0.509000,3975.00,0.0621000000,7.71792984000,0.000000,89.80000,,1.84000000,1.19429134
"TOI-1898","TOI-1898 b",79.66820000,144.5553000,23.5467464,1.248400,1.613100,6241.00,0.2690000000,45.52234000000,0.485000,87.53100,70.9900,129.00000000,9.39553231
"Kepler-1130","Kepler-1130 c",249.34300000,285.2074210,45.3843330,0.944000,0.842000,5450.00,0.0423800000,3.26663994800,0.000000,86.30000,,0.42200000,0.79239584
"HD 20782","HD 20782 b",35.98640000,50.0166232,-28.8543535,1.040000,1.126810,5782.13,1.3649000000,597.06430000000,0.950000,,143.5800,472.83000000,13.60000000
"Kepler-1376","Kepler-1376 b",868.05600000,286.9584368,42.5414090,0.980000,0.970000,5659.00,0.0598000000,5.30880656000,0.000000,89.26000,,1.16000000,1.05000000
"Kepler-1190","Kepler-1190 b",342.50900000,284.9996582,49.4799506,0.760000,0.720000,4730.00,0.0845000000,10.45843441000,0.000000,89.98000,,2.33000000,1.33000000
"Kepler-450","Kepler-450 b",455.98200000,295.4865821,51.0135237,1.190000,1.641620,6197.21,0.2009200000,28.45485100000,0.020000,88.82000,,19.40000000,6.14000000
"Kepler-758","Kepler-758 d",1502.32000000,293.0846115,41.1354049,1.160000,1.420000,6228.00,0.1527000000,20.49661970000,0.000000,80.73000,,5.14000000,2.12000000
"HAT-P-47","HAT-P-47 b",282.09600000,38.3080745,30.3604530,1.387000,1.515000,6703.00,,4.73217441000,,84.56000,,65.47265184,14.71739166
"HD 135625","HD 135625 b",56.51800000,229.4511514,-45.9225871,1.280000,1.357430,6040.64,5.4000000000,4055.00000000000,0.160000,93.00000,89.0000,731.00533610,13.30000000
"TOI-2211","TOI-2211.01",70.29320000,308.5390859,-29.6726127,0.900000,0.834000,5253.00,0.0401100000,3.09268675700,,87.16900,,3.06000000,1.56100000
"Kepler-124","Kepler-124 b",420.04600000,286.7527322,49.0648788,0.706000,0.636000,4984.00,0.0390000000,3.41049300000,0.000000,70.06000,,0.31500000,0.73000000
"Kepler-1259","Kepler-1259 b",805.56200000,297.8414628,46.9676288,0.800000,0.770000,5053.00,0.0141000000,0.66308525800,0.000000,71.76000,,2.63000000,1.43000000
"TOI-1859","TOI-1859 b",224.38500000,279.8317644,69.5228726,1.287000,1.360000,6341.00,0.3370000000,63.48347000000,0.570000,88.64000,79.9000,68.60000000,9.75181321
"TOI-1836","TOI-1836 b",191.64900000,245.9079242,54.6900774,1.307000,1.577000,6380.00,0.1597000000,20.38079900000,0.000000,88.74000,90.0000,38.45723725,8.00321222
"Kepler-616","Kepler-616 b",945.77500000,294.9891370,46.8383058,0.980000,0.970000,5753.00,0.0927000000,9.99761851000,0.000000,86.18000,,6.48000000,2.43000000
"HD 141399","HD 141399 e",37.01690000,236.7235392,46.9862880,1.070000,1.387236,5600.00,5.0000000000,5000.00000000000,0.260000,,-10.0000,209.76780000,14.10000000
"Kepler-1008","Kepler-1008 b",282.56500000,296.5476395,44.9418307,0.810000,0.780000,5066.00,0.0975500000,12.43931193000,0.000000,88.35000,,2.18000000,1.28000000
"TOI-2133","TOI-2133 b",75.19730000,261.2438308,32.7983974,0.644000,0.620000,4250.00,0.0410000000,3.82664720000,,89.50000,,6.21000000,2.37000000
"Kepler-1979","Kepler-1979 b",1076.27000000,289.8429062,38.3096220,1.028000,0.938000,5942.00,0.1383000000,18.50845260000,0.000000,77.63000,,,29.33000000
"TOI-2406","TOI-2406 b",55.41900000,8.8060544,-3.3720833,0.166000,0.204000,3100.00,0.0226700000,3.07668910000,0.170000,89.80000,279.0000,15.60000000,2.86000000
"WASP-157","WASP-157 b",334.03700000,201.6551525,-8.3176353,1.060000,1.100000,5772.00,0.0499000000,3.95162300000,0.000000,85.09039,,182.43442000,11.19000000
"Kepler-1183","Kepler-1183 b",1919.19000000,292.2324228,38.8921946,1.000000,0.990000,5765.00,0.1793000000,28.50571890000,0.000000,88.47000,,8.35000000,2.82000000
"Kepler-331","Kepler-331 d",580.11900000,291.8343455,39.3073462,0.653000,0.492000,4347.00,0.1590000000,32.13432800000,0.000000,89.84000,,3.33000000,1.64000000
"TOI-5322","TOI-5322 b",476.89900000,6.5293373,14.3364283,0.998000,1.462000,5692.00,0.0604000000,5.42332070000,0.055000,89.19000,,184.02264765,16.61170940
"HD 457","HD 457 b",55.03750000,2.2492922,-39.7372401,1.150000,1.281940,6114.04,15.3690000000,20324.58153000000,0.565000,62.58500,240.3180,8445.33643080,11.90000000
"HD 112640","HD 112640 b",323.33500000,194.2415171,67.2429122,1.800000,39.000000,4155.00,1.7000000000,613.20000000000,0.240000,,114.4000,1589.15000000,12.90000000
"Kepler-1647","Kepler-1647 b",1212.45000000,298.1500570,40.6561751,1.220700,1.790300,6210.00,2.7205000000,1107.59230000000,0.058100,90.09720,155.0464,483.00000000,11.87390000
"Kepler-1197","Kepler-1197 b",486.94000000,291.6693437,42.5907441,0.780000,0.720000,4708.00,0.0286900000,2.03231845000,0.000000,89.96000,,2.10000000,1.25000000
"HD 153557","HD 153557 b",17.94120000,254.4706516,47.3678558,0.790000,0.745171,4837.00,0.0680000000,7.29903000000,0.065000,,141.9830,20.34101805,4.77000000
"Kepler-1939","Kepler-1939 b",189.83300000,285.6899312,40.9946659,0.648000,0.603000,4353.00,0.0334000000,2.79065990400,0.000000,87.73000,,1.68000000,1.16480773
"TIC 117642575","TIC 117642575 b",188.75800000,9.4800698,-37.0662905,1.060000,1.081020,5719.98,,4.94459060181,,86.90564,,8.38000000,2.82716337
"Kepler-621","Kepler-621 b",389.00000000,290.9272450,39.9141166,0.720000,0.680000,4521.00,0.0310000000,2.62811374600,0.000000,86.15000,,5.90000000,2.30000000
"Kepler-1113","Kepler-1113 b",1073.88000000,289.4066969,39.3388130,1.120000,1.170000,5931.00,0.2415000000,42.30049540000,0.000000,89.79000,,8.30000000,2.81000000
"Kepler-142","Kepler-142 b",548.68600000,295.1190067,48.4813635,0.978000,1.269000,5790.00,0.0320000000,2.02415200000,0.000000,84.56000,,4.62000000,1.99000000
"Kepler-662","Kepler-662 b",815.63700000,290.4650801,47.9291252,0.790000,0.740000,4897.00,0.1408000000,21.67697486000,0.000000,87.91000,,5.39000000,2.18000000
"Kepler-1336","Kepler-1336 c",1126.64000000,296.2776587,46.8998006,0.940000,1.300000,5512.00,0.0627200000,5.77721211000,0.000000,87.00000,,3.57000000,1.71000000
"TOI-216","TOI-216.02",177.94500000,73.9800129,-63.2603301,0.770000,0.748000,5026.00,0.1293000000,17.16073000000,0.160000,88.60000,291.8000,18.75187601,8.00000000
"Kepler-236","Kepler-236 c",288.76300000,283.8664285,39.8981928,0.596005,0.510000,3750.00,0.1320000000,23.96812700000,0.000000,89.47000,,4.66000000,2.00000000
"HD 196067","HD 196067 b",39.93460000,310.4364195,-75.3514992,1.160000,1.710000,6072.00,4.7100000000,3413.70000000000,0.562920,29.70000,142.8350,3623.24383980,12.40000000
"Kepler-1210","Kepler-1210 b",1176.53000000,292.8321598,48.2193376,0.940000,0.920000,5568.00,0.0753000000,8.07124073000,0.000000,89.39000,,3.53000000,1.70000000
"Kepler-91","Kepler-91 b",1294.69000000,285.6729033,44.1167513,1.310000,6.300000,4550.00,0.0731000000,6.24658000000,0.051900,69.68000,-57.2000,257.44230000,15.32270300
"K2-290","K2-290 b",272.90900000,234.8578846,-20.1988975,1.194000,1.511000,6302.00,0.0923000000,9.21165000000,0.000000,88.14000,90.0000,10.90000000,3.06000000
"Kepler-1766","Kepler-1766 b",501.22900000,294.2772343,46.6752351,0.915000,1.042000,5868.00,0.4161000000,105.01499940000,0.000000,88.60000,,5.81000000,2.27904508
"HD 176986","HD 176986 c",27.78430000,285.7739138,-11.0449410,0.789000,0.782000,4931.00,0.1187300000,16.81240000000,0.111000,0.24190,270.0000,2097.98531461,
"K2-170","K2-170 c",392.87200000,335.4506923,-14.5933554,0.963657,0.981614,5748.00,,12.40004700000,,88.66760,,3.90000000,1.80176470
"HD 72490","HD 72490 b",126.33900000,128.4028287,13.5507189,1.210000,4.960000,4934.00,1.8800000000,858.00000000000,0.124000,,145.0000,561.92344000,13.50000000
"HD 12661","HD 12661 c",37.84780000,31.1423525,25.4135632,1.020000,1.110000,5748.00,2.8145000000,1708.00000000000,0.031000,136.00000,60.0000,899.45439181,13.20000000
"Kepler-1061","Kepler-1061 b",543.37500000,296.2300306,50.2752091,1.090000,1.070000,6067.00,0.0388000000,2.75798266600,0.000000,80.18000,,4.58000000,1.98000000
"Kepler-1904","Kepler-1904 b",270.85400000,288.8744026,51.1542215,0.526000,0.497000,3805.00,0.0436000000,4.57702016800,0.000000,89.48000,,2.51000000,1.39049940
"Kepler-473","Kepler-473 b",905.93700000,286.6300796,38.9455907,1.060000,1.340000,5816.00,0.1204800000,14.55731705000,0.000000,89.86000,,15.60000000,4.08000000
"HD 14787","HD 14787 b",119.13700000,35.8085099,10.8367972,1.430000,5.010000,4946.00,1.7000000000,676.60000000000,0.155000,,343.0000,356.28743000,13.70000000
"WASP-106","WASP-106 b",352.18100000,166.4296276,-5.0794854,1.175000,1.470000,6002.00,0.0901000000,9.28969000000,0.023000,88.30000,128.0000,613.40882551,12.10569916
"TOI-6158","TOI-6158 b",180.96000000,333.8944061,16.2853919,0.503000,0.476000,3467.00,0.0327500000,3.04468990000,0.059000,86.51000,88.0000,135.00000000,10.40000000
"Kepler-1840","Kepler-1840 b",513.10700000,298.5948803,41.4359643,0.774000,0.803000,4898.00,0.4620600000,131.19000240000,0.000000,89.97000,,8.13000000,2.77771129
"kap And","kap And b",50.01770000,355.1025974,44.3338511,2.768000,2.109000,11327.00,55.0000000000,,,,,5498.43144110,15.91675259
"Kepler-1751","Kepler-1751 b",1291.47000000,284.8465476,49.6923412,0.974000,0.967000,6052.00,0.0712000000,7.01731014300,0.000000,87.34000,,3.98000000,1.82417378
"Kepler-1067","Kepler-1067 b",667.69300000,285.3873706,45.0490265,0.950000,0.930000,5592.00,0.0164000000,0.76212926100,0.000000,84.88000,,0.43700000,0.80000000
"TOI-2578","TOI-2578 b",285.53000000,68.0521023,52.2526547,1.270000,1.640000,6333.00,0.0495000000,3.45796670000,0.098000,81.32000,83.0000,167.17774208,19.66055215
"Kepler-624","Kepler-624 b",748.18800000,295.1933631,39.5396946,1.100000,1.180000,6117.00,0.1163800000,14.58649607000,0.000000,88.22000,,5.95000000,2.31000000
"TOI-5349","TOI-5349 b",188.33600000,52.7125703,20.8796279,0.610000,0.580000,3751.00,0.0369000000,3.31792100000,0.030000,87.90000,-50.0000,127.40000000,10.20000000
"TOI-1294","TOI-1294 c",332.64800000,223.0926408,70.4765573,1.157800,1.556600,5718.00,0.6100000000,159.90000000000,0.000000,,90.0000,147.00000000,14.30000000
"Kepler-1039","Kepler-1039 b",306.91000000,298.3266169,45.3154212,0.790000,0.740000,4870.00,0.0171400000,0.93488424200,0.000000,78.54000,,2.73000000,1.46000000
"HAT-P-60","HAT-P-60 b",233.22000000,28.2825719,52.0539209,1.435000,2.197000,6212.00,0.0627700000,4.79478130000,0.250000,83.75000,,182.43350562,18.28184752
"HD 88986","HD 88986 b",33.26730000,154.1166869,28.6820708,1.250000,1.543000,5861.00,0.5800000000,146.05000000000,0.240000,89.90000,306.0000,17.20000000,2.49000000
"HD 215152","HD 215152 e",21.59740000,340.8380941,-6.4020685,0.770000,0.730000,4935.00,0.1541700000,25.19670000000,0.000000,0.18690,,975.41538108,
"Kepler-704","Kepler-704 b",1228.83000000,283.3163671,41.8370942,0.970000,0.960000,5616.00,0.0470000000,3.76182115000,0.000000,75.62000,,7.32000000,2.61000000
"K2-385","K2-385 b",420.81900000,12.6140752,5.8712567,0.927000,0.761000,4844.00,,2.38086700000,,,,2.98000000,1.53900000
"Kepler-1432","Kepler-1432 b",2171.87000000,295.5241011,49.8295211,1.090000,1.130000,6031.00,0.1696000000,23.91090110000,0.000000,89.33000,,5.56000000,2.22000000
"Kepler-135","Kepler-135 c",621.85500000,290.4950939,38.7954956,1.047000,1.275000,6090.00,0.1030000000,11.44870800000,0.000000,85.42000,,1.65000000,1.16000000
"Kepler-950","Kepler-950 b",2161.60000000,287.9565768,41.1302834,1.020000,1.020000,5857.00,0.3982000000,98.71804060000,0.000000,89.68000,,59.60000000,8.98000000
"HD 73526","HD 73526 b",97.23960000,129.3183310,-41.3184231,1.140000,1.530000,5601.00,0.6500000000,188.30000000000,0.190000,,196.0000,978.91640000,13.10000000
"HD 207897","HD 207897 b",28.29380000,325.2016451,84.3337613,0.820800,0.782700,5106.00,0.1170000000,16.20166000000,0.000000,88.75700,90.0000,14.80000000,2.34302132
"Kepler-1459","Kepler-1459 b",455.47900000,282.4229401,46.0139761,0.780000,0.740000,4828.00,0.2829000000,62.86916110000,0.000000,87.89000,,2.42000000,1.36000000
"Kepler-1358","Kepler-1358 b",546.99800000,286.1705469,43.0089000,0.820000,0.790000,5181.00,0.0656000000,7.06317341000,0.000000,88.31000,,1.46000000,1.12000000
"HD 360","HD 360 b",111.54200000,2.0729030,-8.8242618,1.690000,10.860000,4770.00,0.9800000000,273.10000000000,0.139000,,133.0000,238.37130525,14.00000000
"TOI-4030","TOI-4030 b",571.61500000,277.6228367,56.7704522,0.980000,0.991737,5640.37,,2.50900199461,,86.89273,,28.80000000,5.84625590
"Kepler-741","Kepler-741 b",1661.87000000,289.4317294,46.6174978,1.160000,1.240000,6129.00,0.0744000000,7.03902374000,0.000000,89.94000,,9.11000000,2.97000000
"Kepler-1299","Kepler-1299 b",1404.94000000,286.1501263,37.4113438,0.940000,0.910000,5609.00,0.1357000000,19.94008740000,0.000000,87.53000,,9.17000000,2.98000000
"Kepler-1806","Kepler-1806 b",978.06600000,287.5349528,49.8016283,0.884000,0.788000,5311.00,0.0813000000,9.03332042700,0.000000,88.82000,,6.15000000,2.35560189
"TOI-375","TOI-375 c",396.21300000,47.1499034,-77.3833275,1.441000,2.900000,5259.90,0.5240000000,115.50000000000,,,,669.34662514,13.40000000
"Kepler-1048","Kepler-1048 b",556.00600000,281.8983042,42.1657112,0.750000,0.700000,4651.00,0.0590000000,6.92101021000,0.000000,84.60000,,3.22000000,1.61000000
"Kepler-749","Kepler-749 b",721.02700000,299.8973341,43.9040667,0.790000,0.750000,5009.00,0.1054000000,17.31716585000,0.000000,88.80000,,9.80000000,3.10000000
"HD 102329","HD 102329 b",217.10700000,176.6941567,3.4742143,3.210000,9.820000,4745.00,1.8100000000,778.09998000000,0.210000,,182.0000,2593.49280000,12.60000000
"TOI-1194","TOI-1194 b",149.66700000,167.8214811,69.9647749,0.983500,0.960800,5394.00,0.0340000000,2.31064460000,0.000000,83.98000,90.0000,120.00000000,8.71664516
"Barnard's star","Barnard d",1.82655000,269.4486144,4.7379808,0.162000,0.185000,3195.00,0.0188000000,2.34020000000,0.040000,,-51.8000,0.26300000,0.69400000
"Kepler-1951","Kepler-1951 b",1277.32000000,290.4999139,40.2877161,0.923000,1.306000,5468.00,0.1435000000,20.65780067000,0.000000,89.39000,,6.00000000,2.32107188
"HIP 114933","HIP 114933 b",101.76600000,349.2071949,-21.2033101,1.390000,5.270000,4823.00,2.8400000000,1481.60000000000,0.210000,,134.2000,616.58710958,13.40000000
"Kepler-1305","Kepler-1305 b",1575.23000000,297.3394624,46.3472165,0.970000,0.960000,5701.00,0.1109000000,13.56309720000,0.000000,87.13000,,4.19000000,1.88000000
"Kepler-598","Kepler-598 b",681.08600000,293.1234493,40.9348005,0.870000,0.860000,5307.00,0.0448700000,3.70175428000,0.000000,84.83000,,2.86000000,1.50000000
"HD 185283","HD 185283 b",31.39500000,295.3233609,-56.3221096,0.800000,0.743303,4848.00,4.6000000000,4060.00000000000,0.070000,91.00000,281.0000,413.17692910,13.60000000
"Kepler-1920","Kepler-1920 b",885.91300000,291.0620355,38.8632881,1.239000,1.161000,6277.00,0.2043000000,30.25410080000,0.000000,89.94000,,9.03000000,2.95415848
"HD 65216","HD 65216 b",35.12050000,118.4209646,-63.6466892,0.874000,0.880000,5612.00,1.3010000000,577.60000000000,0.270000,,212.0000,411.58985000,13.60000000
"Kepler-954","Kepler-954 b",215.81400000,295.8594318,47.9396001,0.820000,0.760000,4990.00,0.1202000000,16.78176602000,0.000000,89.07000,,5.99000000,2.32000000
"EPIC 206042996","EPIC 206042996 c",451.76900000,337.5136198,-13.6101475,0.565000,0.500000,4114.00,,0.35488400000,,89.90000,,1.87000000,1.20000000
"HATS-38","HATS-38 b",343.52500000,154.2710615,-25.2762982,0.890000,1.105000,5732.00,0.0503600000,4.37502100000,0.000000,87.21000,,23.51942000,6.88232600
"Kepler-1388","Kepler-1388 c",453.79500000,283.3360156,47.1744499,0.630000,0.610000,4098.00,0.0519000000,5.53608151000,0.000000,86.33000,,5.73000000,2.26000000
"TIC 178172313","TIC 178172313 b",178.13700000,43.4062672,-32.0770480,0.910000,0.843450,5405.59,,4.37318161360,,86.82269,,8.27000000,2.80405322
"Gliese 12","Gliese 12 b",12.21000000,3.9579137,13.5576175,0.255000,0.265000,3328.00,0.0670000000,12.76141800000,0.240000,89.25000,-16.0000,0.95000000,0.93000000
"Kepler-266","Kepler-266 c",1370.79000000,294.4843821,44.1669355,0.947000,1.028000,5885.00,0.4570000000,107.72360100000,0.000000,90.00000,,14.40000000,3.89000000
"NGTS-30","NGTS-30 b",238.37700000,173.7148670,-24.6054801,0.940000,0.913000,5455.00,0.4080000000,98.29838000000,0.294000,89.48300,3.4000,305.11527072,10.40193409
"Kepler-1388","Kepler-1388 e",453.79500000,283.3360156,47.1744499,0.630000,0.610000,4098.00,0.1861000000,37.63270840000,0.000000,89.69000,,6.62000000,2.46000000
"Kepler-1311","Kepler-1311 b",866.33100000,289.6512597,43.8244445,1.050000,1.400000,5748.00,0.1008200000,11.17269940000,0.000000,87.64000,,2.07000000,1.24000000
"Kepler-1991","Kepler-1991 c",855.82000000,285.0360506,45.0709909,0.914000,1.053000,5478.00,0.1528000000,22.79020351000,0.000000,89.94000,,7.13000000,2.57000000
"Kepler-126","Kepler-126 d",237.40100000,289.3473634,44.2084445,1.108000,1.358000,6239.00,0.4480000000,100.28313400000,0.020000,89.50000,,54.59018723,2.50000000
"TOI-4029","TOI-4029 b",274.43600000,239.2337189,16.9802854,1.018000,1.178340,5662.53,,5.88498234631,,87.20391,,36.60000000,6.73756618
"Kepler-2001","Kepler-2001 b",776.55000000,291.6594558,50.5838585,0.864000,0.770000,5081.00,0.0197000000,1.09001100300,0.000000,83.71000,,1.12000000,1.04000000
"Kepler-1247","Kepler-1247 b",1045.92000000,294.5335974,46.6182365,0.860000,0.820000,5303.00,0.1091000000,13.71220213000,0.000000,88.82000,,6.04000000,2.33000000
"Kepler-68","Kepler-68 e",144.16600000,291.0323102,49.0402129,1.057000,1.256400,5847.00,4.6000000000,3455.00000000000,0.330000,,196.0000,86.44932670,11.20000000
"Kepler-1406","Kepler-1406 b",572.40300000,292.0818824,38.9149472,1.050000,1.120000,5892.00,0.0987000000,11.62905828000,0.000000,85.67000,,1.37000000,1.10000000
"Kepler-1682","Kepler-1682 b",1159.85000000,293.9835827,39.5728474,0.990000,0.842301,5619.12,0.1134000000,14.83340000000,0.000000,89.16000,,8.70000000,2.88940836
"Kepler-174","Kepler-174 d",384.75700000,287.4389454,43.8320052,0.602000,0.622000,4880.00,0.6770000000,247.35373000000,0.000000,89.99000,,5.43000000,2.19000000
"Kepler-326","Kepler-326 b",487.67500000,294.3255898,46.0022646,0.910000,0.801000,5105.00,0.0320000000,2.24832900000,0.000000,89.97000,,44.60000000,1.52000000
"GJ 3998","GJ 3998 d",18.14590000,259.0020507,11.0561751,0.520000,0.500000,3726.00,0.1890000000,41.78000000000,0.000000,,,6.07000000,2.34000000
"HD 205158","HD 205158 b",86.61590000,323.9186227,-59.6933144,1.160000,1.877410,6133.55,0.1770000000,25.33798000000,0.145000,,27.3090,124.58873554,13.90000000
"HD 219134","HD 219134 h",6.53127000,348.3372026,57.1696255,0.794000,0.770000,4913.00,3.1100000000,2247.00000000000,0.060000,,215.0000,108.06220000,12.70000000
"K2-183","K2-183 c",329.04100000,125.0071770,14.0194586,0.942219,0.870000,5482.00,0.0932000000,10.78799200000,,90.50000,,5.90000000,2.30000000
"NGTS-21","NGTS-21 b",592.89100000,311.2583112,-35.4278412,0.720000,0.860000,4660.00,0.0236000000,1.54338970000,0.000000,83.85000,90.0000,750.07504052,14.90794433
"Kepler-1519","Kepler-1519 b",1441.63000000,296.6679448,49.4617774,0.940000,0.910000,5644.00,0.7655000000,240.79893970000,0.000000,89.60000,,39.60000000,7.06000000
"TCP J05074264+2447555","TCP J05074264+2447555 b",505.00000000,76.9280000,24.7989611,0.586000,1.424870,5805.00,0.9400000000,,,,,20.00000000,4.72000000
"TOI-2459","TOI-2459 b",36.61130000,82.1433321,-39.3730456,0.660000,0.675100,4195.00,,19.10471800000,,89.59000,,9.03000000,2.95310000
"Kepler-784","Kepler-784 b",1303.72000000,295.9206663,47.4486164,1.000000,1.320000,5674.00,0.2211100000,31.59226460000,0.000000,89.06000,,3.12000000,1.58000000
"TOI-2641","TOI-2641 b",344.04500000,171.1303716,-42.7321394,1.160000,1.336000,6100.00,0.0607000000,4.88097400000,0.180000,83.75000,,122.68176510,18.10250383
"Kepler-255","Kepler-255 c",1052.53000000,296.0642702,45.9767647,0.867000,0.933000,5573.00,0.0920000000,9.94604700000,0.000000,89.91000,,9.22000000,2.99000000
"HD 51608","HD 51608 c",35.05530000,103.7137102,-55.2600189,0.800000,0.916136,5358.00,0.3809000000,95.94460000000,0.140000,,-165.0700,14.31000000,3.87000000
"TIC 434398831","TIC 434398831 c",217.01100000,93.9592639,16.0238459,0.992000,0.909000,5638.00,0.0657200000,6.21029100000,0.013000,87.79000,-59.0000,27.00000000,5.63000000
"TOI-3082","TOI-3082 b",113.04800000,195.9080719,-19.2189845,0.664000,0.684700,4263.00,,1.92690700000,,87.63000,,13.00000000,3.66210000
"Kepler-1037","Kepler-1037 b",446.91400000,296.3410342,47.1709335,0.820000,0.780000,5105.00,0.0198000000,1.06378867300,0.000000,86.11000,,2.18000000,1.28000000
"TOI-2141","TOI-2141 d",77.68200000,258.7623456,18.3403449,0.896000,0.950000,5635.00,0.2906000000,60.45000000000,,,,14.90000000,3.97000000
"HD 88133","HD 88133 b",73.61230000,152.5319349,18.1857284,1.260000,2.200000,5392.00,0.0479000000,3.41488400000,0.031000,15.00000,43.0000,324.18660000,13.80000000
"TOI-1448","TOI-1448 b",73.33450000,316.3240030,57.7710946,0.372000,0.380000,3412.00,0.0567000000,8.11224500000,0.360000,89.62000,,19.50000000,2.74900000
"TIC 294329732","TIC 294329732 b",189.33300000,109.1177907,-58.2371507,0.890000,0.920172,5201.93,,9.75658761810,,88.31142,,4.97000000,2.07692266
"WISPIT 2","WISPIT 2 c",134.90700000,290.8209991,-7.6820823,1.080000,1.300000,4530.00,14.0000000000,,,,,3178.28407000,17.93436912
"K2-272","K2-272 b",423.06500000,132.6211743,17.5423852,0.860000,0.830000,5397.00,0.1007000000,14.45367560000,,,,9.96000000,3.13000000
"TOI-3474","TOI-3474 b",420.12300000,233.5033482,-47.9636597,1.121000,1.256000,6020.00,0.0502000000,3.87951050000,0.130000,89.33000,,193.87532827,14.67255574
"Kepler-825","Kepler-825 c",807.85000000,294.7698250,39.3984081,1.030000,1.080000,5976.00,0.0759000000,8.18182460000,0.000000,88.11000,,4.04000000,1.84000000
"Kepler-382","Kepler-382 b",935.44600000,299.1362435,45.8699582,1.002000,0.945000,5600.00,0.0550000000,5.26215500000,0.000000,85.48000,,2.30000000,1.32000000
"Kepler-266","Kepler-266 b",1370.79000000,294.4843821,44.1669355,0.947000,1.028000,5885.00,0.0710000000,6.61833000000,0.000000,89.82000,,6.71000000,2.48000000
"Kepler-1962","Kepler-1962 b",866.82600000,289.5483989,40.1641457,1.003000,1.006000,5700.00,0.0783000000,7.99145984600,0.000000,81.62000,,1.95000000,1.21463929
"TOI-1266","TOI-1266 d",36.01180000,197.9965833,65.8336973,0.437000,0.423200,3563.00,0.1513000000,32.50900000000,0.087000,,,3.68000000,1.74000000
"Kepler-691","Kepler-691 b",279.11500000,288.8117314,40.0332311,0.530000,0.500000,3715.00,0.0649000000,8.11437900000,0.000000,88.61000,,5.02000000,2.09000000
"HD 142415","HD 142415 b",35.53180000,239.4189890,-60.2006948,1.070000,1.040000,5940.00,1.0600000000,386.29999000000,0.500000,,255.0000,530.77610000,13.50000000
"WASP-167","WASP-167 b",423.55200000,196.0437932,-35.5495292,1.590000,1.790000,7000.00,0.0365000000,2.02195960000,,79.90000,,2542.64000000,17.71022000
"K2-412","K2-412 b",654.08500000,76.2621295,21.5801620,0.893000,0.977000,5590.00,0.0586000000,5.93820000000,,89.99800,,5.13000000,2.11600000
"Kepler-1441","Kepler-1441 b",1110.48000000,293.7191177,43.1245756,1.000000,1.000000,5802.00,0.2346000000,39.44198390000,0.000000,89.39000,,2.27000000,1.31000000
"CoRoT-28","CoRoT-28 b",766.18300000,278.6883216,5.5736911,1.010000,1.780000,5150.00,0.0603000000,5.20851000000,0.047000,88.10000,126.0000,153.82972000,10.70459500
"Kepler-37","Kepler-37 c",63.92070000,284.0592503,44.5183733,0.790000,0.789000,5357.00,0.1390000000,21.30184800000,0.099000,89.07000,,1.30000000,0.75500000
"Kepler-138","Kepler-138 c",66.86240000,290.3814122,43.2930645,0.535000,0.535000,3841.00,0.0913000000,13.78150000000,0.017000,89.02000,34.0000,2.30000000,1.51000000
"Kepler-46","Kepler-46 d",777.06000000,289.2687388,42.6041819,0.883000,0.790000,5309.00,0.0670000000,6.76658900000,0.000000,88.51000,,3.33000000,1.64000000
"Kepler-1755","Kepler-1755 b",982.38300000,296.8460920,40.1385777,1.003000,0.921000,6086.00,0.1668000000,24.81209946000,0.000000,89.96000,,29.40000000,5.91688317
"Teegarden's Star","Teegarden's Star c",3.83078000,43.2691449,16.8649024,0.097000,0.120000,3034.00,0.0455000000,11.41600000000,0.040000,,301.0000,1.05000000,1.02000000
"HD 219828","HD 219828 b",73.11400000,349.6947029,18.6457524,1.040000,1.560000,5891.00,0.0490000000,3.83483000000,0.091000,,242.7550,19.06970442,4.59000000
"Kepler-835","Kepler-835 b",2406.33000000,283.5742181,45.7348003,1.080000,1.110000,5954.00,0.1070000000,11.41909375000,0.000000,81.99000,,8.20000000,2.79000000
"Kepler-1666","Kepler-1666 c",1379.37000000,297.9516071,46.2647024,1.230000,1.145860,6293.00,0.2383000000,40.71570000000,0.000000,89.99000,,10.50000000,3.23564749
"Kepler-1143","Kepler-1143 b",555.18900000,287.3027720,39.2896399,0.810000,0.770000,5053.00,0.0371000000,2.88890484900,0.000000,85.23000,,3.43000000,1.67000000
"KOI-4777","KOI-4777.01",172.24500000,287.2621474,42.0322257,0.410000,0.400000,3515.00,0.0080000000,0.41200000000,0.000000,87.00000,90.0000,99.20000000,0.51000000
"Kepler-79","Kepler-79 d",1020.72000000,300.5171067,44.3815508,1.244000,1.316000,6389.00,0.2937000000,52.08970000000,0.051000,89.81000,71.0000,5.30000000,7.15000000
"Kepler-190","Kepler-190 b",433.38700000,288.5839761,44.7337701,0.834000,0.795000,5106.00,0.0300000000,2.01999900000,0.000000,86.20000,,3.05000000,1.56000000
"NGTS-17","NGTS-17 b",1040.28000000,72.9005729,-34.2262128,1.025000,1.337000,5650.00,0.0391000000,3.24253000000,0.000000,,,242.82090295,13.89913607
"Kepler-354","Kepler-354 c",554.06400000,285.7515347,41.3356739,0.652000,0.674000,4648.00,0.1150000000,16.93440200000,0.000000,89.21000,,2.27000000,1.31000000
"TIC 198190129","TIC 198190129 b",130.03500000,246.3322839,60.3771414,0.638000,0.640675,4377.53,,7.94804910667,,88.96790,,8.87000000,2.92284949
"Kepler-1933","Kepler-1933 b",328.00700000,283.9950850,39.9170121,0.964000,1.008000,5661.00,0.0560500000,4.94329023400,0.000000,79.91000,,1.76000000,1.17984089
"TOI-5811 B","TOI-5811 B b",170.13500000,310.9101344,19.7291680,1.080000,3.730000,4840.00,0.0731000000,6.25663000000,,76.72000,,257.44100967,21.96960217
"Kepler-1041","Kepler-1041 b",1485.82000000,293.8817361,49.6831419,1.060000,1.080000,5957.00,0.1688000000,24.75764210000,0.000000,86.17000,,8.96000000,2.94000000
"KIC 10525077","KIC 10525077 b",1461.15000000,287.3781164,47.7711541,1.010000,1.010000,6091.00,,854.08300000000,,89.86100,,25.90000000,5.50000000
"K2-70","K2-70 b",232.96400000,338.4759328,-10.0849917,0.940000,0.930000,5622.00,0.1112000000,13.97896000000,,89.14508,,8.70000000,2.89000000
"TOI-5704","TOI-5704 b",89.63700000,169.8248694,44.9890782,0.730000,0.757500,4590.00,,3.77111600000,,88.94000,,10.50000000,3.22740000
"HATS-4","HATS-4 b",416.45900000,94.1120914,-22.5468824,1.001000,0.925000,5403.00,0.0362000000,2.51672900000,0.013000,88.50000,275.0000,420.47100000,11.43300000
"Kepler-121","Kepler-121 b",510.52300000,286.1621273,39.6780204,0.859000,0.701000,5311.00,0.0390000000,3.17742200000,0.000000,85.79000,,6.08000000,2.34000000
"HD 163607","HD 163607 b",67.78550000,268.4181383,56.3924701,1.120000,1.760000,5522.00,0.3620000000,75.22030000000,0.744100,,79.6000,249.05158800,13.90000000
"TOI-1453","TOI-1453 b",78.74150000,258.2232705,57.1977779,0.715000,0.720000,4975.00,,4.31352250000,0.000000,87.65000,90.0000,2.32000000,1.17300000
"Kepler-395","Kepler-395 c",421.38200000,293.5111889,45.1366252,0.622827,0.556000,4262.00,0.1770000000,34.98926200000,0.000000,89.96000,,2.30000000,1.32000000
"TOI-7393","TOI-7393 b",189.03800000,227.3598373,55.9810558,0.600000,0.582000,3927.00,0.0366400000,3.33708000000,0.119800,86.43000,115.0000,194.78000000,11.30000000
"HIP 81991","HIP 81991 b",43.90160000,251.2490143,6.0870480,1.090000,2.821110,5100.00,6.4000000000,5860.00000000000,,,,3019.36986650,12.50000000
"Kepler-1965","Kepler-1965 b",521.79100000,292.5147146,38.0219872,0.928000,0.837000,5852.00,0.2297100000,41.86869812000,0.000000,87.73000,,2.40000000,1.35415138
"DMPP-8","DMPP-8 b",76.13350000,305.3083517,-81.6166664,0.990000,1.240000,6009.00,0.3098000000,62.91500000000,0.275000,,187.0000,81.09000000,10.80000000
"Kepler-501","Kepler-501 b",1125.24000000,297.2014919,41.7301534,1.030000,1.040000,5904.00,0.0627000000,5.64067757200,0.000000,89.88000,,17.10000000,4.30000000
"TOI-892","TOI-892 b",340.54300000,86.7382280,-11.2353401,1.280000,1.390000,6261.00,0.0920000000,10.62656000000,0.125000,88.20000,,301.93850000,11.99363000
"Kepler-1898","Kepler-1898 b",360.92100000,287.2058009,38.4981903,0.837000,1.125000,5702.00,0.0506300000,4.76562023200,0.000000,89.51000,,0.76000000,0.93353523
"Kepler-1274","Kepler-1274 b",614.64800000,284.5936858,46.4497364,1.450000,2.170000,6179.00,0.0816100000,6.98152703000,0.000000,83.27000,,2.60000000,1.42000000
"G 9-40","G 9-40 b",27.92760000,134.7188514,21.0747961,0.295200,0.302600,3395.00,0.0418000000,5.74599820000,0.000000,89.03000,90.0000,4.00000000,1.90000000
"K2-46","K2-46 b",449.23700000,174.2662454,-0.9072100,0.960000,1.290000,6256.00,0.1382100000,19.15410000000,,88.64866,,4.86000000,2.05000000
"K2-199","K2-199 c",107.51800000,208.9014508,-6.1360833,0.711000,0.682000,4491.00,0.0662000000,7.37448970000,0.030000,87.70000,170.0000,12.40000000,2.85000000
"TOI-2005","TOI-2005 b",328.47500000,164.0316540,-43.3766967,1.590000,2.020000,7130.00,0.1600000000,17.30590400000,0.597000,87.10000,,2034.10180480,11.99360935
"Kepler-1065","Kepler-1065 b",1122.48000000,294.5113190,38.7904648,0.940000,0.930000,5635.00,0.0455000000,3.60930890700,0.000000,88.42000,,13.40000000,3.73000000
"TOI-7394 B","TOI-7394 B b",189.98600000,236.0551933,58.5527617,0.624000,0.609000,3717.00,0.0191300000,1.25299500000,0.027100,83.93000,24.9000,668.74000000,11.50000000
"HD 112300","HD 112300 b",62.07324000,193.8988441,3.3972376,1.400000,65.800000,3657.00,1.3300000000,466.63000000000,0.360000,,333.2900,5031.22368281,12.20000000
"TOI-5614","TOI-5614 b",223.01600000,189.4323154,69.4584273,0.674000,0.734919,4553.00,,4.17221328949,,87.46899,,10.40000000,3.21759316
"Kepler-793","Kepler-793 b",985.69900000,295.2167334,38.7744269,0.980000,0.970000,5745.00,0.0491000000,4.24153639000,0.000000,88.62000,,2.45000000,1.37000000
"Kepler-307","Kepler-307 c",575.58100000,297.7950939,40.4176403,0.907000,0.814000,5367.00,0.1089600000,13.07290000000,0.000000,88.37000,,3.64000000,2.20000000
"Kepler-613","Kepler-613 b",861.49400000,282.7868415,46.2449846,0.980000,0.960000,5723.00,0.1232000000,15.77979614000,0.000000,89.95000,,5.86000000,2.29000000
"K2-138","K2-138 g",202.58500000,348.9490311,-10.8497391,0.935000,0.863000,5356.30,0.2310900000,41.96797000000,0.059000,89.40000,164.0000,4.32000000,3.01300000
"HD 128311","HD 128311 b",16.32920000,219.0032292,9.7454368,0.828000,0.760000,4965.00,1.0840000000,453.01900000000,0.303000,30.00000,57.8640,562.24127000,13.50000000
"Kepler-20","Kepler-20 b",282.56300000,287.6979913,42.3385782,0.929000,0.916400,5495.00,0.0456500000,3.69610490000,0.083000,87.36000,,9.70000000,1.77300000
"Kepler-1634","Kepler-1634 b",617.33900000,294.0433990,45.1398201,0.920000,0.890000,5474.00,1.0525000000,374.87623900000,0.000000,89.84000,,10.30000000,3.19000000
"MOA-2020-BLG-108L","MOA-2020-BLG-108L b",5130.00000000,269.7155833,-26.9165083,0.580000,,,3.6900000000,,,,,3391.22910269,12.40000000
"HD 715","HD 715 b",167.25300000,2.8927229,4.7672123,1.600000,2.500000,6070.00,0.3360000000,56.40000000000,0.210000,88.91000,196.0000,201.82103844,11.99360935
"Kepler-445","Kepler-445 d",127.20100000,298.7363395,46.4991236,0.180000,0.210000,3157.00,0.0439000000,8.15275000000,0.000000,89.61000,,2.10000000,1.25000000
"Kepler-1701","Kepler-1701 b",584.14200000,286.6088625,41.8892986,0.870000,0.840217,5146.00,0.5738000000,169.13400000000,0.000000,89.57000,,5.57000000,2.22186207
"Kepler-1835","Kepler-1835 b",1404.38000000,280.3148152,43.9856885,0.922000,0.961000,5903.00,0.0997000000,11.96409988000,0.000000,84.85000,,12.20000000,3.53387773
"Kepler-1024","Kepler-1024 b",1087.40000000,291.9510277,38.2516419,0.810000,0.780000,5143.00,0.3033000000,66.41621330000,0.000000,89.70000,,14.50000000,3.91000000
"Kepler-1545","Kepler-1545 b",729.96400000,298.8988313,47.4630696,0.840000,0.800000,5201.00,0.5442000000,163.69234900000,0.000000,89.99000,,7.75000000,2.70000000
"Kepler-1774","Kepler-1774 b",816.59200000,288.5743991,40.9886069,1.101000,1.122000,6214.00,0.2949600000,59.77080154000,0.000000,88.90000,,10.20000000,3.18179549
"KOBE-1","KOBE-1 b",23.97180000,19.1660378,25.3310358,0.629000,0.619000,4135.00,0.0700600000,8.53990000000,0.000000,,,8.80000000,2.91000000
"Kepler-1852","Kepler-1852 b",772.48100000,288.0297157,40.3441934,0.927000,0.826000,5237.00,0.0762000000,7.97094011300,0.000000,87.65000,,4.22000000,1.88610592
"Kepler-1196","Kepler-1196 b",922.33300000,292.3695850,43.9108663,0.980000,0.970000,5756.00,0.3179000000,66.18490310000,0.000000,89.03000,,5.60000000,2.23000000
"TOI-1221","TOI-1221 b",138.41100000,107.9210254,-65.5088568,0.930000,1.031000,5592.00,0.3870000000,91.68278000000,0.210000,89.75000,,1112.39942450,2.91000000
"Kepler-324","Kepler-324 c",501.57400000,286.4714473,49.6490933,0.901000,0.840000,5194.00,0.2600000000,51.80561200000,0.000000,89.75000,,6.20000000,3.15000000
"Kepler-1122","Kepler-1122 b",1230.42000000,288.2805801,46.3408747,0.920000,0.890000,5544.00,0.2315000000,42.19173570000,0.000000,89.92000,,4.82000000,2.04000000
"Kepler-1826","Kepler-1826 b",336.95200000,292.7700072,48.8998469,0.490000,0.486000,3821.00,0.0213000000,1.61536002200,0.000000,78.69000,,2.78000000,1.47519116
"HD 134606","HD 134606 c",26.79090000,228.8103897,-70.5203328,1.046000,1.158000,5576.00,0.3007000000,58.88300000000,0.055000,,172.0000,11.31000000,3.37000000
"TIC 150070085","TIC 150070085 b",204.36800000,110.1432005,53.5469842,1.160000,1.086000,5999.00,,10.47423000000,,88.51000,,12.80000000,3.62000000
"HIP 75092","HIP 75092 b",81.66960000,230.1724206,-25.9910525,1.280000,4.530000,4891.00,2.0200000000,926.40000000000,0.420000,,262.4000,568.91284853,13.50000000
"Kepler-828","Kepler-828 b",575.32200000,286.8872555,42.4712271,0.810000,0.770000,5039.00,0.0122800000,0.56785713600,0.000000,85.49000,,2.89000000,1.51000000
"HD 5278","HD 5278 b",57.58460000,12.5467785,-83.7437671,1.126000,1.194000,6203.00,0.1202000000,14.33915600000,0.080000,89.27000,135.0000,7.80000000,2.45000000
"Kepler-1157","Kepler-1157 b",342.14400000,283.1209268,43.5255701,0.760000,0.710000,4679.00,0.0448000000,4.45743164000,0.000000,89.31000,,1.32000000,1.09000000
"Kepler-1610","Kepler-1610 b",864.33100000,295.9049795,45.4054296,0.910000,0.870000,5383.00,0.0777000000,8.70181574000,0.000000,89.88000,,3.22000000,1.61000000
"Kepler-1245","Kepler-1245 c",805.93600000,290.7443078,43.2607530,0.860000,0.830000,5306.00,0.0372000000,2.93658468100,0.000000,82.32000,,2.67000000,1.44000000
"Kepler-297","Kepler-297 d",692.14000000,283.2091605,48.7776156,0.846000,0.897000,5618.00,0.5230000000,150.01895110000,0.000000,89.40000,,,32.60000000
"Kepler-431","Kepler-431 b",486.54600000,281.1123072,43.2277663,1.071000,1.092000,6004.00,0.0719000000,6.80300000000,0.000000,80.51000,,0.37000000,0.76400000
"DMPP-4","DMPP-4 b",25.32840000,293.5826648,51.2358069,1.250000,1.380000,6400.00,0.0485300000,3.49820000000,0.063000,,200.0000,12.20000000,3.53000000
"Kepler-184","Kepler-184 d",610.32600000,291.9518784,43.0746172,0.872000,0.873000,5788.00,0.1790000000,29.02235800000,0.000000,88.09000,,6.76000000,2.49000000
"Kepler-1140","Kepler-1140 b",656.48000000,281.6940529,46.9465210,0.760000,0.730000,4850.00,0.1478000000,24.08627070000,0.000000,89.14000,,8.10000000,2.77000000
"TOI-1799","TOI-1799 b",62.12740000,167.2329152,34.3030149,1.010000,0.957000,5690.00,0.0725020000,7.09457086500,0.000000,,90.0000,4.00000000,1.64200000
"Kepler-1696","Kepler-1696 b",1506.36000000,295.5761011,42.0233639,1.020000,1.198110,5712.00,0.3244000000,65.94090000000,0.000000,89.70000,,8.29000000,2.80982017
"Kepler-928","Kepler-928 b",508.80900000,289.9206760,41.5427758,0.730000,0.700000,4700.00,0.0444000000,3.93246130200,0.000000,88.15000,,3.15000000,1.59000000
"Kepler-153","Kepler-153 c",459.36800000,282.4605020,48.2570293,0.756000,0.892000,5404.00,0.2370000000,46.90232000000,0.000000,89.49000,,6.94000000,2.53000000
"HD 73256","HD 73256 c",36.70800000,129.0949961,-30.0373339,1.000000,0.944723,5570.00,3.8000000000,2690.00000000000,0.160000,29.00000,300.0000,5085.25451200,12.20000000
"HD 175541","HD 175541 b",129.60300000,283.9203211,4.2649344,1.390000,4.190000,5013.00,0.9750000000,298.43000000000,0.110000,,129.0000,190.06234000,14.10000000
"HD 219134","HD 219134 g",6.53127000,348.3372026,57.1696255,0.794000,0.770000,4913.00,0.3753000000,94.20000000000,0.000000,,0.0000,10.80622000,3.28000000
"Kepler-708","Kepler-708 b",1394.22000000,293.8164588,42.2125159,0.970000,0.960000,5692.00,0.0426000000,3.16789193800,0.000000,89.87000,,8.91000000,2.93000000
"WASP-54","WASP-54 b",251.30300000,205.4542456,-0.1281712,1.080000,1.760000,6100.00,0.0498800000,3.69364000000,0.070000,84.97000,62.0000,187.51970000,17.71022000
"K2-250","K2-250 b",414.70800000,185.0315429,-8.9757427,0.809000,0.797000,5003.00,0.0460600000,4.01392000000,0.210000,88.26000,-40.0000,7.81000000,2.71257333
"Kepler-1325","Kepler-1325 b",973.36800000,285.0171505,42.0853120,0.930000,0.910000,5550.00,0.2004000000,33.87868380000,0.000000,87.23000,,8.55000000,2.86000000
"Kepler-703","Kepler-703 b",1156.83000000,299.1868586,41.7426990,1.180000,1.270000,6185.00,0.0535000000,4.58352175600,0.000000,89.81000,,51.10000000,8.20000000
"TOI-1533","TOI-1533 c",100.05100000,355.2467209,57.4852417,0.880000,0.849000,5146.00,0.0760000000,8.06379260000,0.000000,86.64000,90.0000,36.60000000,7.50000000
"Kepler-957","Kepler-957 b",824.68800000,290.1563633,48.8189710,0.810000,0.750000,4963.00,0.0559000000,5.90741353700,0.000000,89.78000,,25.90000000,5.50000000
"TOI-3856","TOI-3856 b",314.44300000,145.2229223,27.9501580,1.096000,1.055000,5622.00,0.0325000000,2.04360352000,0.083000,82.94000,,171.62733978,13.59649359
"Kepler-1740","Kepler-1740 b",1061.77000000,293.8736630,38.9224548,0.943000,0.905000,5705.00,0.0779000000,8.17240047500,0.000000,82.80000,,11.00000000,3.32321414
"Kepler-176","Kepler-176 d",527.32100000,294.6679021,43.8532104,0.860000,0.891000,5232.00,0.1630000000,25.75197400000,0.000000,89.53000,,1.72000000,2.51000000
"K2-150","K2-150 b",102.48300000,18.3443908,8.9874328,0.457000,0.436000,3499.00,0.0727000000,10.59357000000,,,,4.66000000,2.00000000
"Kepler-307","Kepler-307 b",575.58100000,297.7950939,40.4176403,0.907000,0.814000,5367.00,0.0935900000,10.42080000000,0.000000,88.23000,,7.44000000,2.43000000
"Kepler-755","Kepler-755 c",399.03400000,296.8609348,41.0973178,0.820000,0.770000,5043.00,0.0370000000,2.85313364400,0.000000,86.37000,,2.13000000,1.26000000
"Kepler-607","Kepler-607 c",519.12200000,291.0571451,44.6323060,0.808000,0.888000,5244.00,0.2150700000,39.67679977000,0.000000,89.24000,,8.05000000,2.76001201
"TOI-540","TOI-540 b",14.00220000,76.3096949,-47.9375391,0.159000,0.189500,3216.00,0.0122300000,1.23914910000,0.000000,86.80000,,0.67400000,0.90300000
"K2-320","K2-320 b",108.74000000,163.2519122,5.3064776,0.117000,0.300000,3157.00,0.0142000000,1.99500000000,,87.84000,,7.37000000,2.62000000
"Kepler-1523","Kepler-1523 b",865.59600000,296.0540705,45.8270447,0.970000,0.960000,5708.00,0.0186700000,0.93875077000,0.000000,89.86000,,3.12000000,1.58000000
"GJ 463","GJ 463 b",18.35540000,185.7440496,64.0324311,0.486000,0.483000,3563.00,3.5300000000,3459.00000000000,0.146000,152.00000,329.3000,1080.61658380,13.10000000
"Kepler-62","Kepler-62 c",300.87400000,283.2125621,45.3496992,0.690000,0.640000,4925.00,0.0929000000,12.44170000000,0.000000,89.70000,,4.00000000,0.54000000
"HD 222582","HD 222582 b",42.15860000,355.4640788,-5.9862379,1.120000,1.130000,5790.00,1.3400000000,572.38000000000,0.730000,,-40.4900,2660.23710000,12.60000000
"Kepler-210","Kepler-210 c",232.75000000,292.5034196,43.0832188,0.770000,0.650000,4559.00,0.0700000000,7.97251300000,0.000000,85.73000,,12.80000000,3.62000000
"Kepler-1551","Kepler-1551 b",1463.72000000,295.7855238,39.9078956,1.140000,1.220000,6136.00,0.1772000000,24.49736980000,0.000000,87.79000,,7.56000000,2.66000000
"TIC 188624430","TIC 188624430 b",300.74300000,258.5566927,53.7060189,0.929000,0.786574,5369.46,,6.21860433132,,88.35928,,12.90000000,3.64811843
"Kepler-1174","Kepler-1174 b",1408.75000000,281.8314296,42.2988910,1.040000,1.040000,5936.00,0.0732000000,6.89225223000,0.000000,89.84000,,3.15000000,1.59000000
"Kepler-269","Kepler-269 c",2257.32000000,290.2151459,41.7759810,0.920000,0.959000,5847.00,0.0810000000,8.12789900000,0.000000,88.71000,,3.50000000,1.69000000
"Kepler-607","Kepler-607 b",519.12200000,291.0571451,44.6323060,0.840000,0.800000,5196.00,0.0137000000,0.63816320400,0.000000,88.69000,,0.59000000,0.87000000
"Kepler-1981","Kepler-1981 b",659.39500000,287.9754691,38.7402988,1.519000,3.006000,5874.00,1.3292000000,453.54212000000,0.000000,89.78000,,62.50000000,9.23000000
"TOI-6041","TOI-6041 c",72.47310000,46.0610334,43.5576668,0.885000,0.879000,5445.00,0.3721000000,88.00000000000,,90.00000,,77.90000000,10.50000000
"HD 109833","HD 109833 c",79.55610000,189.7758591,-74.5740205,1.080000,1.000000,5881.00,,13.90014800000,0.300000,88.24000,,7.22000000,2.59000000
"Kepler-1082","Kepler-1082 b",739.55700000,289.3586737,50.5984489,1.030000,1.140000,5923.00,0.0257100000,1.54320660400,0.000000,87.26000,,1.46000000,1.12000000
"Kepler-431","Kepler-431 d",486.54600000,281.1123072,43.2277663,1.071000,1.092000,6004.00,0.1045000000,11.92200000000,0.000000,82.51000,,1.41000000,1.11000000
"WASP-170","WASP-170 b",305.60300000,135.4163028,-20.7203686,0.930000,0.938000,5600.00,0.0337000000,2.34478022000,,84.87000,,508.52800000,12.28506400
"K2-74","K2-74 b",377.82200000,339.9192984,-8.7145697,0.960000,0.980000,6060.00,0.1402000000,19.56660000000,,88.91991,,5.95000000,2.31000000
"TOI-1246","TOI-1246 d",169.42200000,251.1158702,70.4299917,0.888900,0.864900,5213.00,0.1320000000,18.65487400000,0.000000,89.50000,90.0000,5.40000000,3.43139739
"Kepler-372","Kepler-372 d",1493.95000000,291.2562253,49.2589288,1.202000,1.137000,6509.00,0.2010000000,30.09256800000,0.000000,86.73000,,3.50000000,1.69000000
"HD 25723","HD 25723 b",114.81600000,61.0947182,-12.7922241,2.120000,13.760000,4766.00,1.4900000000,457.01000000000,0.040000,,112.9700,794.57101750,13.30000000
"TOI-7155","TOI-7155 b",144.75100000,12.4454481,79.2878555,0.755000,0.670748,4673.03,,3.89489711981,,86.87115,,6.38000000,2.40821473
"Kepler-84","Kepler-84 b",1023.90000000,298.2520208,40.4960842,1.000000,1.430000,6039.00,0.0827000000,8.72600000000,0.000000,82.52000,,40.00000000,2.23000000
"TOI-3353","TOI-3353.01",78.75770000,106.5298146,-75.8195594,1.332089,1.020700,6365.00,0.0601182180,4.66579650000,,,,7.59000000,2.66675550
"Kepler-1555","Kepler-1555 b",2013.27000000,287.6354587,45.7160327,1.040000,1.060000,5866.00,0.0805000000,8.10501635000,0.000000,88.47000,,3.22000000,1.61000000
"Kepler-1725","Kepler-1725 b",558.65200000,294.3735518,40.1946345,1.049000,1.085000,6020.00,0.1326300000,16.71990013000,0.000000,89.30000,,8.31000000,2.81251770
"TOI-2104","TOI-2104 b",76.74180000,151.6122146,83.0878397,0.800000,0.723757,4856.13,,5.90437045700,,88.27552,,2.95000000,1.52898127
"Kepler-120","Kepler-120 b",388.63000000,287.8915707,39.3390979,0.654000,0.534000,4096.00,0.0550000000,6.31250100000,0.000000,89.91000,,8.50000000,2.15000000
"Kepler-627","Kepler-627 b",984.30700000,292.1042198,39.7678585,1.300000,1.490000,6424.00,0.2266100000,40.69944430000,0.000000,88.02000,,13.40000000,3.73000000
"Kepler-1326","Kepler-1326 b",698.32600000,296.2221990,39.2689420,1.450000,1.740000,6725.00,0.2743000000,42.35142670000,0.000000,88.84000,,16.30000000,4.18000000
"TOI-1184","TOI-1184 b",58.59460000,272.2045196,60.6787845,0.710000,0.690000,4534.00,0.0560270000,5.74843380300,0.000000,89.00938,90.0000,6.80000000,2.39000000
"G 192-15","G 192-15 b",9.53114000,90.6220931,49.8619390,0.132000,0.170718,2999.00,0.0172300000,2.27476000000,0.000000,,,1.03000000,1.02000000
"HATS-61","HATS-61 b",679.76100000,61.6578005,-25.3496674,1.076000,1.664000,5542.00,0.0790800000,7.81795300000,0.092000,87.15000,,1080.62200000,13.39475500
"Kepler-684","Kepler-684 b",1731.27000000,290.8704935,38.2735978,0.890000,0.860000,5493.00,0.0640000000,6.77030200800,0.000000,86.84000,,11.20000000,3.36000000
"WASP-159","WASP-159 b",715.38300000,68.1364792,-38.9682973,1.410000,2.110000,6120.00,0.0538000000,3.84040100000,0.000000,88.10000,,174.80650000,15.46842000
"K2-26","K2-26 b",99.05040000,94.2064312,24.5958335,0.560000,0.520000,3785.00,0.0962000000,14.56650000000,,88.40000,,7.61000000,2.67000000
"TIC 9344899","TIC 9344899 b",532.22800000,72.7939340,-8.4473205,0.980000,1.060000,5800.00,0.0815000000,8.58215660000,0.029000,88.95000,80.0000,6170.00000000,9.16000000
"WASP-194","WASP-194 b",476.83100000,295.3877064,56.2178049,1.290000,1.409000,6405.00,0.0470000000,3.18338700000,0.000000,83.23000,,373.13054982,15.47960235
"Kepler-1956","Kepler-1956 b",360.46800000,294.6208506,49.8942190,0.671000,0.682000,4391.00,0.0563000000,5.94371986400,0.000000,89.54000,,1.32000000,1.08940238
"K2-335","K2-335 b",557.99300000,129.3896679,16.5220648,1.230000,1.330000,6222.00,,12.28321100000,,88.50662,,5.52000000,2.21000000
"Kepler-352","Kepler-352 c",252.73300000,299.8966237,46.0519022,0.798000,0.781000,5212.00,0.1180000000,16.33299500000,0.000000,88.19000,,2.07000000,1.24000000
"Kepler-1175","Kepler-1175 b",1121.89000000,289.1426847,46.8129656,0.900000,0.860000,5453.00,0.2181000000,37.94563000000,0.000000,89.79000,,9.22000000,2.99000000
"TOI-2453","TOI-2453 b",81.90430000,74.8374845,12.9363528,0.500519,0.502498,3720.23,,4.44143463188,,87.95086,,10.60000000,3.24380341
"TOI-3523 A","TOI-3523 A b",645.29400000,304.2834581,42.9065338,1.131000,1.448000,6450.00,0.0355900000,2.30458952000,0.047000,88.30000,,435.42491759,15.97279750
"Kepler-1586","Kepler-1586 b",552.55000000,298.2026236,44.9258585,1.450000,1.750000,6681.00,0.1220800000,15.60492120000,0.000000,87.81000,,2.92000000,1.52000000
"TOI-1062","TOI-1062 c",82.17330000,38.1209678,-78.0236828,0.940000,0.840000,5328.00,0.0800000000,7.97200000000,0.140000,,159.0000,9.78000000,3.10000000
"Kepler-30","Kepler-30 b",914.22100000,285.2836483,38.9472625,0.990000,0.950000,5498.00,0.1800000000,29.33434000000,0.042000,90.17900,-31.0000,11.30000000,3.90000000
"Kepler-1285","Kepler-1285 b",422.26900000,281.8353366,44.1558825,1.200000,1.280000,6170.00,0.1275800000,14.79674580000,0.000000,89.48000,,0.87100000,0.97000000
"TOI-1230","TOI-1230.01",143.13800000,118.1295936,-83.8250629,1.140000,1.152810,5696.00,,25.05734661842,,,,6.29000000,2.38627705
"Kepler-416","Kepler-416 b",690.81900000,291.5569554,39.2272923,1.000000,1.075000,5718.00,0.0674000000,6.31900000000,0.000000,85.42000,,58.20000000,2.48000000
"Kepler-416","Kepler-416 c",690.81900000,291.5569554,39.2272923,1.000000,1.075000,5718.00,0.1045400000,12.20900000000,0.000000,86.99000,,6.13000000,2.35200000
"KOI-142","KOI-142 c",376.86300000,291.1481028,40.6694130,0.990000,0.897000,5466.00,0.1541210030,22.26492000000,0.057240,93.15000,270.7600,214.10000000,14.00000000
"HD 114082","HD 114082 b",95.39060000,197.3171237,-60.3084347,1.280000,1.482000,6610.00,0.7910000000,225.55040000000,0.000000,89.79100,211.7000,508.52545120,11.72459381
"Kepler-103","Kepler-103 c",494.83200000,288.9845512,40.0644857,1.212000,1.492000,6047.00,0.6679000000,179.60978000000,0.103000,89.70400,-15.6000,58.47000000,5.45390000
"Kepler-433","Kepler-433 b",1878.31000000,297.5936232,40.9772546,1.460000,2.260000,6360.00,0.0679000000,5.33408384000,0.119000,89.21000,68.0000,896.24000000,16.25000000
"CoRoT-8","CoRoT-8 b",322.03700000,291.5885696,1.4262972,0.880000,0.770000,5080.00,0.0630000000,6.21229000000,0.000000,88.40000,,69.92000000,6.39000000
"Kepler-361","Kepler-361 c",930.32000000,296.8034146,46.7411011,1.191000,1.343000,6169.00,0.3000000000,55.18802300000,0.000000,89.72000,,6.90000000,2.52000000
"TOI-5728","TOI-5728 b",54.70450000,260.3509363,67.5504212,0.360000,0.370000,3419.00,,11.49761000000,,89.83000,,2.27000000,1.31000000
"Kepler-568","Kepler-568 b",130.64500000,298.1061315,48.4016448,0.550000,0.530000,3768.00,0.0794000000,11.02347475000,0.000000,89.03000,,5.73000000,2.26000000
"Kepler-1923","Kepler-1923 b",990.83800000,298.0834457,40.3462551,1.109000,1.294000,5881.00,0.2846000000,52.60969925000,0.000000,89.88000,,4.50000000,1.95958179
"Kepler-1208","Kepler-1208 b",825.17600000,291.8812445,44.5557587,0.800000,0.760000,5001.00,0.0901000000,11.08507637000,0.000000,88.44000,,5.99000000,2.32000000
"Kepler-406","Kepler-406 c",364.03000000,291.8481764,44.9682807,1.070000,1.070000,5538.00,0.0553100000,4.62332000000,0.000000,87.96000,,2.71000000,0.85000000
"Kepler-1655","Kepler-1655 b",213.26000000,286.6895986,39.2120802,1.030000,1.030000,6148.00,0.1029000000,11.87287870000,0.190000,87.62000,-71.0000,5.40000000,2.21300000
"HD 191939","HD 191939 g",53.60890000,302.0256247,66.8503014,0.810000,0.940000,5348.00,0.8120000000,284.00000000000,0.030000,,18.0000,13.50000000,3.74000000
"HD 87816","HD 87816 c",133.23300000,151.5296524,-52.1878679,2.410000,9.000000,4989.00,10.1400000000,7596.00000000000,0.190000,,110.4400,3877.50656540,12.40000000
"Kepler-185","Kepler-185 c",466.73500000,282.4681674,43.8899464,0.763000,0.806000,5208.00,0.1390000000,20.72904200000,0.000000,89.34000,,4.74000000,2.02000000
"TOI-707","TOI-707 b",130.95900000,98.7295889,-67.5372743,0.990000,0.978000,5424.00,0.2750000000,52.79918000000,,89.60200,,6.42000000,2.41600000
"Kepler-738","Kepler-738 b",1113.65000000,287.5696516,46.5679011,0.860000,0.820000,5327.00,0.1552000000,24.58721573000,0.000000,89.02000,,6.80000000,2.50000000
"Kepler-725","Kepler-725 c",758.46900000,283.9774949,44.8115613,0.950000,0.880000,5395.00,0.6744000000,207.54100000000,0.436000,89.69658,29.7000,9.70000000,3.08000000
"Kepler-658","Kepler-658 b",388.38400000,282.9836210,47.5783897,0.630000,0.600000,4103.00,0.0188000000,1.28707676200,0.000000,89.98000,,3.29000000,1.63000000
"HD 235088","HD 235088 b",41.17060000,300.6154535,53.3774418,0.849000,0.772000,5075.00,0.0706000000,7.43413250000,0.000000,88.74000,90.0000,4.15000000,1.98200000
"Kepler-93","Kepler-93 b",95.91150000,291.4181275,38.6723124,0.911000,0.919000,5669.00,0.0534300000,4.72673978000,0.000000,89.18300,,4.66000000,1.47800000
"Kepler-596","Kepler-596 b",1023.85000000,289.5006797,51.6857106,1.210000,1.320000,6267.00,0.1516100000,21.30022655000,0.000000,89.89000,,11.80000000,3.46000000
"K2-174","K2-174 b",99.92930000,60.7929729,16.3471660,0.700000,0.676000,4455.00,0.1260000000,19.56230700000,,89.95000,,7.27000000,2.60000000
"TOI-2154","TOI-2154 b",296.46000000,71.0281482,84.3642652,1.233000,1.396000,6280.00,0.0513000000,3.82408010000,0.117000,83.37000,31.0000,292.40213444,16.28664896
"Kepler-1357","Kepler-1357 b",1015.69000000,291.5480665,50.3532584,0.930000,0.900000,5597.00,0.0410000000,3.00913240000,0.000000,89.95000,,2.18000000,1.28000000
"Kepler-1807","Kepler-1807 b",1299.32000000,291.5494119,44.5272788,1.087000,1.496000,6455.00,0.0988000000,10.86060047000,0.000000,89.58000,,7.77000000,2.70393215
"GJ 3378","GJ 3378 b",7.72274000,90.2951302,59.5931917,0.262000,0.275000,3340.00,0.0967300000,21.45000000000,0.000000,,-0.6000,2.30000000,1.32000000
"Kepler-256","Kepler-256 b",1026.43000000,292.5804200,46.0973588,1.037000,1.301000,5551.00,0.0270000000,1.62049300000,0.000000,87.20000,,3.15000000,1.59000000
"NGTS-31","NGTS-31 b",497.37600000,80.4212533,-38.6568270,0.960000,1.700000,5710.00,0.0640000000,4.16273400000,0.000000,85.60000,90.0000,355.96781584,18.04645893
"TOI-2525","TOI-2525 c",395.39800000,86.8509737,-60.5213081,0.849000,0.785000,5096.00,0.2490000000,49.25190000000,0.157000,89.97000,21.5000,208.81326340,10.13291855
"Kepler-574","Kepler-574 b",682.89600000,290.2470519,52.1491051,0.950000,0.910000,5612.00,0.0723000000,7.65880414000,0.000000,89.95000,,6.30000000,2.39000000
"Kepler-1062","Kepler-1062 b",397.45500000,283.8994187,41.2215940,0.750000,0.700000,4597.00,0.0748000000,9.30412078000,0.000000,89.16000,,3.75000000,1.76000000
"HD 28185","HD 28185 c",39.38090000,66.6100461,-10.5510754,0.974000,1.048000,5602.00,8.5000000000,9090.00000000000,0.150000,66.00000,162.0000,1906.97044200,12.80000000
"TOI-1836","TOI-1836 c",191.64900000,245.9079242,54.6900774,1.251800,1.645400,6237.00,0.0308900000,1.77274710000,0.000000,,90.0000,8.00000000,2.59987579
"Kepler-414","Kepler-414 b",413.46000000,297.9615616,48.2443363,0.890000,0.946000,5536.00,0.0543000000,4.70000000000,0.000000,89.45000,,3.50000000,1.71000000
"Kepler-411","Kepler-411 d",153.67600000,287.6057027,49.5233937,0.870000,0.820000,4974.00,0.2790000000,58.02035000000,0.128000,89.43000,30.5000,15.20000000,3.31900000
"Kepler-247","Kepler-247 c",663.71100000,288.6425609,43.0393769,0.887000,0.768000,5100.00,0.0840000000,9.43945200000,0.000000,89.89000,,15.70000000,4.09000000
"Kepler-725","Kepler-725 b",758.46900000,283.9774949,44.8115613,0.950000,0.880000,5395.00,0.2238000000,39.64372000000,0.231000,89.80000,-90.1000,521.76244000,10.80000000
"K2-317","K2-317 b",176.29100000,228.6188638,-21.0227209,0.403000,0.379000,3387.00,0.0542000000,6.22000000000,,89.22000,,8.91000000,2.93000000
"Kepler-1375","Kepler-1375 b",1430.84000000,296.2935173,43.4032189,1.470000,1.780000,6704.00,0.0471000000,3.30041920000,0.000000,89.92000,,3.68000000,1.74000000
"TOI-6478","TOI-6478 b",38.60570000,149.9918059,-16.1597935,0.230000,0.234000,3230.00,0.1136000000,34.00501900000,,89.89800,,19.20000000,4.60000000
"Kepler-1338","Kepler-1338 b",753.26000000,284.0422701,41.6990348,1.040000,1.050000,5909.00,0.0193700000,0.93511805700,0.000000,86.81000,,0.72100000,0.92000000
"WASP-59","WASP-59 b",115.93600000,349.6229547,24.8892770,0.719000,0.613000,4650.00,0.0697000000,7.91958500000,0.100000,89.27000,74.0000,274.27600000,8.68700000
"K2-63","K2-63 c",517.53400000,333.4267738,-12.0663429,1.400000,1.630000,6771.00,0.1890000000,25.45560000000,,,,14.50000000,3.90000000
"KOI-4978","KOI-4978 b",936.34100000,286.5907635,38.5582993,0.859000,0.966000,5050.28,,0.94196700000,,,,0.27100000,0.70000000
"Kepler-1539","Kepler-1539 b",748.32600000,284.2194566,44.2685146,0.840000,0.800000,5176.00,0.4765000000,133.30367410000,0.000000,89.97000,,7.75000000,2.70000000
"Kepler-614","Kepler-614 b",527.99500000,298.3848866,46.2759867,0.850000,0.810000,5268.00,0.1027000000,14.03491514000,0.000000,88.37000,,6.30000000,2.39000000
"Kepler-257","Kepler-257 c",780.25600000,297.3159994,46.0232642,0.916000,1.037000,5180.00,0.0660000000,6.58148400000,0.000000,89.53000,,25.20000000,5.41000000
"TOI-5398","TOI-5398 b",130.85500000,161.8795569,36.3294345,1.146000,1.051000,6000.00,0.0980000000,10.59054700000,0.130000,89.21000,92.0000,58.70000000,10.30000000
"TOI-1820","TOI-1820 b",248.50400000,187.6867207,27.4520016,1.040000,1.510000,5734.00,0.0610000000,4.86067400000,0.043000,84.40000,9.0000,731.00533610,12.77823800
"Kepler-1220","Kepler-1220 b",961.90700000,297.0703980,42.9777396,1.000000,0.990000,5842.00,0.0734000000,7.42693741000,0.000000,88.86000,,2.92000000,1.52000000
"TOI-938","TOI-938 b",215.03400000,63.0323442,-12.1188357,1.100000,0.985134,5829.42,,8.80733882211,,88.78333,,20.80000000,4.82401567
"Kepler-192","Kepler-192 d",651.67400000,287.9179379,45.5928829,0.940000,0.940000,5487.00,0.0686000000,6.47027579000,0.000000,85.94000,,1.04000000,1.02000000
"Kepler-825","Kepler-825 b",807.85000000,294.7698250,39.3984081,1.030000,1.080000,5976.00,0.0453000000,3.77360059000,0.000000,90.00000,,2.96000000,1.53000000
"Kepler-1414","Kepler-1414 b",570.83500000,284.9285796,42.4223085,0.800000,0.750000,4951.00,0.0426000000,3.51576315000,0.000000,89.82000,,2.04000000,1.23000000
"HD 86950","HD 86950 b",209.83900000,150.4066612,-17.3330699,1.660000,8.800000,4805.00,2.7200000000,1270.00000000000,0.170000,,243.0000,1144.18800000,13.00000000
"Kepler-1150","Kepler-1150 b",358.51800000,296.7244553,49.5326846,0.760000,0.720000,4754.00,0.0382000000,2.78786838600,0.000000,89.16000,,1.04000000,1.02000000
"Kepler-1765","Kepler-1765 b",764.45600000,298.0144601,42.9574314,0.946000,1.064000,5692.00,0.0917000000,10.41889954000,0.000000,86.74000,,6.78000000,2.49508857
"Kepler-831","Kepler-831 b",593.54000000,294.9855607,42.7277355,0.990000,0.970000,5732.00,0.0598400000,5.62153941000,0.000000,86.54000,,2.15000000,1.27000000
"K2-257","K2-257 b",64.00650000,188.2782840,-1.9532879,0.520000,0.500000,3725.00,0.0216000000,1.60588000000,,,,0.49800000,0.83000000
"Kepler-27","Kepler-27 d",1044.36000000,292.2367608,41.0858710,0.926000,0.817000,5251.00,0.0657800000,6.54628992100,0.000000,87.46000,,7.78000000,2.70619460
"TOI-469","HIP 29442 d",68.19200000,93.0578446,-14.6493167,0.901000,0.980000,5289.00,0.0673000000,6.42957500000,,88.90000,,5.14000000,1.53800000
"Kepler-196","Kepler-196 b",451.31200000,284.9685077,42.0791214,0.839000,0.782000,5128.00,0.1380000000,20.73988600000,0.000000,88.68000,,4.27000000,1.90000000
"Kepler-806","Kepler-806 b",361.89600000,296.0071956,44.8535698,0.990000,1.160000,5770.00,0.0768400000,8.09219642000,0.000000,75.28000,,1.55000000,1.14000000
"Kepler-1854","Kepler-1854 b",423.34800000,286.2859300,37.3869915,0.800000,0.759000,5026.00,0.2089400000,39.83110046000,0.000000,89.89000,,7.21000000,2.58746104
"TOI-5624","TOI-5624 b",101.91300000,180.8443476,49.2512257,0.858000,0.820000,5327.00,0.0420100000,3.39034730000,0.000000,89.41000,90.0000,9.40000000,2.31400000
"Kepler-739","Kepler-739 b",1370.65000000,290.0679940,46.5791535,0.930000,0.900000,5601.00,0.1054000000,12.53248465000,0.000000,87.96000,,11.00000000,3.32000000
"HD 204313","HD 204313 b",47.79450000,322.0510568,-21.7274194,1.030000,1.100000,5767.00,3.1850000000,2041.11539000000,0.100000,72.91700,286.9900,1466.77809830,12.90000000
"Kepler-129","Kepler-129 d",408.84500000,285.3111845,47.8484775,1.178000,1.653000,5770.00,4.0000000000,2646.00000000000,0.150000,,-170.0000,2637.97577810,12.60000000
"Kepler-389","Kepler-389 c",816.55900000,291.9600082,44.9000587,0.765000,0.792000,5376.00,0.1100000000,14.51143000000,0.000000,85.38000,,2.73000000,1.46000000
"K2-158","K2-158 c",197.29900000,179.9397081,-5.7216879,0.920000,0.950000,5503.00,0.0622000000,5.90279000000,,,,2.18000000,1.28000000
"Kepler-864","Kepler-864 c",2022.90000000,285.0570943,46.3206074,1.270000,1.195000,6213.00,0.0382000000,2.42150341000,0.000000,84.11000,,3.26000000,1.62000000
"TOI-5800","TOI-5800 b",42.90520000,305.0655462,-7.4119237,0.778000,0.773000,4850.00,0.0344000000,2.62788380000,0.300000,85.08000,-36.0000,9.50000000,2.46000000
"TOI-2803 A","TOI-2803 A b",494.81800000,93.1147397,-23.4924956,1.118000,1.245000,6280.00,0.0318500000,1.96229325000,0.000000,89.00000,,309.88269682,18.11371281
"Kepler-1462","Kepler-1462 b",1017.82000000,296.3975420,42.3969273,1.000000,1.000000,5756.00,0.3094000000,65.64883410000,0.000000,89.97000,,14.00000000,3.82000000
"HD 191939","HD 191939 b",53.60890000,302.0256247,66.8503014,0.810000,0.940000,5348.00,0.0804000000,8.88032560000,0.031000,88.10000,5.0000,10.00000000,3.41000000
"HD 212771","HD 212771 b",111.15500000,336.7624130,-17.2641046,1.560000,5.270000,5003.00,1.1900000000,380.70000000000,0.076000,,29.0000,759.61370000,13.30000000
"Kepler-1695","Kepler-1695 b",791.17500000,293.6193001,46.4134015,0.960000,0.987155,5473.19,0.0529000000,4.73290000000,0.000000,89.67000,,1.46000000,1.11948901
"TOI-1782","TOI-1782.02",95.26490000,213.0787718,74.4117909,0.680000,0.669000,4336.00,0.0257390000,1.82902422700,,,,4.04000000,1.83900000
"WASP-119","WASP-119 b",302.44800000,55.9336392,-65.1937800,1.020000,1.200000,5650.00,0.0363000000,2.49979000000,0.058000,85.00000,,390.93090000,15.69260000
"Kepler-893","Kepler-893 b",1285.59000000,284.9630591,43.9130282,1.000000,0.990000,5820.00,0.0699000000,6.33855761000,0.000000,82.42000,,9.43000000,3.03000000
"Kepler-1487","Kepler-1487 c",1014.62000000,295.4980737,38.6444499,1.801000,3.955000,5745.00,0.2588000000,35.80071120000,0.000000,89.93000,,48.70000000,7.97000000
"KOI-7913 A","KOI-7913 b",271.27700000,286.7485252,45.1587234,0.760000,0.788000,4324.00,0.1456000000,24.27855300000,0.000000,88.62000,,6.08000000,2.34000000
"TOI-1472","TOI-1472 c",121.84000000,14.1142611,48.6375168,0.870000,0.840000,5100.00,0.1160000000,15.53817470000,0.172000,88.90600,164.7000,21.13000000,3.33400000
"Kepler-1239","Kepler-1239 b",2140.60000000,293.1273357,42.3200578,1.400000,1.570000,6564.00,0.0625000000,5.19104016000,0.000000,89.30000,,8.75000000,2.90000000
"Kepler-1902","Kepler-1902 b",344.33700000,292.7376545,42.0147792,0.520000,0.514000,3729.00,0.0385000000,3.82222008700,0.000000,86.19000,,1.74000000,1.17563613
"Kepler-297","Kepler-297 b",692.14000000,283.2091605,48.7776156,0.927000,0.915000,5619.00,0.2170000000,38.87182600000,0.000000,89.97000,,48.50000000,2.87000000
"Kepler-351","Kepler-351 d",1083.91000000,286.4527949,42.6577891,0.810000,0.780000,5225.00,0.5177000000,142.54424700000,0.000000,89.99000,,7.85000000,2.72000000
"K2-136","K2-136 d",59.24740000,67.4128615,22.8825674,0.742000,0.677000,4500.00,0.1538000000,25.57500000000,0.071000,89.40000,280.0000,3.00000000,1.56500000
"Kepler-789","Kepler-789 b",1480.16000000,295.9751549,38.9466396,1.010000,1.020000,5870.00,0.0951000000,8.63847725000,0.000000,89.77000,,5.14000000,2.12000000
"K2-279","K2-279 b",182.98300000,204.7792935,-6.0417592,0.790000,0.860000,5558.00,0.0670000000,7.12260500000,,,,1.92000000,1.21000000
"nu Oph","nu Oph c",46.21070000,269.7566013,-9.7741342,2.610000,12.240000,4887.00,5.8290000000,3180.60000000000,0.179000,90.00000,8.5400,7838.32346000,12.00000000
"KOI-1599","KOI-1599.02",1131.64000000,298.3738383,40.6184483,1.020000,0.972000,5833.00,0.1122930000,13.60880000000,0.011400,88.60000,49.9510,9.00000000,1.90000000
"HD 109833","HD 109833 b",79.55610000,189.7758591,-74.5740205,1.080000,1.000000,5881.00,,9.18852600000,0.180000,88.13000,,8.69000000,2.88800000
"HIP 71135","HIP 71135 b",32.33110000,218.2158073,-52.6464757,0.660000,0.681296,4146.00,0.3350000000,87.19000000000,0.210000,,115.6000,18.80000000,4.55000000
"K2-147","K2-147 b",90.54940000,293.8330329,-28.4984750,0.563000,0.578000,3690.00,0.0157500000,0.96193900000,0.380000,83.60000,40.0000,2.77000000,1.47286006
"Kepler-11","Kepler-11 d",646.34600000,297.1150949,41.9091092,0.961000,1.065000,5663.00,0.1550000000,22.68450000000,0.004000,89.67000,102.5200,7.30000000,3.12000000
"K2-131","K2-131 b",152.50900000,182.7514040,-9.7652392,0.803000,0.759500,5120.00,0.0093600000,0.36930380000,0.000000,85.00000,,7.90000000,1.69000000
"Kepler-218","Kepler-218 d",656.38000000,295.4128785,46.2665801,1.010000,1.020000,5542.00,0.4988400000,124.52446470000,0.000000,90.00000,,7.56000000,2.66000000
"TOI-6054","TOI-6054.01",79.40700000,56.3370070,60.3509170,1.107000,1.662000,6047.00,0.0763000000,7.50142800000,0.164000,88.59000,-13.0000,12.50000000,2.64000000
"Kepler-1937","Kepler-1937 b",905.06900000,290.6583922,40.7785383,1.190000,1.196000,6457.00,0.0915000000,9.68859958600,0.000000,89.82000,,9.39000000,3.02291330
"HAT-P-56","HAT-P-56 b",320.63900000,100.8480137,27.2521823,1.420000,1.470000,6566.00,0.0423000000,2.79083000000,0.290000,82.13000,,734.18730000,16.92559000
"HD 8574","HD 8574 b",44.82640000,21.3033807,28.5660169,1.340000,1.380000,6064.00,0.7600000000,227.00000000000,0.300000,,18.0000,645.19490000,13.40000000
"HATS-71","HATS-71 b",140.22500000,15.5518893,-61.7561333,0.486100,0.478300,3405.00,0.0374500000,3.79552020000,0.000000,88.82000,,117.59710000,11.47801600
"K2-341","K2-341 b",421.40800000,130.4971951,19.9166357,0.980000,1.160000,5817.00,,36.55255100000,,89.32473,,10.40000000,3.21000000
"GJ 1061","GJ 1061 b",3.67278000,54.0032486,-44.5143104,0.120000,0.156000,2953.00,0.0210000000,3.20730000000,0.050000,77.00000,145.0000,1.11000000,1.04000000
"Kepler-102","Kepler-102 b",107.79600000,281.4824731,47.2078263,0.803000,0.724000,4909.00,0.0552100000,5.28696500000,0.100000,89.78000,,1.10000000,0.46000000
"Kepler-731","Kepler-731 b",1257.16000000,296.3931945,45.5685330,1.030000,1.060000,5849.00,0.0505000000,3.85560355100,0.000000,87.96000,,,13.88000000
"K2-194","K2-194 b",629.51000000,204.6089755,-8.9271609,1.110086,1.281115,5979.00,,39.72138600000,,89.06529,,12.90000000,3.64229858
"Kepler-915","Kepler-915 b",849.03600000,290.5921293,45.7372184,1.210000,1.380000,6173.00,0.0565500000,4.59489604000,0.000000,76.00000,,2.86000000,1.50000000
"TIC 241249530","TIC 241249530 b",324.44800000,95.3088995,53.2950203,1.271000,1.397000,6166.00,0.6410000000,165.77190000000,0.941200,85.17000,42.3200,1582.78546686,13.29385111
"TOI-5795","TOI-5795 b",156.53000000,304.8687820,-7.5476595,0.901000,1.082000,5715.00,0.0640000000,6.14063250000,0.250000,88.54000,31.6700,23.66000000,5.62000000
"K2-196","K2-196 b",584.87700000,200.4562487,-8.4717104,1.162095,1.538801,6045.00,,48.32422200000,,88.27355,,12.60000000,3.59970536
"Kepler-1315","Kepler-1315 b",480.86900000,295.8215678,46.0530562,0.800000,0.750000,4861.00,0.0161700000,0.84338011000,0.000000,78.23000,,2.48000000,1.38000000
"Kepler-93","Kepler-93 c",95.91150000,291.4181275,38.6723124,0.910000,0.920000,5669.00,,1460.00000000000,,,,954.00000000,
"TOI-5599","TOI-5599 b",547.94800000,199.3262375,55.6815392,1.210000,1.913340,6137.02,,5.43691503941,,87.23046,,40.90000000,7.18882120
"Kepler-1912","Kepler-1912 b",297.01700000,282.1178211,46.2239547,0.977000,0.962000,5734.00,0.0648900000,6.05921983700,0.000000,89.19000,,2.41000000,1.35670508
"TOI-1260","TOI-1260 c",73.59770000,157.1440712,65.8541986,0.679000,0.672000,4227.00,0.0657000000,7.49313400000,0.000000,87.97000,0.0000,13.20000000,2.76000000
"Kepler-306","Kepler-306 e",775.67900000,288.5387145,40.6160545,0.750000,0.719000,4954.00,0.2270000000,44.84097500000,0.000000,88.50000,,5.77000000,2.27000000
"K2-396","K2-396 b",274.86400000,74.6928607,17.2690562,0.954000,0.920000,5236.00,,0.67386200000,,,,3.12000000,1.57900000
"HD 10442","HD 10442 b",135.37400000,25.4715240,2.7044193,1.010000,1.970000,4912.00,2.0100000000,1032.30000000000,0.132000,,262.0000,472.61321000,13.60000000
"Kepler-198","Kepler-198 c",495.35800000,290.6731326,38.6910045,0.995000,0.940000,5574.00,0.2590000000,49.56741600000,0.000000,89.06000,,6.66000000,2.47000000
"Kepler-129","Kepler-129 b",408.84500000,285.3111845,47.8484775,1.178000,1.653000,5770.00,0.1300000000,15.79000000000,0.010000,89.89000,,20.00000000,2.40000000
"Kepler-1549","Kepler-1549 b",803.05200000,286.0524399,39.0960281,0.880000,0.840000,5324.00,0.6687000000,214.88654500000,0.000000,89.99000,,7.13000000,2.57000000
"HD 8326","HD 8326 b",30.68620000,20.5314418,-26.8940678,0.800000,0.783181,4914.00,0.5330000000,158.99100000000,0.200000,,-44.7900,66.60000000,9.58000000
"Kepler-1800","Kepler-1800 b",350.45500000,297.6513317,40.3524154,1.330000,2.506000,5343.00,0.0509800000,4.56202983900,0.000000,79.48000,,0.96100000,0.99679734
"TOI-1742","TOI-1742 b",72.88710000,257.3288678,71.8766724,1.086100,1.131000,5815.00,0.1540000000,21.26908400000,0.300000,,37.0000,9.70000000,2.36507598
"BD+45 564","BD+45 564 b",53.62200000,32.9470485,45.9242187,0.810000,0.813064,5004.00,0.8300000000,307.88000000000,0.120000,2.57900,70.3100,432.24663352,13.60000000
"HIP 8541","HD 11343 c",155.12100000,27.5271962,-54.4651633,2.009000,6.840000,4672.00,0.9230000000,228.53731000000,0.169000,,82.1500,255.53403923,13.90000000
"TOI-2295","TOI-2295 b",126.27900000,281.5761962,50.4924657,1.168000,1.459000,5730.00,0.1992000000,30.03330200000,0.334000,88.16000,-39.2000,278.09985612,16.47720163
"Kepler-656","Kepler-656 c",890.35200000,288.3278778,47.3815380,1.050000,0.954000,5550.00,0.0602000000,5.25449393000,0.000000,83.61000,,2.57000000,1.41000000
"Kepler-1941","Kepler-1941 b",1494.39000000,296.6270184,49.3538910,1.175000,1.142000,6404.00,0.2054000000,31.33510017000,0.000000,88.60000,,7.51000000,2.64976949
"Kepler-1311","Kepler-1311 d",866.33100000,289.6512597,43.8244445,1.032000,1.674000,5616.00,0.6843400000,197.51100160000,0.000000,89.49000,,67.50000000,9.65837605
"Kepler-1316","Kepler-1316 b",800.87100000,298.8358277,40.2930714,1.040000,1.120000,5884.00,0.3976500000,87.97321360000,0.000000,89.98000,,12.30000000,3.54000000
"TOI-6954","TOI-6954 b",190.04200000,168.3240591,-2.7877643,0.834000,0.947112,5170.87,,4.02074127419,,88.36018,,12.80000000,3.63524486
"WASP-7","WASP-7 b",162.30300000,311.0427558,-39.2254856,1.276000,1.432000,6400.00,0.0617000000,4.95464160000,0.034000,87.03000,109.0000,305.11680000,14.90797000
"DS Tuc A","DS Tuc A b",44.06220000,354.9154673,-69.1960430,1.010000,0.964000,5428.00,,8.13826800000,0.000000,89.50000,,413.17900000,5.70000000
"TOI-128","TOI-128.01",68.47270000,79.5209381,-80.9643840,0.851969,1.130000,6086.00,0.0538101900,4.94046810000,,,,5.56000000,2.21898000
"TOI-209","TOI-209 b",113.38700000,19.3941777,-66.9030660,0.810000,0.742779,4806.66,,4.37943587445,,88.76584,,6.32000000,2.39472090
"TOI-261","TOI-261.01",114.49500000,15.2181412,-24.4239934,0.496728,1.280180,5890.30,0.0347921890,3.36392540000,,,,9.51000000,3.04498630
"TOI-261","TOI-261.02",114.49500000,15.2181412,-24.4239934,1.069000,1.313830,5890.30,,13.03935862135,,,,11.20000000,3.34822227
"TOI-262","TOI-262 b",43.93200000,32.5346870,-31.0706272,0.913000,0.853000,5310.00,0.1630000000,11.14529000000,,89.01100,,4.94000000,2.07000000
"TOI-2040","TOI-2040 b",144.71700000,352.2747299,71.5064737,0.920000,0.870000,5132.00,0.0473000000,3.86085760000,0.109000,88.48000,11.0000,248.22398587,10.32347122
"TOI-2227","TOI-2227 b",165.44100000,337.5177563,-67.8501459,1.030000,1.208470,5889.54,,4.22175815648,,87.52822,,9.79000000,3.09885187
"Kepler-256","Kepler-256 d",1026.43000000,292.5804200,46.0973588,1.037000,1.301000,5551.00,0.0640000000,5.83917200000,0.000000,88.54000,,6.71000000,2.48000000
"K2-90","K2-90 c",134.18800000,59.1527391,22.4724517,0.704613,0.634754,4421.98,0.0350000000,2.90070600000,0.190000,86.94000,56.7600,2.24000000,1.30000000
"HD 11506","HD 11506 d",51.26100000,28.2106607,-19.5073960,1.220000,1.240000,6123.00,18.2000000000,26500.00000000000,0.290000,90.00000,111.0000,4068.20360960,12.30000000
"Kepler-1118","Kepler-1118 b",888.32500000,299.9656619,44.1608805,0.960000,0.970000,5688.00,0.2079000000,38.67150750000,0.000000,88.77000,,7.95000000,2.74000000
"K2-247","K2-247 c",258.11300000,188.8935189,-10.0692793,0.740000,0.690000,4667.00,0.0615000000,6.49424000000,,,,5.43000000,2.19000000
"K2-322","K2-322 b",123.41500000,156.6226981,4.7640203,0.630000,0.602000,4141.00,0.0594000000,8.20500000000,,88.15000,,4.35000000,1.92000000
"HD 141004","HD 141004 b",11.81480000,236.6099205,7.3527684,1.051904,1.389372,5885.38,0.1238000000,15.50830000000,0.160000,,19.4806,13.63483866,3.77000000
"Kepler-168","Kepler-168 c",1343.60000000,294.7101832,39.8250437,1.113000,1.107000,6282.00,0.1160000000,13.19324200000,0.000000,89.99000,,7.70000000,2.69000000
"Kepler-419","Kepler-419 b",1011.36000000,295.4179125,51.1847629,1.390000,1.740000,6430.00,0.3700000000,69.75460000000,0.833000,88.95000,95.2000,794.50000000,10.80000000
"TOI-4153","TOI-4153 b",423.84000000,335.3934698,82.2160792,1.572000,1.605000,6860.00,0.0631100000,4.61741410000,0.039000,88.75000,-165.0000,365.50266805,16.11851425
"TOI-1422","TOI-1422 c",155.14100000,354.2408290,39.6392793,0.990300,1.019000,5840.00,0.2050000000,34.56330000000,0.200000,89.77000,90.0000,14.00000000,2.61000000
"TOI-4155","TOI-4155 b",240.73700000,325.6362269,77.7343836,1.160000,0.950000,5724.00,,3.32072900000,,88.84000,,10.40000000,3.21000000
"GJ 9689","GJ 9689 b",30.62030000,303.4677310,13.3888921,0.590000,0.570000,3836.00,0.1139000000,18.27000000000,0.290000,,173.7300,9.65000000,3.07000000
"Kepler-169","Kepler-169 d",406.52900000,285.9999204,40.9193822,0.825000,0.763000,4997.00,0.0750000000,8.34812500000,0.000000,86.78000,,2.10000000,1.25000000
"Kepler-191","Kepler-191 d",594.46400000,291.1833211,45.3230937,0.840000,0.800000,5215.00,0.0610400000,5.94504101700,0.000000,86.24000,,5.82000000,2.28000000
"K2-8","K2-8 b",403.51300000,169.7935178,-0.2844389,0.780000,0.740000,4870.00,0.0856000000,10.35239000000,,86.42000,,12.50000000,3.58000000
"HATS-33","HATS-33 b",248.46000000,294.6336944,-55.3302692,1.062000,1.022000,5659.00,0.0372700000,2.54955510000,0.080000,87.62000,,378.85336000,13.78707000
"Kepler-1464","Kepler-1464 b",1151.73000000,287.2356828,38.7540824,1.020000,1.010000,5828.00,0.2006600000,31.77859010000,0.000000,89.43000,,3.39000000,1.66000000
"Kepler-805","Kepler-805 b",638.49000000,293.2300178,45.0533640,1.190000,1.650000,6112.00,0.1985200000,30.86389310000,0.000000,85.76000,,8.70000000,2.89000000
"17 Sco","17 Sco b",124.95300000,243.4620874,-11.8377905,1.220000,25.920000,4157.00,1.4500000000,578.38000000000,0.060000,,57.0300,1373.01871824,12.90000000
"Kepler-264","Kepler-264 c",942.17300000,292.0446280,37.3761861,1.426000,1.550000,6158.00,0.5660000000,140.10126100000,0.000000,89.98000,,8.40000000,2.83000000
"HR 858","HR 858 b",31.96400000,42.9849779,-30.8140609,1.204000,1.258000,6354.00,0.0488800000,3.58528700000,0.000000,85.98000,90.0000,3.55000000,2.00400000
"Kepler-941","Kepler-941 b",1088.36000000,294.3262617,47.2175461,0.890000,0.860000,5539.00,0.1311000000,17.42395198000,0.000000,85.65000,,9.69000000,3.08000000
"Kepler-1832","Kepler-1832 b",486.17400000,299.8517779,43.7320611,0.684000,0.722000,5242.00,0.0370000000,3.13878989200,0.000000,88.10000,,2.02000000,1.22719556
"TOI-833","TOI-833 b",41.71480000,145.6454720,-62.4758857,0.610000,0.600000,3920.00,0.0171000000,1.04187770000,,,,2.15000000,1.27000000
"HD 38283","HD 38283 b",38.06150000,84.2605324,-73.6998131,1.370000,1.490000,5981.00,1.0200000000,363.20001000000,0.410000,,,127.13200000,14.00000000
"Kepler-341","Kepler-341 b",1047.03000000,289.8615609,43.4727412,0.976000,1.024000,6012.00,0.0600000000,5.19552800000,0.000000,89.71000,,1.76000000,1.18000000
"TIC 153919886","TIC 153919886 b",132.33000000,171.8440734,68.1810449,0.581261,0.591697,4137.16,,2.10510492329,,87.54484,,7.78000000,2.70601108
"Kepler-1669","Kepler-1669 b",543.44400000,297.4303826,39.8478795,0.670000,0.714145,4303.00,0.0745000000,9.51216000000,0.000000,89.70000,,8.15000000,2.78043818
"Kepler-295","Kepler-295 c",1699.19000000,285.3458383,45.3677754,0.890000,0.898000,5603.00,0.1420000000,21.52625800000,0.000000,86.20000,,1.71000000,1.17000000
"NN Ser","NN Ser c",515.81800000,238.2337015,12.9120871,0.535000,,57000.00,5.3500000000,6987.00000000000,0.089000,,77.2500,2329.60000000,12.60000000
"Kepler-1802","Kepler-1802 b",636.69400000,300.2420869,44.1412854,0.649000,0.637000,4245.00,0.0662000000,15.45020008000,0.000000,84.97000,,3.43000000,1.67100000
"TOI-6008","TOI-6008 b",23.10080000,310.4487344,49.6468992,0.230000,0.242000,3075.00,0.0107770000,0.85743470000,,87.20000,,4.00000000,1.03000000
"Kepler-1437","Kepler-1437 b",2101.69000000,291.8649164,49.3258690,0.930000,0.900000,5557.00,0.0951000000,10.92954610000,0.000000,89.20000,,2.45000000,1.37000000
"Kepler-330","Kepler-330 b",717.52700000,288.4474035,44.8017616,0.848000,0.722000,5117.00,0.0750000000,8.25978000000,0.000000,89.57000,,2.39000000,1.35000000
"Kepler-100","Kepler-100 c",304.64500000,291.3861294,41.9901394,1.080000,1.490000,5825.00,0.1106100000,12.81590000000,0.020000,87.40000,,7.05000000,2.20000000
"K2-377","K2-377 b",195.14900000,202.8978870,-12.0951142,0.821000,0.691000,4200.00,,12.83223500000,,,,3.51000000,1.69300000
"Kepler-554","Kepler-554 b",690.52500000,296.4068982,51.3581938,0.930000,0.920000,5447.00,0.0302200000,1.90220855600,0.000000,89.03000,,17.00000000,4.29000000
"Kepler-208","Kepler-208 e",775.32800000,293.8901979,42.5279413,1.082000,1.314000,6092.00,0.1320000000,16.25945800000,0.000000,89.29000,,2.79000000,1.48000000
"Kepler-1287","Kepler-1287 b",1003.26000000,289.1346298,47.0630180,0.960000,0.940000,5715.00,0.0976000000,11.47685909000,0.000000,89.87000,,2.99000000,1.54000000
"Kepler-646","Kepler-646 b",451.79400000,290.4714596,44.3870422,0.930000,0.910000,5634.00,0.1125100000,15.87364565000,0.000000,89.30000,,4.62000000,1.99000000
"Kepler-1880","Kepler-1880 b",611.04100000,287.8264561,40.6965988,0.524000,0.530000,4380.00,0.0540000000,6.30921983700,0.000000,89.82000,,5.13000000,2.11686218
"Kepler-587","Kepler-587 b",787.89400000,288.6706571,47.3991249,0.920000,0.890000,5549.00,0.0952000000,10.94027841000,0.000000,88.85000,,5.60000000,2.23000000
"EPIC 201238110","EPIC 201238110 b",159.25900000,179.7058532,-3.3894613,0.410000,0.374000,3587.00,,28.16560000000,,,,4.16000000,1.87000000
"K2-240","K2-240 c",72.91050000,227.8493710,-17.8754464,0.580000,0.540000,3810.00,0.1159000000,20.52300000000,,89.66000,,3.89000000,1.80000000
"Kepler-1495","Kepler-1495 b",1355.54000000,286.1306907,38.7795494,1.030000,1.040000,5831.00,0.3677000000,85.27325600000,0.000000,86.95000,,8.96000000,2.94000000
"Kepler-508","Kepler-508 b",324.61800000,295.4042546,42.9812789,1.160000,1.250000,6025.00,0.1727400000,25.30889748000,0.000000,87.81000,,3.33000000,1.64000000
"HD 191939","HD 191939 f",53.60890000,302.0256247,66.8503014,0.810000,0.940000,5348.00,3.7100000000,2898.00000000000,0.000000,,,915.34581216,13.20000000
"HN Peg","HN Peg b",18.11860000,326.1315705,14.7714524,1.080000,1.006954,6186.00,773.0000000000,,,,,6991.57000000,11.77680000
"K2-413","K2-413 b",285.16200000,353.4175668,-7.6120272,0.808000,0.700000,4116.00,0.0117000000,0.80940000000,,89.95180,,0.36300000,0.75990000
"KOI-351","KOI-351 h",848.25400000,284.4334642,49.3051239,1.242000,1.185000,6031.13,0.9706200000,331.60296000000,0.027600,89.92700,119.0000,203.00000000,11.25200000
"HD 60779","HD 60779 c",35.44450000,114.0047579,-3.1512910,1.050000,1.129000,6081.00,,104.79000000000,0.041000,,,28.30000000,5.79000000
"K2-19","K2-19 c",289.82700000,174.9602543,0.6035960,0.880000,0.820000,5322.00,0.0982000000,11.90600000000,0.100000,90.00000,275.0000,11.00000000,4.10000000
"TOI-3160 A","TOI-3160 A b",567.67800000,224.5658555,-27.6825503,1.088000,1.346000,6190.00,0.0505000000,3.97128100000,0.180000,84.63000,,378.21580433,13.76462830
"Kepler-1333","Kepler-1333 b",932.44600000,293.5275797,41.1113940,0.940000,0.920000,5628.00,0.4382000000,109.64718420000,0.000000,89.45000,,8.30000000,2.81000000
"Kepler-1715","Kepler-1715 b",522.60500000,293.9297337,41.6029048,1.082000,1.209000,6212.00,0.2242900000,35.59730148000,0.000000,87.51000,,16.00000000,4.14042267
"Kepler-1885","Kepler-1885 b",818.48200000,288.7507112,47.4909206,0.977000,0.860000,5591.00,0.0360000000,2.52255988100,0.000000,63.80000,,2.89000000,1.51110555
"TOI-1803","TOI-1803 c",119.24000000,178.0461054,35.1718001,0.756000,0.715000,4687.00,0.0970000000,12.88577900000,0.000000,88.48000,,8.00000000,4.29000000
"Kepler-1116","Kepler-1116 b",1008.57000000,291.9336573,44.1154992,0.950000,0.930000,5641.00,0.2330000000,41.69778270000,0.000000,89.98000,,6.99000000,2.54000000
"Kepler-232","Kepler-232 b",1349.13000000,295.8161668,51.1217249,0.970000,0.968000,5847.00,0.0540000000,4.43122200000,0.000000,87.72000,,9.69000000,3.08000000
"HD 141399","HD 141399 d",37.01690000,236.7235392,46.9862880,1.070000,1.387236,5600.00,2.0900000000,1069.80000000000,0.074000,,-140.0000,375.03940000,13.70000000
"HIP 57274","HIP 57274 b",25.86180000,176.1705487,30.9576484,0.290000,0.780000,4510.00,0.0700000000,8.13520000000,0.190000,0.19800,81.0000,3359.44626199,
"Kepler-398","Kepler-398 d",177.35500000,291.4688524,40.3437001,0.720000,0.670000,4557.00,0.0618000000,6.83437001000,0.000000,85.83000,,0.61500000,0.88000000
"HD 158259","HD 158259 b",27.04980000,261.3495847,52.7904721,1.080000,1.210000,5801.89,,2.17800000000,,,,2.22000000,1.28228000
"Kepler-577","Kepler-577 b",524.24700000,294.7119855,39.0737317,0.780000,0.730000,4984.00,0.1348000000,25.69578251000,0.000000,88.97000,,7.04000000,2.55000000
"Kepler-953","Kepler-953 b",258.89300000,288.9716297,44.6246451,0.950000,0.990000,5416.00,0.3920000000,88.40655258000,0.000000,89.37000,,16.50000000,4.21000000
"HD 124330","HD 124330 b",60.19770000,212.8207093,54.4089731,1.150000,1.304460,5873.00,0.8600000000,270.66000000000,0.340000,0.80840,18.2800,238.37130525,14.00000000
"Kepler-1966","Kepler-1966 b",484.60100000,292.4637788,41.2990438,0.797000,0.840000,5009.00,0.0763000000,8.61742973300,0.000000,89.86000,,1.39000000,1.10479327
"Kepler-212","Kepler-212 c",687.19400000,287.6208165,43.1416239,1.166000,1.455000,5852.00,0.2070000000,31.80517400000,0.000000,86.65000,,7.95000000,2.74000000
"HD 238914","HD 238914 b",519.45200000,279.5842102,59.2538819,1.470000,12.730000,4769.00,5.7000000000,4100.00000000000,0.560000,,318.0000,1906.98000000,12.80000000
"Kepler-44","Kepler-44 b",1188.00000000,300.1023512,45.7621918,1.120000,1.350000,5800.00,0.0446000000,3.24672930000,0.066000,84.96000,,317.82000000,12.22000000
"Kepler-158","Kepler-158 b",315.17700000,284.0323723,39.7815365,0.655000,0.624000,4623.00,0.1110000000,16.70918400000,0.000000,88.20000,,5.14000000,2.12000000
"Kepler-1080","Kepler-1080 b",1382.82000000,296.4644914,49.1828952,1.100000,1.160000,5956.00,0.3781000000,77.25483960000,0.000000,88.60000,,10.80000000,3.28000000
"Kepler-1228","Kepler-1228 b",515.45300000,296.5527610,46.9661945,0.780000,0.740000,5063.00,0.0118600000,0.57736957900,0.000000,89.56000,,2.99000000,1.54000000
"TOI-5786","TOI-5786 b",192.47500000,293.3223259,30.7042468,1.230000,1.360000,6235.00,0.1140000000,12.77910700000,,88.90000,,73.00000000,8.54000000
"Kepler-1850","Kepler-1850 b",250.19900000,287.1428295,43.6161177,0.611000,0.600000,4239.00,0.0206000000,1.38580000400,0.000000,86.72000,,0.31300000,0.72909663
"75 Cet","75 Cet c",82.96130000,38.0391598,-1.0350269,1.920000,10.380000,4809.00,3.9290000000,2051.62000000000,0.023000,,123.0000,289.85950718,13.90000000
"TOI-2345","TOI-2345 b",81.65410000,43.8847940,-34.9779745,0.727000,0.729000,4687.00,0.0170500000,1.05285730000,,86.90000,,3.49000000,1.50400000
"DMPP-1","DMPP-1 e",62.53880000,86.7761233,-10.6303217,1.210000,1.260000,6196.00,0.0651000000,5.51600000000,0.070000,,,4.13000000,1.86000000
"Kepler-548","Kepler-548 b",751.77600000,299.9059167,45.4396103,0.930000,0.900000,5535.00,0.0495000000,4.45419433800,0.000000,88.16000,,,11.99000000
"Kepler-260","Kepler-260 c",627.36500000,291.9259658,38.0140525,1.013000,0.862000,5250.00,0.3320000000,76.05017800000,0.000000,89.99000,,3.68000000,1.74000000
"Kepler-1460","Kepler-1460 b",553.21800000,285.5577888,44.0108221,0.700000,0.670000,4422.00,0.1614000000,29.96332470000,0.000000,89.04000,,4.50000000,1.96000000
"HD 133131 B","HD 133131 B b",51.29930000,225.8999745,-27.8415947,0.930000,0.989538,5805.00,6.1500000000,5769.00000000000,0.610000,,103.0000,794.57500000,13.30000000
"HD 158259","HD 158259 d",27.04980000,261.3495847,52.7904721,1.080000,1.210000,5801.89,,5.19808140000,,,,5.41000000,2.18000000
"WASP-138","WASP-138 b",414.23400000,41.6391598,-0.4641252,1.220000,1.360000,6272.00,0.0494000000,3.63443300000,,88.50000,,387.75260000,12.21781000
"TOI-5181 A","TOI-5181 A b",480.15500000,280.6774738,21.6998203,1.250000,1.530000,6060.00,0.0522000000,3.89222950000,0.150000,83.68000,,330.54154328,13.34989601
"Kepler-599","Kepler-599 b",558.51700000,285.9115968,41.0695091,0.830000,0.790000,5127.00,0.1128000000,15.65562652000,0.000000,89.42000,,8.45000000,2.84000000
"Kepler-158","Kepler-158 d",315.17700000,284.0323723,39.7815365,0.656000,0.668000,4895.97,,0.64508800000,,,,0.04720000,0.43000000
"Kepler-575","Kepler-575 b",853.97700000,286.9638856,37.8296147,0.970000,0.950000,5710.00,0.0788000000,9.37891944000,0.000000,87.68000,,6.30000000,2.39000000
"EPIC 246851721","EPIC 246851721 b",372.63200000,78.9198197,16.2786991,1.317000,1.586000,6202.00,0.0722900000,6.18023500000,,86.21000,,953.49000000,11.78065900
"HD 1461","HD 1461 b",23.45340000,4.6762645,-8.0536206,1.020000,1.152288,5765.00,0.0634000000,5.77152000000,0.172000,,-10.0000,6.44000000,2.42000000
"Gl 725 A","Gl 725 A b",3.52140000,280.6834312,59.6381090,0.330000,0.351000,3433.00,0.0680000000,11.22010000000,0.000000,,0.0000,2.78000000,1.48000000
"Kepler-1218","Kepler-1218 b",840.50300000,291.5788505,44.5316825,1.060000,1.100000,5986.00,0.1569800000,22.92212660000,0.000000,88.01000,,2.67000000,1.44000000
"Kepler-1891","Kepler-1891 b",596.24000000,290.0438524,44.3705375,0.873000,0.827000,5516.00,0.0473000000,4.02229023000,0.000000,88.30000,,2.93000000,1.52139156
"Kepler-782","Kepler-782 b",446.84400000,288.8682460,47.7594700,0.980000,1.010000,5867.00,0.5449400000,158.68533080000,0.000000,89.98000,,10.40000000,3.21000000
"Kepler-330","Kepler-330 c",717.52700000,288.4474035,44.8017616,0.848000,0.722000,5117.00,0.1160000000,15.95538700000,0.000000,89.40000,,4.46000000,1.95000000
"Kepler-987","Kepler-987 b",914.12600000,289.4110582,46.1308443,0.970000,0.910000,5637.00,0.4238000000,105.30331480000,0.000000,89.99000,,10.70000000,3.26000000
"Kepler-385","Kepler-385 d",1432.61000000,294.3385109,50.3365178,1.050000,1.157000,5829.00,0.2872000000,56.41590000000,0.000000,87.94000,,7.36000000,2.61864480
"Kepler-115","Kepler-115 c",623.60900000,297.7119299,45.2619850,1.042000,1.205000,5979.00,0.0870000000,8.99088900000,0.000000,85.95000,,7.27000000,2.60000000
"TOI-2120","TOI-2120 b",32.17550000,23.5073150,65.5139877,0.211000,0.245000,3131.00,0.0377000000,5.79981640000,0.320000,88.67000,,6.80000000,2.12200000
"K2-395","K2-395 b",286.72700000,70.4438684,16.6743415,0.952000,0.783000,5007.00,,4.80335200000,,,,7.26000000,2.59700000
"Kepler-968","KOI-1833 d",290.32400000,285.6025889,50.1120401,0.681000,0.667000,4413.00,0.0634000000,7.68500000000,0.000000,86.87000,,11.02000000,2.58000000
"Kepler-734","Kepler-734 b",1157.21000000,297.0456122,46.0273893,0.850000,0.780000,5326.00,0.0583000000,6.10485285600,0.000000,89.78000,,12.40000000,3.56000000
"HD 104067","HD 104067 c",20.36320000,179.7923543,-20.3556058,0.820000,0.780000,4952.00,0.1058000000,13.89920000000,0.290000,,37.0000,13.20000000,3.69000000
"Kepler-514","Kepler-514 b",455.33600000,286.2471739,50.2423694,1.280000,1.440000,6106.00,0.0655900000,5.65179605000,0.000000,81.85000,,3.61000000,1.72000000
"Kepler-1456","Kepler-1456 b",370.31200000,286.9453381,43.8228023,0.640000,0.620000,4231.00,0.1132000000,18.13738290000,0.000000,86.12000,,1.55000000,1.14000000
"TOI-1411","TOI-1411 b",32.47780000,232.9460470,47.0555507,0.604500,0.614000,4115.00,0.0212200000,1.45205270000,0.000000,,90.0000,2.00000000,1.19880592
"Kepler-1614","Kepler-1614 b",1191.19000000,284.8713893,49.7758867,0.790000,0.760000,5121.00,0.0471000000,3.94661410000,0.000000,88.54000,,2.83000000,1.49000000
"CoRoT-20","CoRoT-20 b",844.06100000,97.7204249,0.2268931,1.140000,1.020000,5880.00,0.0900000000,9.24285000000,0.590000,88.21000,60.1000,1366.66900000,9.41556000
"K2-187","K2-187 d",330.91600000,132.5235618,23.1924709,0.966999,0.830000,5438.00,0.0720000000,7.14958400000,,90.30000,,6.35000000,2.40000000
"HD 44219","HD 44219 b",52.90510000,95.0599971,-10.7250799,1.200000,1.320000,5752.00,1.2600000000,472.00000000000,0.410000,90.00000,145.0000,184.34047606,14.10000000
"Kepler-142","Kepler-142 c",548.68600000,295.1190067,48.4813635,0.978000,1.269000,5790.00,0.0570000000,4.76170200000,0.000000,87.89000,,8.55000000,2.86000000
"HD 72659","HD 72659 b",51.89490000,128.5128072,-1.5686323,1.033000,1.360000,5929.00,4.6070000000,3549.00000000000,0.239300,77.58300,-95.9000,949.67128012,13.20000000
"Kepler-652","Kepler-652 b",394.55000000,288.0080899,46.4736108,0.970000,0.880000,5490.00,0.0495800000,4.18200253100,0.000000,89.94000,,6.76000000,2.49000000
"TOI-332","TOI-332 b",222.85200000,348.0589516,-44.8764852,0.880000,0.870000,5251.00,0.0159000000,0.77703800000,0.000000,86.40000,0.0000,57.20000000,3.20000000
"K2-62","K2-62 b",112.46700000,334.3645089,-12.1874776,0.670000,0.696000,4455.00,0.0636000000,6.67199000000,,89.09984,,4.74000000,2.02000000
"K2-380","K2-380 b",249.30300000,283.4346389,-26.5387308,0.993000,1.320000,5911.00,,9.40131200000,,,,7.89000000,2.72900000
"Kepler-785","Kepler-785 b",642.05100000,292.0683108,38.8422004,0.770000,0.710000,4739.00,0.0250000000,1.97376092600,0.000000,87.90000,,,13.02000000
"K2-224","K2-224 b",275.25500000,189.7041426,-10.0605942,0.910000,0.840000,5620.00,0.0516000000,4.47904000000,,87.85965,,3.05000000,1.56000000
"Kepler-1066","Kepler-1066 b",344.25100000,298.8666210,46.5022325,0.980000,0.980000,5762.00,0.0298000000,1.93155983900,0.000000,80.37000,,6.17000000,2.36000000
"Kepler-1315","Kepler-1315 c",480.86900000,295.8215678,46.0530562,0.809000,0.856000,4818.00,0.0635000000,6.56606006600,0.000000,88.08000,,4.06000000,1.84398883
"TOI-375","TOI-375 d",396.21300000,47.1499034,-77.3833275,1.441000,2.900000,5259.90,0.9840000000,297.90000000000,,,,445.59542661,13.60000000
"KIC 9663113","KIC 9663113 b",1594.74000000,297.0454037,46.3286653,0.980000,1.030000,6065.00,1.5534600000,572.38470000000,0.000000,89.76800,,19.20000000,4.60000000
"NGTS-12","NGTS-12 b",446.44200000,176.2499418,-35.6405630,1.021000,1.589000,5690.00,0.0757000000,7.53280600000,0.000000,88.90000,,66.10864000,11.74703200
"Kepler-1240","Kepler-1240 b",862.18600000,282.9997682,40.5574322,0.980000,0.960000,5682.00,0.0579100000,4.86638150000,0.000000,89.38000,,1.60000000,1.15000000
"KIC 7917485","KIC 7917485 b",1382.89000000,299.4346094,43.6326069,1.630000,2.009938,7067.00,,840.00000000000,0.150000,,,3750.39400000,12.40000000
"HD 26161","HD 26161 b",40.91280000,62.4122255,31.6524346,1.120000,1.455981,6057.62,10.0870000000,10942.29013000000,0.922000,59.55800,8.5080,9045.39646322,11.90000000
"Kepler-1323","Kepler-1323 b",465.41700000,292.8722515,46.0987290,1.180000,1.400000,6169.00,0.0191100000,0.92990667800,0.000000,88.59000,,2.92000000,1.52000000
"TOI-2379","TOI-2379 b",211.24700000,358.0920465,-53.0431560,0.645000,0.622000,3707.00,0.0526300000,5.46938270000,0.342000,88.85000,73.1000,1830.69162432,11.72459381
"Kepler-657","Kepler-657 b",1691.88000000,291.1973006,47.3077545,1.010000,1.010000,5808.00,0.1733700000,24.54350418000,0.000000,89.91000,,12.20000000,3.52000000
"K2-198","K2-198 c",110.56700000,198.8436817,-6.4649888,0.799000,0.757000,5212.90,,3.35960550000,,86.49400,,2.61000000,1.42300000
"HD 170469","HD 170469 b",60.17800000,277.2955423,11.6954244,1.100000,1.240000,5842.00,2.2400000000,1145.00000000000,0.110000,,34.0000,209.76780000,14.10000000
"Kepler-139","Kepler-139 d",391.03800000,282.3919451,43.8894167,1.078000,1.045000,5622.00,0.0755533961,7.30569992200,0.000000,87.97000,,2.00000000,1.69500000
"Kepler-1639","Kepler-1639 b",1031.31000000,283.0686510,48.8021209,1.120000,1.180000,6150.00,0.0932000000,9.87848200000,0.000000,87.70000,,7.18000000,2.58000000
"TOI-2580","TOI-2580 b",379.25300000,62.1992072,67.1165264,1.330000,1.810000,6120.00,0.0480000000,3.39775000000,0.080000,,114.0000,200.23189641,17.37392009
"Kepler-1000","Kepler-1000 b",1115.62000000,286.6854729,47.0981948,1.400000,1.510000,6453.00,0.5326000000,120.01812720000,0.000000,89.50000,,20.30000000,4.76000000
"TOI-2088","TOI-2088 b",126.46000000,261.3748943,75.8822796,0.902700,0.848100,5081.00,0.4720000000,124.72997000000,0.000000,,90.0000,37.00000000,3.68311790
"HIP 98599","HIP 98599 b",75.94280000,300.4090608,-22.1110649,1.190000,1.394840,5978.00,3.9600000000,2656.00000000000,0.169000,29.70000,275.0000,2177.12458795,12.70000000
"K2-154","K2-154 b",129.35600000,189.0015173,-2.6696217,0.650000,0.630000,4097.00,0.0405000000,3.67626000000,,,,4.62000000,1.99000000
"Kepler-240","Kepler-240 b",746.92700000,291.1587635,40.7502108,0.868000,0.739000,4985.00,0.0480000000,4.14449500000,0.000000,89.99000,,2.45000000,1.37000000
"HIP 38594","HIP 38594 c",17.78860000,118.5439118,-25.3023073,0.610000,0.626646,4086.30,3.8050000000,3477.76800000000,0.160000,,196.0000,48.40000000,7.94000000
"Kepler-145","Kepler-145 c",566.85000000,291.3877397,44.5290465,1.320000,1.850000,6022.00,0.2624400000,42.88200000000,0.110000,89.29000,,79.40000000,4.32000000
"Kepler-144","Kepler-144 b",384.91700000,281.9156128,42.7755535,1.154000,1.235000,6075.00,0.0660000000,5.88527300000,0.000000,88.06000,,2.33000000,1.33000000
"TOI-1846","TOI-1846 b",47.24960000,257.9549645,54.5278483,0.418000,0.397000,3568.00,0.0364600000,3.93067370000,,88.65000,,3.87000000,1.79200000
"Kepler-1957","Kepler-1957 b",460.89900000,293.7114360,47.8874467,0.745000,0.772000,4904.00,0.0299000000,2.18661999700,0.000000,82.31000,,0.79000000,0.94374867
"Kepler-219","Kepler-219 b",787.07000000,288.7389481,46.7625929,1.164000,1.491000,5786.00,0.0570000000,4.58551200000,0.000000,82.38000,,9.01000000,2.95000000
"TIC 365102760","TIC 365102760 b",555.54600000,305.8398236,54.3943194,1.170000,3.130000,4900.00,0.0622000000,4.21285367000,0.406000,,0.2160,19.20000000,6.21000000
"Kepler-1153","Kepler-1153 b",1119.49000000,289.1471849,45.8661300,0.910000,0.880000,5470.00,0.0277000000,1.75583532700,0.000000,75.45000,,3.64000000,1.73000000
"Kepler-327","Kepler-327 b",241.98700000,292.6422963,44.0876251,0.591913,0.492000,3799.00,0.0290000000,2.54957500000,0.000000,89.77000,,1.41000000,1.11000000
"K2-72","K2-72 b",66.43210000,334.6227504,-9.6120084,0.271365,0.330989,3360.47,0.0400000000,5.57721200000,0.110000,89.15000,7.4900,1.28000000,1.08000000
"TOI-5126","TOI-5126 c",160.41400000,151.6597827,18.6340631,1.240000,1.241000,6150.00,0.1439000000,17.89990000000,0.000000,89.23000,0.0000,14.20000000,3.86000000
"Kepler-405","Kepler-405 b",1065.08000000,291.4094615,38.3400107,0.873000,0.893000,5818.00,0.0950000000,10.61383900000,0.000000,89.94000,,4.98000000,2.08000000
"2MASS J19383260+4603591","Kepler-451 d",396.33200000,294.6359173,46.0664076,0.480000,0.203000,29564.00,,43.00000000000,0.000000,,85.0000,559.37799632,13.50000000
"Kepler-1421","Kepler-1421 b",783.40100000,286.5806115,48.5442312,1.250000,1.420000,6335.00,0.0757600000,6.91311120000,0.000000,88.60000,,0.74900000,0.93000000
"K2-332","K2-332 b",123.20200000,135.8832666,14.2504994,0.270000,0.280000,3315.00,,17.70632000000,,,,5.48000000,2.20000000
"Kepler-1288","Kepler-1288 b",814.07800000,285.7135000,41.6058799,1.200000,1.290000,6132.00,0.0413500000,2.76122421000,0.000000,87.58000,,1.46000000,1.12000000
"GJ 1151","GJ 1151 c",8.03625000,177.7304866,48.3732334,0.163900,0.178100,3280.00,0.5714000000,389.70000000000,,,,10.62000000,3.25000000
"Kepler-80","Kepler-80 c",369.45100000,296.1125759,39.9787451,0.730000,0.678000,4540.00,0.0792000000,9.52355000000,0.007900,89.33000,190.0000,6.74000000,2.74000000
"Kepler-925","Kepler-925 b",611.11500000,290.1065581,40.4906242,0.770000,0.720000,4673.00,0.1805000000,33.86785310000,0.000000,89.02000,,6.08000000,2.34000000
"Kepler-194","Kepler-194 d",1097.97000000,291.9714290,47.8640498,0.940000,1.025000,6089.00,0.2750000000,52.81497300000,0.000000,90.00000,,6.35000000,2.40000000
"Kepler-945","Kepler-945 b",1651.25000000,291.2697354,42.0960305,0.970000,0.970000,5718.00,0.2037000000,31.00338140000,0.000000,89.81000,,7.41000000,2.63000000
"HD 156846","HD 156846 b",47.73320000,260.1423366,-19.3343650,1.380000,1.900000,6090.00,1.1200000000,359.51001000000,0.850000,,51.6200,3391.24610000,12.40000000
"TOI-2025","TOI-2025 b",335.98500000,282.7952558,82.2454143,1.199000,1.459000,5977.00,0.0892000000,8.87209820000,0.394000,88.65000,91.8000,1144.18226520,11.89272852
"Kepler-1878","Kepler-1878 b",1494.30000000,300.7324154,44.1070231,0.956000,0.865000,5918.00,0.0521000000,4.44587993600,0.000000,86.18000,,8.86000000,2.92019781
"Kepler-1447","Kepler-1447 b",890.29600000,289.6434285,50.7270160,0.970000,0.950000,5722.00,0.2836000000,56.67472850000,0.000000,89.44000,,8.75000000,2.90000000
"Kepler-1805","Kepler-1805 b",221.63900000,285.0865387,40.8990506,0.581000,0.552000,3867.00,0.0699000000,8.84794044500,0.000000,89.92000,,3.00000000,1.54502915
"HD 158259","HD 158259 f",27.04980000,261.3495847,52.7904721,1.080000,1.210000,5801.89,,12.02800000000,,,,6.14000000,2.35000000
"Kepler-370","Kepler-370 b",1167.94000000,292.1710683,40.9162381,0.982000,0.900000,5852.00,0.0540000000,4.57953000000,0.000000,89.72000,,3.15000000,1.59000000
"Kepler-956","Kepler-956 b",544.93900000,292.5308289,49.0616555,1.100000,1.150000,6040.00,0.0601700000,5.24867263100,0.000000,86.00000,,9.27000000,3.00000000
"HD 63433","HD 63433 b",22.40350000,117.4793699,27.3631342,0.956000,0.934000,5553.00,0.0720000000,7.10794750000,0.240000,89.07500,90.0000,21.75500000,2.14000000
"Kepler-1142","Kepler-1142 b",1273.51000000,292.7144796,44.0822816,0.970000,0.960000,5685.00,0.1343000000,18.30272480000,0.000000,86.37000,,2.76000000,1.47000000
"Kepler-853","Kepler-853 b",568.67600000,283.9367810,49.1102748,1.300000,1.550000,6350.00,0.0790000000,7.16892463000,0.000000,86.64000,,3.50000000,1.69000000
"2MASS J19383260+4603591","Kepler-451 c",396.33200000,294.6359173,46.0664076,0.480000,0.203000,29564.00,,1460.00000000000,0.290000,,7.0000,511.70373527,13.50000000
"WISPIT 1","WISPIT 1 b",230.00700000,117.7985550,-50.1376852,0.720000,1.116100,4670.00,338.0000000000,,,,,3305.41543280,12.40000000
"TOI-2529","TOI-2529 b",296.27100000,118.9945352,-52.3548332,1.110000,1.700000,5802.00,0.3270000000,64.59490000000,0.021000,,103.8000,743.71847238,11.54525012
"KOI-1599","KOI-1599.01",1131.64000000,298.3738383,40.6184483,1.020000,0.972000,5833.00,0.1472800000,20.44150000000,0.014000,89.78000,230.1750,4.60000000,1.90000000
"Kepler-1759","Kepler-1759 b",385.34800000,298.4656275,48.5593334,0.760000,0.797000,5017.00,0.0429000000,3.72023010300,0.000000,88.63000,,0.67600000,0.90377910
"Kepler-1215","Kepler-1215 b",661.02200000,297.4636477,48.1813978,0.950000,0.930000,5616.00,0.0528000000,4.76703963000,0.000000,89.76000,,1.98000000,1.22000000
"Kepler-1733","Kepler-1733 b",2080.51000000,291.1384628,37.8592447,1.273000,1.252000,6320.00,0.0933000000,9.22957992600,0.000000,89.88000,,12.80000000,3.63582354
"Kepler-357","Kepler-357 c",688.57300000,291.2429746,44.0086337,0.794000,0.834000,5036.00,0.1200000000,16.85837000000,0.000000,88.98000,,7.61000000,2.67000000
"Kepler-194","Kepler-194 c",1097.97000000,291.9714290,47.8640498,0.940000,1.025000,6089.00,0.1310000000,17.30803200000,0.000000,90.00000,,7.22000000,2.59000000
"Kepler-1056","Kepler-1056 b",982.51000000,299.5259832,46.8992561,1.120000,1.200000,6127.00,0.1629000000,27.49560600000,0.000000,88.87000,,9.32000000,3.01000000
"Kepler-1424","Kepler-1424 b",661.42100000,290.9916648,40.2293347,1.020000,1.070000,5838.00,0.1906800000,29.60917440000,0.000000,82.54000,,1.65000000,1.16000000
"Kepler-1642","Kepler-1642 c",413.87300000,297.2121215,43.6437890,0.880000,0.840000,5355.00,0.0678000000,6.65138020000,0.000000,89.85000,,7.56000000,2.66000000
"HD 164595","HD 164595 b",28.25400000,270.1613723,29.5726698,0.990000,1.023606,5790.00,0.2300000000,40.00000000000,0.088000,,145.0000,16.14000000,4.16000000
"K2-24","K2-24 c",170.56200000,242.5734559,-24.9906029,1.091000,1.185000,5726.00,0.2620000000,42.34732000000,0.028200,89.44000,139.0000,16.40000000,7.93000000
"Kepler-235","Kepler-235 d",428.01800000,286.0790779,39.2782370,0.581000,0.554000,4255.00,0.1220000000,20.06054800000,0.000000,89.57600,,4.86000000,2.05000000
"HD 97037","HD 97037 b",32.41300000,167.5545621,-7.3901483,1.060000,1.263560,5874.10,6.9250000000,6449.08337000000,0.357000,14.56100,109.3860,6707.76852973,12.10000000
"Kepler-776","Kepler-776 b",727.90400000,287.2726117,41.6356009,0.830000,0.780000,5071.00,0.0523000000,4.89718784000,0.000000,87.63000,,2.18000000,1.28000000
"K2-352","K2-352 b",176.05100000,140.4451478,18.4696280,0.980000,0.950000,5791.00,,3.66591200000,,,,2.45000000,1.37000000
"TOI-3288","TOI-3288 b",200.50000000,297.1103158,-43.0180008,0.643000,0.672000,4072.00,0.0228500000,1.43386470000,0.021000,89.00000,174.0000,536.17652261,12.24020692
"Kepler-1420","Kepler-1420 b",1054.37000000,296.2038586,42.7778165,0.820000,0.790000,5187.00,0.0671000000,6.69960006000,0.000000,90.00000,,2.18000000,1.28000000
"K2-333","K2-333 b",343.99000000,136.7892752,15.2056765,1.060000,1.220000,5880.00,,14.75928700000,,89.35000,,31.60000000,6.18000000
"Kepler-79","Kepler-79 e",1020.72000000,300.5171067,44.3815508,1.244000,1.316000,6389.00,0.3944500000,81.06650000000,0.025000,89.13000,59.0000,3.80000000,3.53000000
"Kepler-20","Kepler-20 d",282.56300000,287.6979913,42.3385782,0.929000,0.916400,5495.00,0.3474000000,77.61145500000,0.082000,89.70800,,13.40000000,2.60600000
"DMPP-1","DMPP-1 c",62.53880000,86.7761233,-10.6303217,1.210000,1.260000,6196.00,0.0973000000,10.03000000000,0.220000,,121.0000,10.94000000,3.31000000
"Kepler-947","Kepler-947 b",1730.78000000,294.3667312,42.2526408,0.900000,0.870000,5508.00,0.1773000000,26.96443170000,0.000000,89.99000,,5.82000000,2.28000000
"Kepler-689","Kepler-689 b",1131.73000000,294.7106347,39.5216975,0.910000,0.880000,5518.00,0.1449000000,22.36656079000,0.000000,89.26000,,8.70000000,2.89000000
"NGC 2682 YBP 1194","NGC 2682 YBP 1194 b",872.92000000,132.7533077,11.8146537,1.010000,0.990000,5780.00,,6.95900000000,0.300000,,99.3600,101.70560000,12.30000000
"HD 211970","HD 211970 b",13.12770000,335.5661579,-54.5596006,0.610000,0.574175,4127.00,0.1430000000,25.20100000000,0.150000,,97.8300,13.00000000,3.66000000
"Kepler-336","Kepler-336 c",768.86000000,290.2376224,41.3313637,1.090000,1.304000,5867.00,0.0920000000,9.60000100000,0.000000,89.79000,,5.06000000,2.10000000
"Kepler-423","Kepler-423 b",758.75300000,292.8557189,46.3911883,0.850000,0.950000,5560.00,0.0358500000,2.68432850000,0.019000,87.82800,120.2600,189.10100000,13.36100000
"2MASS J04372171+2651014","2M0437 b",128.48400000,69.3405531,26.8502997,0.170000,0.840000,3100.00,118.0000000000,,,,,1271.31362800,13.00000000
"Kepler-561","Kepler-561 b",621.37800000,293.7471107,45.1071981,0.960000,0.940000,5646.00,0.2925600000,58.36204950000,0.000000,89.67000,,38.70000000,6.96000000
"24 Boo","24 Boo b",95.98630000,217.1555242,49.8446488,1.050000,12.190000,4816.00,0.1940000000,30.33000000000,0.032000,,-179.2000,280.64248338,13.90000000
"HD 74156","HD 74156 c",57.60300000,130.6047813,4.5772338,1.100000,1.510576,6068.00,3.6780000000,2448.48726000000,0.377000,120.16200,271.9340,2753.98314665,12.50000000
"Kepler-1365","Kepler-1365 c",840.12800000,292.1996573,42.0459944,1.000000,1.050000,5770.00,0.0570100000,4.77468005000,0.000000,89.82000,,0.43700000,0.80000000
"HD 20003","HD 20003 c",41.83160000,46.9090081,-72.3219221,0.875000,0.921637,5494.00,0.1964000000,33.92390000000,0.100000,,53.3300,14.44000000,3.89000000
"Kepler-716","Kepler-716 b",635.00900000,290.3931809,43.3638577,0.830000,0.780000,5099.00,0.0862800000,10.37168453000,0.000000,88.66000,,8.75000000,2.90000000
"TOI-4562","TOI-4562 b",339.60500000,112.0100593,-63.5177788,1.192000,1.152000,6096.00,0.7680000000,225.10640000000,0.760000,89.15000,60.0000,732.00000000,12.53000000
"HD 134606","HD 134606 b",26.79090000,228.8103897,-70.5203328,1.046000,1.158000,5576.00,0.1046000000,12.08900000000,0.092000,,157.0000,9.09000000,2.97000000
"K2-66","K2-66 b",513.87700000,331.5266563,-10.7115362,1.110000,1.670000,5887.00,0.0598300000,5.06963000000,0.000000,86.60000,,21.30000000,2.49000000
"TIC 437041147","TIC 437041147 b",246.60000000,132.9480195,6.7648369,0.931000,0.961092,5224.36,,3.82301421497,,87.34578,,5.54000000,2.21526814
"Kepler-583","Kepler-583 b",867.27100000,282.1113206,42.3545514,0.940000,0.910000,5523.00,0.0689000000,6.51002530000,0.000000,89.91000,,5.82000000,2.28000000
"Kepler-1649","Kepler-1649 c",92.19130000,292.5029676,41.8299933,0.197700,0.231700,3240.00,0.0649000000,19.53527000000,0.000000,89.33900,,1.20000000,1.06000000
"WASP-57","WASP-57 b",398.27600000,223.8199788,-2.0576866,0.886000,0.927000,5600.00,0.0376900000,2.83891856000,0.000000,86.05000,,204.68252000,11.76945000
"Kepler-381","Kepler-381 d",267.32300000,285.1828685,43.8310283,1.198000,2.188000,6197.00,0.0836400000,8.25629997300,0.000000,87.44000,,1.23000000,1.06678650
"TOI-1199","TOI-1199 b",248.42700000,166.8806581,61.3525723,1.230000,1.450000,5710.00,0.0498800000,3.67146300000,0.030000,,57.0000,75.96098927,10.51402390
"TOI-4961","TOI-4961 b",213.07300000,192.5018624,-59.8919345,0.912000,0.912000,5380.00,0.0726000000,7.47918200000,0.182000,88.11000,-126.0000,572.09113260,12.34108775
"Kepler-118","Kepler-118 c",574.22800000,299.2131881,41.4248195,0.811000,1.094000,5274.00,0.1410000000,20.17202000000,0.000000,89.61000,,45.70000000,7.68000000
"Kepler-278","Kepler-278 b",443.03000000,290.1072124,38.7022694,1.227000,2.861000,4965.00,0.2020000000,30.15560000000,0.696000,85.11000,21.1000,56.00000000,3.95500000
"K2-268","K2-268 e",327.78300000,133.7094899,11.8482712,0.840000,0.780000,5106.00,,6.13124300000,,,,2.33000000,1.33000000
"Kepler-1254","Kepler-1254 d",622.81800000,285.1733174,48.7700099,0.780000,0.750000,4985.00,0.0575000000,5.72717226000,0.000000,88.57000,,2.27000000,1.31000000
"HD 167768","HD 167768 b",107.21400000,274.2213308,-3.0085807,1.080000,9.700000,4851.00,0.1512000000,20.65320000000,0.149000,,58.7300,270.15414595,13.90000000
"TOI-1036","TOI-1036 b",184.01500000,157.8671116,-42.2404483,1.030000,1.175540,5664.68,,3.77952125496,,88.17600,,32.50000000,6.28499593
"EPIC 212424622","EPIC 212424622 b",611.80400000,202.3313765,-14.3594358,1.106000,1.224700,5782.33,,18.09830000000,,,,5.35000000,2.17000000
"Kepler-1915","Kepler-1915 b",1514.66000000,301.2786852,44.2505116,1.030000,1.057000,6020.00,0.1140000000,13.83539963000,0.000000,84.10000,,10.40000000,3.21798413
"Kepler-1734","Kepler-1734 b",1482.83000000,294.1631670,41.4517316,1.050000,0.970000,6061.00,0.0714000000,6.79685020400,0.000000,87.32000,,9.74000000,3.08851092
"Kepler-960","Kepler-960 b",284.91600000,281.4572217,46.7465538,0.770000,0.720000,4755.00,0.0380700000,3.12686223000,0.000000,87.93000,,5.86000000,2.29000000
"HD 208897","HD 208897 b",67.48720000,329.7490639,19.0201591,1.250000,4.980000,4860.00,1.0630000000,358.27000000000,0.020000,,-113.5000,379.48711796,13.70000000
"Kepler-1386","Kepler-1386 b",835.88200000,280.8233646,42.6360518,1.020000,1.030000,5733.00,0.0680000000,6.73972381000,0.000000,85.98000,,2.07000000,1.24000000
"Kepler-1921","Kepler-1921 c",928.98900000,300.3161723,45.4953271,1.251000,2.000000,6120.00,0.0454000000,3.15722086000,0.000000,89.99000,,2.57000000,1.41000000
"Kepler-1225","Kepler-1225 b",1347.52000000,290.6332748,40.1369671,1.130000,1.190000,6140.00,0.0771000000,7.01075434000,0.000000,88.92000,,3.97000000,1.82000000
"Kepler-1708","Kepler-1708 b",1666.69000000,296.8241065,43.6248197,1.088000,1.117000,6157.00,1.6400000000,737.11310000000,0.400000,,,1462.01067220,9.96000000
"HD 96700","HD 96700 b",25.41110000,166.9742616,-30.1751383,0.890000,1.160000,5845.00,0.0777000000,8.12450000000,0.138000,,,8.90000000,2.93000000
"Kepler-208","Kepler-208 b",775.32800000,293.8901979,42.5279413,1.082000,1.314000,6092.00,0.0540000000,4.22864000000,0.000000,89.94000,,3.29000000,1.63000000
"Kepler-1146","Kepler-1146 b",703.03800000,286.7167120,47.4256580,0.740000,0.700000,4692.00,0.0325000000,2.35226579700,0.000000,89.48000,,2.04000000,1.23000000
"WASP-100","WASP-100 b",364.41100000,68.9598159,-64.0270390,0.770000,1.570000,6900.00,0.0457400000,2.84938000000,0.000000,82.60000,,400.46580000,14.90797000
"Kepler-1643","Kepler-1643 b",341.77400000,300.4310076,44.7510129,0.845000,0.855000,4916.00,0.0531000000,5.34265700000,0.000000,89.93000,,5.99000000,2.32000000
"Kepler-215","Kepler-215 d",485.99700000,294.9735313,45.2136867,0.788000,1.027000,5739.00,0.1850000000,30.86442300000,0.000000,88.93000,,23.60000000,2.39000000
"EPIC 212737443","EPIC 212737443 b",336.25000000,204.2215065,-7.3180577,0.690000,0.673000,4684.00,0.0980000000,13.60300000000,0.200000,89.07100,,7.20000000,2.58600000
"TOI-2169 A","TOI-2169 A b",351.48700000,279.1701117,23.2586193,1.420000,1.820000,6270.00,0.0896000000,8.21482820000,0.045000,85.80000,,329.58805806,12.50922246
"K2-259","K2-259 b",416.45700000,186.8026947,1.5668631,1.140000,1.130000,6059.00,0.1271000000,15.48043000000,,89.02717,,5.99000000,2.32000000
"TOI-5292 A","TOI-5292 A b",337.09500000,344.2223631,-8.1197473,0.596000,0.611000,3919.00,0.0279000000,2.02191000000,0.034000,88.87000,227.0000,412.85910069,12.64373023
"Kepler-401","Kepler-401 c",965.56000000,290.0827494,50.8634361,1.173000,1.333000,6117.00,0.2690000000,47.31821800000,0.000000,89.69000,,5.27000000,2.15000000
"Kepler-888","Kepler-888 b",420.81700000,295.5212866,49.7386804,0.970000,0.900000,5875.00,0.3148100000,70.69790610000,0.000000,89.98000,,3.75000000,1.76000000
"Kepler-740","Kepler-740 b",1442.02000000,286.4822566,46.6924560,0.910000,0.870000,5438.00,0.0462000000,3.58410121600,0.000000,89.76000,,18.90000000,4.57000000
"Kepler-1673","Kepler-1673 b",727.18700000,285.6671724,48.7195865,1.110000,1.131660,6014.95,0.2136300000,33.78880000000,0.000000,89.91000,,8.93000000,2.93551940
"Kepler-1322","Kepler-1322 c",1350.32000000,293.2045009,45.4353919,0.897000,0.804000,5704.00,0.0652000000,6.45998001100,0.000000,86.82000,,5.29000000,2.15492527
"Kepler-1211","Kepler-1211 b",1826.53000000,285.7207618,40.8569116,0.960000,0.940000,5705.00,0.0976300000,11.01816836000,0.000000,84.66000,,7.04000000,2.55000000
"HIP 78530","HIP 78530 b",136.75900000,240.4810052,-21.9804920,2.500000,2.108760,10500.00,740.0000000000,,,,,7300.00000000,12.00000000
"Kepler-48","Kepler-48 f",306.73800000,299.1393094,40.9489390,0.916000,0.836000,5190.00,5.7191878770,5219.68185400000,0.015283,,,298.58099680,13.80000000
"Kepler-1750","Kepler-1750 b",1497.33000000,292.3514917,48.5110714,0.981000,0.969000,5644.00,0.6785000000,205.91200260000,0.000000,89.93000,,30.10000000,6.00434637
"TOI-4308","TOI-4308 b",108.93200000,327.7530693,-43.5623642,0.900000,0.793400,5243.00,,9.15120100000,,89.07000,,6.43000000,2.41890000
"HD 18015","HD 18015 b",123.80100000,43.3636339,-8.8480392,1.490000,3.130000,5603.00,3.8700000000,2278.00000000000,0.148000,69.00000,265.0000,1048.83374310,13.10000000
"TOI-1798","TOI-1798.02",113.18100000,211.0939367,46.5192825,0.870000,0.780000,5165.00,0.0107890000,0.43781182200,0.000000,,90.0000,5.60000000,1.46400000
"Kepler-24","Kepler-24 b",1156.81000000,290.4132621,38.3437283,1.060000,1.099000,6028.00,0.0804500000,8.14000000000,0.023000,77.26000,,11.14000000,2.34800000
"Kepler-1875","Kepler-1875 b",1660.45000000,296.7727406,50.1883667,0.950000,0.862000,6161.00,0.2039000000,34.45859909000,0.000000,88.74000,,10.50000000,3.22686692
"Kepler-1642","Kepler-1642 b",413.87300000,297.2121215,43.6437890,0.880000,0.840000,5355.00,0.1016000000,12.20575130000,0.000000,89.85000,,10.30000000,3.20000000
"HD 33142","HD 33142 c",121.37500000,76.8980559,-13.9863374,1.520000,4.170000,5025.40,1.9550000000,810.20000000000,0.081000,,52.0000,282.86728223,13.90000000
"Kepler-864","Kepler-864 b",2022.90000000,285.0570943,46.3206074,1.000000,1.000000,5754.00,0.0687000000,5.83376092000,0.000000,84.60000,,6.35000000,2.40000000
"HD 181720","HD 181720 b",60.20460000,290.7212224,-32.9208401,1.030000,1.500000,5736.00,1.8500000000,956.00000000000,0.260000,,177.0000,127.13200000,14.00000000
"TOI-6677","TOI-6677 b",340.52000000,290.4719117,-46.8749591,1.450000,1.571670,6572.28,,5.45060661625,,86.80386,,28.70000000,5.83507112
"Kepler-1394","Kepler-1394 b",640.40900000,283.4532068,45.0840729,1.640000,2.550000,6481.00,0.0547400000,3.93766373000,0.000000,87.96000,,2.51000000,1.39000000
"Kepler-1672","Kepler-1672 b",391.18100000,297.9400971,40.2785566,1.160000,1.088410,6131.95,0.5537400000,150.87800000000,0.000000,89.99000,,9.11000000,2.97022762
"HD 331093","HD 331093 b",50.19280000,295.6200054,31.7395451,1.030000,1.111200,5544.00,1.4400000000,621.62000000000,0.590000,0.37040,165.7700,476.74261050,13.60000000
"Kepler-58","Kepler-58 d",969.25200000,296.3586251,39.1152033,1.024000,1.127000,6099.00,0.2360000000,40.10137100000,0.000000,88.44000,,245.34300000,2.94000000
"Kepler-404","Kepler-404 c",812.52400000,286.3985796,45.3435241,0.860000,0.884000,5654.00,0.1180000000,14.75116600000,0.000000,88.81000,,3.61000000,1.72000000
"Kepler-1254","Kepler-1254 b",622.81800000,285.1733174,48.7700099,0.780000,0.750000,4985.00,0.0833000000,9.99113313000,0.000000,88.16000,,3.02000000,1.55000000
"HD 37124","HD 37124 d",31.66340000,84.2599947,20.7289784,0.850000,0.949168,5698.64,2.8070000000,1862.00000000000,0.160000,,0.0000,221.20968000,14.00000000
"WASP-3","WASP-3 b",231.16100000,278.6317411,35.6614312,1.620000,1.440000,6400.00,0.0315000000,1.84683000000,0.000000,85.06000,79.0000,772.32690000,15.91678000
"Kepler-1936","Kepler-1936 b",871.09600000,290.7300141,44.8361280,1.419000,1.854000,6501.00,0.5266200000,126.55699920000,0.000000,88.63000,,10.20000000,3.16615594
"Kepler-1615","Kepler-1615 b",1393.83000000,286.3592066,42.2273971,1.040000,1.050000,5865.00,0.2788000000,47.31261920000,0.000000,84.51000,,4.90000000,2.06000000
"Kepler-327","Kepler-327 d",241.98700000,292.6422963,44.0876251,0.591913,0.492000,3799.00,0.0900000000,13.96945700000,0.000000,88.50000,,3.64000000,1.73000000
"Kepler-1301","Kepler-1301 b",854.28000000,286.6041816,42.4403309,0.850000,0.810000,5188.00,0.0815000000,9.08237046000,0.000000,89.56000,,2.54000000,1.40000000
"Kepler-784","Kepler-784 c",1303.72000000,295.9206663,47.4486164,1.016000,1.487000,5676.00,0.1309000000,17.15723600000,0.000000,88.81000,,3.02000000,1.55000000
"Kepler-1553","Kepler-1553 b",692.59400000,291.9191348,39.0221769,0.850000,0.810000,5288.00,0.0481000000,4.24261881000,0.000000,89.08000,,1.60000000,1.15000000
"Kepler-1862","Kepler-1862 b",1232.19000000,296.7533555,49.3780726,0.900000,0.806000,5644.00,0.1199000000,16.05730057000,0.000000,87.20000,,5.49000000,2.20300000
"Kepler-990","Kepler-990 b",802.16300000,297.9381813,46.8813194,1.050000,1.080000,5948.00,0.0859500000,9.91723428000,0.000000,87.06000,,7.27000000,2.60000000
"Kepler-1537","Kepler-1537 b",517.29200000,294.3853917,43.8254461,0.810000,0.770000,5079.00,0.0245000000,1.44445379800,0.000000,89.18000,,1.76000000,1.18000000
"HATS-28","HATS-28 b",535.38300000,284.3997616,-49.1385126,0.929000,0.922000,5498.00,0.0413100000,3.18107810000,0.202000,86.17000,,213.58176000,13.38354600
"HR 858","HR 858 d",31.96400000,42.9849779,-30.8140609,1.204000,1.258000,6354.00,0.1046000000,11.23051100000,0.000000,87.72000,90.0000,7.10000000,2.00100000
"TOI-2193 A","TOI-2193 A b",337.06400000,313.6912320,-72.8046404,1.082000,1.248000,5966.00,0.0331900000,2.12257350000,0.000000,79.96000,,298.75870258,19.83989584
"GJ 9773","GJ 9773 b",15.92110000,333.1502333,8.5503355,0.358000,0.362000,3528.00,2.9210000000,2965.00000000000,0.218000,,99.0000,172.58082500,14.20000000
"Kepler-1785","Kepler-1785 b",745.74000000,295.7921797,47.6000699,0.911000,0.996000,5618.00,0.1391700000,19.58550072000,0.000000,88.19000,,7.77000000,2.70422447
"Kepler-130","Kepler-130 d",316.66300000,288.4505905,40.2452006,0.927000,1.127000,5884.00,0.3770000000,87.51790500000,0.800000,89.16000,,3.33000000,1.64000000
"HD 13808","HD 13808 c",28.23050000,33.1780708,-53.7437591,0.771000,0.781000,5035.00,0.2554000000,53.75300000000,0.156000,,,9.96000000,3.13000000
"Kepler-340","Kepler-340 b",808.76200000,295.9334710,40.3005515,1.650000,1.850000,6620.00,0.1340000000,14.84438700000,0.000000,89.54000,,6.94000000,2.53000000
"HD 125271","HD 125271 b",39.34660000,216.6474037,-81.4542756,0.750000,0.751364,4703.93,10.8170000000,14901.99295000000,0.165000,93.08800,164.7160,3465.60094993,12.40000000
"Kepler-1085","Kepler-1085 b",1364.53000000,287.4776359,46.1411685,1.110000,1.140000,6000.00,0.7336100000,219.32175280000,0.000000,89.90000,,41.20000000,7.22000000
"Kepler-1404","Kepler-1404 b",962.18300000,296.0094827,50.4983929,0.840000,0.800000,5261.00,0.1143000000,15.93147390000,0.000000,89.16000,,4.70000000,2.01000000
"K2-99","K2-99 c",519.22900000,208.7737624,-5.4424943,1.440000,2.550000,6069.00,1.4300000000,522.20000000000,0.210000,,13.0000,2669.75861880,12.60000000
"TOI-1728","TOI-1728 b",60.79800000,120.6116787,64.7971531,0.646000,0.624300,3980.00,0.0391000000,3.49151000000,0.057000,88.31000,45.0000,26.78000000,5.05000000
"HATS-74 A","HATS-74 A b",299.38900000,171.0147921,-19.5569588,0.601000,0.575800,3776.90,0.0238400000,1.73185606000,0.044000,87.39000,,464.02947422,11.56766808
"Kepler-1207","Kepler-1207 b",1754.19000000,295.0641963,49.3589615,1.060000,1.060000,5909.00,0.1156000000,13.68237119000,0.000000,88.35000,,3.26000000,1.62000000
"Kepler-1636","Kepler-1636 b",1947.54000000,294.0575681,46.4409844,1.010000,1.020000,5797.00,1.1219100000,425.47785000000,0.000000,89.99000,,10.50000000,3.23000000
"Kepler-1267","Kepler-1267 b",1379.43000000,299.1695093,43.4410533,1.150000,1.200000,6096.00,0.1057000000,13.03139450000,0.000000,86.61000,,9.32000000,3.01000000
"K2-73","K2-73 c",269.18300000,335.0256620,-9.0560881,1.020000,1.058000,5867.00,,1000.00000000000,,,,1142.00000000,13.00000000
"K2-285","K2-285 b",154.96100000,349.3843458,1.3001522,0.830000,0.787000,4975.00,0.0381700000,3.47174500000,0.000000,86.84600,,9.68000000,2.59000000
"WISPIT 1","WISPIT 1 c",230.00700000,117.7985550,-50.1376852,0.720000,1.116100,4670.00,840.0000000000,,,,,1684.49055710,12.80000000
"TIC 349520724","TIC 349520724 b",241.10500000,111.2314215,-64.6398433,0.890000,0.818771,5098.60,,7.94044635021,,88.60793,,8.38000000,2.82626313
"LP 714-47","LP 714-47 b",52.61600000,64.1902212,-12.0848643,0.542000,0.536000,4123.00,0.0405600000,4.05203200000,0.022000,87.50000,-110.0000,28.38000000,4.25000000
"Kepler-963","Kepler-963 b",771.49400000,296.7529742,45.0411049,0.910000,0.870000,5461.00,0.0849000000,9.97683705000,0.000000,89.94000,,7.56000000,2.66000000
"XO-2 S","XO-2 S b",151.39800000,117.0309753,50.2169068,0.980000,1.020000,5325.00,0.1347000000,18.22000000000,0.150000,,-59.1000,82.63538582,10.90000000
"Kepler-1748","Kepler-1748 b",1083.28000000,285.9678970,45.7390789,0.916000,0.864000,5774.00,0.0615000000,5.82352018400,0.000000,85.35000,,7.81000000,2.71275017
"Kepler-336","Kepler-336 d",768.86000000,290.2376224,41.3313637,1.090000,1.304000,5867.00,0.1540000000,20.67877200000,0.000000,88.55000,,6.21000000,2.37000000
"Kepler-712","Kepler-712 b",872.49300000,294.9096739,42.9351987,0.840000,0.780000,5148.00,0.1361500000,21.02247699000,0.000000,89.95000,,11.50000000,3.41000000
"TOI-4364","TOI-4364 b",43.96620000,80.0669270,-4.2392481,0.487000,0.468400,3528.00,0.0475300000,5.42401900000,0.290000,88.68000,-190.0000,4.70000000,2.01000000
"Kepler-247","Kepler-247 b",663.71100000,288.6425609,43.0393769,0.887000,0.768000,5100.00,0.0420000000,3.33616000000,0.000000,88.88000,,3.33000000,1.64000000
"TOI-5628 A","TOI-5628 A b",110.03000000,185.7279551,18.8367047,0.360000,0.350000,3310.00,0.0368000000,4.34166120000,0.000000,88.98000,90.0000,28.60455663,8.29464572
"EPIC 201427007","EPIC 201427007 b",706.39100000,184.6021322,-0.5512886,0.930000,0.940000,5633.00,,0.72091000000,,88.50000,,2.86000000,1.50000000
"TOI-2992","TOI-2992 b",542.02600000,164.3165643,-32.3224375,1.210000,1.545000,6000.00,0.0434000000,3.00781200000,0.089000,86.10000,,1058.36859531,13.75341932
"K2-268","K2-268 b",327.78300000,133.7094899,11.8482712,0.840000,0.780000,5106.00,0.0308000000,2.15167600000,,,,2.86000000,1.50000000
"Kepler-1096","Kepler-1096 b",377.97600000,294.7094688,45.9695533,0.660000,0.630000,4306.00,0.0340000000,2.89221750600,0.000000,85.46000,,2.07000000,1.24000000
"TOI-615","TOI-615 b",360.40800000,133.4086892,-40.5437010,1.449000,1.732000,6850.00,0.0678000000,4.66159830000,0.390000,86.73000,,138.25535705,18.97680433
"HAT-P-28","HAT-P-28 b",401.31900000,13.0009159,34.7284020,1.025000,1.103000,5680.00,0.0434000000,3.25721500000,0.051000,88.00000,233.0000,198.95300000,13.58500000
"Kepler-667","Kepler-667 b",2302.45000000,295.5549918,49.0172956,0.910000,0.870000,5327.00,0.2288000000,41.43962808000,0.000000,89.31000,,20.10000000,4.73000000
"Kepler-557","Kepler-557 b",2097.12000000,293.7084179,41.6151084,1.110000,1.160000,6068.00,0.0469000000,3.70598955100,0.000000,82.05000,,7.61000000,2.67000000
"EPIC 206024342","EPIC 206024342 d",369.88800000,331.2771441,-14.1218019,0.928000,1.100000,5724.00,,14.64753100000,,90.00000,,7.27000000,2.60000000
"rho CrB","rho CrB c",17.46710000,240.2600639,33.3001861,1.000000,1.361700,5817.00,0.4206000000,102.03600000000,0.048000,,244.4000,27.44200000,5.68000000
"Kepler-483","Kepler-483 b",860.35500000,291.6467764,41.8846843,1.280000,1.470000,6346.00,0.1947100000,30.22910400000,0.000000,88.10000,,10.40000000,3.21000000
"HD 73534","HD 73534 b",83.33210000,129.8153421,12.9599703,1.160000,2.580000,4917.00,2.9900000000,1750.00000000000,0.126000,,168.0000,353.42696000,13.70000000
"HD 35843","HD 35843 b",69.60260000,81.3488924,-44.4312849,0.940000,0.897000,5666.00,0.0880000000,9.89910000000,0.000000,,,5.84000000,2.29000000
"Kepler-116","Kepler-116 b",955.16800000,294.7420605,43.5367842,1.198000,1.454000,6142.00,0.0690000000,5.96873400000,0.000000,89.25000,,11.60000000,3.42000000
"HAT-P-62","HAT-P-62 b",348.81500000,74.5043816,48.3008551,1.023000,1.170000,5629.00,0.0377200000,2.64532350000,0.101000,87.93000,,241.86741773,12.02723629
"TOI-3896","TOI-3896 b",181.65300000,187.9302395,63.9085462,0.860000,0.747752,5110.91,,4.37730369667,,87.74842,,10.10000000,3.14949237
"Kepler-443","Kepler-443 b",802.27100000,288.6104839,49.9685458,0.738000,0.706000,4723.00,0.4950000000,177.66930000000,0.110000,89.94000,,6.04000000,2.33000000
"TOI-4504","TOI-4504 d",342.60500000,114.4673065,-62.0782776,0.875000,0.930000,5315.00,0.2219000000,41.28719750000,0.293000,88.98200,195.9700,643.00000000,11.26000000
"HD 150010","HD 150010 b",144.49000000,247.8670682,72.6125804,1.300000,16.200000,4153.00,1.4000000000,562.00000000000,0.200000,,137.0000,762.78817680,13.30000000
"Kepler-552","Kepler-552 b",843.68900000,290.7476903,48.2419838,1.030000,1.040000,5863.00,0.0612000000,5.26341576500,0.000000,85.55000,,14.80000000,3.95000000
"TOI-2719","TOI-2719 b",588.36800000,71.5549449,-0.8048725,1.020000,1.690000,5762.00,,3.37594000000,,83.07000,,29.90000000,5.98000000
"HD 23596","HD 23596 b",52.00180000,57.0018601,40.5307308,1.100000,1.530000,6040.00,2.6940000000,1535.11912000000,0.282000,38.89800,264.5700,3786.60764100,12.40000000
"K2-347","K2-347 b",320.33600000,126.3726821,23.2974061,0.660000,0.630000,4599.00,,7.18725700000,,,,6.39000000,2.41000000
"Kepler-812","Kepler-812 b",1482.74000000,288.8552821,48.2085170,1.450000,1.710000,6761.00,0.1024000000,10.11716531000,0.000000,88.95000,,12.30000000,3.55000000
"TOI-2266","TOI-2266 b",51.60040000,245.2800398,31.5770413,0.230000,0.240000,3200.00,0.0200000000,2.32631800000,,88.51000,,2.99000000,1.54000000
"Kepler-1187","Kepler-1187 b",1020.53000000,286.8919996,38.3185034,1.060000,1.090000,5975.00,0.1401000000,18.87064068000,0.000000,87.72000,,7.32000000,2.61000000
"Kepler-1547","Kepler-1547 b",674.69500000,283.7640396,42.2220992,1.120000,1.180000,6078.00,0.0155600000,0.69297967600,0.000000,61.66000,,0.66600000,0.90000000
"Kepler-170","Kepler-170 b",738.65700000,284.5211975,41.6296562,1.066000,1.035000,5679.00,0.0800000000,7.93059200000,0.000000,87.79000,,82.60000000,3.20000000
"GJ 15 A","GJ 15 A b",3.56228000,4.6126677,44.0247296,0.380000,0.380000,3607.00,0.0720000000,11.44070000000,0.094000,,55.0000,3.03000000,1.55000000
"Kepler-100","Kepler-100 b",304.64500000,291.3861294,41.9901394,1.130000,1.510000,5837.00,0.0730900000,6.88734000000,0.130000,85.37000,,4.01000000,1.34000000
"Kepler-1258","Kepler-1258 b",717.55500000,285.4049723,49.9948186,0.990000,0.990000,5839.00,0.0182400000,0.98494016700,0.000000,89.33000,,0.56600000,0.86000000
"NSVS 14256825","NSVS 14256825 b",820.87700000,305.0019460,4.6323715,0.419000,0.188000,40000.00,3.1200000000,3225.00000000000,0.120000,,133.3000,4497.29450000,12.30000000
"TOI-1266","TOI-1266 b",36.01180000,197.9965833,65.8336973,0.437000,0.423200,3563.00,0.0730000000,10.89450000000,0.039000,89.13000,0.0000,4.46000000,2.52000000
"Kepler-659","Kepler-659 b",722.64000000,287.6081777,47.5096893,0.790000,0.740000,4870.00,0.1204000000,17.67179600000,0.000000,87.81000,,6.80000000,2.50000000
"GJ 27.1","GJ 27.1 b",23.60620000,9.9980016,-44.2541679,0.530000,0.518887,3542.00,0.1010000000,15.81900000000,0.080000,,150.0000,13.00000000,3.66000000
"TOI-4495","TOI-4495 c",132.21400000,286.3624951,37.0259902,1.247000,1.309000,6210.00,0.0632300000,5.18553000000,0.023000,86.80000,,23.20000000,4.03000000
"Kepler-798","Kepler-798 b",972.27400000,292.4782785,42.1422821,1.190000,1.290000,6224.00,0.1174000000,13.71933369000,0.000000,89.93000,,6.30000000,2.39000000
"TOI-5082","TOI-5082.01",43.14060000,106.5695780,22.6831477,0.996650,0.930000,5670.00,0.0512048420,4.24012200000,,,,7.03000000,2.54811000
"Kepler-364","Kepler-364 c",891.46200000,281.5699998,47.3986233,1.076000,1.284000,6108.00,0.3120000000,59.98062700000,0.000000,88.03000,,5.27000000,2.15000000
"TOI-1260","TOI-1260 d",73.59770000,157.1440712,65.8541986,0.679000,0.672000,4227.00,0.1116000000,16.60816400000,0.000000,89.14000,0.0000,11.84000000,3.12000000
"HD 50499","HD 50499 b",46.28450000,103.0080750,-33.9152670,1.253000,1.351000,6102.00,3.8330000000,2447.10000000000,0.266000,,288.3100,519.96988000,13.50000000
"HD 20794","HD 20794 f",6.00278000,49.9997666,-43.0666533,0.790000,0.930000,5368.00,1.3541000000,647.60000000000,0.450000,,,5.82000000,2.28000000
"Kepler-1595","Kepler-1595 b",845.02200000,285.7227502,43.0094855,0.840000,0.800000,5203.00,0.0510000000,4.56380468000,0.000000,88.56000,,2.04000000,1.23000000
"HD 99109","HD 99109 b",54.79010000,171.0715576,-1.5297610,0.760000,0.980000,5282.00,1.1100000000,439.29999000000,0.090000,,6.0000,139.84520000,14.30000000
"KOI-3503","KOI-3503 b",887.06400000,293.1507654,41.7291532,0.858000,1.255000,6001.00,0.1424700000,21.18500000000,0.000000,88.42000,,9.20000000,1.19000000
"Kepler-526","Kepler-526 b",666.14600000,297.6509281,47.3962246,1.150000,1.140000,5894.00,0.0651800000,5.45849831600,0.000000,85.39000,,4.62000000,1.99000000
"HD 28109","HD 28109 c",139.61100000,65.2383065,-68.1026875,1.227000,1.425000,6189.00,0.3080000000,55.99712000000,0.003900,89.61000,39.0000,9.20000000,4.13000000
"K2-11","K2-11 b",329.30900000,169.0418328,1.9866832,1.350000,5.150000,5433.00,0.2257000000,39.93767000000,,,,44.40000000,7.55000000
"NGTS-26","NGTS-26 b",1093.69000000,217.6832961,-31.7324526,0.960000,1.160000,5550.00,0.0490000000,4.51992790000,0.000000,86.43000,,92.80589484,14.88552637
"KOI-319","KOI-319 b",660.13800000,290.1174980,44.8729586,1.325000,2.064000,5880.00,0.2668000000,46.14827000000,0.034000,88.24000,,3178.28407000,10.67000000
"TOI-1743","TOI-1743 b",41.27580000,257.7473322,71.8722039,0.339000,0.338000,3277.00,0.0358900000,4.26604600000,,87.92000,,4.01000000,1.83000000
"Kepler-1837","Kepler-1837 b",1229.18000000,288.2076012,45.6834463,1.049000,0.961000,5966.00,0.0650000000,5.90608978300,0.000000,89.93000,,4.92000000,2.06673842
"Kepler-1986","Kepler-1986 b",912.08500000,292.9582727,42.8548909,0.776000,0.732000,5549.00,0.1307000000,19.54896660000,0.000000,89.05000,,4.23000000,1.89000000
"Kepler-696","Kepler-696 b",1416.44000000,293.4965906,41.1375635,1.060000,1.080000,5903.00,0.0535000000,4.19042557500,0.000000,87.52000,,31.30000000,6.14000000
"Kepler-189","Kepler-189 c",591.53400000,287.5646296,44.3050662,0.803000,0.750000,5235.00,0.1370000000,20.13486600000,0.000000,88.28000,,22.70000000,2.38000000
"HD 105618","HD 105618 b",70.08370000,182.4021288,11.2115695,1.010000,1.273990,5671.00,0.0910000000,10.02245000000,0.455000,,306.5130,25.42627256,5.44000000
"TOI-1301","TOI-1301.01",90.86930000,275.8625432,71.5817479,0.770000,0.732000,4820.00,0.0598660000,6.09640720900,,88.12711,,6.70000000,2.47700000
"Kepler-1497","Kepler-1497 b",1122.00000000,296.1961550,45.6343124,0.960000,0.950000,5675.00,0.0817000000,8.74199772000,0.000000,89.91000,,3.39000000,1.66000000
"EPIC 212624936","EPIC 212624936 b",561.92900000,210.6376171,-10.0236852,1.000000,0.930000,5765.00,,0.57865700000,,90.30000,,1.87000000,1.20000000
"Kepler-194","Kepler-194 b",1097.97000000,291.9714290,47.8640498,0.940000,1.025000,6089.00,0.0320000000,2.09228100000,0.000000,87.62000,,2.89000000,1.51000000
"Kepler-661","Kepler-661 b",534.78800000,283.7107463,47.8631748,0.700000,0.670000,4483.00,0.0585000000,6.02930132100,0.000000,89.50000,,9.64000000,3.07000000
"Kepler-529","Kepler-529 c",799.00800000,285.8884067,47.8803640,1.070000,1.140000,6087.00,0.1075000000,12.83450220000,0.000000,83.97000,,4.66000000,2.00000000
"HAT-P-61","HAT-P-61 b",338.84000000,75.4801665,50.1311784,1.004000,0.938000,5587.00,0.0301000000,1.90231289000,0.113000,83.62000,,335.94462620,10.07687365
"TOI-2589","TOI-2589 b",200.27300000,107.4881501,-37.2309480,0.930000,1.070000,5579.00,0.3000000000,61.62770000000,0.522000,89.17000,218.0000,1112.39942450,12.10569916
"HD 95872","HD 95872 b",72.21950000,165.8658796,-22.0943303,0.700000,0.840000,5312.00,5.1500000000,4375.00000000000,0.060000,,17.0000,1188.68420000,13.00000000
"Kepler-1412","Kepler-1412 b",755.67800000,292.1801539,49.2024810,1.060000,1.270000,5880.00,0.0460800000,3.61460510000,0.000000,89.83000,,0.49800000,0.83000000
"Kepler-760","Kepler-760 c",792.33600000,287.5931997,44.1794278,0.890000,0.850000,5322.00,0.0348900000,2.46697439000,0.000000,86.61000,,2.79000000,1.48000000
"2MASS J0249-0557 A","2MASS J0249-0557 c",66.06130000,42.4851627,-5.9599921,0.046000,0.315959,2859.00,1950.0000000000,,,,,3616.88727166,17.37392009
"TOI-4504","TOI-4504 c",342.60500000,114.4673065,-62.0782776,0.875000,0.930000,5315.00,0.3593000000,82.81909300000,0.049870,89.54500,178.5400,821.00000000,11.17000000
"Kepler-1540","Kepler-1540 b",244.96000000,283.3445555,41.2017544,0.740000,0.690000,4540.00,0.4426000000,125.41311770000,0.000000,89.82000,,6.76000000,2.49000000
"TIC 445839811","TIC 445839811 b",235.65500000,200.1188173,48.4072699,0.950000,0.850041,5408.25,,11.10862603180,,88.63522,,6.70000000,2.47771211
"Kepler-225","Kepler-225 c",561.10100000,292.1939846,47.4570808,0.593000,0.480000,3682.00,0.1110000000,18.79423400000,0.000000,89.52000,,4.04000000,1.84000000
"Kepler-180","Kepler-180 b",695.65000000,295.5712566,49.7745140,0.950000,1.063000,5731.00,0.1090000000,13.81712400000,0.000000,83.04000,,2.86000000,1.50000000
"HD 18438","HD 18438 b",224.14600000,46.5318358,79.4185800,1.840000,88.475000,3860.00,2.1000000000,803.00000000000,0.100000,,167.0000,6674.39654700,12.10000000
"HD 154088","HD 154088 b",18.26920000,256.1164214,-28.5838342,0.910000,0.950000,5374.00,0.1340000000,18.56000000000,0.344000,,,6.60000000,2.46000000
"HD 24064","HD 24064 b",300.24700000,59.1510071,74.0800789,1.610000,40.000000,4052.00,1.2900000000,535.59998000000,0.350000,,250.8000,4096.82870000,12.30000000
"Kepler-1349","Kepler-1349 b",276.32300000,286.3385562,48.7442697,1.160000,1.280000,6086.00,0.0342100000,2.12823928000,0.000000,88.92000,,0.27100000,0.70000000
"HD 29399","HD 29399 b",44.15180000,68.3903471,-62.8237576,1.170000,4.500000,4845.00,1.9130000000,892.70000000000,0.050000,,-13.1000,498.99059899,13.50000000
"TOI-4511","TOI-4511 b",121.83200000,49.3052786,15.5017268,1.017000,1.001450,5418.77,,10.98090968596,,88.92654,,8.01000000,2.75304932
"Kepler-411","Kepler-411 e",153.67600000,287.6057027,49.5233937,0.870000,0.820000,4974.00,0.1860000000,31.50972800000,0.016000,88.04000,-103.3000,10.80000000,3.28000000
"eps Ind A","eps Ind A b",3.63857000,330.8714021,-56.7969023,0.800000,0.713000,4700.00,15.7600000000,25450.00000000000,0.250000,102.18000,-28.1300,2065.88464550,12.70000000
"Kepler-1306","Kepler-1306 b",1107.50000000,294.4783627,46.9458638,0.980000,0.970000,5727.00,0.1230000000,16.29595382000,0.000000,89.79000,,4.31000000,1.91000000
"TOI-2200","TOI-2200 b",251.24500000,98.7835071,-72.4567778,0.850000,0.826247,5036.17,,2.93602836512,,88.64450,,38.70000000,6.96310517
"K2-285","K2-285 c",154.96100000,349.3843458,1.3001522,0.830000,0.787000,4975.00,0.0824000000,7.13804800000,0.000000,89.86100,,15.68000000,3.53000000
"Kepler-345","Kepler-345 b",260.00000000,295.2288521,45.9710432,0.610000,0.623000,4504.00,0.0660000000,7.41556300000,0.000000,89.05000,,0.48000000,0.74000000
"Kepler-539","Kepler-539 c",307.31800000,299.1224639,41.8667953,1.048000,0.952000,5820.00,2.4200000000,1000.00000000000,0.500000,,254.9100,762.79200000,13.30000000
"HD 33844","HD 33844 b",105.77900000,78.1505649,-14.9509775,1.840000,5.390000,4861.00,1.6000000000,551.40002000000,0.150000,,211.0000,638.83830000,13.40000000
"GJ 317","GJ 317 c",15.19680000,130.2445254,-23.4528090,0.402000,0.403000,3496.00,5.0400000000,6500.00000000000,0.217000,,106.7000,454.49462201,13.60000000
"Kepler-467","Kepler-467 b",466.26500000,287.3629145,38.6497341,1.050000,1.370000,5809.00,0.1684800000,24.99324193000,0.000000,88.37000,,5.69000000,2.25000000
"Kepler-964","Kepler-964 b",454.62600000,295.3000650,40.5565792,0.930000,0.840000,5427.00,0.1073000000,13.52251060000,0.000000,89.52000,,5.14000000,2.12000000
"TOI-1386","TOI-1386 c",146.85800000,334.5041029,54.3190454,1.036300,1.023500,5735.00,0.7500000000,232.00000000000,0.380000,,71.0000,75.20000000,10.30000000
"HD 99706","HD 99706 c",146.60000000,172.1261621,43.9662025,1.720000,5.400000,4891.00,,1278.00000000000,0.411000,,136.0000,1808.45270000,12.80000000
"Kepler-1262","Kepler-1262 b",1054.87000000,288.7718287,42.2131694,0.990000,0.980000,5771.00,0.0830000000,8.67900242000,0.000000,89.44000,,3.97000000,1.82000000
"BEBOP-3","BEBOP-3 b",119.05200000,110.9026550,79.1323952,1.083000,1.414000,6033.00,1.4440000000,547.00000000000,0.247000,,49.0000,177.34825111,14.20000000
"Kepler-1071","Kepler-1071 b",1042.27000000,293.0579794,45.2487472,0.860000,0.810000,5215.00,0.0629000000,6.17998440000,0.000000,89.56000,,6.26000000,2.38000000
"Kepler-1515","Kepler-1515 b",539.32100000,290.9739057,48.1782059,1.300000,1.410000,6511.00,0.7523500000,214.31141640000,0.000000,89.99000,,66.20000000,9.55000000
"Kepler-1809","Kepler-1809 b",409.60200000,290.2651662,40.5484937,0.807000,0.716000,4901.00,0.0444400000,3.75729990000,0.000000,88.70000,,2.90000000,1.51300000
"K2-242","K2-242 b",109.23700000,179.8358421,-6.5178542,0.380000,0.370000,3459.00,0.0494000000,6.51389000000,,,,6.99000000,2.54000000
"TIC 77319217","TIC 77319217 b",267.62000000,71.0406969,-39.8976018,1.160000,1.184390,5961.52,,7.54830765124,,87.65397,,9.85000000,3.10879526
"Kepler-649","Kepler-649 b",513.74800000,285.6558336,45.0794516,0.970000,0.940000,5871.00,0.1752200000,29.90722674000,0.000000,89.97000,,5.73000000,2.26000000
"HAT-P-55","HAT-P-55 b",511.38800000,264.2735096,25.7311468,1.028000,1.105000,5804.00,0.0462800000,3.58523130000,0.170000,86.80000,,189.42573057,14.84069045
"Kepler-344","Kepler-344 c",1002.94000000,292.4996101,46.3243406,0.931000,0.976000,5774.00,0.4880000000,125.59680900000,0.000000,89.97000,,9.01000000,2.95000000
"HIP 65891","HIP 65891 b",150.29200000,202.6050857,-58.6643937,2.500000,8.930000,5000.00,2.8200000000,1089.60000000000,0.090000,89.90000,363.8000,1938.75328270,12.70000000
"GJ 4274","GJ 4274 c",7.23556000,335.7805478,-17.6104078,0.180000,0.190000,3228.00,0.1860000000,69.57000000000,,,,8.39000000,2.83000000
"Kepler-1111","Kepler-1111 b",841.53600000,295.4634045,45.8127697,1.100000,1.150000,6077.00,0.0872000000,8.79617863000,0.000000,89.86000,,4.66000000,2.00000000
"Kepler-172","Kepler-172 b",828.59200000,283.3684093,41.8218390,1.081000,1.085000,5526.00,0.0400000000,2.94030900000,0.000000,80.64000,,6.12000000,2.35000000
"K2-139","K2-139 b",153.85600000,289.0667070,-17.9107147,0.960000,0.880000,5370.00,0.1796000000,28.38061900000,0.120000,89.55668,124.0000,123.00021000,9.11000000
"HD 64121","HD 64121 b",129.96600000,117.3651424,-54.8126136,1.640000,5.440000,5078.00,1.5100000000,623.00000000000,0.110000,,2.7000,813.64072192,13.20000000
"Kepler-902","Kepler-902 b",1165.34000000,289.7317067,46.9538750,0.950000,0.930000,5647.00,0.2230000000,40.10995470000,0.000000,89.98000,,6.99000000,2.54000000
"Kepler-894","Kepler-894 b",1162.91000000,288.7340513,46.9393630,0.870000,0.850000,5603.00,0.0916000000,9.80322400000,0.000000,87.12000,,8.15000000,2.78000000
"Kepler-1794","Kepler-1794 b",561.22900000,300.6196594,45.7888068,0.773000,0.816000,5052.00,0.0821000000,9.76298046100,0.000000,88.68000,,3.87000000,1.79426276
"TOI-1064","TOI-1064 b",68.07260000,296.0039349,-47.5620305,0.748000,0.726000,4734.00,0.0615200000,6.44386800000,0.047000,87.70900,120.0000,13.50000000,2.58700000
"Kepler-884","Kepler-884 b",476.73300000,292.5844328,49.9232012,1.000000,0.940000,5715.00,0.0611600000,5.69919514000,0.000000,89.98000,,2.04000000,1.23000000
"Kepler-1019","Kepler-1019 b",194.18200000,283.7175909,47.2043818,0.700000,0.670000,4433.00,0.0221000000,1.41122984700,0.000000,78.73000,,2.73000000,1.46000000
"WASP-28","WASP-28 b",348.49400000,353.6162694,-1.5799849,0.993000,1.083000,6084.00,0.0442000000,3.40883495000,0.000000,88.51400,,282.54945382,13.66374747
"GJ 3341","GJ 3341 b",23.61900000,78.9471415,-31.2948458,0.470000,0.439000,3526.00,0.0890000000,14.20700000000,0.310000,,42.3200,6.60000000,2.46000000
"TOI-4552","TOI-4552 b",27.26840000,264.7142556,-47.6370457,0.261900,0.286900,3258.00,0.0056255000,0.30110032000,0.000000,87.77000,90.0000,1.83000000,1.11000000
"GJ 1289","GJ 1289 b",8.35147000,355.7813464,36.5363314,0.210000,0.245012,3296.00,0.2700000000,111.74000000000,0.000000,,0.0000,6.27000000,2.38000000
"Kepler-555","Kepler-555 b",973.12100000,285.5168720,38.9324587,1.030000,1.040000,5894.00,0.1201000000,16.21775407000,0.000000,89.21000,,8.40000000,2.83000000
"Kepler-683","Kepler-683 b",1023.07000000,291.4399598,37.9056293,0.960000,0.950000,5703.00,0.0355000000,2.53918317900,0.000000,88.28000,,4.54000000,1.97000000
"HATS-10","HATS-10 b",534.88900000,294.3068385,-22.2044872,1.101000,1.105000,5880.00,0.0449100000,3.31284600000,0.501000,87.79000,,167.17858000,10.86152100
"Kepler-1977","Kepler-1977 b",592.71100000,290.6178587,37.2891002,0.769000,0.688000,4805.00,0.0486000000,4.53702121000,0.000000,87.14000,,3.39000000,1.66000000
"Kepler-715","Kepler-715 b",1327.44000000,283.6307971,43.3793638,1.040000,1.040000,5871.00,0.0933000000,10.00652995000,0.000000,83.94000,,13.50000000,3.75000000
"TOI-1694","TOI-1694 b",124.68000000,97.7487104,66.3605956,0.828000,0.812000,5005.00,0.0445000000,3.77013890000,0.122000,89.25000,-110.9500,28.24000000,5.27000000
"Kepler-164","Kepler-164 d",890.75800000,287.7808115,47.6298453,1.036000,1.148000,5888.00,0.1870000000,28.98676900000,0.000000,88.64000,,6.57000000,2.45000000
"Kepler-786","Kepler-786 b",485.31800000,293.7439223,38.9392217,0.810000,0.740000,4838.00,0.2548300000,53.52934870000,0.000000,89.72000,,6.48000000,2.43000000
"TOI-3785","TOI-3785 b",79.76340000,130.9002258,63.0780768,0.520000,0.500000,3576.00,0.0430000000,4.67473730000,0.110000,88.10000,96.2600,14.95000000,5.14000000
"WASP-145 A","WASP-145 A b",91.29900000,322.2537644,-58.8361466,0.760000,0.680000,4900.00,0.0261000000,1.76903810000,0.000000,83.30000,,282.86870000,10.08810000
"WASP-136","WASP-136 b",275.58700000,0.3257610,-8.9262512,1.410000,2.390140,6250.00,0.0661000000,5.21536178778,0.000000,87.70000,,479.92089457,16.81347105
"HATS-12","HATS-12 b",746.13800000,289.2024020,-19.3559227,1.160000,1.170000,6357.00,0.0441000000,3.14270200000,0.085000,82.27000,,759.61370000,7.76000000
"TOI-1296","TOI-1296 b",323.26500000,256.7706392,70.2384806,1.157600,1.703100,5567.00,0.0510000000,3.94437360000,0.000000,88.81000,0.6000,95.30000000,14.11645916
"HD 98736","HD 98736 b",32.44590000,170.4549045,18.1896082,0.920000,0.930000,5271.00,1.8640000000,968.80000000000,0.226000,,162.0000,740.54390000,13.30000000
"Kepler-1136","Kepler-1136 b",491.40600000,284.1078441,44.2458047,0.720000,0.680000,4512.00,0.0299000000,2.36172432900,0.000000,89.97000,,3.33000000,1.64000000
"GJ 667 C","GJ 667 C f",7.24396000,259.7510609,-34.9977651,0.330000,,3350.00,0.1560000000,39.02600000000,0.030000,,103.1000,2.70000000,1.45000000
"Kepler-635","Kepler-635 b",1141.08000000,289.7732613,40.8007019,1.330000,1.510000,6174.00,0.1833200000,23.44971004000,0.000000,89.46000,,7.46000000,2.64000000
"TOI-1279","TOI-1279 b",107.05500000,185.0628734,56.2014094,0.878400,0.842600,5457.00,0.0850000000,9.61419000000,0.000000,,90.0000,10.60000000,2.66146528
"Kepler-468","Kepler-468 b",442.87100000,288.9022829,49.3704079,0.960000,0.870000,5498.00,0.2213000000,38.47875706700,0.000000,90.00000,,,13.34000000
"DE CVn","DE CVn b",30.52250000,201.7207198,45.5455449,0.510000,0.424754,3579.00,5.7500000000,4098.10000000000,0.000000,86.00000,,3823.27330161,12.40000000
"TOI-682","TOI-682.01",83.15480000,167.8854300,-22.0727803,0.850000,1.080000,5085.00,,6.83923880000,,,,13.50000000,3.74186000
"USco CTIO 108","USco CTIO 108 b",144.01900000,241.4752653,-18.3124167,0.060000,0.345365,2700.00,670.0000000000,,,,,4449.62000000,12.30000000
"Kepler-1496","Kepler-1496 b",1307.66000000,293.9739359,45.3507167,1.180000,1.270000,6182.00,0.3211000000,64.65880170000,0.000000,89.93000,,5.56000000,2.22000000
"HD 102272","HD 102272 b",347.09700000,176.5980316,14.1240201,1.450000,10.300000,4790.00,0.5100000000,127.58000000000,0.050000,,118.0000,1570.08020000,12.90000000
"Kepler-366","Kepler-366 c",1856.28000000,296.8520316,49.0844359,1.088000,1.048000,6209.00,0.1100000000,12.51616000000,0.000000,89.93000,,3.86000000,1.79000000
"KOI-2513","KOI-2513.01",1369.87000000,293.6688776,46.3792321,0.910000,1.200000,5900.00,0.5000000000,19.00547000000,0.360000,89.70000,-154.0000,7310.05336100,2.80224517
"Kepler-537","Kepler-537 b",439.40000000,289.8805804,51.2769907,1.070000,0.990000,5763.00,0.0431700000,3.24755521900,0.000000,88.14000,,2.57000000,1.41000000
"GJ 3323","GJ 3323 b",5.37484000,75.4868824,-6.9485133,0.164000,0.119000,3159.00,0.0328200000,5.36360000000,0.230000,,,2.02000000,1.23000000
"TOI-4495","TOI-4495 b",132.21400000,286.3624951,37.0259902,1.247000,1.309000,6210.00,0.0395700000,2.56699000000,0.078000,87.80000,,7.70000000,2.48300000
"Kepler-1761","Kepler-1761 b",221.18600000,284.1329728,49.1426325,0.573000,0.532000,3871.00,0.0413000000,4.04354000100,0.000000,78.42000,,2.51000000,1.39109603
"NGTS-6","NGTS-6 b",308.26200000,75.7953820,-30.3994612,0.767000,0.754000,4730.00,0.0167700000,0.88205900000,0.000000,78.23100,,425.57437000,14.86313400
"Kepler-920","Kepler-920 c",1001.68000000,284.2969363,49.1585983,0.890000,0.850000,5403.00,0.4029000000,100.82741130000,0.000000,89.47000,,13.80000000,3.80000000
"Kepler-818","Kepler-818 b",925.03700000,296.2351072,39.3702865,0.940000,0.920000,5638.00,0.0886000000,10.03538581400,0.000000,89.81000,,22.90000000,5.11000000
"Kepler-139","Kepler-139 c",391.03800000,282.3919451,43.8894167,1.078000,1.300000,5594.00,0.5860000000,157.07287800000,0.000000,90.00000,,13.00000000,3.38000000
"Kepler-959","Kepler-959 b",807.72900000,292.1711850,40.8113849,1.600000,2.010000,7005.00,0.1633000000,14.80074836000,0.000000,88.88000,,17.60000000,4.38000000
"BD-210397","BD-210397 c",23.73240000,33.3024198,-21.1962147,0.690000,0.747000,4051.00,5.9000000000,6240.00000000000,0.430000,33.00000,174.0000,1525.57635360,12.90000000
"Kepler-1436","Kepler-1436 b",2530.62000000,297.7115530,46.7679816,1.060000,1.090000,5972.00,0.0907000000,9.70571600000,0.000000,75.52000,,2.27000000,1.31000000
"HU Aqr","HU Aqr AB c",192.19807871,316.9921976,-5.2948694,0.880000,,5952.00,5.4000000000,4368.00000000000,0.510000,90.00000,3.4000,1430.23500000,12.90000000
"Kepler-1597","Kepler-1597 b",1221.05000000,288.1639687,42.4810124,1.250000,1.390000,6377.00,0.0413600000,2.94654179000,0.000000,89.92000,,1.20000000,1.06000000
"WASP-83","WASP-83 b",271.10300000,190.1519558,-19.2843527,1.110000,1.050000,5510.00,0.0590000000,4.97125200000,0.000000,88.90000,,95.34900000,11.65736000
"HD 116029","HD 116029 c",123.24500000,200.1646905,24.6484725,1.330000,4.600000,4951.00,,907.00000000000,0.038000,,17.3000,403.64410000,13.70000000
"Kepler-282","Kepler-282 e",1337.61000000,284.6772402,44.7976401,0.970000,0.890000,5656.00,0.2333200000,44.34700000000,0.000000,89.70000,,56.20000000,3.10000000
"XO-2 S","XO-2 S c",151.39800000,117.0309753,50.2169068,0.980000,1.020000,5325.00,0.4737000000,120.05900000000,0.149000,,-88.6000,438.60320166,13.60000000
"Kepler-850","Kepler-850 b",1661.28000000,293.0844515,48.5753645,1.060000,1.090000,5932.00,0.0744000000,7.19303878000,0.000000,89.94000,,3.82000000,1.78000000
"Kepler-65","Kepler-65 d",303.72800000,288.6887221,41.1511076,1.250000,1.410000,6211.00,0.0840000000,8.13123000000,0.014000,92.35000,,4.14000000,1.52000000
"Kepler-1090","Kepler-1090 b",858.77000000,295.6629002,44.5258237,0.860000,0.820000,5321.00,0.6332300000,198.68017900000,0.000000,89.67000,,5.69000000,2.25000000
"TOI-715","TOI-715 b",42.40480000,113.8523276,-73.5774089,0.225000,0.240000,3075.00,0.0830000000,19.28800400000,,89.85600,,3.02000000,1.55000000
"GJ 393","GJ 393 b",7.03149000,157.2288672,0.8378485,0.426000,0.426000,3579.00,0.0540200000,7.02679000000,,,,1.71000000,1.17000000
"Kepler-1680","Kepler-1680 b",310.31500000,297.0746571,39.9338893,0.834000,0.723259,5021.00,0.0764200000,8.77424000000,0.000000,86.06000,,2.42000000,1.35954736
"Gaia-2","Gaia-2 b",209.22900000,110.7353308,67.2526565,1.000000,1.064000,5720.00,0.0467000000,3.69152240000,,85.21000,,259.66580852,14.81827249
"WASP-124","WASP-124 b",448.63700000,332.7143373,-30.7497189,1.070000,1.020000,6050.00,0.0449000000,3.37265000000,0.017000,86.30000,,190.69800000,13.89916000
"TOI-1439","TOI-1439 b",230.30600000,241.7639371,67.8776404,1.231300,1.618400,5841.00,0.1920000000,27.64400000000,0.157000,,110.0000,38.50000000,4.24278610
"GJ 1061","GJ 1061 c",3.67278000,54.0032486,-44.5143104,0.120000,0.156000,2953.00,0.0342000000,6.68210000000,0.020000,,88.0000,1.81000000,1.19000000
"K2-50","K2-50 b",257.44300000,169.4836540,5.9882890,0.611000,0.546000,4326.00,0.0705000000,8.75290000000,,,,3.15000000,1.59000000
"Kepler-23","Kepler-23 b",835.75600000,294.2189131,49.4792536,1.078000,1.548000,5828.00,0.0721200000,7.10000000000,0.017000,89.57000,,2.56000000,1.63800000
"Kepler-257","Kepler-257 b",780.25600000,297.3159994,46.0232642,0.916000,1.037000,5180.00,0.0340000000,2.38266700000,0.000000,84.74000,,7.32000000,2.61000000
"TOI-1736","TOI-1736 c",88.94820000,43.4344615,69.1013450,1.037300,1.428600,5636.00,1.3700000000,571.25000000000,0.368500,69.00000,162.2200,2800.00000000,12.50000000
"Kepler-310","Kepler-310 d",602.26800000,288.8392780,46.9867472,0.854000,0.876000,5797.00,0.3920000000,92.87612500000,0.000000,88.82000,,7.00000000,2.47000000
"WASP-192","WASP-192 b",508.88500000,223.6587187,-38.7445469,1.090000,1.320000,5910.00,0.0408000000,2.87867650000,0.000000,82.70000,,731.00900000,13.78707000
"Kepler-184","Kepler-184 b",610.32600000,291.9518784,43.0746172,0.872000,0.873000,5788.00,0.0920000000,10.68757600000,0.000000,86.89000,,6.17000000,2.36000000
"Kepler-1744","Kepler-1744 b",1091.63000000,291.0206823,42.4624633,0.886000,0.850000,5986.00,0.2094500000,37.10110092000,0.000000,89.52000,,13.60000000,3.76754004
"Kepler-1107","Kepler-1107 b",428.79800000,291.0499340,39.1416740,0.860000,0.820000,5268.00,0.0128500000,0.57103851800,0.000000,66.60000,,2.36000000,1.34000000
"Kepler-40","Kepler-40 b",2305.01000000,296.8136883,47.5265446,1.480000,2.130000,6510.00,0.0800000000,6.87349000000,0.000000,89.70000,,699.20000000,13.11000000
"TOI-908","TOI-908 b",175.74800000,53.1594266,-81.2507450,0.950000,1.028000,5626.00,0.0416570000,3.18379200000,0.132000,86.47500,35.8560,16.13700000,3.18600000
"Kepler-851","Kepler-851 b",839.25500000,294.6802199,49.1401106,0.890000,0.850000,5455.00,0.0802000000,8.50699658000,0.000000,86.53000,,3.46000000,1.68000000
"HD 99492","HD 99492 c",18.20380000,171.6896870,3.0071331,0.850000,0.822539,4929.00,,95.23300000000,0.063000,,137.5000,17.90000000,4.42000000
"G 264-012","G 264-012 c",16.00900000,326.6719598,66.8038480,0.297000,0.305000,3326.00,0.0525000000,8.05180000000,,,,3.75000000,1.76000000
"Kepler-827","Kepler-827 b",2046.68000000,294.9660027,42.7085608,0.930000,0.910000,5602.00,0.2742000000,51.92927591000,0.000000,89.69000,,27.00000000,5.63000000
"Kepler-228","Kepler-228 c",1644.61000000,296.2860853,48.2246328,1.006000,1.014000,6043.00,0.0520000000,4.13444400000,0.000000,83.72000,,7.75000000,2.70000000
"K2-346","K2-346 b",105.58000000,125.9864854,22.6632260,0.710000,0.700000,4801.00,,26.20144600000,,89.51661,,5.73000000,2.26000000
"Kepler-77","Kepler-77 b",639.41100000,289.6079433,44.3454347,0.950000,0.990000,5520.00,0.0450100000,3.57878087000,0.000000,88.00000,,136.66100000,10.76100000
"Kepler-1509","Kepler-1509 b",2002.96000000,283.7977792,46.9310139,1.000000,0.990000,5780.00,0.1707000000,25.43381970000,0.000000,89.55000,,4.08000000,1.85000000
"GJ 581","GJ 581 b",6.29810000,229.8564725,-7.7226935,0.295000,0.302000,3500.00,0.0399000000,5.36860000000,0.034200,47.00000,54.0000,20.50000000,4.79000000
"K2-403","K2-403 b",246.59900000,164.1893864,9.6739464,0.784000,0.886000,5511.00,,33.58997900000,,,,24.60000000,5.33300000
"HD 43691","HD 43691 b",85.60090000,94.8946124,41.0920773,1.320000,1.600000,6093.00,0.2380000000,36.99870000000,0.079600,,292.7000,810.46650000,13.20000000
"Kepler-1574","Kepler-1574 b",1384.16000000,292.1586689,49.6377914,1.060000,1.080000,5892.00,0.0743000000,6.94243340000,0.000000,87.95000,,2.21000000,1.29000000
"Kepler-238","Kepler-238 f",1798.75000000,287.8971066,40.6378141,1.060000,0.960000,5800.00,0.2863500000,50.44700000000,0.000000,89.57000,,13.50000000,2.00000000
"K2-253","K2-253 b",876.56500000,186.0853062,-6.3789537,1.080000,1.100000,6027.00,0.0506000000,4.00167000000,,,,,12.67000000
"Kepler-1290","Kepler-1290 b",1593.70000000,290.6852287,43.8596155,0.950000,0.930000,5660.00,0.0557000000,4.69500134000,0.000000,89.00000,,2.60000000,1.42000000
"Kepler-68","Kepler-68 d",144.16600000,291.0323102,49.0402129,1.057000,1.256400,5847.00,1.4690000000,632.62000000000,0.102000,,256.4000,267.00000000,13.90000000
"Kepler-218","Kepler-218 b",656.38000000,295.4128785,46.2665801,1.019000,1.063000,5502.00,0.0460000000,3.61933700000,0.000000,89.27000,,2.79000000,1.48000000
"Kepler-645","Kepler-645 b",1173.57000000,290.3227098,44.0358625,1.130000,1.210000,6170.00,0.0454100000,3.27582262100,0.000000,82.54000,,5.06000000,2.10000000
"TOI-1450 A","TOI-1450 A b",22.44670000,286.8540627,59.0866254,0.480000,0.483000,3437.00,,2.04392740000,,86.24500,,1.25800000,1.13000000
"HD 206610","HD 206610 b",147.19200000,325.8537599,-7.4082451,1.550000,6.120000,4842.00,1.7400000000,673.20000000000,0.100000,,334.0000,647.10188000,13.40000000
"Kepler-99","Kepler-99 b",208.36900000,297.3539994,41.3000452,0.790000,0.730000,4782.00,0.0507100000,4.60358000000,0.000000,89.05000,,6.15000000,1.48000000
"Kepler-1010","Kepler-1010 b",579.27300000,289.1926026,44.1493165,0.860000,0.820000,5253.00,0.1930000000,34.26857050000,0.000000,89.07000,,5.99000000,2.32000000
"Kepler-687","Kepler-687 b",633.66000000,289.3154576,39.1532911,0.770000,0.730000,4841.00,0.1326000000,20.50586978000,0.000000,89.62000,,12.20000000,3.52000000
"UCAC4 328-061594","UCAC4 328-061594 b",39.90890000,152.6991091,-24.4532674,1.190000,,,19000.0000000000,,,,,6674.39654700,12.10000000
"Kepler-1363","Kepler-1363 b",541.71400000,296.9964872,49.2563228,0.760000,0.720000,4839.00,0.0363000000,2.94194094000,0.000000,89.85000,,2.10000000,1.25000000
"Kepler-296","Kepler-296 b",167.00000000,286.5400278,49.4372614,0.498000,0.480000,3740.00,0.0790000000,10.86438400000,0.330000,88.58000,,3.22000000,1.61000000
"BD+48 738","BD+48 738 b",871.49300000,40.7102869,49.5869395,0.740000,11.000000,4414.00,1.0000000000,392.60000000000,0.200000,,358.9000,289.22530000,13.90000000
"HR 8799","HR 8799 c",41.24410000,346.8701486,21.1340376,1.500000,1.493380,7204.58,38.0000000000,69000.00000000000,0.500000,29.43000,,3000.00000000,13.00000000
"Kepler-1773","Kepler-1773 b",681.25500000,286.2232284,38.2581676,1.241000,1.300000,6183.00,0.2483100000,40.80970001000,0.000000,88.57000,,12.10000000,3.50469499
"Kepler-989","Kepler-989 b",491.97800000,281.5827983,47.2334674,0.820000,0.780000,5074.00,0.0734000000,7.96431535200,0.000000,89.73000,,5.52000000,2.21000000
"Kepler-1508","Kepler-1508 b",1260.28000000,298.1188802,40.3750316,1.140000,1.220000,6158.00,0.1629000000,20.70565040000,0.000000,82.32000,,2.33000000,1.33000000
"TOI-7041","TOI-7041 b",439.52000000,357.8021716,-50.8698618,1.070000,4.100000,4700.00,,9.69100000000,0.040000,,131.0000,114.41822652,11.43316031
"K2-37","K2-37 c",179.94300000,243.4509662,-24.7870527,0.840000,0.809000,5352.00,0.0653400000,6.42966000000,,88.16330,,6.39000000,2.41000000
"2MASS J19383260+4603591","2MASS J19383260+4603591 b",396.33200000,294.6359173,46.0664076,0.480000,0.203000,29564.00,0.9200000000,406.00000000000,0.330000,,302.0000,603.87700000,13.40000000
"TOI-1260","TOI-1260 b",73.59770000,157.1440712,65.8541986,0.679000,0.672000,4227.00,0.0367000000,3.12746300000,0.000000,89.03000,0.0000,8.56000000,2.41000000
"HIP 39330","HIP 39330 b",36.39580000,120.6116831,-46.3353155,0.960000,1.027860,5748.00,5.0500000000,4650.00000000000,0.078000,55.00000,,530.77343969,13.50000000
"Kepler-52","Kepler-52 c",321.54200000,286.7380152,49.9757383,0.540000,0.520000,4075.00,0.1037900000,16.38500210000,0.012000,90.00000,,45.40000000,1.84000000
"Kepler-1637","Kepler-1637 b",567.18700000,282.2368006,48.1542016,1.020000,1.020000,5789.00,0.0596000000,6.10960324000,0.000000,89.24000,,0.64000000,0.89000000
"Kepler-1990","Kepler-1990 b",392.73900000,299.7047433,44.4357068,1.028000,1.071000,5751.00,0.0286000000,1.73513619000,0.000000,89.57000,,10.70000000,3.27000000
"TOI-1749","TOI-1749 c",99.55610000,282.7372281,64.4194660,0.580000,0.550000,3985.00,0.0443000000,4.49290000000,0.019000,88.80000,-74.0000,14.00000000,2.12000000
"GJ 9714","GJ 9714 b",20.51210000,315.4141767,-32.5250028,0.670000,0.662662,4263.00,12.3190000000,19240.75467000000,0.155000,155.32600,92.1300,2988.54051102,12.50000000
"Kepler-312","Kepler-312 b",797.72000000,298.3957687,42.4597712,1.314000,1.467000,6115.00,0.0310000000,1.77241900000,0.000000,89.94000,,2.21000000,1.29000000
"Kepler-1671","Kepler-1671 b",357.05900000,291.7484295,39.4467817,0.866000,0.929771,5135.55,0.0494600000,4.16787000000,0.000000,89.33000,,2.32000000,1.32557381
"Kepler-466","Kepler-466 b",530.12200000,295.6486585,48.4955191,1.040000,1.050000,5927.00,0.2676900000,51.07926307000,0.000000,89.98000,,8.50000000,2.85000000
"UZ For","UZ For c",239.60387482,53.8694682,-25.7393857,0.700000,,5286.90,2.8000000000,1916.25000000000,0.050000,,,2447.20000000,
"HD 63765","HD 63765 b",32.53760000,116.9582617,-54.2653450,0.650000,0.830000,5449.00,0.9400000000,358.00000000000,0.240000,,122.0000,168.44990000,14.20000000
"TOI-7008","TOI-7008 b",410.46700000,216.9882531,79.4503960,0.880000,0.952550,5116.06,,0.84069041367,,81.41727,,21.70000000,4.94735276
"Kepler-1038","Kepler-1038 c",584.13600000,298.9721472,44.1323499,0.868000,0.821000,5159.00,0.0692000000,7.12765979800,0.000000,89.67000,,2.59000000,1.41623380
"TOI-3877","TOI-3877 b",493.77000000,170.4544727,33.9913822,1.160000,1.445000,5731.00,0.0529000000,4.12359600000,0.220000,83.97000,,99.79811980,11.67975789
"Kepler-1699","Kepler-1699 b",818.75900000,292.1373281,48.9171579,0.810000,0.725000,5575.53,0.0418000000,3.49082000000,0.000000,89.64000,,3.08000000,1.56671124
"HD 143105","HD 143105 b",46.77890000,238.4023547,68.7199779,1.510000,1.647304,6380.00,0.0379000000,2.19740000000,0.070000,,,384.57430000,13.70000000
"HD 191939","HD 191939 e",53.60890000,302.0256247,66.8503014,0.810000,0.940000,5348.00,0.4070000000,101.12000000000,0.031000,88.70000,-130.0000,112.20000000,13.00000000
"Kepler-1569","Kepler-1569 b",945.45400000,292.2046748,37.2212065,1.250000,1.400000,6319.00,0.0666900000,5.79180156000,0.000000,81.51000,,3.46000000,1.68000000
"Kepler-859","Kepler-859 b",839.90300000,286.7418337,43.1901197,0.810000,0.770000,5020.00,0.1315700000,20.38177573000,0.000000,89.59000,,9.75000000,3.09000000
"HD 83443","HD 83443 b",40.89910000,144.2994103,-43.2727210,1.000000,0.940000,5442.00,0.0406000000,2.98562800000,0.012000,,344.0000,127.76701961,14.10000000
"Kepler-106","Kepler-106 b",444.32200000,300.8640060,44.3375497,1.000000,1.040000,5858.00,0.0649100000,6.16486000000,0.000000,86.69000,,5.30000000,0.82000000
"Kepler-834","Kepler-834 b",633.93700000,287.0544674,45.1803351,0.700000,0.660000,4554.00,0.0862000000,13.32388301000,0.000000,89.87000,,4.74000000,2.02000000
"K2-249","K2-249 b",521.71600000,183.3667344,-8.9952309,1.320000,1.570000,6504.00,0.1151000000,12.40900000000,,,,8.20000000,2.79000000
"Kepler-454","Kepler-454 c",230.86900000,287.4786474,38.2290751,1.030000,1.066000,5687.00,1.2870000000,524.19000000000,0.005300,,337.4000,1433.40611557,12.90000000
"HD 33283","HD 33283 b",89.86230000,77.0044889,-26.7976689,1.380000,1.970000,5935.00,0.1508000000,18.19910000000,0.399000,,155.5000,104.56607000,12.50000000
"Kepler-169","Kepler-169 e",406.52900000,285.9999204,40.9193822,0.825000,0.763000,4997.00,0.1050000000,13.76710200000,0.000000,87.99000,,5.48000000,2.20000000
"GJ 536","GJ 536 b",10.40920000,210.2597264,-2.6522901,0.528000,0.529000,3641.00,0.0668000000,8.70874000000,0.000000,,19.2000,6.37000000,2.41000000
"Kepler-37","Kepler-37 e",63.92070000,284.0592503,44.5183733,0.800000,0.772000,5288.00,0.2500000000,51.19600000000,0.000000,89.95000,,8.10000000,0.37000000
"Kepler-37","Kepler-37 b",63.92070000,284.0592503,44.5183733,0.790000,0.789000,5357.00,0.1019000000,13.36702000000,0.098000,88.63000,,0.79000000,0.30980000
"TOI-2236","TOI-2236 b",355.59000000,20.1660113,-86.9799650,1.343000,1.573000,6248.00,0.0500900000,3.53159020000,0.000000,83.58000,,502.16888306,14.36991326
"HD 159868","HD 159868 c",55.85030000,264.7466665,-43.1462347,1.190000,2.130000,5534.00,1.0320000000,351.00000000000,0.184000,,272.0000,244.09344000,14.00000000
"Kepler-1665","Kepler-1665 b",335.51500000,290.3962400,41.0399229,0.842000,0.777785,5049.84,0.0960000000,11.95480000000,0.000000,89.03000,,8.44000000,2.83910787
"HIP 111909","HIP 111909 b",88.07700000,340.0304354,-49.5985391,1.280000,4.530000,4891.00,1.3200000000,487.08000000000,,,90.0000,384.57237247,13.70000000
"Kepler-1125","Kepler-1125 b",2011.41000000,295.4812018,40.7319316,0.950000,0.940000,5683.00,0.1348000000,17.67006420000,0.000000,83.69000,,4.04000000,1.84000000
"Kepler-384","Kepler-384 b",895.67800000,286.0261113,44.7828571,0.882000,0.882000,5577.00,0.1480000000,22.59705300000,0.000000,89.87000,,1.46000000,1.12000000
"HD 37605","HD 37605 b",46.78640000,85.0074276,6.0595116,0.940000,0.910000,5329.00,0.2770000000,55.01292000000,0.674500,,220.7800,854.96270000,13.20000000
"Kepler-1618","Kepler-1618 b",1229.25000000,295.1753619,45.9308594,1.410000,1.650000,6620.00,0.0710900000,6.10826019000,0.000000,86.57000,,2.13000000,1.26000000
"Kepler-352","Kepler-352 d",252.73300000,299.8966237,46.0519022,0.796000,0.772000,5208.00,0.0657400000,6.88727998700,0.000000,88.66000,,0.44900000,0.80628032
"K2-148","K2-148 c",124.45800000,14.5176494,-0.1932580,0.650000,0.632000,4079.00,0.0616000000,6.92260000000,,,,3.64000000,1.73000000
"NGTS-9","NGTS-9 b",609.12800000,141.9206435,-19.3476477,1.340000,1.380000,6330.00,0.0580000000,4.43527000000,0.060000,84.10000,,921.70700000,11.99363000
"Kepler-584","Kepler-584 b",1848.84000000,288.2306150,42.4136181,1.170000,1.240000,6195.00,0.2281000000,35.18103040000,0.000000,88.18000,,16.50000000,4.21000000
"Kepler-92","Kepler-92 b",477.99200000,289.0860607,41.5630224,1.210000,1.700000,5883.00,0.1223200000,13.74900000000,0.170000,87.19000,,64.30000000,3.51000000
"TOI-277","TOI-277 b",64.66920000,19.0766985,-20.9532772,0.160000,0.362000,4031.00,0.0269000000,3.99400000000,,88.90000,,7.51000000,2.65000000
"EPIC 212297394","EPIC 212297394 b",418.39500000,207.2061241,-17.6098985,0.830000,0.800000,5171.00,,2.28936300000,,,,2.79000000,1.48000000
"TIC 67686059","TIC 67686059 b",249.20300000,19.8843370,-35.2930148,0.860000,0.820458,5090.09,,3.52163529551,,88.31448,,7.23000000,2.59125922
"K2-270","K2-270 b",280.51800000,131.2665588,13.5497322,0.850000,0.770000,4877.00,0.0247000000,1.54306900000,,,,2.48000000,1.38000000
"TIC 160113658","TIC 160113658 b",200.15600000,59.4555606,-41.6320332,0.760000,0.789834,4817.31,,6.72952262077,,88.61162,,12.00000000,3.49015778
"Kepler-533","Kepler-533 b",302.95500000,293.6856893,48.8249915,0.780000,0.720000,4758.00,0.1670400000,28.51120525000,0.000000,88.68000,,11.40000000,3.38000000
"VHS J125601.92-125723.9","VHS J125601.92-125723.9 b",12.70000000,194.0089640,-12.9560310,0.070000,,2620.00,350.0000000000,5800000.00000000000,0.680000,24.00000,180.0000,5085.25451200,13.67495645
"HD 23079","HD 23079 c",33.45910000,54.9281897,-52.9162344,1.160000,1.080000,5994.00,,5.74891300000,0.097000,,283.4000,8.26000000,2.80000000
"Kepler-55","Kepler-55 e",578.79600000,285.1683291,44.0264898,0.631000,0.619000,4503.00,0.0480000000,4.61753400000,0.000000,86.99000,,3.02000000,1.55000000
"GJ 887","GJ 887 b",3.28679000,346.5027573,-35.8473489,0.495000,0.468000,3688.00,0.0683000000,9.26190000000,0.140000,,180.0000,3.90000000,1.80000000
"Kepler-1467","Kepler-1467 b",852.88800000,295.0485389,45.3426781,0.860000,0.820000,5332.00,0.2388000000,47.05690430000,0.000000,89.98000,,10.90000000,3.30000000
"Kepler-199","Kepler-199 c",521.05400000,295.5594278,40.2362490,0.960000,0.967000,5644.00,0.3160000000,67.09340800000,0.000000,88.93000,,10.60000000,3.25000000
"HD 222076","HD 222076 b",91.15380000,354.5319820,-70.9032461,1.070000,4.100000,4806.00,1.8300000000,871.00000000000,0.080000,,241.0000,495.81480000,13.50000000
"Kepler-282","Kepler-282 b",1337.61000000,284.6772402,44.7976401,0.860000,0.904000,5602.00,0.0820000000,9.22052400000,0.000000,89.85000,,1.01000000,1.01000000
"K2-388","K2-388 b",290.49500000,352.7139342,-11.0773564,0.930000,0.910000,5310.00,,6.33932000000,,,,14.50000000,3.90000000
"TOI-1224","TOI-1224 b",37.33120000,37.1978356,-80.8991053,0.400000,0.404000,3326.00,0.0355000000,4.17827450000,,89.19000,,5.08000000,2.10400000
"Kepler-623","Kepler-623 b",737.70200000,296.9867284,47.4773531,0.900000,0.860000,5443.00,0.0854000000,9.07097734000,0.000000,89.97000,,9.32000000,3.01000000
"WASP-176","WASP-176 b",568.42000000,313.6872928,9.1790688,1.345000,1.925000,5941.00,0.0535000000,3.89905200000,0.000000,86.70000,,271.74465000,16.86954500
"Kepler-363","Kepler-363 d",762.59600000,283.1920779,41.3054172,1.226000,1.485000,5593.00,0.1070000000,11.93212500000,0.000000,89.52000,,4.86000000,2.05000000
"HD 4917","HD 4917 b",204.27700000,12.7762624,-12.9276648,1.320000,5.010000,4802.00,1.1670000000,400.50000000000,0.066000,,313.0000,513.29545000,13.50000000
"KOBE-1","KOBE-1 c",23.97180000,19.1660378,25.3310358,0.629000,0.619000,4135.00,0.1607100000,29.67100000000,0.000000,,,12.40000000,3.56000000
"Kepler-970","Kepler-970 b",331.54500000,289.6252192,40.7087351,0.670000,0.710000,4290.00,0.1390000000,16.73652500000,0.340000,88.74000,117.0000,7.31000000,2.60900000
"HAT-P-70","HAT-P-70 b",330.73900000,74.5523332,9.9979794,1.890000,1.858000,8450.00,0.0473900000,2.74432452000,0.000000,96.50000,,2154.88740000,20.96083000
"Kepler-943","Kepler-943 b",2300.53000000,284.2739322,41.5349809,0.930000,0.910000,5612.00,0.2559000000,49.77014380000,0.000000,88.80000,,29.50000000,5.93000000
"Kepler-10","Kepler-10 b",185.50600000,285.6792980,50.2414842,0.910000,1.065000,5708.00,0.0168500000,0.83749070000,0.000000,84.80000,,3.24000000,1.47000000
"Kepler-271","Kepler-271 d",404.54200000,283.0029316,44.2841080,0.900000,0.870000,5555.00,0.0555400000,5.24972541000,0.000000,89.01000,,0.21900000,0.66000000
"HD 108236","TOI-1233.01",64.59780000,186.5740627,-51.3630519,0.869000,0.877000,5660.00,0.1074000000,14.17568500000,0.055000,89.06000,151.0000,6.98000000,2.53900000
"HD 221585","HD 221585 b",55.85350000,353.2293802,63.1556146,1.190000,1.850575,5620.00,2.3060000000,1173.00000000000,0.123000,,-6.8000,511.70630000,13.50000000
"TIC 18942729","TIC 18942729 b",115.16900000,119.2150697,16.6772341,0.652000,0.825257,4360.11,,0.99817838064,,85.23412,,4.66000000,2.00021315
"HD 22496","HD 22496 b",13.59560000,53.7565398,-48.4178173,0.684000,0.674000,4385.00,0.0510000000,5.09071000000,,,,5.57000000,2.22000000
"Kepler-1640","Kepler-1640 b",1859.78000000,294.5577857,40.8504949,1.270000,1.430000,6324.00,0.0836000000,7.58441260000,0.000000,85.04000,,20.70000000,4.82000000
"Kepler-589","Kepler-589 c",612.80300000,280.6414331,47.7520581,0.832000,0.916000,5372.00,0.0426000000,3.52466011000,0.000000,71.95000,,1.45000000,1.11727238
"Kepler-647","Kepler-647 b",1087.87000000,284.7882977,44.5916225,1.030000,1.070000,6020.00,0.1223700000,16.22546490000,0.000000,89.16000,,1.71000000,1.17000000
"Gaia-1","Gaia-1 b",363.66000000,90.6436658,-0.5771099,0.949000,0.952000,5470.00,0.0404700000,3.05252400000,,85.73000,,533.95172376,13.77583728
"Kepler-1527","Kepler-1527 b",1842.13000000,297.4144457,46.0608077,1.210000,1.320000,6224.00,0.6276000000,160.12991800000,0.000000,89.24000,,20.40000000,4.77000000
"Kepler-1980","Kepler-1980 b",1709.40000000,295.1672065,38.6370390,1.049000,0.990000,5819.00,0.2049000000,33.02571790000,0.000000,89.94000,,5.52000000,2.21000000
"TOI-122","TOI-122 b",62.11800000,332.9482355,-58.9460850,0.312000,0.334000,3403.00,0.0392000000,5.07803000000,0.000000,88.40000,,7.85000000,2.72000000
"HATS-52","HATS-52 b",555.13400000,140.0875894,-31.2692116,1.111000,1.046000,6010.00,0.0249800000,1.36665436000,0.246000,84.70000,,711.93920000,15.49083800
"Kepler-250","Kepler-250 d",760.58500000,289.5947633,44.1418114,0.806000,0.805000,5160.00,0.1270000000,17.64831200000,0.000000,89.27000,,5.39000000,2.18000000
"Kepler-1298","Kepler-1298 b",544.16300000,284.4227535,49.1061907,1.450000,2.000000,6339.00,0.0814000000,7.12811928000,0.000000,88.82000,,2.27000000,1.31000000
"Kepler-1361","Kepler-1361 b",389.14300000,283.5653603,46.9042278,0.830000,0.790000,5131.00,0.0430400000,3.57554956000,0.000000,87.45000,,0.56600000,0.86000000
"Kepler-619","Kepler-619 b",900.67800000,290.8490899,48.4159782,1.090000,1.110000,5980.00,0.0601400000,5.40427219700,0.000000,89.20000,,10.10000000,3.16000000
"K2-99","K2-99 b",519.22900000,208.7737624,-5.4424943,1.440000,2.550000,6069.00,0.1530000000,18.24783000000,0.220000,88.60000,334.0000,276.51071409,11.88151954
"TOI-532","TOI-532 b",135.04700000,85.0800537,11.5626373,0.639000,0.612000,3927.00,0.0296000000,2.32665080000,0.000000,88.08000,90.0000,61.50000000,5.82000000
"HD 210277","HD 210277 b",21.29850000,332.3748117,-7.5505962,1.010000,1.070000,5538.00,1.1300000000,442.19000000000,0.480000,,-55.0000,410.00070000,13.60000000
"Kepler-178","Kepler-178 b",716.02500000,287.1010275,46.8964033,0.852000,1.066000,5676.00,0.0850000000,9.57669400000,0.000000,89.89000,,8.75000000,2.90000000
"Kepler-1604","Kepler-1604 b",541.18900000,285.4106549,44.4122318,0.810000,0.760000,4976.00,0.0140600000,0.68368425600,0.000000,40.98000,,2.57000000,1.41000000
"Kepler-984","Kepler-984 b",460.18800000,296.9588566,46.3940661,0.960000,0.930000,5610.00,0.2368800000,43.03422720000,0.000000,88.07000,,5.14000000,2.12000000
"HD 13724","HD 13724 c",43.46500000,33.0859626,-46.8166738,1.004000,1.041980,5835.31,0.5340000000,142.22895000000,0.651000,,219.7680,50.85254512,8.18000000
"Kepler-1286","Kepler-1286 b",1354.46000000,280.2583709,43.8357433,1.000000,0.980000,5753.00,0.0991000000,11.25402929000,0.000000,87.68000,,5.27000000,2.15000000
"Kepler-318","Kepler-318 b",489.14100000,298.4828337,46.7936357,1.073000,1.189000,5746.00,0.0560000000,4.66271500000,0.000000,87.66000,,19.90000000,4.71000000
"Kepler-732","Kepler-732 b",174.82600000,283.7317274,45.9585288,0.490000,0.460000,3631.00,0.0691000000,9.46781404800,0.000000,89.85000,,5.39000000,2.18000000
"HIP 109600","HIP 109600 b",66.33610000,333.0270790,29.0662082,0.870000,0.971958,5530.00,0.7060000000,232.08000000000,0.163000,,-131.3000,851.78440000,13.20000000
"Kepler-407","Kepler-407 b",338.36800000,286.0363025,49.6145027,0.990000,1.040000,5487.00,0.0153100000,0.66931240000,0.000000,87.19000,,1.93000000,1.19000000
"GJ 1148","GJ 1148 c",11.01430000,175.4326081,42.7515862,0.344045,0.358519,3287.00,0.9120000000,532.58000000000,0.342000,,210.4000,68.06000000,9.71000000
"Kepler-897","Kepler-897 b",1519.25000000,290.5867992,51.6957731,1.030000,1.040000,5839.00,0.0770000000,8.04726420000,0.000000,79.30000,,6.30000000,2.39000000
"Kepler-435","Kepler-435 b",1418.77000000,292.2873012,43.1972542,1.538000,3.210000,6161.00,0.0948000000,8.60015360000,0.114000,85.51000,104.0000,266.97000000,22.31000000
"HD 184010","HD 184010 d",60.79930000,292.8401421,26.6172796,1.350000,4.860000,4971.00,1.9200000000,836.40000000000,0.000000,,0.0000,143.02278315,14.30000000
"WASP-70 A","WASP-70 A b",222.35500000,315.4771912,-13.4333821,1.106000,1.215000,5763.00,0.0485300000,3.71302030000,0.000000,87.12000,,187.51200000,13.04700000
"TOI-1798","TOI-1798.01",113.18100000,211.0939367,46.5192825,0.870000,0.780000,5165.00,0.0749840000,8.02152233100,0.000000,88.43515,90.0000,6.50000000,2.44800000
"TOI-444","TOI-444 b",57.39730000,64.1839982,-26.7664071,0.960000,0.779000,5225.00,0.1330000000,17.96360000000,,89.64700,,8.10000000,2.77000000
"TOI-2202","TOI-2202 b",235.93300000,51.2284214,-73.9575458,0.841000,0.808000,5169.00,0.0956400000,11.91260750000,0.022000,89.29000,212.0000,287.31687993,10.95117414
"TrES-1","TrES-1 b",159.65800000,286.0408755,36.6325360,1.040000,0.850000,5230.00,0.0392500000,3.03007000000,0.000000,90.00000,,266.97720000,12.66617000
"Kepler-1052","Kepler-1052 c",943.44400000,295.3427300,46.6022134,0.937000,0.848000,5818.00,0.6135000000,180.92172900000,0.000000,89.99000,,5.90000000,2.30000000
"Kepler-206","Kepler-206 b",594.44700000,291.6346564,41.8338415,0.957000,1.185000,5764.00,0.0780000000,7.78198700000,0.000000,84.82000,,1.87000000,1.20000000
"Kepler-763","Kepler-763 b",962.45900000,292.1445534,47.1573604,0.840000,0.800000,5166.00,0.0205000000,1.19655156000,0.000000,87.27000,,1.98000000,1.22000000
"Kepler-155","Kepler-155 b",293.49900000,288.4957831,51.0819286,0.635000,0.620000,4508.00,0.0560000000,5.93119400000,0.000000,89.88000,,5.02000000,2.09000000
"ups And","ups And c",13.40540000,24.1983534,41.4038147,1.300000,1.560000,6156.77,0.8277740000,241.25800000000,0.259600,,241.7000,4443.24112986,12.30000000
"NGTS-34","NGTS-34 b",120.47500000,162.4997176,-44.5478575,1.266000,1.367000,6134.00,0.2570000000,43.12655000000,,88.87400,,19.10000000,3.65000000
"K2-274","K2-274 b",228.32700000,129.2823699,20.3992512,0.790000,0.700000,5044.00,0.0964000000,14.13303140000,,89.44000,,4.98000000,2.08000000
"DH Tau","DH Tau b",134.84600000,67.4231674,26.5493897,0.330000,0.270000,4371.00,330.0000000000,,,,,3496.00000000,30.26430000
"HD 200964","HD 200964 c",72.59220000,316.6664183,3.8033357,1.390000,4.920000,4982.00,1.9600000000,852.50000000000,0.243000,,301.0000,385.84562000,13.70000000
"TOI-1011","TOI-1011 b",52.62000000,113.9847611,-32.8419988,0.910000,0.920000,5475.00,,2.47049800000,0.000000,,,4.04000000,1.45000000
"Kepler-1583","Kepler-1583 b",403.93300000,286.3869335,47.0165188,0.940000,0.910000,5645.00,0.0830700000,9.32807355000,0.000000,89.86000,,0.15600000,0.60000000
"HATS-32","HATS-32 b",745.11600000,346.0750861,-21.2720168,1.099000,1.097000,5700.00,0.0402400000,2.81265480000,0.471000,87.10000,,292.40360000,14.00004100
"ZTF J1828+2308","ZTF J1828+2308 b",201.82700000,277.2031946,23.1439121,0.610000,0.013100,15900.00,,0.11200670000,,88.90000,,6356.56814000,11.13051784
"Kepler-1876","Kepler-1876 b",259.93500000,299.1604859,41.1437964,1.187000,1.477000,6104.00,0.0758000000,6.99205000000,0.098000,89.13000,,2.40000000,0.85300000
"TOI-6564","TOI-6564 b",191.37200000,205.8178791,-56.1564491,1.180000,1.700000,5943.00,0.0542000000,3.98541300000,0.000000,86.77000,90.0000,222.16205649,16.39873876
"K2-219","K2-219 c",325.40000000,12.8452963,8.8675474,1.021545,1.189232,5753.00,,6.66767000000,,87.26923,,2.66000000,1.43839723
"HD 37124","HD 37124 b",31.66340000,84.2599947,20.7289784,0.850000,0.949168,5698.64,0.5336400000,154.37800000000,0.054000,,130.0000,214.53525000,14.00000000
"Kepler-881","Kepler-881 b",1375.18000000,288.9925529,46.6706513,1.060000,1.090000,5961.00,0.0552000000,4.44448017000,0.000000,74.94000,,3.82000000,1.78000000
"TOI-333","TOI-333 b",352.26900000,353.3574989,-41.1715206,1.200000,1.100000,6241.00,0.0490000000,3.78525030000,0.000000,89.26000,90.0000,20.10000000,4.26000000
"Kepler-60","Kepler-60 c",1025.10000000,288.9612535,42.2650472,1.041000,1.257000,5905.00,0.0842200000,8.91870000000,0.039000,87.32000,14.6100,3.85000000,1.90000000
"Kepler-665","Kepler-665 b",612.83800000,297.0255947,48.4785669,0.790000,0.740000,4913.00,0.1148000000,16.01310205000,0.000000,88.14000,,7.27000000,2.60000000
"Kepler-1848","Kepler-1848 b",309.69600000,299.3814921,45.5920846,0.756000,0.737000,4847.00,0.0583500000,5.60402011900,0.000000,88.25000,,2.57000000,1.40885390
"TOI-2096","TOI-2096 c",48.48090000,151.6186989,74.8272107,0.231000,0.235000,3300.00,0.0400000000,6.38784000000,0.100000,89.56000,200.0000,4.32000000,1.91400000
"Kepler-1698","Kepler-1698 b",222.34500000,293.3450181,39.2577469,0.822000,0.741698,4975.03,0.0206500000,1.21070000000,0.000000,83.56000,,1.25000000,1.07315686
"HIP 14810","HIP 14810 c",50.48000000,47.8092750,21.0971302,1.010000,1.070000,5544.00,0.5490000000,147.74700000000,0.156600,,331.1000,416.35730000,13.60000000
"HD 25463","HD 25463 c",45.61810000,60.7483361,9.2077676,1.251000,1.418200,6353.00,0.0443000000,3.04405000000,0.000000,,90.0000,4.30000000,1.36354953
"Kepler-1869","Kepler-1869 c",113.02500000,292.6149958,42.7643438,0.987000,0.902000,5808.00,0.0280000000,1.71682830400,0.000000,81.38000,,0.33000000,0.74000000
"Kepler-292","Kepler-292 b",1056.48000000,295.7661979,42.4242822,0.865000,0.826000,5299.00,0.0350000000,2.58082700000,0.000000,89.00000,,2.30000000,1.32000000
"Kepler-33","Kepler-33 b",1209.16000000,289.0775348,46.0051696,1.291000,1.820000,5904.00,0.0677000000,5.66793000000,0.000000,86.39000,,3.68000000,1.74000000
"Kepler-601","Kepler-601 b",414.82500000,282.0046852,42.1764657,0.850000,0.790000,5160.00,0.0549400000,5.37886844100,0.000000,85.81000,,4.27000000,1.90000000
"TOI-1347","TOI-1347 b",147.47600000,280.3266806,70.2900536,0.913000,0.830000,5464.00,0.0171000000,0.84742346000,0.000000,79.50000,90.0000,11.10000000,1.80000000
"K2-417","K2-417 b",94.04240000,350.1417675,-10.0365901,0.569000,0.577600,3861.00,0.0630000000,6.53500000000,,89.00000,,699.22249540,3.31000000
"Kepler-1020","Kepler-1020 b",415.35800000,292.6724710,46.3772776,0.870000,0.800000,5227.00,0.3759400000,96.91514960000,0.000000,89.71000,,5.82000000,2.28000000
"Kepler-1346","Kepler-1346 b",843.70100000,291.8413410,45.1791850,1.140000,1.210000,6133.00,0.0440000000,3.40165668000,0.000000,81.42000,,3.12000000,1.58000000
"TOI-1750","TOI-1750 b",162.46000000,240.3019781,68.9373001,0.767000,0.768675,4683.75,,11.33727129656,,88.95634,,8.19000000,2.78943837
"HD 180314","HD 180314 b",122.36200000,288.7094401,31.8604391,2.600000,9.200000,4917.00,1.4480000000,394.73000000000,0.247000,,-56.3000,7216.92963775,12.00000000
"Kepler-181","Kepler-181 c",609.28300000,296.1512831,50.0957806,0.810000,0.749000,5333.00,0.0490000000,4.30214900000,0.000000,87.09000,,4.62000000,1.99000000
"Kepler-953","Kepler-953 c",258.89300000,288.9716297,44.6246451,0.950000,0.990000,5416.00,0.0862000000,9.10967112000,0.000000,85.02000,,1.81000000,1.19000000
"TOI-1696","TOI-1696 b",64.91720000,65.2806480,48.8198312,0.255000,0.277500,3185.00,0.0229000000,2.50031100000,0.000000,88.46100,90.0000,48.80000000,3.09000000
"TIC 77552382","TIC 77552382 b",373.41500000,152.5133767,-4.9035250,0.830000,0.886956,4981.07,,3.51025904942,,87.79345,,27.50000000,5.69176189
"HD 96167","HD 96167 b",85.30060000,166.3125657,-10.2913450,1.270000,1.940000,5733.00,1.3320000000,498.04000000000,0.685000,,290.1000,227.88411000,14.00000000
"Kepler-1770","Kepler-1770 b",582.94200000,299.2502851,43.4103663,0.941000,1.009000,5602.00,0.1261000000,16.84189987000,0.000000,88.95000,,8.45000000,2.84141754
"Kepler-292","Kepler-292 e",1056.48000000,295.7661979,42.4242822,0.865000,0.826000,5299.00,0.0970000000,11.97901000000,0.000000,89.83000,,7.61000000,2.67000000
"Kepler-154","Kepler-154 b",915.21200000,289.7805393,49.8965624,0.933000,1.001000,5690.00,0.1980000000,33.04053200000,0.000000,89.65000,,5.73000000,2.26000000
"Kepler-1660 A","Kepler-1660 AB b",1188.54000000,290.5519537,40.2350445,1.136600,1.491000,6305.24,0.8000000000,239.50440000000,0.055410,86.31000,-46.1700,1586.59940774,12.90000000
"Kepler-379","Kepler-379 b",731.27400000,295.7010981,38.9458209,1.125000,1.306000,6054.00,0.1520000000,20.09838000000,0.000000,89.96000,,3.39000000,1.66000000
"HAT-P-33","HAT-P-33 b",396.11000000,113.1842383,33.8350214,1.820000,1.790000,6446.00,0.0499500000,3.47447000000,0.000000,87.20000,15.0000,292.40360000,20.73665000
"Kepler-567","Kepler-567 b",558.81000000,297.6726072,48.3023458,0.840000,0.790000,5148.00,0.1229000000,16.54297375000,0.000000,89.41000,,5.69000000,2.25000000
"KIC 8121913","KIC 8121913 b",707.30300000,298.9677981,43.9093780,1.456000,2.233000,5975.30,,3.29460100000,,,,667.43965470,13.40000000
"K2-198","K2-198 d",110.56700000,198.8436817,-6.4649888,0.799000,0.757000,5212.90,,7.45001770000,,89.86000,,6.52000000,2.43800000
"Kepler-176","Kepler-176 e",527.32100000,294.6679021,43.8532104,0.870000,0.830000,5295.00,0.2565400000,51.16579000000,0.000000,89.08000,,0.52075000,1.45000000
"HD 109246","HD 109246 b",67.83490000,188.0271840,74.4893379,1.200000,1.070000,5844.00,0.3300000000,68.27000000000,0.120000,,235.0000,273.33380000,13.90000000
"TOI-5489","TOI-5489 c",45.09070000,128.6912940,11.4895882,0.410000,0.420000,3547.00,,4.92126000000,,88.80000,,2.18000000,1.28000000
"K2-415","K2-415 b",21.81820000,137.2015437,11.8622503,0.163500,0.196500,3173.00,0.0270000000,4.01796940000,,89.32000,,7.50000000,1.01500000
"Kepler-800","Kepler-800 b",1019.26000000,286.5747697,44.7951858,0.850000,0.820000,5315.00,0.1106000000,14.13176026000,0.000000,86.95000,,8.50000000,2.85000000
"Kepler-327","Kepler-327 c",241.98700000,292.6422963,44.0876251,0.591913,0.492000,3799.00,0.0470000000,5.21233300000,0.000000,89.44000,,20.30000000,1.03000000
"Kepler-28","Kepler-28 c",438.35900000,292.1370409,42.4294835,0.684000,0.664000,4499.30,0.0751900000,8.99000000000,0.017000,89.98000,,2.06000000,1.85700000
"K2-271","K2-271 b",564.45400000,125.2239144,16.0907958,0.830000,0.990000,5644.00,0.0770000000,8.56242100000,,,,41.80000000,7.28000000
"KMT-2018-BLG-0748L","KMT-2018-BLG-0748L b",7300.00000000,267.8745000,-30.6463889,0.087000,,,0.6200000000,,,,,60.00000000,9.01000000
"KMT-2024-BLG-1870L","KMT-2024-BLG-1870L b",5480.00000000,272.4653333,-26.8828889,0.670000,,,3.1500000000,,,,,336.89811142,13.80000000
"KMT-2017-BLG-0849L","KMT-2017-BLG-0849L b",7220.00000000,265.3594583,-25.2812194,0.190000,,,2.7300000000,,,,,6.39000000,2.41000000
"Kepler-1418","Kepler-1418 b",499.00000000,282.9975322,41.6785900,0.770000,0.720000,4770.00,0.1310000000,22.47644250000,0.000000,89.80000,,3.39000000,1.66000000
"OGLE-2016-BLG-0613L AB","OGLE-2016-BLG-0613L AB b",3410.00000000,269.2604060,-28.1161671,0.720000,,,6.4000000000,,,,,1330.00000000,13.00000000
"TOI-1694","TOI-1694 c",124.68000000,97.7487104,66.3605956,0.828000,0.812000,5005.00,0.9740000000,386.25000000000,0.111000,,-107.4000,316.55709337,13.80000000
"HD 9446","HD 9446 c",50.35030000,23.3350424,29.2649187,1.000000,1.000000,5793.00,0.6540000000,192.90000000000,0.060000,,100.0000,578.42600000,13.40000000
"MASCARA-4","MASCARA-4 b",170.69600000,147.5800667,-66.1139253,1.750000,1.790000,7800.00,0.0474000000,2.82409320000,0.000000,86.89000,,532.36258173,16.98160576
"Kepler-1846","Kepler-1846 b",374.61500000,294.3909489,44.7629523,0.785000,0.732000,4825.00,0.1105400000,14.82009983000,0.000000,89.88000,,3.76000000,1.76378826
"HD 147873","HD 147873 b",109.05500000,246.4380471,-33.5672217,1.380000,2.290000,5972.00,0.5220000000,116.59600000000,0.207000,,80.2100,1633.64620000,12.80000000
"Kepler-224","Kepler-224 e",782.08800000,290.9342679,47.3575414,0.777000,0.676000,5018.00,0.1240000000,18.64357700000,0.000000,89.15000,,4.54000000,1.97000000
"Kepler-1670","Kepler-1670 b",2065.98000000,290.3264599,43.1217550,1.050000,1.518890,5838.00,0.1528000000,20.49980000000,0.000000,84.41000,,11.20000000,3.35648010
"Kepler-92","Kepler-92 c",477.99200000,289.0860607,41.5630224,1.210000,1.700000,5883.00,0.1905400000,26.72300000000,0.040000,89.92000,,6.10000000,2.60000000
"Kepler-1799","Kepler-1799 b",2254.69000000,288.3086994,51.4783348,1.016000,0.921000,5831.00,0.1028000000,11.92969990000,0.000000,89.99000,,15.90000000,4.12801189
"KMT-2021-BLG-0736L","KMT-2021-BLG-0736L b",7000.00000000,268.3225833,-29.7124194,0.600000,,,4.0000000000,,,,,21.00000000,4.86000000
"TYC 8998-760-1","TYC 8998-760-1 b",94.61770000,201.3001096,-64.9391566,1.000000,1.020000,4573.00,146.0000000000,,0.440000,90.60000,315.0000,6928.65927260,21.18497352
"OGLE-2017-BLG-1434L","OGLE-2017-BLG-1434L b",860.00000000,268.2804667,-30.2456583,0.234000,,,1.1800000000,,,,,4.43000000,1.94000000
"KMT-2019-BLG-2783L","KMT-2019-BLG-2783L b",5910.00000000,269.2919167,-33.7885194,0.340000,,,1.8500000000,,,,,368.68095212,13.70000000
"OGLE-2016-BLG-1093L","OGLE-2016-BLG-1093L b",8120.00000000,269.0042917,-32.7134722,0.460000,,,2.1300000000,,,,,225.65816897,14.00000000
"MOA-2010-BLG-117L","MOA-2010-BLG-117L b",3500.00000000,271.9569700,-25.3446388,0.580000,,,2.4200000000,,,,,170.00000000,14.20000000
"OGLE-2006-BLG-109L","OGLE-2006-BLG-109L b",1510.00000000,268.1437920,-30.0877778,0.510000,,,2.3000000000,1788.50000000000,,,,231.00000000,14.00000000
"OGLE-2012-BLG-0406L","OGLE-2012-BLG-0406L b",4970.00000000,268.3257080,-30.4711667,0.440000,,,3.4500000000,,,,,868.00000000,13.20000000
"Kepler-1265","Kepler-1265 b",583.64100000,284.5858364,47.0795646,0.710000,0.690000,4630.00,0.0612000000,6.49441289000,0.000000,84.68000,,2.39000000,1.35000000
"HD 332231","HD 332231 b",80.66650000,306.7411340,33.7443882,1.164200,1.266000,6128.00,0.1450000000,18.71202400000,0.000000,89.68000,2.0000,74.10000000,9.07303305
"HD 233604","HD 233604 b",847.05800000,137.4535054,53.5682016,1.500000,10.900000,4791.00,0.7470000000,192.00000000000,0.050000,,281.0000,2089.64400000,12.70000000
"Kepler-1591","Kepler-1591 b",1419.58000000,296.5166659,44.6086233,1.100000,1.160000,6082.00,0.0794000000,8.18504949000,0.000000,86.83000,,2.15000000,1.27000000
"HD 22532","HD 22532 b",161.18300000,53.8148478,-49.4172669,1.570000,5.690000,5038.00,1.9000000000,872.60000000000,0.030000,,169.1000,673.79622284,13.40000000
"TOI-7189","TOI-7189 b",192.09000000,273.0378977,2.1882623,0.612000,0.591000,3775.00,0.0329400000,2.89055000000,0.060100,88.41000,-10.1000,159.04000000,10.90000000
"TOI-7265 B","TOI-7265 B b",143.97000000,318.7040182,45.9259093,0.521000,0.497000,3503.00,0.0400700000,4.17232000000,0.037200,88.89000,-0.0600,224.95000000,10.70000000
"KMT-2021-BLG-0322L","KMT-2021-BLG-0322L b",6600.00000000,270.9116667,-29.6043889,0.620000,,,,,,,,2034.10180480,12.70000000
"MOA-2016-BLG-526L","MOA-2016-BLG-526L b",6930.00000000,266.6682917,-34.3860806,0.370000,,,2.0700000000,,,,,14.93793513,3.97000000
"TOI-6695","TOI-6695 c",282.53600000,129.5720221,-23.5502170,1.338000,1.517000,6400.00,0.8380000000,242.40000000000,0.022000,90.00000,-121.0000,460.85119015,13.60000000
"Kepler-249","Kepler-249 b",190.40100000,296.9853002,43.6586043,0.510238,0.482000,3568.00,0.0350000000,3.30653900000,0.000000,90.00000,,1.32000000,1.09000000
"OGLE-2018-BLG-1185L","OGLE-2018-BLG-1185L b",7400.00000000,269.7927500,-27.8350833,0.370000,,,1.5400000000,,,,,8.40000000,2.83000000
"WISEP J121756.91+162640.2 A","WISEP J121756.91+162640.2 A b",10.10000000,184.4871250,16.4445000,0.029000,0.091000,575.00,8.0000000000,,,,,6992.00000000,10.46800000
"KMT-2024-BLG-0176L","KMT-2024-BLG-0176L b",8340.00000000,266.5324583,-34.2105806,0.103000,,,1.3200000000,,,,,241.54958932,14.00000000
"KMT-2021-BLG-1150L","KMT-2021-BLG-1150L b",3800.00000000,268.7901250,-31.3133306,0.730000,,,4.5000000000,,,,,279.68899816,13.90000000
"KMT-2017-BLG-1146L","KMT-2017-BLG-1146L b",6500.00000000,269.1058330,-33.1424694,0.330000,,,1.6000000000,,,,,230.00000000,14.00000000
"MOA-2007-BLG-400L","MOA-2007-BLG-400L b",6890.00000000,272.4249167,-29.2241528,0.690000,,,5.9000000000,,,,,540.30829190,13.50000000
"UZ For","UZ For b",239.60387482,53.8694682,-25.7393857,0.700000,,5286.90,5.9000000000,5840.00000000000,0.040000,,,2002.20000000,
"TWA 7","TWA 7 b",33.99580000,160.6248102,-33.6712596,0.460000,0.917173,3509.00,52.0000000000,,,,,108.06165838,12.70000000
"Kepler-1222","Kepler-1222 b",415.21800000,294.8896160,49.3798215,0.840000,0.800000,5239.00,0.0280100000,1.91694425400,0.000000,87.57000,,0.41800000,0.79000000
"Kepler-463","Kepler-463 b",394.80400000,298.9368228,44.8578644,0.870000,0.900000,5661.00,0.0792500000,8.98101683300,0.000000,89.85000,,9.53000000,3.05000000
"TOI-2337","TOI-2337 b",536.04600000,290.6198948,60.8539035,1.325000,3.220000,4780.00,,2.99432000000,0.019000,,-0.3410,508.52545120,10.08808263
"HD 202206","HD 202206 c",45.96650000,318.7405221,-20.7897284,1.060000,1.040000,5764.23,2.3900000000,1299.22000000000,0.171000,51.00000,84.7300,982.08977763,13.10000000
"MOA-2010-BLG-477L","MOA-2010-BLG-477L b",2300.00000000,271.5310060,-31.4544773,0.670000,,5950.00,2.0000000000,,,,,480.00000000,13.60000000
"OGLE-2017-BLG-1522L","OGLE-2017-BLG-1522L b",7490.00000000,270.3193660,-28.4619713,0.045000,,,0.5900000000,,,,,240.00000000,14.00000000
"Kepler-566","Kepler-566 b",564.27700000,291.5544735,47.8144362,0.830000,0.790000,5132.00,0.1247000000,18.42794624000,0.000000,88.81000,,5.27000000,2.15000000
"Kepler-1224","Kepler-1224 b",559.59800000,286.6257591,37.5373130,1.180000,1.220000,6155.00,0.1162500000,13.32351601000,0.000000,89.50000,,2.33000000,1.33000000
"WASP-149","WASP-149 b",211.73000000,124.0736810,-8.6865813,1.050000,1.080000,5750.00,0.0240000000,1.33281300000,0.000000,83.02000,,314.96795134,15.24421375
"KMT-2019-BLG-1042L","KMT-2019-BLG-1042L b",6600.00000000,270.5440417,-27.5806694,0.300000,,,1.7000000000,,,,,60.38739733,9.05000000
"KMT-2019-BLG-0298L","KMT-2019-BLG-0298L b",6710.00000000,264.8780000,-27.6381389,0.700000,,,5.6700000000,,,,,575.26941667,13.40000000
"WASP-60","WASP-60 b",431.05200000,356.6667136,31.1559115,1.190000,1.170000,5900.00,0.0554800000,4.30500000000,0.000000,87.90000,,174.80650000,9.86392000
"KMT-2019-BLG-0371L","KMT-2019-BLG-0371L b",7010.00000000,268.3839167,-31.5550222,0.090000,,,0.7900000000,,,,,2447.27873390,12.60000000
"TOI-5916","TOI-5916 b",199.72400000,325.2995114,9.5990534,0.518000,0.487000,3541.00,0.0278900000,2.36712341000,0.045000,89.13000,-81.0000,219.00000000,11.80000000
"OGLE-2017-BLG-1237L","OGLE-2017-BLG-1237L b",6030.00000000,271.6499583,-28.3288306,0.460000,,,2.5300000000,,,,,1207.74794660,13.00000000
"OGLE-2017-BLG-0640L","OGLE-2017-BLG-0640L b",6630.00000000,267.4651250,-29.4615000,0.320000,,,1.1400000000,,,,,514.88201934,13.50000000
"KMT-2018-BLG-0029L","KMT-2018-BLG-0029L b",3380.00000000,264.4694580,-27.9847000,1.140000,,,4.2700000000,,,,,7.59000000,2.67000000
"Kepler-619","Kepler-619 c",900.67800000,290.8490899,48.4159782,1.090000,1.110000,5980.00,0.0221600000,1.20846502600,0.000000,76.66000,,3.50000000,1.69000000
"Kepler-186","Kepler-186 b",177.59400000,298.6527360,43.9549884,0.478000,0.472000,3788.00,0.0343000000,3.88679070000,0.000000,89.60000,,1.24000000,1.07000000
"K2-183","K2-183 d",329.04100000,125.0071770,14.0194586,0.942219,0.870000,5482.00,0.1527000000,22.62034400000,,89.90000,,5.90000000,2.30000000
"Kepler-1677","Kepler-1677 b",735.36900000,298.4932730,47.0130566,1.110000,1.249590,6013.72,0.1599000000,22.06400000000,0.000000,86.73000,,7.76000000,2.70216183
"KMT-2018-BLG-0087L","KMT-2018-BLG-0087L b",7020.00000000,264.3270000,-27.8320611,0.100000,,,0.8700000000,,,,,73.10053361,10.10000000
"KOI-55","KOI-55 c",1231.02000000,296.3561853,41.0927315,0.496000,0.203000,27730.00,0.0076000000,0.34288700000,,65.00000,,0.65500000,0.86700000
"KMT-2024-BLG-1044L","KMT-2024-BLG-1044L b",7140.00000000,271.5640000,-27.5925806,0.069000,,,,,,,,7.75000000,2.70000000
"KMT-2019-BLG-0297L","KMT-2019-BLG-0297L b",3090.00000000,270.0632917,-28.9652806,0.210000,,,0.9600000000,,,,,6038.73973300,12.10000000
"OGLE-2012-BLG-0724L","OGLE-2012-BLG-0724L b",6700.00000000,268.9682917,-29.8185278,0.290000,,,1.6000000000,,,,,150.00000000,14.30000000
"TOI-603","TOI-603 b",205.92400000,141.1078542,5.7660562,1.240000,1.477000,6027.00,0.1282000000,16.17984600000,,89.58000,,33.00000000,7.37000000
"Kepler-1620","Kepler-1620 b",895.06900000,297.2709026,46.9284743,1.150000,1.230000,6157.00,0.4322000000,101.95182900000,0.000000,89.96000,,3.22000000,1.61000000
"KMT-2019-BLG-0578L","KMT-2019-BLG-0578L b",7300.00000000,269.4846667,-27.7948611,0.280000,,,2.0000000000,,,,,381.39408840,13.70000000
"Kepler-85","Kepler-85 e",765.02500000,290.9734395,45.2902761,0.947000,0.893000,5436.00,0.1630000000,25.21675100000,0.000000,88.74000,,0.60000000,1.27000000
"TOI-2128","TOI-2128 b",36.57800000,256.9817998,32.1053027,1.025100,1.117400,5968.00,0.1270000000,16.34136000000,0.000000,,90.0000,4.50000000,2.08874836
"Kepler-1693","Kepler-1693 c",760.06500000,290.2015581,48.1857799,0.941000,1.098000,5553.00,0.0588000000,5.36370992700,0.000000,89.97000,,0.89400000,0.97698289
"TOI-5174","TOI-5174 b",197.24300000,174.1094967,-2.0233506,1.000000,1.094570,5643.77,,12.21428600000,,,,24.80000000,5.35100000
"WASP-172","WASP-172 b",538.11000000,199.4337420,-47.2375748,1.490000,1.910000,6900.00,0.0694000000,5.47743300000,0.000000,86.70000,,149.38010000,17.59813000
"Kepler-403","Kepler-403 b",840.26900000,289.9214256,46.7445267,1.299000,1.329000,6090.00,0.0760000000,7.03146200000,0.000000,89.91000,,2.10000000,1.25000000
"KMT-2022-BLG-2286L","KMT-2022-BLG-2286L b",7320.00000000,269.1652500,-28.8549194,0.200000,,,2.0200000000,,,,,6038.73973300,12.10000000
"Kepler-1493","Kepler-1493 b",555.05100000,288.5493683,38.5651973,1.060000,1.290000,5863.00,0.1197000000,15.02179830000,0.000000,82.45000,,2.57000000,1.41000000
"OGLE-2019-BLG-0249L","OGLE-2019-BLG-0249L b",6370.00000000,265.4035000,-34.7017500,0.910000,,,1.8400000000,,,,,2262.93825784,12.70000000
"Kepler-137","Kepler-137 c",302.97900000,282.1355875,43.0391951,0.850000,0.802000,5187.00,0.1300000000,18.73575300000,0.000000,88.55000,,4.19000000,1.88000000
"TOI-2114","TOI-2114 b",317.84500000,261.0963946,33.2050726,1.309000,1.970000,6400.00,0.0760000000,6.20995900000,0.472000,84.39000,211.2000,324.18497514,14.54925695
"TOI-5806","TOI-5806 b",119.19900000,329.1018029,20.6779808,1.333000,1.387000,6730.00,0.0484000000,3.18563810000,,82.24000,,721.47048389,15.13212395
"OGLE-2018-BLG-1011L","OGLE-2018-BLG-1011L c",7100.00000000,269.0140000,-29.0828889,0.180000,,,0.8000000000,,,,,890.00000000,13.20000000
"TOI-7169","TOI-7169 b",467.15100000,351.0546897,36.8175661,0.885000,1.500000,5714.00,0.0428000000,3.43731250000,0.055000,84.62000,-6.0000,130.30964687,16.53324653
"OGLE-2018-BLG-0677L","OGLE-2018-BLG-0677L b",7580.00000000,268.7511250,-32.0165306,0.120000,,,0.6300000000,,,,,3.96000000,1.82000000
"OGLE-2019-BLG-0679L","OGLE-2019-BLG-0679L b",5630.00000000,265.7404167,-27.7728806,0.660000,,,6.9900000000,,,,,1061.54687938,13.10000000
"MOA-bin-1L","MOA-bin-1L b",5100.00000000,261.7925000,-29.7939722,0.750000,,,8.3000000000,,,,,1200.00000000,13.00000000
"Kepler-365","Kepler-365 b",1038.99000000,295.6265640,49.1304110,1.020000,1.048000,6012.00,0.0980000000,10.66490300000,0.000000,89.29000,,4.82000000,2.04000000
"KMT-2020-BLG-0414L","KMT-2020-BLG-0414L c",1220.00000000,271.9150000,-28.4852222,0.490000,,,22.3000000000,,,,,8581.36698900,11.90000000
"HD 11977","HD 11977 b",67.93310000,28.7347403,-67.6469871,1.910000,10.090000,4970.00,1.9300000000,711.00000000000,0.400000,,351.5000,2080.00000000,12.70000000
"Kepler-1038","Kepler-1038 b",584.13600000,298.9721472,44.1323499,0.870000,0.830000,5335.00,0.5238000000,148.46033820000,0.000000,89.66000,,12.20000000,3.53000000
"Kepler-250","Kepler-250 c",760.58500000,289.5947633,44.1418114,0.806000,0.805000,5160.00,0.0690000000,7.15680400000,0.000000,88.68000,,5.82000000,2.28000000
"eps CrB","eps CrB b",69.86830000,239.3965057,26.8776171,1.700000,21.000000,4406.00,1.3000000000,417.90000000000,0.110000,,133.1000,2129.46100000,12.70000000
"TOI-521","TOI-521 b",60.94250000,123.3442567,12.2221079,0.420000,0.421000,3544.00,0.0195000000,1.54285047000,0.000000,88.60000,90.0000,5.30000000,1.98000000
"OGLE-2015-BLG-0954L","OGLE-2015-BLG-0954L b",1200.00000000,270.1843330,-28.6608889,0.300000,,,1.6000000000,,,,,1100.00000000,13.10000000
"KOI-134","KOI-134 c",1159.21000000,295.5865980,45.3649371,1.407000,1.667000,6160.00,0.2305000000,33.95000000000,0.240000,75.00000,-13.0000,69.92224954,9.86000000
"HD 127195","HD 127195 c",84.71670000,217.8714193,-47.7292571,1.340000,4.160000,4981.00,,836.99000000000,0.050000,,4.1200,206.58846455,14.10000000
"HD 125136","HD 125136 b",121.25700000,215.3703435,-72.3175327,1.550000,5.390000,4959.00,,849.77000000000,0.050000,,3.1300,718.29219982,13.30000000
"KMT-2019-BLG-0953L","KMT-2019-BLG-0953L b",7200.00000000,269.3385833,-28.6746389,0.280000,,,1.1000000000,,,,,15.50000000,4.06000000
"OGLE-2017-BLG-1691L","OGLE-2017-BLG-1691L b",7290.00000000,263.5938333,-29.2848306,0.450000,,,2.4100000000,,,,,14.62010672,3.92000000
"alf Ari","alf Ari b",20.21019000,31.7932860,23.4624210,1.500000,13.900000,4553.00,1.2000000000,380.80000000000,0.250000,,89.1600,572.07000000,13.40000000
"TOI-2180","TOI-2180 b",116.68500000,277.9436300,56.6506789,1.111000,1.636000,5695.00,0.8280000000,260.79000000000,0.368300,89.95500,-43.8000,875.61726129,11.32107051
"KMT-2024-BLG-0404L","KMT-2024-BLG-0404L c",7210.00000000,271.1470833,-27.9535000,0.090000,,,,,,,,17.30000000,4.33000000
"Kepler-122","Kepler-122 e",1027.45000000,291.1118647,39.9490248,0.982000,1.216000,6050.00,0.2270000000,37.99327300000,0.000000,89.97000,,27.70000000,2.60000000
"Kepler-411","Kepler-411 c",153.67600000,287.6057027,49.5233937,0.870000,0.820000,4974.00,0.0739000000,7.83443500000,0.108000,88.61000,103.0000,26.40000000,4.42100000
"OGLE-2018-BLG-1428L","OGLE-2018-BLG-1428L b",6220.00000000,265.5487080,-26.1378889,0.430000,,,3.3000000000,,,,,240.00000000,14.00000000
"KMT-2021-BLG-1689L","KMT-2021-BLG-1689L b",7200.00000000,269.5791667,-30.1452778,0.580000,,4570.00,2.5000000000,,,,,46.00000000,7.71000000
"MOA-2010-BLG-073L","MOA-2010-BLG-073L b",2800.00000000,272.5472580,-26.5229319,0.160000,,,1.2100000000,,,,,3500.00000000,12.40000000
"KMT-2017-BLG-2197L","KMT-2017-BLG-2197L b",7800.00000000,262.6113333,-30.1593111,0.360000,,,15.9100000000,,,,,2809.60311788,12.50000000
"KMT-2018-BLG-1988L","KMT-2018-BLG-1988L b",4150.00000000,265.2825417,-35.5947000,0.470000,,,3.0900000000,,,,,5.56000000,2.22000000
"Kepler-302","Kepler-302 b",1402.58000000,294.3169307,43.6292436,1.021000,1.220000,5740.00,0.1930000000,30.18410400000,0.000000,89.98000,,15.50000000,4.06000000
"GJ 3779","GJ 3779 b",13.74300000,200.7335358,24.4639425,0.270000,0.281000,3324.00,0.0260000000,3.02320000000,0.070000,,225.0000,8.00000000,2.75000000
"Kepler-985","Kepler-985 b",679.36100000,290.1443390,44.0498808,0.910000,0.850000,5434.00,0.4466400000,116.33190100000,0.000000,89.99000,,9.17000000,2.98000000
"Kepler-248","Kepler-248 b",738.79200000,293.0613138,43.5813577,0.838000,0.831000,5190.00,0.0660000000,6.30820500000,0.000000,89.90000,,9.38000000,3.02000000
"Kepler-836","Kepler-836 b",980.03500000,287.4527659,45.7043964,1.030000,1.040000,5895.00,0.1013000000,11.36112327000,0.000000,87.16000,,7.90000000,2.73000000
"TOI-1224","TOI-1224 c",37.33120000,37.1978356,-80.8991053,0.400000,0.404000,3326.00,,17.94546600000,0.000000,,90.0000,8.67000000,2.88400000
"Kepler-142","Kepler-142 d",548.68600000,295.1190067,48.4813635,0.978000,1.269000,5790.00,0.2420000000,41.80911800000,0.000000,89.98000,,5.31000000,2.16000000
"OGLE-2019-BLG-0304L","OGLE-2019-BLG-0304L b",6980.00000000,264.0267083,-26.1459889,0.270000,,,1.2300000000,,,,,162.09248757,14.20000000
"MOA-2022-BLG-563L","MOA-2022-BLG-563L b",6530.00000000,270.3002083,-27.8358306,0.480000,,,2.1500000000,,,,,127.13136280,14.00000000
"KMT-2021-BLG-2010L","KMT-2021-BLG-2010L b",7090.00000000,268.0085000,-32.2697500,0.370000,,,1.7900000000,,,,,340.07639549,13.80000000
"KMT-2024-BLG-1005L","KMT-2024-BLG-1005L b",6950.00000000,269.8055833,-28.7557806,0.055000,,,0.7800000000,,,,,6674.39654700,12.10000000
"KMT-2021-BLG-1077L","KMT-2021-BLG-1077L c",8240.00000000,266.4891250,-33.8428111,0.140000,,,0.9300000000,,,,,79.45710175,10.60000000
"K2-65","K2-65 b",72.20000000,333.2125206,-10.9261373,0.870000,0.840000,5213.00,0.1014000000,12.64750000000,,89.14842,,3.12000000,1.58000000
"OGLE-2018-BLG-0799L","OGLE-2018-BLG-0799L b",4050.00000000,273.4590000,-25.4857222,0.093000,,,1.2800000000,,,,,82.63538582,10.90000000
"KMT-2023-BLG-0466L","KMT-2023-BLG-0466L b",6800.00000000,270.6100000,-33.0029694,0.440000,,,2.6800000000,,,,,1032.94232275,13.10000000
"BD+63 1405","BD+63 1405 b",38.04730000,271.3979337,63.6700064,0.816000,0.804724,5000.00,2.0600000000,1198.48000000000,0.880000,5.97400,94.2500,3305.41543280,12.40000000
"WASP-73","WASP-73 b",316.67800000,319.9496969,-58.1489328,2.520000,2.550000,6030.00,0.0551200000,4.08722000000,0.000000,87.40000,,908.99380000,15.91678000
"Kepler-733","Kepler-733 b",916.70600000,293.0181882,45.9147063,0.900000,0.860000,5418.00,0.1483000000,20.83424726000,0.000000,89.63000,,8.35000000,2.82000000
"Kepler-124","Kepler-124 d",420.04600000,286.7527322,49.0648788,0.706000,0.636000,4984.00,0.1700000000,30.95085100000,0.000000,86.47000,,1.41000000,1.11000000
"Kepler-244","Kepler-244 c",1036.49000000,287.2426410,42.3014185,0.933000,0.803000,5554.00,0.0870000000,9.76729200000,0.000000,87.68000,,4.86000000,2.05000000
"Kepler-2001","Kepler-2001 c",776.55000000,291.6594558,50.5838585,0.864000,0.770000,5081.00,0.1084000000,14.09258318900,0.000000,88.45000,,3.97000000,1.82000000
"KMT-2021-BLG-0852L","KMT-2021-BLG-0852L b",7230.00000000,265.8311667,-33.8918389,0.750000,,,7.7800000000,,,,,155.73591943,14.20000000
"Kepler-32","Kepler-32 b",323.84700000,297.8423073,46.5743595,0.580000,0.530000,3900.00,0.0500000000,5.90124000000,0.000000,89.92000,,1303.00000000,2.20000000
"TOI-5108","TOI-5108 b",130.91900000,166.2695041,11.2464069,1.100000,1.290000,5808.00,0.0730000000,6.75358100000,,85.91000,,32.00000000,6.60000000
"KMT-2016-BLG-2605L","KMT-2016-BLG-2605L b",6421.00000000,269.8230833,-26.9820000,0.064000,,,0.6810000000,,,,,245.04570180,14.00000000
"OGLE-2018-BLG-0977L","OGLE-2018-BLG-0977L b",6500.00000000,268.5061250,-30.6048056,0.470000,,,2.0000000000,,,,,6.40000000,2.41000000
"OGLE-2007-BLG-368L","OGLE-2007-BLG-368L b",5900.00000000,269.1081670,-32.2374167,0.640000,,,2.8000000000,,,,,20.00000000,4.72000000
"MOA-2011-BLG-262L","MOA-2011-BLG-262L b",7200.00000000,270.0978330,-31.2452583,0.110000,,,0.9500000000,,,,,17.00000000,4.29000000
"Kepler-132","Kepler-132 c",349.54900000,283.2358100,41.3430370,0.929000,1.178000,6003.00,0.0680000000,6.41491400000,0.000000,83.44000,,2.18000000,1.28000000
"KMT-2025-BLG-0481L","KMT-2025-BLG-0481L b",7980.00000000,265.3560000,-34.3717500,0.220000,,,2.1800000000,,,,,187.51876013,14.10000000
"KMT-2019-BLG-1339L","KMT-2019-BLG-1339L b",6120.00000000,265.7434170,-25.5739167,0.480000,,,2.1500000000,,,,,397.00000000,13.70000000
"KMT-2022-BLG-1790L","KMT-2022-BLG-1790L b",6480.00000000,271.0562500,-27.0347500,0.580000,,,5.2500000000,,,,,549.84314411,13.50000000
"KMT-2018-BLG-1996L","KMT-2018-BLG-1996L b",5910.00000000,268.6785000,-22.8204111,0.690000,,,4.2700000000,,,,,346.43296363,13.70000000
"Kepler-47","Kepler-47 b",1025.02000000,295.2978883,46.9204303,0.957000,0.936000,5636.00,0.2877000000,49.46430000000,0.021000,89.75200,48.6000,2.07000000,3.05000000
"HD 190007","HD 190007 b",12.71410000,300.6956339,3.3266992,0.770000,0.790000,4610.00,0.0920000000,11.72412800000,0.136000,,2.3000,15.50000000,4.06000000
"Kepler-1219","Kepler-1219 b",880.89500000,297.2158443,47.3785082,1.250000,1.940000,5944.00,0.1414600000,16.10467749000,0.000000,89.40000,,5.14000000,2.12000000
"Kepler-1808","Kepler-1808 b",1022.01000000,287.2924737,39.3832039,0.773000,0.892000,5530.00,0.1467000000,23.34040070000,0.000000,89.83000,,9.40000000,3.02511302
"Kepler-824","Kepler-824 b",1201.40000000,290.4774060,39.7319975,1.150000,1.220000,6035.00,0.0550000000,4.51436633000,0.000000,89.42000,,4.16000000,1.87000000
"HD 95089","HD 95089 b",136.95700000,164.6987480,1.7290087,1.540000,5.080000,4918.00,1.3600000000,464.40000000000,0.119000,,301.0000,400.46580000,13.70000000
"Kepler-610","Kepler-610 c",845.82400000,293.1713241,45.0655934,1.100000,1.130000,5943.00,0.5594000000,151.86392000000,0.000000,89.99000,,10.90000000,3.30000000
"Kepler-410 A","Kepler-410 A b",147.52700000,283.1510448,45.1400838,1.214000,1.352000,6273.00,0.1226000000,17.83364800000,0.170000,87.72000,,8.44000000,2.83800000
"DMPP-6","DMPP-6 b",54.63030000,120.3857827,-70.0234291,1.079000,1.270000,6182.09,0.0779000000,7.60270000000,0.340000,,175.0000,5.80000000,2.28000000
"Gaia22dkvL","Gaia22dkvL b",1270.00000000,151.7690000,-66.1808889,1.145000,,,1.4000000000,,,,,187.83658854,14.10000000
"MOA-2022-BLG-249L","MOA-2022-BLG-249L b",2000.00000000,268.8655417,-28.3060611,0.180000,,,1.6300000000,,,,,4.83000000,2.04000000
"Kepler-1063","Kepler-1063 b",343.22600000,290.5267975,38.1428283,1.090000,1.140000,5945.00,0.1176000000,14.07971466000,0.000000,89.53000,,2.83000000,1.49000000
"KMT-2021-BLG-1303L","KMT-2021-BLG-1303L b",6280.00000000,271.8638750,-29.2815806,0.570000,,,2.8900000000,,,,,120.77479466,13.60000000
"OGLE-2018-BLG-0596L","OGLE-2018-BLG-0596L b",5650.00000000,269.0555417,-29.1990833,0.231000,,,0.9700000000,,,,,13.93000000,3.81000000
"KMT-2023-BLG-0830L","KMT-2023-BLG-0830L b",7250.00000000,271.6579583,-28.3323111,0.220000,,,1.7000000000,,,,,17.79839079,4.41000000
"KMT-2023-BLG-0735L","KMT-2023-BLG-0735L b",6390.00000000,267.5759583,-29.2029194,0.610000,,,2.9600000000,,,,,38.77506565,6.97000000
"KMT-2021-BLG-0320L","KMT-2021-BLG-0320L b",6950.00000000,269.3881250,-30.5039389,0.320000,,,1.5400000000,,,,,31.78284070,6.20000000
"OGLE-2023-BLG-0766L","OGLE-2023-BLG-0766L b",7400.00000000,269.8296250,-28.3246889,0.390000,,,2.5000000000,,,,,349.61124770,13.70000000
"Kepler-1628","Kepler-1628 b",352.00000000,281.6336936,43.4115547,0.550000,0.520000,3724.00,0.2952000000,76.37803300000,0.000000,89.71000,,33.80000000,6.43000000
"OGLE2-TR-L9","OGLE2-TR-L9 b",1627.63000000,166.9798793,-61.1462496,1.520000,1.530000,6933.00,0.0308000000,2.48553350000,,79.80000,,1430.17500000,18.04600000
"TOI-5736","TOI-5736 b",92.36040000,213.7583971,49.5009379,0.570000,0.580000,3949.00,,0.64899000000,,84.50000,,3.05000000,1.56000000
"Kepler-1577","Kepler-1577 b",510.02900000,292.9552704,47.5730433,0.780000,0.740000,4862.00,0.0657000000,6.30560247000,0.000000,87.71000,,1.51000000,1.13000000
"K2-13","K2-13 b",342.39400000,170.1554763,2.5027534,0.800000,0.780000,5698.00,0.2114000000,39.91488000000,,,,4.23000000,1.89000000
"Kepler-122","Kepler-122 f",1027.45000000,291.1118647,39.9490248,1.030000,0.949000,5917.00,0.2857500000,56.26800000000,0.000000,89.97000,,36.00000000,1.75000000
"Kepler-414","Kepler-414 c",413.46000000,297.9615616,48.2443363,0.890000,0.946000,5536.00,0.0719500000,7.17100000000,0.000000,89.43000,,29.90000000,3.01000000
"TOI-1533","TOI-1533 b",100.05100000,355.2467209,57.4852417,0.880000,0.849000,5146.00,0.0445000000,3.64579740000,0.000000,86.92000,90.0000,28.10000000,2.89000000
"Kepler-675","Kepler-675 b",665.68000000,293.8334488,50.2303479,0.790000,0.750000,4945.00,0.0325000000,2.33743801000,0.000000,88.19000,,6.53000000,2.44000000
"Kepler-1489","Kepler-1489 c",1283.05000000,281.2957984,44.4654063,0.977000,0.957000,5565.53,,0.68074100000,,,,0.08700000,0.51000000
"K2-190","K2-190 c",160.67900000,205.3630485,-13.1608686,0.904597,0.912206,5631.00,,21.57402300000,,88.97694,,1.34000000,1.09308317
"Kepler-276","Kepler-276 c",1144.86000000,293.5681970,39.0363123,1.100000,1.030000,5693.00,0.1861900000,31.88400000000,0.000000,86.92000,,16.60000000,2.90000000
"HD 148164","HD 148164 b",77.19710000,246.4351678,11.9190729,1.210000,1.340000,6032.00,0.9930000000,328.55000000000,0.587000,,141.5000,390.93090000,13.70000000
"Kepler-1996","Kepler-1996 b",440.56100000,285.2537555,46.5822183,0.748000,0.675000,4580.00,0.1789000000,32.37618300000,0.000000,88.18000,,5.73000000,2.26000000
"HIP 107772","HIP 107772 b",23.64340000,327.4977057,-41.2440371,0.630000,0.513922,4006.00,0.2430000000,55.19900000000,0.180000,,151.0000,12.90000000,3.64000000
"Kepler-446","Kepler-446 c",96.33900000,282.2501047,44.9210020,0.220000,0.240000,3359.00,0.0283000000,3.03617900000,0.000000,88.97000,,1.41000000,1.11000000
"KIC 3526061","KIC 3526061 b",401.22900000,285.1863974,38.6111112,1.420000,5.860000,4829.00,5.1400000000,3552.00000000000,0.850000,,75.7000,5768.58558705,12.10000000
"HD 11964","HD 11964 c",33.53690000,29.2884252,-10.2434693,0.910000,2.009710,5303.00,0.2290000000,37.91000000000,0.300000,,102.0000,25.00000000,5.38000000
"Kepler-1482","Kepler-1482 b",567.55600000,285.3138209,48.7252700,0.880000,0.840000,5381.00,0.0996800000,12.25383217000,0.000000,89.30000,,1.01000000,1.01000000
"TOI-5515","TOI-5515 b",135.45900000,139.6163639,16.9899558,0.963000,0.835682,5483.65,,8.59225810839,,88.58827,,7.53000000,2.65362762
"TOI-2184","TOI-2184 b",788.31700000,100.8331246,-66.9476563,1.530000,2.900000,5966.00,,6.90683000000,0.080000,,54.0000,206.58846455,11.39953337
"HD 102329","HD 102329 c",217.10700000,176.6941567,3.4742143,1.300000,6.300000,4830.00,,1123.00000000000,0.209000,,21.0000,483.10160000,13.50000000
"HD 39194","HD 39194 b",26.41310000,86.1290710,-70.1382377,0.860000,0.783742,5205.00,0.0589500000,5.63692000000,0.101000,,180.0000,4.62000000,1.99000000
"HD 199509","HD 199509 b",24.30560000,317.3445632,-82.0274926,1.040000,0.920000,5796.02,0.4260000000,99.62167000000,0.373000,,316.9620,43.22466335,7.43000000
"Kepler-325","Kepler-325 d",823.24200000,289.8354219,49.8256070,0.914000,1.003000,5752.00,0.2200000000,38.71518500000,0.000000,89.39000,,8.20000000,2.79000000
"Kepler-1940","Kepler-1940 b",798.59500000,291.2042027,45.2383344,0.802000,0.717000,5431.00,0.0525000000,4.95061016100,0.000000,88.69000,,3.01000000,1.54732469
"TOI-2545","TOI-2545 b",107.11800000,135.5458029,-3.4208194,1.055000,1.253240,5846.29,,7.99403700000,,,,8.00000000,2.75000000
"Kepler-1612","Kepler-1612 b",764.72600000,291.2503022,45.6550536,0.960000,0.940000,5643.00,0.0482000000,3.91795101000,0.000000,88.27000,,1.08000000,1.03000000
"HD 136352","HD 136352 c",14.68200000,230.4401147,-48.3188174,0.870000,1.058000,5664.00,0.1721000000,27.59221000000,0.000000,88.57100,-110.2200,11.24000000,2.91600000
"K2-166","EPIC 201615463 c",476.88200000,185.1880932,2.2823788,1.073000,1.610000,5960.00,,3.80464000000,,,,1.98000000,1.22000000
"Kepler-225","Kepler-225 b",561.10100000,292.1939846,47.4570808,0.593000,0.480000,3682.00,0.0560000000,6.73897500000,0.000000,89.87000,,1.87000000,1.20000000
"HD 20868","HD 20868 b",47.72230000,50.1794053,-33.7296900,0.390000,0.760000,4802.00,0.9500000000,380.85001000000,0.750000,,356.2000,397.28750000,13.70000000
"Kepler-1930","Kepler-1930 b",275.69400000,297.5771450,40.0276768,0.844000,0.844000,5083.00,0.1023300000,13.02680016000,0.000000,89.01000,,2.95000000,1.52955541
"Kepler-1439","Kepler-1439 b",225.39300000,285.7396971,40.9798688,0.460000,0.430000,3578.00,0.0594000000,8.07392849000,0.000000,85.44000,,2.73000000,1.46000000
"HD 155193","HD 155193 b",57.79950000,257.4208876,10.0381003,1.221000,1.764390,6239.00,1.0400000000,352.65000000000,0.210000,0.71120,62.8800,238.37130525,14.00000000
"TOI-1266","TOI-1266 c",36.01180000,197.9965833,65.8336973,0.437000,0.423200,3563.00,0.1050000000,18.80270000000,0.071000,89.17000,0.0000,3.17000000,1.98000000
"Kepler-1536","Kepler-1536 b",387.24800000,291.5852554,45.7158742,0.710000,0.670000,4434.00,0.8507000000,364.75803100000,0.000000,89.59000,,10.00000000,3.14000000
"HD 134987","HD 134987 b",26.18040000,228.3675397,-25.3096721,1.100000,1.220000,5736.00,0.8100000000,258.17999000000,0.230000,,352.7000,511.70630000,13.50000000
"Kepler-961","Kepler-961 b",574.31400000,282.0354942,43.6312491,0.960000,0.900000,5582.00,0.1258500000,16.87727414000,0.000000,89.02000,,7.04000000,2.55000000
"Kepler-539","Kepler-539 b",307.31800000,299.1224639,41.8667953,1.048000,0.952000,5820.00,0.4988000000,125.63243000000,0.390000,89.84500,,308.29510000,8.37312300
"HD 5278","HD 5278 c",57.58460000,12.5467785,-83.7437671,1.126000,1.194000,6203.00,0.2416000000,40.87000000000,0.070000,,8.0000,18.40000000,4.49000000
"Kepler-319","Kepler-319 c",503.43600000,288.8119782,39.7706431,0.933000,0.903000,5526.00,0.0690000000,6.94135700000,0.000000,86.78000,,7.41000000,2.63000000
"HD 179079","HD 179079 b",69.71160000,287.7903733,-2.6387703,1.140000,1.630000,5646.00,0.1214000000,14.47900000000,0.049000,0.37660,308.0000,4195.33497240,
"Kepler-1099","Kepler-1099 b",1022.80000000,288.7499866,48.2771163,1.010000,1.000000,5837.00,0.0337000000,2.16845259300,0.000000,88.96000,,8.40000000,2.83000000
"Kepler-244","Kepler-244 d",1036.49000000,287.2426410,42.3014185,0.933000,0.803000,5554.00,0.1400000000,20.05040100000,0.000000,89.31000,,15.20000000,2.31000000
"NY Vir","NY Vir c",544.02400000,204.7005847,-2.0303873,0.459000,0.151000,32780.00,,8799.00000000000,0.150000,,320.0000,1760.77820000,12.80000000
"Kepler-377","Kepler-377 b",823.80400000,295.4220717,38.7356737,1.043000,1.224000,5949.00,0.1090000000,12.50952900000,0.000000,88.36000,,2.51000000,1.39000000
"Kepler-879","Kepler-879 b",802.67200000,295.8065515,50.9097521,1.020000,1.020000,5792.00,0.2012000000,33.38559380000,0.000000,89.26000,,7.13000000,2.57000000
"Kepler-705","Kepler-705 b",276.88100000,289.5085612,41.8120234,0.530000,0.510000,3722.00,0.2320000000,56.05605380000,0.000000,89.99000,,5.10000000,2.11000000
"Kepler-163","Kepler-163 c",689.81400000,295.0027458,46.9873389,0.882000,0.917000,5776.00,0.1520000000,21.34726200000,0.000000,87.50000,,5.73000000,2.26000000
"TOI-778","TOI-778 b",161.74300000,199.3338503,-15.2737046,1.400000,1.710000,6643.00,0.0600000000,4.63361100000,0.210000,84.70000,28.0000,878.00000000,15.40000000
"Kepler-1355","Kepler-1355 b",911.26900000,283.7414249,49.0679833,0.880000,0.830000,5352.00,0.0224000000,1.28958811200,0.000000,86.63000,,2.73000000,1.46000000
"KOI-134","KOI-134 b",1159.21000000,295.5865980,45.3649371,1.407000,1.667000,6160.00,0.3630000000,67.12770000000,0.160000,89.58000,153.2000,346.43296363,12.03844527
"Kepler-138","Kepler-138 b",66.86240000,290.3814122,43.2930645,0.535000,0.535000,3841.00,0.0753000000,10.31340000000,0.020000,88.67000,40.0000,0.07000000,0.64000000
"Kepler-1542","Kepler-1542 e",399.11400000,285.7284757,42.6544651,0.940000,0.990000,5564.00,0.0564900000,5.10115756000,0.000000,89.68000,,0.36300000,0.76000000
"Kepler-1579","Kepler-1579 b",466.00000000,293.2880220,43.5149061,0.750000,0.700000,4584.00,0.0140000000,0.84990788900,0.000000,81.86000,,0.52000000,0.84000000
"K2-264","K2-264 c",185.60500000,131.3583524,19.6984010,0.496000,0.473000,3660.00,0.1128300000,19.66030200000,0.450000,89.38000,,7.60000000,2.66800000
"Kepler-1073","Kepler-1073 d",809.89700000,294.1527259,38.2330886,0.924000,1.116000,5509.00,0.0352000000,2.50476002700,0.000000,89.08000,,2.82000000,1.48770949
"Kepler-510","Kepler-510 b",386.17700000,287.6550196,39.2441716,0.910000,1.410000,5746.00,0.1352000000,19.55659418000,0.000000,87.70000,,6.66000000,2.47000000
"HD 164509","HD 164509 b",53.11190000,270.3800811,0.1044685,1.120000,1.110000,5859.00,0.8700000000,280.17000000000,0.238000,,326.0000,140.79869000,14.30000000
"TIC 34085383","TIC 34085383 b",149.12000000,59.2353630,-7.3757198,0.733000,0.809951,4694.84,,3.47793368523,,87.21740,,14.60000000,3.91982296
"TYC 3667-1280-1","TYC 3667-1280-1 b",477.51600000,12.8875757,58.4261485,1.870000,6.260000,5130.00,0.2100000000,26.46800000000,0.036000,,240.0000,1716.28200000,12.80000000
"HATS-59","HATS-59 c",642.88400000,170.3243250,-22.3881770,1.038000,1.036000,5670.00,2.5040000000,1422.00000000000,0.083000,,,4036.44100000,12.30000000
"Kepler-1605","Kepler-1605 b",546.23000000,287.1349405,47.4886251,0.860000,0.820000,5280.00,0.3656700000,85.75654950000,0.000000,89.51000,,1.28000000,1.08000000
"Ross 458","Ross 458 c",11.50940000,195.1912147,12.3755996,0.556419,0.562566,3965.42,1100.0000000000,,,,,1906.98000000,14.01125000
"SR 12 AB","SR 12 AB c",112.31721584,246.8312363,-24.6946687,,1.103075,3828.93,,,,,,4131.62000000,12.30000000
"HD 187123","HD 187123 b",45.95480000,296.7428786,34.4189900,1.040000,1.150430,5790.00,0.0426000000,3.09658280000,0.010300,79.00000,25.0000,166.21800000,14.20000000
"OGLE-TR-132","OGLE-TR-132 b",2012.62000000,162.6440933,-61.9572476,1.305000,1.320000,6210.00,0.0303500000,1.68986800000,0.600000,83.40000,,375.02000000,13.45000000
"OGLE-TR-56","OGLE-TR-56 b",282.83913869,269.1479583,-29.5392222,1.228000,1.363000,6050.00,0.0238300000,1.21191890000,0.000000,77.60000,,441.77000000,15.27800000
"WASP-156","WASP-156 b",122.06600000,32.7820850,2.4181937,0.871200,0.826800,5036.00,0.0460000000,3.83616290000,0.160000,88.10000,90.0000,42.00000000,6.15000000
"HD 22781","HD 22781 b",32.60340000,55.2065581,31.8258855,0.750000,0.743475,5027.00,1.1670000000,528.07000000000,0.819100,,315.9200,4338.20000000,12.30000000
"Kepler-16","Kepler-16 b",75.08520000,289.0758307,51.7572290,0.689700,0.648900,4450.00,0.7048000000,228.77600000000,0.006900,90.03220,318.0000,105.83300000,8.44930000
"Kepler-27","Kepler-27 c",1044.36000000,292.2367608,41.0858710,0.650000,0.590000,5400.00,0.1910000000,31.33090000000,0.000000,88.62000,,4385.87000000,4.90000000
"WASP-23","WASP-23 b",207.49000000,101.1275033,-42.7622296,0.780000,0.765000,5150.00,0.0376000000,2.94442560000,0.062000,88.39000,,280.95000000,10.78300000
"Kepler-27","Kepler-27 b",1044.36000000,292.2367608,41.0858710,0.650000,0.590000,5400.00,0.1180000000,15.33480000000,0.000000,87.95000,,2895.31000000,4.00000000
"HD 114783","HD 114783 b",21.06280000,198.1818436,-2.2649921,0.853000,0.840622,5135.00,1.1600000000,493.70000000000,0.144000,110.00000,86.0000,349.60000000,13.70000000
"HD 19994","HD 19994 b",22.52420000,48.1943193,-1.1963955,1.365000,1.796470,6188.00,1.3050000000,466.20000000000,0.063000,,346.0000,435.41000000,13.60000000
"47 UMa","47 UMa b",13.79670000,164.8647611,40.4304931,1.060000,1.213340,5872.00,2.1000000000,1078.00000000000,0.032000,,334.0000,804.08000000,13.20000000
"Kepler-18","Kepler-18 c",433.04700000,298.0794448,44.7462480,0.972000,1.108000,5345.00,0.0752000000,7.64159000000,0.000000,87.68000,,17.30000000,5.49000000
"Kepler-18","Kepler-18 b",433.04700000,298.0794448,44.7462480,0.972000,1.108000,5345.00,0.0447000000,3.50472500000,0.000000,84.92000,,6.90000000,2.00000000
"Kepler-31","Kepler-31 c",1664.64000000,294.0230229,45.8530535,1.210000,1.220000,6340.00,0.2600000000,42.63180000000,0.000000,89.85000,,1493.70000000,5.30000000
"Kepler-32","Kepler-32 e",323.84700000,297.8423073,46.5743595,0.580000,0.530000,3900.00,0.0330000000,2.89600000000,0.000000,89.65000,,4.08181000,1.50000000
"61 Vir","61 Vir b",8.50332000,199.5964550,-18.3157745,0.942000,0.963000,5577.00,0.0502010000,4.21500000000,0.120000,,105.0000,5.10000000,2.11000000
"61 Vir","61 Vir c",8.50332000,199.5964550,-18.3157745,0.942000,0.963000,5577.00,0.2175000000,38.02100000000,0.140000,,341.0000,18.20000000,4.46000000
"47 UMa","47 UMa d",13.79670000,164.8647611,40.4304931,1.060000,1.213340,5872.00,11.6000000000,14002.00000000000,0.160000,,110.0000,521.22000000,13.50000000
"47 UMa","47 UMa c",13.79670000,164.8647611,40.4304931,1.060000,1.213340,5872.00,3.6000000000,2391.00000000000,0.098000,,295.0000,171.62100000,14.20000000
"BD-08 2823","BD-08 2823 c",41.33420000,150.1971964,-9.5165689,0.740000,0.710000,4746.00,0.6800000000,237.60000000000,0.190000,,-233.0000,104.00000000,12.50000000
"CoRoT-23","CoRoT-23 b",1060.97000000,279.7826586,4.3577516,1.140000,1.610000,5900.00,0.0480000000,3.63130000000,0.160000,85.70000,52.0000,889.90000000,11.77000000
"Kepler-18","Kepler-18 d",433.04700000,298.0794448,44.7462480,0.972000,1.108000,5345.00,0.1172000000,14.85888000000,0.000000,88.07000,,16.40000000,6.98000000
"HATS-1","HATS-1 b",283.97100000,175.5252399,-23.3548451,0.986000,1.038000,5870.00,0.0444000000,3.44645900000,0.120000,85.60000,18.0000,589.55000000,14.59400000
"HD 47186","HD 47186 c",37.45740000,99.0367212,-27.6234285,0.960000,1.080000,5657.00,2.3950000000,1353.60000000000,0.249000,,26.0000,111.42000000,13.00000000
"HD 196885 A","HD 196885 A b",34.16920000,309.9664609,11.2500236,1.280000,1.310000,6254.00,2.3700000000,1333.00000000000,0.480000,,78.0000,819.97000000,13.20000000
"CoRoT-6","CoRoT-6 b",645.29400000,281.0725563,6.6632062,1.050000,1.025000,6090.00,0.0855000000,8.88659300000,0.100000,89.07000,,940.74000000,13.06800000
"HR 8799","HR 8799 b",41.24410000,346.8701486,21.1340376,1.500000,1.493380,7204.58,68.0000000000,170000.00000000000,,30.27000,,2000.00000000,13.00000000
"HAT-P-37","HAT-P-37 b",390.59400000,284.2960393,51.2691212,0.929000,0.877000,5500.00,0.0379000000,2.79743600000,0.058000,86.90000,164.0000,371.52800000,13.20400000
"Kepler-42","Kepler-42 b",40.05950000,292.2196000,44.6173667,0.130000,0.170000,3068.00,0.0116000000,1.21376720000,0.040000,85.57000,,0.70594400,0.78000000
"Kepler-32","Kepler-32 d",323.84700000,297.8423073,46.5743595,0.580000,0.530000,3900.00,0.1300000000,22.78020000000,0.000000,89.99000,,39.90890000,2.70000000
"Kepler-32","Kepler-32 f",323.84700000,297.8423073,46.5743595,0.580000,0.530000,3900.00,0.0130000000,0.74296000000,0.000000,88.93000,,1862.11000000,0.82000000
"BD+20 2457","BD+20 2457 b",1539.71000000,154.1867820,19.8912626,2.800000,49.000000,4137.00,1.4500000000,379.63000000000,0.150000,,207.6400,6807.63000000,12.10000000
"HR 8799","HR 8799 d",41.24410000,346.8701486,21.1340376,1.500000,1.493380,7204.58,24.0000000000,37000.00000000000,0.600000,38.63000,,3000.00000000,13.00000000
"GJ 179","GJ 179 b",12.35600000,73.0245495,6.4752347,0.357000,0.380000,3370.00,2.4100000000,2288.00000000000,0.210000,61.00000,153.0000,301.93698665,13.80000000
"SWEEPS-4","SWEEPS-4 b",8500.00000000,269.7246667,-29.1890556,1.240000,1.180000,,0.0550000000,4.20000000000,,,,1207.70000000,9.07900000
"Kepler-42","Kepler-42 c",40.05950000,292.2196000,44.6173667,0.130000,0.170000,3068.00,0.0060000000,0.45328509000,0.000000,81.11000,,60.33700000,0.73000000
"Kepler-33","Kepler-33 c",1209.16000000,289.0775348,46.0051696,1.291000,1.820000,5904.00,0.1189000000,13.17562000000,0.000000,88.19000,,0.39000000,3.20000000
"Kepler-35","Kepler-35 b",1819.17000000,294.4969550,46.6896733,0.887700,1.028400,5606.00,0.6034700000,131.45800000000,0.042000,90.76000,,40.36300000,8.16000000
"CoRoT-16","CoRoT-16 b",732.40900000,278.5246658,-6.0026026,1.098000,1.190000,5650.00,0.0618000000,5.35227000000,0.330000,85.01000,168.4100,170.03200000,13.11000000
"HD 240210","HD 240210 b",372.40500000,347.6219227,57.0294818,0.820000,25.456816,4297.00,1.1600000000,501.75000000000,0.150000,,277.5900,1655.82000000,12.80000000
"BD+20 2457","BD+20 2457 c",1539.71000000,154.1867820,19.8912626,2.800000,49.000000,4137.00,2.0100000000,621.99000000000,0.180000,,126.0200,3963.17000000,12.40000000
"HD 110014","HD 110014 b",100.75800000,189.8111935,-7.9956702,2.170000,20.900000,4445.00,2.1400000000,835.47700000000,0.462000,,290.6000,3524.59000000,12.40000000
"HIP 5158","HIP 5158 b",51.60260000,16.5094891,-22.4536134,0.780000,0.750000,4962.00,0.8900000000,345.72000000000,0.520000,,-108.0000,451.00000000,13.60000000
"Kepler-33","Kepler-33 e",1209.16000000,289.0775348,46.0051696,1.291000,1.820000,5904.00,0.2138000000,31.78440000000,0.000000,88.94000,,5.57000000,4.02000000
"Kepler-33","Kepler-33 d",1209.16000000,289.0775348,46.0051696,1.291000,1.820000,5904.00,0.1662000000,21.77596000000,0.000000,88.71000,,3.91000000,5.35000000
"BD+20 274","BD+20 274 b",1322.51000000,25.9203179,21.0052692,0.800000,17.300000,4296.00,1.3000000000,578.20000000000,0.210000,,108.5000,1334.88600000,13.00000000
"KELT-1","KELT-1 b",268.43000000,0.3620995,39.3837953,1.335000,1.471000,6516.00,0.0246600000,1.21751400000,0.009900,87.80000,61.0000,8654.15000000,12.44200000
"CoRoT-5","CoRoT-5 b",882.47200000,101.2772396,0.8152163,1.000000,1.186000,6100.00,0.0494700000,4.03789620000,0.090000,85.83000,-128.3400,148.42000000,15.55800000
"HD 134987","HD 134987 c",26.18040000,228.3675397,-25.3096721,1.100000,1.250000,5585.00,5.8000000000,5000.00000000000,0.120000,,195.0000,260.00000000,13.90000000
"HD 147018","HD 147018 b",40.42560000,245.7490012,-61.6901291,0.927000,0.937948,5441.00,0.2388000000,44.23600000000,0.468600,,-24.0300,674.00000000,13.40000000
"Kepler-33","Kepler-33 f",1209.16000000,289.0775348,46.0051696,1.291000,1.820000,5904.00,0.2535000000,41.02902000000,0.000000,89.17000,,9.60000000,4.46000000
"Kepler-31","Kepler-31 b",1664.64000000,294.0230229,45.8530535,1.210000,1.220000,6340.00,0.1600000000,20.86130000000,0.000000,89.88000,,36.74180000,5.50000000
"Kepler-34","Kepler-34 b",1800.82000000,296.4358022,44.6415369,1.047900,1.161800,5913.00,1.0896000000,288.82200000000,0.182000,90.35500,,69.92000000,8.56400000
"HD 45350","HD 45350 b",46.87330000,97.1902262,38.9627315,0.980000,1.264420,5566.00,1.9200000000,963.60000000000,0.778000,,343.4000,568.89000000,13.50000000
"HD 147018","HD 147018 c",40.42560000,245.7490012,-61.6901291,0.927000,0.937948,5441.00,1.9220000000,1008.00000000000,0.133000,,-133.1000,2080.00000000,12.70000000
"CFBDSIR J145829+101343","CFBDSIR J145829+101343 b",23.10000000,224.6208333,10.2286111,0.021000,,580.50,2.6000000000,10037.50000000000,,,,3337.10000000,12.40000000
"HD 220773","HD 220773 b",50.51030000,351.6144715,8.6428871,1.160000,1.679696,5940.00,4.9400000000,3724.70000000000,0.510000,,259.0000,460.80000000,13.60000000
"HD 147513","HD 147513 b",12.90320000,246.0057894,-39.1929661,1.110000,0.980000,5883.00,1.3200000000,528.40000000000,0.260000,,282.0000,385.00000000,13.70000000
"HD 129445","HD 129445 b",67.43860000,221.5104196,-68.7629901,0.990000,1.175816,5646.00,2.9000000000,1840.00000000000,0.700000,52.00000,163.0000,797.74930157,13.30000000
"WASP-5","WASP-5 b",309.13700000,359.3490277,-41.2772202,0.960000,1.029000,5700.00,0.0267000000,1.62842790000,0.038000,86.90000,34.3800,502.15000000,12.18400000
"OGLE-TR-111","OGLE-TR-111 b",1068.33000000,163.3241150,-61.4056976,0.820000,0.830000,5040.00,0.0473000000,4.01444630000,0.000000,88.30000,,174.79900000,11.42197100
"HD 8535","HD 8535 b",55.44010000,20.9054804,-41.2701007,1.130000,1.190000,6136.00,2.4500000000,1313.00000000000,0.150000,,61.0000,216.12440000,14.00000000
"MOA-2009-BLG-266L","MOA-2009-BLG-266L b",3040.00000000,267.0081250,-35.0054111,0.560000,,,3.2000000000,2800.00000000000,,,,10.40000000,3.21000000
"GJ 667 C","GJ 667 C b",7.24396000,259.7510609,-34.9977651,0.330000,,3350.00,0.0504310000,7.20300000000,0.200000,,-2.7000,5.68000000,2.25000000
"HIP 5158","HIP 5158 c",51.60260000,16.5094891,-22.4536134,0.780000,0.754089,4813.00,7.7000000000,9017.76000000000,0.140000,,142.0900,4780.16320000,12.20000000
"HAT-P-23","HAT-P-23 b",364.81300000,306.1239076,16.7621462,1.130000,1.203000,5905.00,0.0232000000,1.21288400000,0.106000,85.10000,118.0000,664.23700000,15.33400000
"HAT-P-20","HAT-P-20 b",71.03740000,111.9164295,24.3361185,0.756000,0.694000,4595.00,0.0361000000,2.87531700000,0.015000,86.80000,317.0000,2302.89900000,9.71800000
"CoRoT-17","CoRoT-17 b",1176.12000000,278.6992360,-6.6122880,1.040000,1.590000,5740.00,0.0461000000,3.76810000000,0.000000,88.34000,0.0000,772.29000000,11.43000000
"HD 132563","HD 132563 b",105.15500000,224.5892892,44.0428571,1.231000,1.295770,6289.00,2.6200000000,1544.00000000000,0.220000,,158.0000,473.54700000,13.60000000
"Kepler-45","Kepler-45 b",381.94900000,292.8729292,41.0641727,0.590000,0.550000,3820.00,0.0300000000,2.45523900000,0.110000,87.00000,230.0000,160.49700000,10.76000000
"HU Aqr","HU Aqr AB b",192.19807871,316.9921976,-5.2948694,0.880000,,5952.00,3.6000000000,2390.00000000000,0.000000,90.00000,,1875.19700000,12.80000000
"Kepler-417","Kepler-417 b",973.98900000,293.8241813,42.7796480,0.900000,0.806000,5177.00,0.1006000000,12.33100000000,0.000000,89.98000,,11.00000000,2.31000000
"Kepler-37","Kepler-37 d",63.92070000,284.0592503,44.5183733,0.790000,0.789000,5357.00,0.2109000000,39.79226220000,0.100000,89.33500,,2.00000000,2.03000000
"GJ 3634","GJ 3634 b",20.37790000,164.6433493,-31.1443383,0.450000,0.430000,3517.00,0.0287000000,2.64561000000,0.080000,59.00000,84.0000,8.40000000,2.83000000
"Kepler-14","Kepler-14 b",798.00000000,287.7088140,47.3330500,1.512000,2.048000,6395.00,0.0771000000,6.79012300000,0.035000,90.00000,,2669.66000000,12.73300000
"CoRoT-18","CoRoT-18 b",764.88900000,98.1724172,-0.0316045,0.950000,1.000000,5440.00,0.0295000000,1.90006930000,0.080000,86.50000,,1102.82000000,14.68000000
"Kepler-15","Kepler-15 b",739.41200000,296.2005506,49.1400304,1.018000,0.992000,5515.00,0.0571400000,4.94278200000,0.060000,87.44000,,209.76000000,10.76000000
"KOI-55","KOI-55 b",1231.02000000,296.3561853,41.0927315,0.496000,0.203000,27730.00,0.0060000000,0.24010400000,,65.00000,,0.44000000,0.75900000
"PSR J1719-1438","PSR J1719-1438 b",1200.00000000,259.7919708,-14.6336000,1.400000,,4500.00,0.0044000000,0.09070629300,0.060000,,,382.80000000,
"CoRoT-14","CoRoT-14 b",1744.60000000,103.4242023,-5.5360385,1.130000,1.210000,6035.00,0.0270000000,1.51214000000,0.000000,79.60000,,2415.40000000,12.22000000
"HD 11964","HD 11964 b",33.53690000,29.2884252,-10.2434693,0.910000,2.009710,5303.00,3.1600000000,1945.00000000000,0.041000,,26.0000,198.00000000,14.10000000
"HAT-P-4","HAT-P-4 b",320.45100000,229.9912200,36.2295450,1.248000,1.596000,5860.00,0.0443800000,3.05653600000,0.000000,89.91000,97.4000,213.25500000,14.28000000
"OGLE-TR-10","OGLE-TR-10 b",1344.97000000,267.8677483,-29.8764758,1.140000,1.170000,5950.00,0.0434000000,3.10127800000,0.000000,90.00000,,197.04600000,14.01100000
"OGLE-TR-113","OGLE-TR-113 b",566.45900000,163.1010355,-61.4468591,0.779000,0.774000,4790.00,0.0228900000,1.43247520000,0.000000,87.80000,,400.44900000,12.25100000
"HD 192310","HD 192310 b",8.79687000,303.8284712,-27.0337556,0.800000,0.857922,5166.00,0.3200000000,74.72000000000,0.130000,90.00000,173.0000,16.90000000,4.27000000
"OGLE-2014-BLG-1760L","OGLE-2014-BLG-1760L b",7056.00000000,269.4090000,-28.9620472,0.803000,,,1.8870000000,,,,,295.89824692,13.80000000
"OGLE-2013-BLG-0132L","OGLE-2013-BLG-0132L b",3900.00000000,269.7646180,-28.4210281,0.540000,,,3.6000000000,,,,,92.00000000,11.60000000
"Kepler-277","Kepler-277 b",976.64300000,286.5831894,39.0772582,1.120000,1.690000,5946.00,0.1416800000,17.32400000000,0.000000,86.03000,,87.30000000,2.92000000
"KMT-2017-BLG-1194L","KMT-2017-BLG-1194L b",4240.00000000,274.3221250,-25.3239389,0.410000,,,1.7800000000,,,,,3.54000000,1.70000000
"KMT-2017-BLG-2331L","KMT-2017-BLG-2331L b",8030.00000000,264.4072083,-29.4612111,0.400000,,,2.1400000000,,,,,171.00000000,14.20000000
"HD 41004 A","HD 41004 A b",36.69117000,89.9566041,-48.2394189,0.950000,0.850000,5310.00,,963.00000000000,0.740000,,97.0000,807.25000000,13.20000000
"OGLE-2019-BLG-0299L","OGLE-2019-BLG-0299L b",5830.00000000,266.6794583,-23.5843111,0.590000,,,2.8000000000,,,,,1976.89269154,12.70000000
"Kepler-476","Kepler-476 b",813.53500000,295.1637592,43.9630716,1.030000,1.090000,5837.00,0.1126000000,14.00640607000,0.000000,88.33000,,9.69000000,3.08000000
"KMT-2021-BLG-2294L","KMT-2021-BLG-2294L b",6800.00000000,270.0624167,-28.6124389,0.140000,,,1.1500000000,,,,,22.24798849,5.02000000
"KMT-2022-BLG-1013L","KMT-2022-BLG-1013L b",7710.00000000,264.7092500,-28.3556694,0.180000,,,1.3800000000,,,,,98.52680617,12.10000000
"Kepler-247","Kepler-247 d",663.71100000,288.6425609,43.0393769,0.884000,0.791000,5094.00,0.1408100000,20.47370000000,0.102000,88.93399,,50.00000000,4.50000000
"Kepler-1976","Kepler-1976 b",1314.51000000,292.1670600,48.7275345,0.976000,1.082000,5712.00,0.0565000000,4.95931924400,0.000000,86.15000,,,12.21000000
"WASP-155","WASP-155 b",399.63000000,347.9797230,33.0476125,1.090000,1.240000,5660.00,0.0430000000,3.11041300000,0.000000,86.70000,,276.82854250,13.45077684
"KMT-2019-BLG-0414L","KMT-2019-BLG-0414L b",4410.00000000,268.8529167,-21.8955389,0.740000,,,1.1600000000,,,,,1452.47581999,12.90000000
"HD 62509","HD 62509 b",10.34000000,116.3288240,28.0261270,2.000000,8.900000,4892.63,1.6400000000,589.64000000000,0.020000,,354.5800,731.00000000,13.30000000
"Kepler-65","Kepler-65 b",303.72800000,288.6887221,41.1511076,1.250000,1.410000,6211.00,0.0350000000,2.15491000000,0.028000,92.20000,,2.40000000,1.42000000
"RR Cae","RR Cae b",21.19160000,65.2733756,-48.6542601,0.440000,0.193119,3904.00,5.3000000000,4343.50000000000,0.000000,17.60000,,1334.88600000,13.00000000
"WASP-65","WASP-65 b",273.70300000,133.3242982,8.5230171,0.930000,1.010000,5600.00,0.0334000000,2.31142430000,0.000000,88.80000,,492.62000000,12.46400000
"Kepler-30","Kepler-30 c",914.22100000,285.2836483,38.9472625,0.990000,0.950000,5498.00,0.3000000000,60.32310500000,0.011100,90.32270,-49.0000,640.00000000,12.30000000
"Kepler-38","Kepler-38 b",1174.59000000,286.8303120,42.2791434,0.941000,1.752000,5623.00,0.4632000000,105.59900000000,0.032000,89.44200,,122.00000000,4.30000000
"WASP-8","WASP-8 c",89.96060000,359.9008737,-35.0313349,1.040000,0.960000,5690.00,5.2800000000,4323.00000000000,0.000000,,90.0000,3003.37000000,12.50000000
"ROXs 42 B","ROXs 42 B b",143.59000000,247.8125493,-24.5455770,1.000000,1.336580,3433.00,157.0000000000,,0.580000,,,2860.00000000,12.50000000
"WASP-1","WASP-1 b",393.07200000,5.1669536,31.9899732,1.240000,1.470000,6110.00,0.0388900000,2.51994540000,0.000000,90.00000,91.1000,271.41500000,16.62300000
"Kepler-50","Kepler-50 c",250.11000000,288.1009312,50.0336844,1.240000,1.580000,6225.00,0.0870000000,9.37647000000,0.000000,87.60000,,8.20000000,2.17000000
"BD+15 2940","BD+15 2940 b",426.42000000,240.0956400,15.5467507,1.100000,14.700000,4796.00,0.5390000000,137.48000000000,0.260000,,302.0000,352.78000000,13.70000000
"Kepler-87","Kepler-87 b",1232.90000000,297.9168433,46.9651146,1.100000,1.820000,5600.00,0.4810000000,114.73635000000,0.036000,89.27400,238.6000,324.20000000,13.49000000
"WASP-75","WASP-75 b",294.00100000,342.3858995,-10.6754686,1.140000,1.260000,6100.00,0.0375000000,2.48419300000,0.000000,82.00000,,340.06000000,14.23500000
"Kepler-87","Kepler-87 c",1232.90000000,297.9168433,46.9651146,1.100000,1.820000,5600.00,0.6760000000,191.23180000000,0.039000,89.58800,223.2000,6.40000000,6.14000000
"HD 40307","HD 40307 b",12.93630000,88.5172191,-60.0237289,0.770000,0.716684,4956.00,0.0468000000,4.31230000000,0.200000,0.20220,194.8000,1188.99607059,
"WTS-1","WTS-1 b",2346.01000000,293.9850284,36.2962939,1.200000,1.150000,6250.00,0.0470000000,3.35205700000,0.100000,85.50000,,1274.44000000,16.70000000
"HD 40307","HD 40307 c",12.93630000,88.5172191,-60.0237289,0.770000,0.716684,4956.00,0.0799000000,9.61840000000,0.060000,0.21090,234.9000,1868.51320475,
"CoRoT-26","CoRoT-26 b",1045.18000000,279.7504991,6.9697828,1.090000,1.790000,5590.00,0.0526000000,4.20474000000,0.000000,86.80000,,165.26000000,14.12000000
"91 Aqr","91 Aqr b",44.03040000,348.9745031,-9.0878076,1.400000,11.000000,4665.00,0.7000000000,181.40000000000,0.027000,,177.3000,1017.00000000,13.10000000
"tau Gem","tau Gem b",112.53700000,107.7847232,30.2449545,2.300000,26.800000,4388.00,1.1700000000,305.50000000000,0.031000,,137.4000,6547.00000000,12.10000000
"HAT-P-42","HAT-P-42 b",405.23800000,135.3443583,6.0970828,1.178000,1.530000,5743.00,0.0575000000,4.64187800000,0.000000,85.90000,,331.80100000,14.34800000
"Kepler-56","Kepler-56 c",912.99400000,293.7583002,41.8718070,1.320000,4.230000,4840.00,0.1652000000,21.40239000000,0.000000,80.40000,-97.4000,181.00000000,9.80000000
"HD 40307","HD 40307 d",12.93630000,88.5172191,-60.0237289,0.770000,0.716684,4956.00,0.1321000000,20.43200000000,0.070000,0.28550,17.2000,1775.38948150,
"HD 40307","HD 40307 f",12.93630000,88.5172191,-60.0237289,0.770000,0.716684,4956.00,0.2470000000,51.76000000000,0.020000,,355.2000,5.20000000,2.13000000
"Kepler-186","Kepler-186 e",177.59400000,298.6527360,43.9549884,0.478000,0.472000,3788.00,0.1100000000,22.40770400000,0.000000,89.84000,,2.15000000,1.27000000
"Kepler-186","Kepler-186 c",177.59400000,298.6527360,43.9549884,0.478000,0.472000,3788.00,0.0451000000,7.26730200000,0.000000,89.90000,,2.10000000,1.25000000
"GJ 163","GJ 163 c",15.12850000,62.3228353,-53.3711768,0.400000,0.409738,3500.00,0.1254000000,25.63058000000,0.099000,,227.0000,6.80000000,2.50000000
"GJ 163","GJ 163 d",15.12850000,62.3228353,-53.3711768,0.400000,0.409738,3500.00,1.0304000000,603.95116000000,0.373000,,118.3000,29.40000000,5.92000000
"Kepler-56","Kepler-56 b",912.99400000,293.7583002,41.8718070,1.320000,4.230000,4840.00,0.1028000000,10.50160000000,0.040000,89.66000,-11.0000,22.10000000,6.51000000
"HD 208527","HD 208527 b",312.20200000,329.0999413,21.2399220,1.600000,51.100000,4035.00,2.1000000000,875.50000000000,0.080000,,278.0000,3146.40000000,12.50000000
"HD 40307","HD 40307 g",12.93630000,88.5172191,-60.0237289,0.770000,0.716684,4956.00,0.6000000000,197.80000000000,0.290000,,91.7000,7.10000000,2.56000000
"Kepler-186","Kepler-186 d",177.59400000,298.6527360,43.9549884,0.478000,0.472000,3788.00,0.0781000000,13.34299600000,0.000000,89.10000,,2.54000000,1.40000000
"GU Psc","GU Psc b",47.55010000,18.1464850,17.0650029,0.325000,0.450458,4031.81,2000.0000000000,,,,,3591.30000000,14.17900000
"HIP 63242","HIP 63242 b",156.45600000,194.3824825,-65.6463263,1.540000,10.275655,4830.00,0.5650000000,124.60000000000,0.230000,,118.2000,2917.56000000,12.50000000
"Kepler-11","Kepler-11 b",646.34600000,297.1150949,41.9091092,0.961000,1.065000,5663.00,0.0910000000,10.30390000000,0.045000,89.64000,71.4600,1.90000000,1.80000000
"KOI-351","KOI-351 f",848.25400000,284.4334642,49.3051239,1.200000,1.200000,6080.00,0.4800000000,124.91440000000,0.000000,89.77000,,8.65000000,2.88000000
"CoRoT-1","CoRoT-1 b",787.90900000,102.0798591,-3.1021394,0.950000,1.110000,5950.00,0.0275200000,1.50895570000,0.000000,85.10000,,327.35000000,16.70000000
"HAT-P-45","HAT-P-45 b",298.64000000,274.3732697,-3.3810594,1.259000,1.319000,6330.00,0.0452000000,3.12899200000,0.049000,87.80000,146.0000,283.49200000,15.98400000
"HAT-P-44","HAT-P-44 b",347.85000000,213.1438604,47.0147826,0.942000,0.949000,5295.00,0.0507000000,4.30121900000,0.044000,89.10000,113.0000,111.87100000,13.92200000
"Kepler-11","Kepler-11 e",646.34600000,297.1150949,41.9091092,0.961000,1.065000,5663.00,0.1950000000,31.99960000000,0.012000,88.89000,204.6900,8.00000000,4.19000000
"HD 95086","HD 95086 b",86.22790000,164.2621032,-68.6672917,1.600000,1.486670,7595.00,55.7000000000,,,,,1589.00000000,12.90000000
"BD-06 1339","BD-06 1339 b",20.26950000,88.2511811,-5.9963378,0.700000,0.686355,4324.00,0.0428000000,3.87280000000,0.000000,0.32430,0.0000,1523.03372634,
"HD 103774","HD 103774 b",56.40890000,179.2310729,-12.1079951,1.335000,1.581047,6489.00,0.0700000000,5.88810000000,0.090000,,-42.0000,116.00000000,13.30000000
"HAT-P-44","HAT-P-44 c",347.85000000,213.1438604,47.0147826,0.942000,0.949000,5295.00,1.7520000000,872.20000000000,0.494000,,,1271.30000000,13.00000000
"HATS-5","HATS-5 b",246.38400000,67.2228465,-21.4820568,0.936000,0.871000,5304.00,0.0542000000,4.76338700000,0.019000,89.30000,204.0000,75.32300000,10.22300000
"Kepler-11","Kepler-11 g",646.34600000,297.1150949,41.9091092,0.961000,1.065000,5663.00,0.4660000000,118.38070000000,0.150000,89.87000,97.0000,25.00000000,3.33000000
"KOI-351","KOI-351 e",848.25400000,284.4334642,49.3051239,1.200000,1.200000,6080.00,0.4200000000,91.93913000000,0.000000,89.79000,,7.56000000,2.66000000
"KOI-351","KOI-351 c",848.25400000,284.4334642,49.3051239,1.200000,1.200000,6080.00,0.0890000000,8.71937500000,0.000000,89.68000,,1.81000000,1.19000000
"HD 109271","HD 109271 b",55.87160000,188.3973970,-11.6215204,1.047000,1.294595,5783.00,0.0790000000,7.85430000000,0.250000,,-64.0000,17.16200000,4.31000000
"HD 109271","HD 109271 c",55.87160000,188.3973970,-11.6215204,1.047000,1.294595,5783.00,0.1960000000,30.93000000000,0.150000,,4.0000,24.15400000,5.27000000
"bet Cnc","bet Cnc b",89.04720000,124.1286379,9.1853306,1.700000,47.200000,4092.10,1.7000000000,605.20000000000,0.080000,,58.9000,2479.00000000,12.60000000
"mu Leo","mu Leo b",32.60810000,148.1898673,26.0067142,1.500000,11.400000,4538.20,1.1000000000,357.80000000000,0.090000,,227.1000,762.80000000,13.30000000
"Kepler-11","Kepler-11 c",646.34600000,297.1150949,41.9091092,0.961000,1.065000,5663.00,0.1070000000,13.02410000000,0.026000,89.59000,96.4300,2.90000000,2.87000000
"OGLE-2012-BLG-0358L","OGLE-2012-BLG-0358L b",1760.00000000,265.6948750,-24.2610000,0.022000,,,0.8700000000,,,,,588.00000000,13.40000000
"HD 166724","HD 166724 b",45.13420000,273.4988604,-42.5757218,0.810000,0.797485,5127.00,5.4200000000,5144.00000000000,0.734000,68.00000,202.3000,1207.74794660,13.00000000
"WASP-64","WASP-64 b",369.92600000,101.1149223,-32.8583878,1.004000,1.058000,5400.00,0.0264800000,1.57329180000,0.000000,86.57000,,403.94500000,14.24700000
"Kepler-67","Kepler-67 b",1131.19000000,294.1533505,46.1663976,0.865000,0.778000,5331.00,0.1171000000,15.72590000000,0.000000,89.78000,,8.96000000,2.94000000
"GJ 667 C","GJ 667 C c",7.24396000,259.7510609,-34.9977651,0.330000,,3350.00,0.1250000000,28.14000000000,0.020000,,292.2000,3.80000000,1.77000000
"HAT-P-38","HAT-P-38 b",255.20600000,35.3834942,32.2460441,0.886000,0.923000,5330.00,0.0523000000,4.64038200000,0.067000,88.30000,240.0000,84.85700000,9.24700000
"OGLE-2011-BLG-0251L","OGLE-2011-BLG-0251L b",2570.00000000,264.5590830,-27.1361389,0.260000,,,2.7200000000,,,,,170.00000000,14.20000000
"PH1","PH1 b",1033.16000000,298.2150641,39.9550863,1.528000,1.734000,6407.00,0.6520000000,138.31700000000,0.070200,90.05000,341.8800,169.00000000,6.18000000
"Kepler-415","Kepler-415 b",530.48700000,293.8045041,38.6390517,0.670000,0.643000,4362.00,0.0426000000,4.17600000000,0.000000,89.41000,,119.90000000,1.21000000
"Kepler-338","Kepler-338 c",552.79800000,282.9790593,40.7844188,1.105000,1.735000,5923.00,0.1720000000,24.31085600000,0.030000,89.61000,,6.08000000,2.34000000
"WASP-126","WASP-126 b",216.52600000,63.3747060,-69.2265926,1.120000,1.270000,5800.00,0.0449000000,3.28883000000,0.180000,89.51000,,90.30000000,10.51358773
"Kepler-1544","Kepler-1544 b",335.09000000,297.2852168,49.2124526,0.810000,0.740000,4886.00,0.5446500000,168.81117400000,0.000000,89.79700,,3.82000000,1.78000000
"GJ 667 C","GJ 667 C e",7.24396000,259.7510609,-34.9977651,0.330000,,3350.00,0.2130000000,62.24000000000,0.020000,,28.6000,2.70000000,1.45000000
"HD 207832","HD 207832 c",58.92910000,328.1517893,-26.0271749,0.940000,0.901000,5710.00,2.1120000000,1155.70000000000,0.270000,,121.6000,232.01590000,14.00000000
"HAT-P-39","HAT-P-39 b",697.00400000,113.7582526,17.8300283,1.404000,1.625000,6430.00,0.0509000000,3.54387000000,0.000000,87.00000,,190.37200000,17.60900000
"HD 150706","HD 150706 b",28.26970000,247.8255687,79.7894032,1.170000,0.960000,5961.00,6.7000000000,5894.00000000000,0.380000,70.00000,132.0000,772.32302901,13.30000000
"HIP 57274","HIP 57274 d",25.86180000,176.1705487,30.9576484,0.730000,0.680000,4640.00,1.0100000000,431.70000000000,0.270000,,187.2000,167.40000000,14.20000000
"Kepler-82","Kepler-82 e",904.32600000,292.8733696,42.9661583,0.946000,0.945000,5428.00,0.0630000000,5.90220600000,0.000000,89.23000,,254.02000000,2.47000000
"Kepler-417","Kepler-417 c",973.98900000,293.8241813,42.7796480,0.900000,0.806000,5177.00,0.1194000000,15.94300000000,0.000000,89.96000,,7.70000000,2.69000000
"CoRoT-2","CoRoT-2 b",213.28300000,291.7770457,1.3836634,0.960000,0.906000,5625.00,0.0279800000,1.74299350000,0.014300,88.08000,102.0000,1102.82000000,16.43200000
"TOI-1272","TOI-1272 b",137.57200000,199.1962036,49.8610591,0.828000,0.800000,4985.00,0.0410000000,3.31597650000,0.345000,86.00000,122.0000,24.10000000,4.26000000
"Kepler-82","Kepler-82 f",904.32600000,292.8733696,42.9661583,0.910000,0.898000,5401.00,0.3395000000,75.73200000000,0.001400,86.30000,62.0000,20.90000000,4.84000000
"TOI-1883","TOI-1883 b",115.36900000,134.0892456,-12.9306438,0.495000,0.506000,3554.00,0.0423000000,4.50800000000,0.000000,89.37000,0.0000,13.70000000,5.65000000
"Oph 11","Oph 11 b",136.16559197,245.6049610,-24.0872219,0.016000,0.232692,2375.00,243.0000000000,7300000.00000000000,,,,4449.62000000,12.30000000
"Kepler-338","Kepler-338 d",552.79800000,282.9790593,40.7844188,1.105000,1.735000,5923.00,0.2570000000,44.43101400000,0.030000,89.96000,,9.27000000,3.00000000
"Kepler-418","Kepler-418 b",1002.53000000,294.4335228,38.3554729,0.980000,1.090000,5820.00,0.3924900000,86.67856000000,0.200000,89.95200,4.3500,349.61124770,13.45000000
"DP Leo","DP Leo b",305.68400000,169.3162193,17.9615717,0.690000,0.011500,13500.00,8.1900000000,10220.00000000000,0.390000,,-78.0000,1995.88832000,12.70000000
"Kepler-58","Kepler-58 b",969.25200000,296.3586251,39.1152033,0.950000,1.030000,5843.00,0.0929100000,10.21849540000,0.040000,88.76000,,35.50000000,2.78000000
"Kepler-59","Kepler-59 c",1163.22000000,287.0394932,46.6401677,1.040000,0.940000,6074.00,0.1311400000,17.98012350000,0.000000,88.06000,,3.81000000,1.98000000
"Kepler-130","Kepler-130 c",316.66300000,288.4505905,40.2452006,1.000000,1.170000,5879.00,0.1780000000,27.50868000000,0.000000,89.34000,0.0000,8.75000000,2.90000000
"CoRoT-27","CoRoT-27 b",1010.28000000,278.4958319,5.5383811,1.050000,1.080000,5900.00,0.0476000000,3.57532000000,0.065000,86.70000,,3302.11000000,11.28700000
"HIP 105854","HIP 105854 b",78.63810000,321.5962275,-37.8294782,2.100000,10.305119,4780.00,0.8100000000,184.20000000000,0.020000,,343.2000,2606.10000000,12.60000000
"Kapteyn","Kapteyn c",3.93305000,77.9586613,-45.0430198,0.281000,0.291000,3550.00,0.3110000000,121.54000000000,0.230000,,3.9000,7.00000000,2.54000000
"2MASS J01225093-2439505","2MASS J01225093-2439505 b",33.82810000,20.7128012,-24.6646128,0.400000,0.366450,3530.00,52.0000000000,,,,,7786.50000000,11.20900000
"Kepler-63","Kepler-63 b",194.03300000,289.2262876,49.5482814,0.984000,0.901000,5576.00,0.0800000000,9.43415050000,0.450000,87.80600,90.0000,120.00000000,6.11000000
"Kepler-53","Kepler-53 c",1366.07000000,290.4617926,40.5624966,0.980000,0.890000,5858.00,0.2209100000,38.55830380000,0.000000,87.91000,,36.00000000,3.17000000
"Kepler-54","Kepler-54 c",271.70100000,294.7739245,43.0561976,0.510000,0.500000,3705.00,0.0809000000,12.07172490000,0.000000,89.96000,,0.70000000,1.23000000
"Kepler-83","Kepler-83 c",400.40900000,282.2325197,43.6655662,0.660000,0.610000,4082.00,0.1179600000,20.09000000000,0.000000,87.49000,,2.03000000,2.36000000
"Kepler-81","Kepler-81 b",348.29100000,293.6369437,42.8248275,0.640000,0.590000,4385.00,0.0522000000,5.95500000000,0.000000,89.00000,,17.20000000,2.42000000
"Kepler-55","Kepler-55 c",578.79600000,285.1683291,44.0264898,0.620000,0.580000,4362.00,0.2095000000,42.15164180000,0.000000,89.96000,,69.80000000,2.21000000
"Kepler-59","Kepler-59 b",1163.22000000,287.0394932,46.6401677,1.040000,0.940000,6074.00,0.0994300000,11.86817070000,0.000000,86.93000,,4.10000000,1.10000000
"HD 82943","HD 82943 b",27.59020000,143.7114034,-12.1302976,1.080000,1.182600,5935.00,1.1830600000,441.47000000000,0.162000,90.00000,300.9000,534.25000000,13.50000000
"HD 154857","HD 154857 c",63.44820000,257.8161940,-56.6810380,1.718000,1.760000,5605.00,5.3600000000,3452.00000000000,0.060000,,352.0000,819.97000000,13.20000000
"Kepler-62","Kepler-62 d",300.87400000,283.2125621,45.3496992,0.690000,0.640000,4925.00,0.1200000000,18.16406000000,0.000000,89.70000,,14.00000000,1.95000000
"Kepler-62","Kepler-62 b",300.87400000,283.2125621,45.3496992,0.690000,0.640000,4925.00,0.0553000000,5.71493200000,0.000000,89.20000,,9.00000000,1.31000000
"Kepler-83","Kepler-83 b",400.40900000,282.2325197,43.6655662,0.660000,0.610000,4082.00,0.0729500000,9.77000000000,0.000000,89.84000,,2.94000000,2.83000000
"POTS-1","POTS-1 b",747.95900000,203.6087259,-66.5811639,0.695000,0.588000,4400.00,0.0373400000,3.16062960000,,88.06000,,734.16000000,10.54800000
"Kepler-54","Kepler-54 b",271.70100000,294.7739245,43.0561976,0.510000,0.500000,3705.00,0.0619000000,8.01094340000,0.022000,89.59000,,0.98000000,2.10000000
"Kepler-55","Kepler-55 b",578.79600000,285.1683291,44.0264898,0.620000,0.580000,4362.00,0.1593000000,27.94814490000,0.000000,89.94000,,43.00000000,2.43000000
"HD 82943","HD 82943 c",27.59020000,143.7114034,-12.1302976,1.080000,1.182600,5935.00,0.7434500000,220.07800000000,0.366300,90.00000,117.2000,622.60300000,13.40000000
"Kepler-413","Kepler-413 b",847.53600000,288.5106679,51.1624235,0.820000,0.776100,4700.00,0.3553000000,66.26200000000,0.118100,89.92900,94.6000,67.00000000,4.34700000
"Kepler-61","Kepler-61 b",335.07900000,295.3044942,42.4753193,0.635000,0.620000,4017.00,0.2486100000,59.87756000000,0.250000,89.80000,,5.27000000,2.15000000
"HAT-P-27","HAT-P-27 b",199.17300000,222.7673221,5.9473626,0.916000,0.864673,5316.00,0.0400000000,3.03957700000,0.000000,85.00000,0.0000,197.05000000,11.43000000
"Qatar-4","Qatar-4 b",329.03600000,4.8592750,44.0275965,0.896000,0.849000,5215.00,0.0280300000,1.80535640000,0.000000,87.50000,,1938.76300000,12.72221500
"WTS-2","WTS-2 b",1030.76834437,293.7327826,36.8154936,0.820000,0.752000,5000.00,0.0185500000,1.01870680000,0.000000,83.55000,293.0000,355.96960000,15.27786700
"HD 4203","HD 4203 c",81.37950000,11.1722288,20.4483925,0.990000,1.497950,5582.00,6.9500000000,6700.00000000000,0.240000,,224.0000,689.66000000,13.30000000
"Kepler-193","Kepler-193 c",1009.10000000,296.4985951,46.5772484,1.051000,1.147000,6335.00,0.2860000000,50.69749400000,0.000000,89.88000,,8.00000000,2.75000000
"Kepler-207","Kepler-207 b",875.51900000,290.0305195,42.1660555,1.313000,1.588000,5920.00,0.0290000000,1.61186500000,0.000000,73.17000,,3.09000000,1.57000000
"Kepler-313","Kepler-313 b",1079.39524871,298.2948708,48.7754000,1.114000,1.536000,5727.00,0.1250000000,14.97041800000,0.000000,88.91000,,6.94000000,2.53000000
"Kepler-120","Kepler-120 c",388.63000000,287.8915707,39.3390979,0.654000,0.534000,4096.00,0.0880000000,12.79458500000,0.000000,89.64000,,2.96000000,1.53000000
"Kepler-238","Kepler-238 e",1798.75000000,287.8971066,40.6378141,1.060000,0.960000,5800.00,0.1728600000,23.65400000000,0.000000,89.98000,,169.70000000,5.60000000
"Kepler-328","Kepler-328 b",2213.19000000,295.8092756,40.0084866,1.150000,1.060000,6064.00,0.2199000000,34.92100000000,0.000000,89.96000,,28.50000000,2.30000000
"Kepler-280","Kepler-280 b",780.36100000,291.3905325,42.1804735,0.962000,0.886000,5744.00,0.0320000000,2.13954200000,0.000000,87.19000,,2.70000000,1.45000000
"Kepler-275","Kepler-275 c",2034.25000000,292.4797004,38.5149018,1.189000,1.383000,6165.00,0.1320000000,16.08813400000,0.000000,87.82000,,11.40000000,3.38000000
"Kepler-214","Kepler-214 b",1208.44000000,284.7548499,44.9560500,1.110000,1.352000,6169.00,0.1300000000,15.66054400000,0.000000,89.17000,,7.32000000,2.61000000
"Kepler-219","Kepler-219 c",787.07000000,288.7389481,46.7625929,1.164000,1.491000,5786.00,0.1650000000,22.71461300000,0.000000,87.36000,,12.50000000,3.58000000
"Kepler-331","Kepler-331 b",580.11900000,291.8343455,39.3073462,0.653000,0.492000,4347.00,0.0650000000,8.45749600000,0.000000,89.58000,,3.97000000,1.82000000
"Kepler-340","Kepler-340 c",808.76200000,295.9334710,40.3005515,1.650000,1.850000,6620.00,0.1780000000,22.82466900000,0.000000,89.38000,,11.30000000,3.37000000
"TOI-4438","TOI-4438 b",30.03460000,270.3172389,35.5948992,0.345000,0.365000,3501.00,0.0523000000,7.44629500000,0.070000,89.70000,-86.0000,4.11000000,2.40000000
"Kepler-293","Kepler-293 b",974.63300000,286.3580611,42.4064917,0.934000,0.957000,5804.00,0.1440000000,19.25419600000,0.000000,88.86000,,9.64000000,3.07000000
"Kepler-291","Kepler-291 b",1786.48000000,287.9163029,42.4372666,1.023000,1.016000,6002.00,0.0470000000,3.54651100000,0.000000,86.20000,,5.31000000,2.16000000
"Kepler-224","Kepler-224 d",782.08800000,290.9342679,47.3575414,0.777000,0.676000,5018.00,0.0890000000,11.34939300000,0.000000,89.14000,,5.90000000,2.30000000
"Kepler-124","Kepler-124 c",420.04600000,286.7527322,49.0648788,0.706000,0.636000,4984.00,0.1000000000,13.82137500000,0.000000,86.05000,,3.71000000,1.75000000
"DMPP-7","DMPP-7 b",101.38600000,203.5284651,0.4988127,1.230000,1.490000,6096.00,0.0607000000,4.92666000000,0.054000,,151.3000,68.95800000,9.78000000
"HD 127195","HD 127195 b",84.71670000,217.8714193,-47.7292571,1.340000,4.160000,4981.00,,534.50000000000,0.040000,,3.1000,212.94503269,14.00000000
"Kepler-111","Kepler-111 b",657.22300000,291.6531630,44.6882613,1.171000,1.157000,5952.00,0.0460000000,3.34181500000,0.000000,86.96000,,3.12000000,1.58000000
"Kepler-148","Kepler-148 c",791.16300000,289.7861626,46.8588176,0.860000,0.851000,5272.00,0.0500000000,4.18004300000,0.000000,89.80000,,12.60000000,3.60000000
"Kepler-179","Kepler-179 b",605.68000000,298.6636163,47.7619329,0.893000,0.759000,5302.00,0.0360000000,2.73592600000,0.000000,89.00000,,3.33000000,1.64000000
"Kepler-290","Kepler-290 c",694.62700000,286.4100307,42.6815137,0.756000,0.743000,5147.00,0.2050000000,36.77031000000,0.000000,89.44000,,7.75000000,2.70000000
"Kepler-302","Kepler-302 c",1402.58000000,294.3169307,43.6292436,1.021000,1.220000,5740.00,0.5030000000,127.28218400000,0.000000,89.51000,,,12.45000000
"Kepler-226","Kepler-226 b",980.13800000,292.3760942,47.8809596,0.904000,0.802000,5571.00,0.0470000000,3.94099700000,0.000000,88.88000,,24.00000000,1.55000000
"Kepler-333","Kepler-333 b",324.41300000,292.2861201,40.9135429,0.601000,0.534000,4259.00,0.0870000000,12.55115800000,0.000000,88.90000,,28.20000000,1.32000000
"Kepler-343","Kepler-343 b",927.19300000,291.9606620,42.4329567,1.055000,1.433000,5807.00,0.0880000000,8.96855000000,0.000000,87.58000,,6.39000000,2.41000000
"Kepler-197","Kepler-197 d",330.57500000,295.2264739,50.5592348,0.857000,1.120000,6004.00,0.1190000000,15.67756300000,0.030000,84.55000,,1.98000000,1.22000000
"TOI-762 A","TOI-762 A b",98.44580000,166.0747423,-47.8214964,0.442000,0.425000,3266.00,0.0341800000,3.47168260000,0.083000,87.50000,,79.77493016,8.33948164
"Kepler-125","Kepler-125 b",183.36500000,298.2581101,47.6050031,0.542101,0.512000,3810.00,0.0410000000,4.16438900000,0.000000,87.73000,,6.21000000,2.37000000
"Kepler-306","Kepler-306 c",775.67900000,288.5387145,40.6160545,0.750000,0.719000,4954.00,0.0670000000,7.24019300000,0.000000,88.29000,,6.12000000,2.35000000
"Kepler-53","Kepler-53 d",1366.07000000,290.4617926,40.5624966,0.966000,0.958000,6085.00,0.0910000000,9.75196200000,0.000000,80.97000,,166.50300000,2.12000000
"Kepler-238","Kepler-238 d",1798.75000000,287.8971066,40.6378141,1.229000,1.430000,5751.00,0.1150000000,13.23354900000,0.000000,89.95000,,23.10000000,3.07000000
"Kepler-127","Kepler-127 d",352.79400000,285.1899439,46.0280596,1.248000,1.359000,6106.00,0.2800000000,48.63040800000,0.030000,89.96000,,7.46000000,2.64000000
"Kepler-222","Kepler-222 c",758.85400000,287.9060885,46.9377479,0.933000,0.869000,5433.00,0.0910000000,10.08881000000,0.000000,87.60000,,19.40000000,4.64000000
"Kepler-257","Kepler-257 d",780.25600000,297.3159994,46.0232642,0.916000,1.037000,5180.00,0.1600000000,24.66455100000,0.000000,88.98000,,21.70000000,4.95000000
"Kepler-308","Kepler-308 b",1335.92000000,295.7852423,40.4395753,0.920000,0.941000,5895.00,0.0900000000,9.69492800000,0.000000,89.36000,,5.14000000,2.12000000
"Kepler-310","Kepler-310 c",602.26800000,288.8392780,46.9867472,0.854000,0.876000,5797.00,0.2810000000,56.47542000000,0.000000,88.81000,,11.40000000,3.38000000
"Kepler-242","Kepler-242 c",600.24100000,286.5656932,41.8084168,0.748000,0.850000,5020.00,0.1090000000,14.49648100000,0.000000,84.34000,,4.66000000,2.00000000
"Kepler-241","Kepler-241 c",512.00000000,292.9131121,41.0609786,0.671000,0.668000,4699.00,0.1890000000,36.06597800000,0.000000,89.77000,,7.13000000,2.57000000
"Kepler-351","Kepler-351 c",1083.91000000,286.4527949,42.6577891,0.810000,0.854000,5643.00,0.2870000000,57.24809000000,0.000000,89.98000,,11.10000000,3.19000000
"Kepler-341","Kepler-341 c",1047.03000000,289.8615609,43.4727412,0.976000,1.024000,6012.00,0.0800000000,8.01041000000,0.000000,89.82000,,3.53000000,1.70000000
"Kepler-166","Kepler-166 c",603.53000000,293.1600977,48.8812074,0.811000,0.742000,5413.00,0.1950000000,34.26028100000,0.000000,89.99000,,6.26000000,2.38000000
"Kepler-108","Kepler-108 c",338.73200000,294.5589885,46.0623952,1.247000,2.192000,5854.00,0.7210000000,190.32349400000,0.040000,89.24000,,50.90000000,8.18000000
"Kepler-311","Kepler-311 b",778.65400000,282.0612731,47.0854984,0.994000,1.188000,5905.00,0.0870000000,9.17609200000,0.000000,89.63000,,3.53000000,1.70000000
"Kepler-276","Kepler-276 b",1144.86000000,293.5681970,39.0363123,0.845000,1.046000,6105.00,0.1190000000,14.12841000000,0.000000,87.47000,,731.20900000,2.87000000
"Kepler-254","Kepler-254 c",1389.48000000,288.1646541,45.8164257,0.849000,0.910000,5957.00,0.1050000000,12.41218300000,0.000000,89.95000,,3.20000000,2.15000000
"Kepler-268","Kepler-268 c",851.87000000,291.9761559,38.0550327,1.109000,1.274000,6081.00,0.3910000000,83.44639300000,0.000000,89.97000,,11.40000000,3.38000000
"Kepler-321","Kepler-321 c",384.54200000,294.4536991,44.1457626,1.024000,1.194000,5740.00,0.1100000000,13.09392100000,0.000000,87.96000,,5.99000000,2.32000000
"Kepler-349","Kepler-349 b",940.72400000,293.6764689,44.6155972,1.083000,0.927000,5956.00,0.0650000000,5.92977800000,0.000000,89.85000,,94.50000000,1.90000000
"Kepler-108","Kepler-108 b",338.73200000,294.5589885,46.0623952,1.247000,2.192000,5854.00,0.2920000000,49.18392100000,0.220000,89.94000,,56.00000000,8.65000000
"Kepler-264","Kepler-264 b",942.17300000,292.0446280,37.3761861,1.426000,1.550000,6158.00,0.2490000000,40.80623100000,0.000000,89.96000,,11.10000000,3.33000000
"Kepler-279","Kepler-279 b",1037.40000000,287.3912950,42.1948220,1.200000,1.746000,6363.00,0.1120000000,12.30968100000,0.000000,83.92000,,4180.93000000,3.62000000
"Kepler-286","Kepler-286 c",1226.85000000,290.6761874,48.2942362,0.830000,0.863000,5580.00,0.0420000000,3.46809500000,0.000000,89.28000,,2.45000000,1.37000000
"Kepler-171","Kepler-171 c",863.85500000,296.7719082,41.7555958,0.978000,0.839000,5642.00,0.0980000000,11.46346200000,0.000000,89.83000,,7.08000000,2.56000000
"Kepler-238","Kepler-238 b",1798.75000000,287.8971066,40.6378141,1.229000,1.430000,5751.00,0.0340000000,2.09087600000,0.000000,77.03000,,3305.02000000,1.73000000
"Kepler-329","Kepler-329 c",439.71900000,299.2681646,45.2272852,0.602000,0.523000,4257.00,0.1130000000,18.68473700000,0.000000,89.35000,,4.38000000,1.93000000
"Kepler-345","Kepler-345 c",260.00000000,295.2288521,45.9710432,0.610000,0.623000,4504.00,0.0770000000,9.38742700000,0.000000,86.89000,,2.20000000,1.20000000
"Kepler-263","Kepler-263 b",754.74700000,292.4698022,37.5677941,0.793000,0.785000,5265.00,0.1200000000,16.56808700000,0.000000,89.69000,,7.61000000,2.67000000
"Kepler-268","Kepler-268 b",851.87000000,291.9761559,38.0550327,1.109000,1.274000,6081.00,0.1800000000,25.93413800000,0.000000,89.98000,,7.04000000,2.55000000
"Kepler-287","Kepler-287 b",835.86000000,290.9274282,48.4434588,0.963000,1.032000,5806.00,0.1450000000,20.34219900000,0.000000,88.83000,,83.00000000,2.33000000
"Kepler-290","Kepler-290 b",694.62700000,286.4100307,42.6815137,0.756000,0.743000,5147.00,0.1100000000,14.58934700000,0.000000,88.86000,,5.69000000,2.25000000
"TOI-4409","TOI-4409 b",179.41900000,81.8186583,-54.9460980,0.763000,0.720000,4928.00,,92.49178900000,0.036000,90.00000,,14.93793513,7.44000000
"Kepler-148","Kepler-148 b",791.16300000,289.7861626,46.8588176,0.860000,0.851000,5272.00,0.0280000000,1.72936600000,0.000000,87.87000,,3.89000000,1.80000000
"HD 13908","HD 13908 c",79.55150000,34.5609102,65.5941901,1.290000,1.670000,6255.00,2.0300000000,931.00000000000,0.120000,,185.0000,1630.40000000,12.80000000
"HD 159243","HD 159243 b",73.30550000,263.3395365,5.7008254,1.125000,1.120000,6123.00,0.1100000000,12.62000000000,0.020000,,223.0000,359.13000000,13.70000000
"Kepler-292","Kepler-292 d",1056.48000000,295.7661979,42.4242822,0.865000,0.826000,5299.00,0.0680000000,7.05567900000,0.000000,89.00000,,5.60000000,2.23000000
"Kepler-297","Kepler-297 c",692.14000000,283.2091605,48.7776156,0.927000,0.915000,5619.00,0.3360000000,74.92013700000,0.000000,89.47000,,42.10000000,6.54000000
"Kepler-150","Kepler-150 e",891.09200000,288.2341025,40.5208970,0.956000,0.939000,5560.00,0.1890000000,30.82655700000,0.000000,86.76000,,9.91000000,3.12000000
"Kepler-178","Kepler-178 c",716.02500000,287.1010275,46.8964033,0.852000,1.066000,5676.00,0.1420000000,20.55280200000,0.000000,89.47000,,8.65000000,2.88000000
"HD 73526","HD 73526 c",97.23960000,129.3183310,-41.3184231,1.014000,1.530000,5601.00,1.0300000000,379.10000000000,0.280000,,272.0000,715.09000000,13.30000000
"HD 106906","HD 106906 b",103.02900000,184.4713308,-55.9755805,1.500000,2.123510,6516.00,650.0000000000,,,,,3496.00000000,12.40000000
"Kepler-267","Kepler-267 b",264.99300000,299.8305655,47.1575741,0.541571,0.555000,4258.00,0.0370000000,3.35372800000,0.000000,89.84000,,37.90000000,1.98000000
"Kepler-273","Kepler-273 b",713.96400000,291.3021458,47.6976573,0.756000,0.815000,5626.00,0.0370000000,2.93653200000,0.000000,87.29000,,2.86000000,1.50000000
"Kepler-306","Kepler-306 b",775.67900000,288.5387145,40.6160545,0.750000,0.719000,4954.00,0.0500000000,4.64618600000,0.000000,83.18000,,2.92000000,1.52000000
"Kepler-309","Kepler-309 c",544.56800000,297.5098911,46.9614121,0.816000,0.721000,4713.00,0.4010000000,105.35638300000,0.000000,89.71000,,6.85000000,2.51000000
"Kepler-207","Kepler-207 c",875.51900000,290.0305195,42.1660555,1.313000,1.588000,5920.00,0.0440000000,3.07157100000,0.000000,74.56000,,2.86000000,1.50000000
"Kepler-224","Kepler-224 b",782.08800000,290.9342679,47.3575414,0.777000,0.676000,5018.00,0.0380000000,3.13292400000,0.000000,89.29000,,2.51000000,1.39000000
"Kepler-265","Kepler-265 c",1280.25000000,290.5104788,41.2447430,0.970000,1.103000,5835.00,0.1270000000,17.02893700000,0.000000,89.59000,,7.41000000,2.63000000
"Kepler-269","Kepler-269 b",2257.32000000,290.2151459,41.7759810,0.920000,0.959000,5847.00,0.0610000000,5.32671800000,0.000000,89.80000,,6.66000000,2.47000000
"Kepler-119","Kepler-119 c",701.99600000,295.9463854,42.6588324,0.918000,0.839000,5595.00,0.0490000000,4.12510300000,0.000000,88.65000,,0.72100000,0.92000000
"Kepler-130","Kepler-130 b",316.66300000,288.4505905,40.2452006,0.927000,1.127000,5884.00,0.0790000000,8.45745800000,0.150000,88.36000,,1.04000000,1.02000000
"Kepler-235","Kepler-235 e",428.01800000,286.0790779,39.2782370,0.581000,0.554000,4255.00,0.2130000000,46.18366900000,0.000000,89.99710,,5.56000000,2.22000000
"Kepler-228","Kepler-228 b",1644.61000000,296.2860853,48.2246328,1.006000,1.014000,6043.00,0.0380000000,2.56654600000,0.000000,82.17000,,2.96000000,1.53000000
"Kepler-305","Kepler-305 b",868.47700000,299.2242557,40.3431670,0.760000,0.800000,5080.00,0.0574600000,5.48700000000,0.005000,84.98000,,10.50000000,3.60000000
"Kepler-277","Kepler-277 c",976.64300000,286.5831894,39.0772582,1.120000,1.690000,5946.00,0.2178100000,33.00600000000,0.000000,89.33000,,64.20000000,3.36000000
"Kepler-301","Kepler-301 b",719.16600000,283.9829040,49.2329512,1.022000,0.900000,5815.00,0.0360000000,2.50855300000,0.000000,89.94000,,2.39000000,1.35000000
"Kepler-300","Kepler-300 c",1098.45000000,295.2886934,48.5997243,1.070000,0.900000,5986.00,0.2320000000,40.71495500000,0.000000,88.74000,,5.69000000,2.25000000
"Kepler-133","Kepler-133 b",653.60000000,297.2778906,48.3203542,1.020000,1.425000,5736.00,0.0830000000,8.12997600000,0.000000,86.24000,,3.75000000,1.76000000
"Kepler-152","Kepler-152 c",441.09000000,286.8653826,41.9889571,0.779000,0.724000,5088.00,0.3560000000,88.25505500000,0.000000,89.37000,,6.30000000,2.39000000
"TIC 46432937","TIC 46432937 b",90.53690000,83.8689794,-14.5971909,0.563000,0.529900,3572.00,0.0206500000,1.44044527000,0.009000,84.35000,,1017.05090240,13.31626907
"Kepler-138","Kepler-138 e",66.86240000,290.3814122,43.2930645,0.535000,0.535000,3841.00,0.1803000000,38.23000000000,0.112000,88.53000,76.0000,0.43000000,0.79700000
"Kepler-299","Kepler-299 c",1052.24000000,283.2070156,48.5805222,1.004000,1.032000,5617.00,0.0700000000,6.88587500000,0.000000,78.69000,,7.51000000,2.65000000
"Kepler-298","Kepler-298 b",518.20400000,283.0398448,48.8253303,0.660000,0.582000,4465.00,0.0800000000,10.47546400000,0.000000,88.61000,,4.50000000,1.96000000
"Kepler-157","Kepler-157 b",773.71300000,291.0972257,38.8756049,0.950000,1.044000,5774.00,0.0280000000,1.73234200000,0.000000,88.24000,,2.30000000,1.32000000
"Kepler-162","Kepler-162 b",855.64100000,297.2789115,43.7239693,1.053000,0.958000,5816.00,0.0690000000,6.91979800000,0.000000,84.93000,,2.13000000,1.26000000
"Kepler-249","Kepler-249 d",190.40100000,296.9853002,43.6586043,0.510238,0.482000,3568.00,0.0970000000,15.36845900000,0.000000,89.86000,,3.09000000,1.57000000
"Kepler-254","Kepler-254 d",1389.48000000,288.1646541,45.8164257,0.849000,0.910000,5957.00,0.1390000000,18.74647700000,0.000000,89.11000,,6.80000000,2.50000000
"Kepler-114","Kepler-114 c",259.53300000,294.1214820,48.3497977,0.560000,0.540000,4660.00,0.0648200000,8.04100000000,0.000000,89.36000,,2.80000000,1.60000000
"Kepler-145","Kepler-145 b",566.85000000,291.3877397,44.5290465,1.320000,1.850000,6022.00,0.1730800000,22.95100000000,0.430000,88.39000,,37.10000000,2.65000000
"Kepler-295","Kepler-295 b",1699.19000000,285.3458383,45.3677754,0.890000,0.898000,5603.00,0.0990000000,12.64516400000,0.000000,77.82000,,1.98000000,1.22000000
"Kepler-288","Kepler-288 c",1194.15000000,288.9163997,39.5947523,0.842000,1.091000,5918.00,0.1400000000,19.30577200000,0.000000,90.00000,,8.50000000,2.85000000
"Kepler-286","Kepler-286 d",1226.85000000,290.6761874,48.2942362,0.830000,0.863000,5580.00,0.0610000000,5.91432300000,0.000000,89.87000,,2.33000000,1.33000000
"Kepler-312","Kepler-312 c",797.72000000,298.3957687,42.4597712,1.314000,1.467000,6115.00,0.1530000000,19.74741200000,0.000000,89.06000,,10.10000000,3.15000000
"Kepler-287","Kepler-287 c",835.86000000,290.9274282,48.4434588,0.963000,1.032000,5806.00,0.2460000000,44.85189600000,0.000000,89.24000,,66.00000000,3.26000000
"Kepler-285","Kepler-285 b",824.31000000,291.3908469,48.0655392,0.915000,0.808000,5411.00,0.0360000000,2.63386700000,0.000000,88.82000,,2.36000000,1.34000000
"Kepler-178","Kepler-178 d",716.02500000,287.1010275,46.8964033,0.852000,1.066000,5676.00,0.3970000000,96.67898800000,0.000000,89.85000,,14.80000000,3.95000000
"Kepler-183","Kepler-183 b",1050.64000000,293.5308112,39.3159329,0.990000,0.958000,5888.00,0.0640000000,5.68794500000,0.000000,87.45000,,4.90000000,2.06000000
"Kepler-315","Kepler-315 b",1160.63000000,298.0230967,43.3634761,0.831000,1.037000,5796.00,0.4020000000,96.10114100000,0.000000,88.26000,,13.70000000,3.77000000
"Kepler-316","Kepler-316 c",384.93800000,290.8258350,44.1838993,0.587000,0.520000,4204.00,0.0580000000,6.82776600000,0.000000,89.09000,,1.65000000,1.16000000
"Kepler-284","Kepler-284 b",1031.95000000,293.1465698,47.7297053,0.766000,0.814000,5615.00,0.1040000000,12.69914900000,0.000000,88.51000,,5.65000000,2.24000000
"Kepler-281","Kepler-281 c",1745.45000000,294.1081465,44.7706524,0.950000,0.899000,5723.00,0.2150000000,36.33737300000,0.000000,88.17000,,161.12400000,5.31000000
"Kepler-85","Kepler-85 d",765.02500000,290.9734395,45.2902761,0.947000,0.893000,5436.00,0.1300000000,17.91323000000,0.000000,87.39000,,8.69679000,1.20000000
"Kepler-353","Kepler-353 b",384.69400000,296.8565596,41.7580749,0.553000,0.504000,3903.00,0.0510000000,5.79527800000,0.000000,87.11000,,0.64000000,0.89000000
"Kepler-372","Kepler-372 c",1493.95000000,291.2562253,49.2589288,1.202000,1.137000,6509.00,0.1540000000,20.05376300000,0.000000,83.71000,,5.02000000,2.09000000
"Kepler-374","Kepler-374 c",1265.61000000,294.1378921,42.3704075,1.033000,0.911000,5977.00,0.0420000000,3.28280700000,0.000000,88.82000,,1.37000000,1.10000000
"Kepler-151","Kepler-151 c",649.91900000,292.1627933,41.0231947,0.870000,0.830000,5460.00,0.1600000000,24.67461200000,0.000000,88.69000,,5.02000000,2.09000000
"Kepler-386","Kepler-386 c",882.46200000,289.8589165,48.6938077,0.825000,0.767000,5178.00,0.1550000000,25.19345800000,0.000000,88.78000,,3.12000000,1.58000000
"Kepler-213","Kepler-213 c",634.93900000,290.8241931,44.6472832,1.070000,1.195000,5696.00,0.0570000000,4.82296200000,0.000000,87.56000,,6.08000000,2.34000000
"Kepler-211","Kepler-211 b",309.35300000,285.4391183,43.1685051,0.867000,0.816000,5123.00,0.0480000000,4.13857500000,0.000000,89.23000,,2.13000000,1.26000000
"Kepler-355","Kepler-355 b",1432.17000000,285.7994917,42.8117427,0.933000,1.066000,6184.00,0.1020000000,11.03189000000,0.000000,88.59000,,2.73000000,1.46000000
"Kepler-356","Kepler-356 b",707.55900000,292.4210998,37.6827919,1.163000,1.335000,6133.00,0.0570000000,4.61269600000,0.000000,84.44000,,3.09000000,1.57000000
"Kepler-355","Kepler-355 c",1432.17000000,285.7994917,42.8117427,0.933000,1.066000,6184.00,0.1790000000,25.76229400000,0.000000,89.32000,,7.80000000,2.71000000
"Kepler-356","Kepler-356 c",707.55900000,292.4210998,37.6827919,1.163000,1.335000,6133.00,0.1150000000,13.12163200000,0.000000,87.29000,,3.93000000,1.81000000
"Kepler-387","Kepler-387 b",801.05200000,287.7982699,45.6567655,0.850000,1.046000,5774.00,0.0680000000,6.79163600000,0.000000,89.55000,,1.08000000,1.03000000
"Kepler-388","Kepler-388 b",425.00000000,284.8280577,44.6086451,0.635000,0.586000,4498.00,0.0360000000,3.17331500000,0.000000,89.62000,,0.45700000,0.81000000
"Kepler-404","Kepler-404 b",812.52400000,286.3985796,45.3435241,0.860000,0.884000,5654.00,0.1020000000,11.82985100000,0.000000,89.38000,,2.15000000,1.27000000
"Kepler-221","Kepler-221 d",385.23100000,296.6547477,46.8352242,0.854000,0.821000,5243.00,0.0870000000,10.04156000000,0.000000,87.80000,,3.61000000,2.73000000
"Kepler-357","Kepler-357 b",688.57300000,291.2429746,44.0086337,0.794000,0.834000,5036.00,0.0630000000,6.47543400000,0.000000,88.31000,,4.04000000,1.84000000
"Kepler-358","Kepler-358 b",1101.10000000,293.2302333,48.2813901,0.940000,0.954000,5908.00,0.2100000000,34.06046700000,0.000000,89.36000,,7.85000000,2.72000000
"Kepler-376","Kepler-376 c",923.06700000,291.6071451,38.4103192,0.968000,1.175000,5900.00,0.1150000000,14.17232700000,0.000000,87.71000,,3.86000000,1.79000000
"Kepler-378","Kepler-378 b",152.09400000,294.9489697,46.4388673,0.780000,0.671000,4661.00,0.1120000000,16.09236100000,0.000000,87.69000,,0.34700000,0.75000000
"Kepler-389","Kepler-389 b",816.55900000,291.9600082,44.9000587,0.765000,0.792000,5376.00,0.0410000000,3.24410700000,0.000000,84.86000,,2.89000000,1.51000000
"Kepler-118","Kepler-118 b",574.22800000,299.2131881,41.4248195,0.811000,1.094000,5274.00,0.0730000000,7.51849600000,0.000000,89.63000,,4.50000000,1.96000000
"Kepler-359","Kepler-359 b",1443.21000000,293.2936129,42.1963497,0.827000,1.086000,6248.00,0.1780000000,25.56322200000,0.000000,88.02000,,12.20000000,3.53000000
"Kepler-363","Kepler-363 c",762.59600000,283.1920779,41.3054172,1.226000,1.485000,5593.00,0.0790000000,7.54242700000,0.000000,88.44000,,66.40000000,1.69000000
"Kepler-379","Kepler-379 c",731.27400000,295.7010981,38.9458209,1.125000,1.306000,6054.00,0.3260000000,62.78469700000,0.000000,89.84000,,5.86000000,2.29000000
"Kepler-112","Kepler-112 c",513.20600000,296.9811361,43.2097025,0.782000,0.841000,5544.00,0.1720000000,28.57426300000,0.000000,89.91000,,6.35000000,2.40000000
"Kepler-163","Kepler-163 b",689.81400000,295.0027458,46.9873389,0.882000,0.917000,5776.00,0.0780000000,7.81093700000,0.000000,85.78000,,1.16000000,1.05000000
"Kepler-390","Kepler-390 b",435.27700000,291.6288086,41.2088351,0.787000,0.776000,5166.00,0.0650000000,6.73808800000,0.000000,89.57000,,0.47700000,0.82000000
"Kepler-52","Kepler-52 d",321.54200000,286.7380152,49.9757383,0.577000,0.556000,4263.00,0.1820000000,36.44517100000,0.000000,89.98000,,88.87750000,1.95000000
"Kepler-231","Kepler-231 b",316.61800000,293.9733913,50.5318460,0.580000,0.490000,3767.00,0.0740000000,10.06527500000,0.000000,89.22000,,35.40000000,1.73000000
"Kepler-357","Kepler-357 d",688.57300000,291.2429746,44.0086337,0.794000,0.834000,5036.00,0.2460000000,49.49987500000,0.000000,89.86000,,11.60000000,3.43000000
"Kepler-358","Kepler-358 c",1101.10000000,293.2302333,48.2813901,0.940000,0.954000,5908.00,0.3810000000,83.48836900000,0.000000,89.75000,,8.50000000,2.85000000
"Kepler-139","Kepler-139 b",391.03800000,282.3919451,43.8894167,1.078000,1.300000,5594.00,0.1270000000,15.77104400000,0.000000,89.98000,,7.00000000,2.94000000
"Kepler-172","Kepler-172 d",828.59200000,283.3684093,41.8218390,1.081000,1.085000,5526.00,0.1180000000,14.62711900000,0.000000,84.97000,,5.69000000,2.25000000
"Kepler-237","Kepler-237 b",657.82200000,283.2213438,40.4217620,0.696000,0.725000,4861.00,0.0500000000,4.71510600000,0.000000,88.96000,,2.57000000,1.41000000
"Kepler-235","Kepler-235 c",428.01800000,286.0790779,39.2782370,0.581000,0.554000,4255.00,0.0650000000,7.82490400000,0.000000,89.16000,,2.18000000,1.28000000
"Kepler-363","Kepler-363 b",762.59600000,283.1920779,41.3054172,1.226000,1.485000,5593.00,0.0480000000,3.61456800000,0.000000,86.02000,,1.65000000,1.16000000
"Kepler-272","Kepler-272 b",889.60800000,299.1275257,47.5938319,0.910000,0.929000,5297.00,0.0380000000,2.97135300000,0.000000,87.49000,,78.00000000,1.43000000
"Kepler-353","Kepler-353 c",384.69400000,296.8565596,41.7580749,0.553000,0.504000,3903.00,0.0650000000,8.41089400000,0.000000,85.99000,,2.48000000,1.38000000
"Kepler-359","Kepler-359 c",1443.21000000,293.2936129,42.1963497,0.827000,1.086000,6248.00,0.3070000000,57.68802000000,0.000000,88.74000,,2.90000000,4.30000000
"Kepler-173","Kepler-173 b",833.16500000,294.6466171,41.8840952,1.067000,0.949000,6031.00,0.0480000000,4.26374200000,0.000000,88.44000,,2.21000000,1.29000000
"Kepler-175","Kepler-175 c",1312.34000000,289.5532320,43.8761160,0.969000,1.010000,6064.00,0.2130000000,34.03525700000,0.000000,89.23000,,9.80000000,3.10000000
"Kepler-141","Kepler-141 c",301.18300000,297.9707271,47.7316041,0.878000,0.787000,4910.00,0.0670000000,7.01060600000,0.000000,87.03000,,2.57000000,1.41000000
"Kepler-239","Kepler-239 c",648.10900000,294.2020505,40.6633313,0.757000,0.763000,4914.00,0.2680000000,56.22809800000,0.000000,89.56000,,6.85000000,2.51000000
"Kepler-367","Kepler-367 c",188.02700000,297.2925580,49.9817499,0.768000,0.695000,4710.00,0.2530000000,53.57863700000,0.000000,89.16000,,1.87000000,1.20000000
"Kepler-143","Kepler-143 c",809.46700000,298.0676519,49.4125410,0.982000,1.359000,5848.00,0.1810000000,27.08251100000,0.000000,87.22000,,11.30000000,3.37000000
"Kepler-360","Kepler-360 b",876.04400000,286.2847077,44.7815817,0.994000,1.058000,6053.00,0.0440000000,3.28967200000,0.000000,89.73000,,3.36000000,1.65000000
"Kepler-49","Kepler-49 e",311.22200000,292.2945208,40.5918123,0.549000,0.559000,4252.00,0.1160000000,18.59610800000,0.000000,89.99000,,1.03815000,1.56000000
"Kepler-140","Kepler-140 b",583.85900000,287.3694056,46.7681473,1.044000,1.288000,6077.00,0.0450000000,3.25427000000,0.000000,87.84000,,3.22000000,1.61000000
"Kepler-392","Kepler-392 b",681.42800000,288.6608260,43.3681938,0.874000,1.129000,5938.00,0.0590000000,5.34185300000,0.000000,89.65000,,0.97200000,1.00000000
"Kepler-122","Kepler-122 b",1027.45000000,291.1118647,39.9490248,0.982000,1.216000,6050.00,0.0640000000,5.76619300000,0.000000,89.92000,,6.08000000,2.34000000
"Kepler-243","Kepler-243 c",693.86000000,285.1104819,42.0339619,0.904000,0.842000,5228.00,0.1420000000,20.02621800000,0.000000,88.43000,,4.62000000,1.99000000
"Kepler-374","Kepler-374 d",1265.61000000,294.1378921,42.3704075,1.033000,0.911000,5977.00,0.0560000000,5.02821900000,0.000000,88.37000,,2.27000000,1.31000000
"Kepler-375","Kepler-375 b",1238.81000000,288.6178715,48.0983639,0.891000,0.837000,5826.00,0.1010000000,12.12593400000,0.000000,87.38000,,2.70000000,1.45000000
"Kepler-116","Kepler-116 c",955.16800000,294.7420605,43.5367842,1.198000,1.454000,6142.00,0.1160000000,13.07163000000,0.000000,88.05000,,5.90000000,2.30000000
"Kepler-280","Kepler-280 c",780.36100000,291.3905325,42.1804735,0.962000,0.886000,5744.00,0.0560000000,4.80709100000,0.000000,86.65000,,4.70000000,2.01000000
"TOI-3053","TOI-3053 b",337.62700000,148.5732223,-64.2969041,0.960000,0.970000,5378.00,0.0390000000,2.99199870000,0.000000,87.30000,90.0000,270.15414595,13.56286665
"Kepler-133","Kepler-133 c",653.60000000,297.2778906,48.3203542,1.020000,1.425000,5736.00,0.2040000000,31.51758600000,0.000000,88.80000,,8.45000000,2.84000000
"Kepler-246","Kepler-246 c",626.07800000,296.4834007,42.6633806,0.853000,0.831000,5206.00,0.0950000000,11.18716100000,0.000000,89.10000,,2.86000000,1.50000000
"Kepler-251","Kepler-251 e",924.62500000,296.5662171,44.1058077,0.891000,0.890000,5526.00,0.4040000000,99.64016100000,0.000000,89.99000,,8.10000000,2.77000000
"Kepler-326","Kepler-326 c",487.67500000,294.3255898,46.0022646,0.910000,0.801000,5105.00,0.0510000000,4.58035800000,0.000000,88.60000,,17.40000000,1.40000000
"K2-24","K2-24 b",170.56200000,242.5734559,-24.9906029,1.091000,1.185000,5726.00,0.1673000000,20.88959610000,0.049800,89.63000,351.8000,20.60000000,5.63800000
"Kepler-281","Kepler-281 b",1745.45000000,294.1081465,44.7706524,0.950000,0.899000,5723.00,0.1170000000,14.64600800000,0.000000,88.09000,,324.00000000,2.82000000
"Kepler-288","Kepler-288 b",1194.15000000,288.9163997,39.5947523,0.842000,1.091000,5918.00,0.0650000000,6.09732600000,0.000000,89.95000,,3.43000000,1.67000000
"Kepler-393","Kepler-393 b",881.40400000,290.9952050,45.1921880,1.256000,1.382000,6189.00,0.0910000000,9.18241700000,0.000000,89.07000,,2.21000000,1.29000000
"Kepler-394","Kepler-394 b",1058.72000000,296.3019792,50.6723115,0.870000,1.132000,6402.00,0.0830000000,8.00501300000,0.000000,89.83000,,3.19000000,1.60000000
"Kepler-26","Kepler-26 e",335.30700000,284.9410627,46.5664505,0.593000,0.571000,4486.00,0.2200000000,46.82791500000,0.000000,89.87000,,6.39000000,2.41000000
"Kepler-255","Kepler-255 b",1052.53000000,296.0642702,45.9767647,0.867000,0.933000,5573.00,0.0630000000,5.71460600000,0.000000,88.25000,,3.02000000,1.55000000
"Kepler-344","Kepler-344 b",1002.94000000,292.4996101,46.3243406,0.931000,0.976000,5774.00,0.1530000000,21.96394500000,0.000000,89.50000,,7.32000000,2.61000000
"Kepler-342","Kepler-342 b",781.61100000,292.6780488,46.7266813,1.213000,1.472000,6175.00,0.1280000000,15.17031800000,0.000000,85.52000,,5.69000000,2.25000000
"Kepler-291","Kepler-291 c",1786.48000000,287.9163029,42.4372666,1.023000,1.016000,6002.00,0.0650000000,5.70078600000,0.000000,88.15000,,4.19000000,1.88000000
"Kepler-293","Kepler-293 c",974.63300000,286.3580611,42.4064917,0.934000,0.957000,5804.00,0.2860000000,54.15574300000,0.000000,88.78000,,14.00000000,3.83000000
"Kepler-189","Kepler-189 b",591.53400000,287.5646296,44.3050662,0.803000,0.750000,5235.00,0.0880000000,10.39993100000,0.000000,87.28000,,1.92000000,1.21000000
"Kepler-191","Kepler-191 c",594.46400000,291.1833211,45.3230937,0.857000,0.789000,5282.00,0.1280000000,17.73850600000,0.000000,88.16000,,4.12000000,1.86000000
"Kepler-258","Kepler-258 c",575.98800000,294.0684116,46.5791357,0.820000,0.915000,4942.00,0.1930000000,33.65307900000,0.000000,89.42000,,12.70000000,3.61000000
"Kepler-337","Kepler-337 c",677.97500000,290.0605123,47.1639533,1.081000,1.761000,5684.00,0.0930000000,9.69320100000,0.000000,85.39000,,4.86000000,2.05000000
"Kepler-298","Kepler-298 c",518.20400000,283.0398448,48.8253303,0.660000,0.582000,4465.00,0.1360000000,22.92881000000,0.000000,89.15000,,4.38000000,1.93000000
"Kepler-300","Kepler-300 b",1098.45000000,295.2886934,48.5997243,1.070000,0.900000,5986.00,0.0940000000,10.44634700000,0.000000,84.30000,,3.43000000,1.67000000
"Kepler-137","Kepler-137 b",302.97900000,282.1355875,43.0391951,0.850000,0.802000,5187.00,0.0770000000,8.43638700000,0.000000,88.33000,,2.76000000,1.47000000
"Kepler-261","Kepler-261 c",317.49900000,291.3647333,37.6092390,0.834000,0.794000,5098.00,0.1560000000,24.57085800000,0.000000,87.52000,,4.66000000,2.00000000
"Kepler-265","Kepler-265 b",1280.25000000,290.5104788,41.2447430,0.970000,1.103000,5835.00,0.0690000000,6.84626200000,0.000000,89.71000,,4.12000000,1.86000000
"Kepler-339","Kepler-339 b",616.63700000,293.3517010,48.4445922,0.870000,0.802000,5631.00,0.0550000000,4.97765600000,0.000000,87.96000,,2.60000000,1.42000000
"Kepler-325","Kepler-325 b",823.24200000,289.8354219,49.8256070,0.914000,1.003000,5752.00,0.0530000000,4.54443900000,0.000000,86.99000,,8.80000000,2.91000000
"Kepler-126","Kepler-126 b",237.40100000,289.3473634,44.2084445,1.108000,1.358000,6239.00,0.0990000000,10.49571100000,0.070000,89.46000,,4.11726105,1.52000000
"Kepler-380","Kepler-380 b",813.71300000,282.3947017,48.7591334,0.990000,1.224000,6045.00,0.0500000000,3.93082100000,0.000000,88.74000,,1.81000000,1.19000000
"Kepler-397","Kepler-397 c",969.00000000,295.8940373,42.3805156,0.844000,0.767000,5307.00,0.4800000000,135.49852700000,0.000000,89.58000,,31.60000000,6.18000000
"Kepler-411","Kepler-411 b",153.67600000,287.6057027,49.5233937,0.870000,0.820000,4974.00,0.0375000000,3.00515600000,0.146000,87.40000,41.5000,25.60000000,2.40100000
"TOI-2095","TOI-2095 c",41.91760000,285.6365235,75.4185135,0.440000,0.440000,3759.00,0.1370000000,28.17232000000,0.000000,89.91000,-55.0000,7.40000000,1.33000000
"Kepler-416","Kepler-416 d",690.81900000,291.5569554,39.2272923,0.949000,1.022000,5670.00,0.0407000000,3.07644709000,0.000000,83.78000,,3.22000000,1.61000000
"TOI-4504","TOI-4504 b",342.60500000,114.4673065,-62.0782776,0.875000,0.930000,5315.00,0.0338000000,2.42615160000,0.840000,92.40000,180.0000,140.00000000,2.65000000
"Kepler-46","Kepler-46 c",777.06000000,289.2687388,42.6041819,0.902000,0.938000,5155.00,0.2799000000,57.01100000000,0.014600,87.40000,330.0000,119.49900000,13.50000000
"Kepler-188","Kepler-188 b",968.54400000,281.2797173,44.3154743,1.021000,1.141000,6021.00,0.0320000000,2.06189700000,0.000000,85.54000,,3.46000000,1.68000000
"Kepler-362","Kepler-362 c",1090.51000000,291.7716030,47.5299192,0.904000,0.722000,5788.00,0.2070000000,37.86628100000,0.000000,89.83000,,2.70000000,1.45000000
"Kepler-136","Kepler-136 c",420.81800000,296.4673039,42.5987984,1.204000,1.355000,6165.00,0.1330000000,16.39923500000,0.000000,89.82000,,4.62000000,1.99000000
"Kepler-381","Kepler-381 c",267.32300000,285.1828685,43.8310283,1.144000,1.568000,6152.00,0.1170000000,13.39163500000,0.000000,88.80000,,1.46000000,1.12000000
"Kepler-398","Kepler-398 b",177.35500000,291.4688524,40.3437001,0.649000,0.613000,4493.00,0.0440000000,4.08142300000,0.000000,82.74000,,0.74900000,0.93000000
"Kepler-136","Kepler-136 b",420.81800000,296.4673039,42.5987984,1.204000,1.355000,6165.00,0.1060000000,11.57890000000,0.000000,89.33000,,19.80000000,2.05000000
"Kepler-272","Kepler-272 d",889.60800000,299.1275257,47.5938319,0.910000,0.929000,5297.00,0.0910000000,10.93730400000,0.000000,86.63000,,5.69000000,2.25000000
"Kepler-206","Kepler-206 d",594.44700000,291.6346564,41.8338415,0.957000,1.185000,5764.00,0.1630000000,23.44281000000,0.000000,85.83000,,1.81000000,1.19000000
"Kepler-141","Kepler-141 b",301.18300000,297.9707271,47.7316041,0.878000,0.787000,4910.00,0.0390000000,3.10767500000,0.000000,84.53000,,0.25700000,0.69000000
"Kepler-399","Kepler-399 d",740.53700000,299.5017242,40.6707669,0.902000,0.680000,5502.00,0.2610000000,58.03461600000,0.000000,89.98000,,4.23000000,1.89000000
"Kepler-400","Kepler-400 b",845.97000000,290.9444679,40.4800528,1.080000,1.145000,5886.00,0.0870000000,9.02438900000,0.000000,89.97000,,3.36000000,1.65000000
"Kepler-366","Kepler-366 b",1856.28000000,296.8520316,49.0844359,1.088000,1.048000,6209.00,0.0450000000,3.28195900000,0.000000,88.50000,,2.73000000,1.46000000
"Kepler-367","Kepler-367 b",188.02700000,297.2925580,49.9817499,0.768000,0.695000,4710.00,0.2010000000,37.81572400000,0.000000,89.43000,,2.24000000,1.30000000
"Kepler-135","Kepler-135 b",621.85500000,290.4950939,38.7954956,1.047000,1.275000,6090.00,0.0670000000,6.00253000000,0.000000,79.39000,,3.93000000,1.81000000
"Kepler-383","Kepler-383 b",470.00000000,291.3426078,38.3631616,0.669000,0.672000,4710.00,0.0950000000,12.90453200000,0.000000,88.77000,,2.30000000,1.32000000
"Kepler-401","Kepler-401 b",965.56000000,290.0827494,50.8634361,1.173000,1.333000,6117.00,0.1220000000,14.38303500000,0.000000,85.84000,,3.57000000,1.71000000
"Kepler-402","Kepler-402 c",625.33900000,288.3701976,43.3546109,1.072000,1.264000,6090.00,0.0680000000,6.12482100000,0.000000,84.71000,,3.05000000,1.56000000
"Kepler-351","Kepler-351 b",1083.91000000,286.4527949,42.6577891,0.810000,0.854000,5643.00,0.2140000000,37.05491900000,0.000000,88.19000,,4.80000000,3.06000000
"Kepler-350","Kepler-350 b",956.85900000,285.4195845,39.7061009,1.190000,1.534000,6186.00,0.1040000000,11.18956200000,0.000000,87.76000,,16.90000000,1.85000000
"Kepler-369","Kepler-369 c",214.00000000,293.6743322,47.9084727,0.500000,0.471000,3591.00,0.0940000000,14.87157200000,0.000000,89.98000,,2.57000000,1.41000000
"Kepler-371","Kepler-371 b",813.19200000,292.3264835,38.6575441,0.876000,0.992000,5666.00,0.2000000000,34.76327800000,0.000000,89.04000,,4.23000000,1.89000000
"Kepler-147","Kepler-147 b",1042.02000000,287.9757213,39.0871680,1.145000,1.468000,6012.00,0.1130000000,12.61058400000,0.000000,86.26000,,2.96000000,1.53000000
"Kepler-132","Kepler-132 d",349.54900000,283.2358100,41.3430370,0.929000,1.178000,6003.00,0.1360000000,18.01019900000,0.000000,85.52000,,3.02000000,1.55000000
"Kepler-200","Kepler-200 c",665.91200000,284.4099503,41.2374928,0.972000,0.944000,5678.00,0.0900000000,10.22215700000,0.000000,88.23000,,3.15000000,1.59000000
"Kepler-215","Kepler-215 e",485.99700000,294.9735313,45.2136867,0.788000,1.027000,5739.00,0.3140000000,68.16101000000,0.000000,89.68000,,3.71000000,1.75000000
"Kepler-347","Kepler-347 c",1298.88000000,289.1995995,49.3056404,0.922000,1.005000,6088.00,0.1830000000,27.32087100000,0.000000,85.39000,,3.71000000,1.75000000
"Kepler-202","Kepler-202 b",285.11100000,282.9734874,41.3217991,0.683000,0.667000,4668.00,0.0450000000,4.06942700000,0.000000,89.62000,,3.29000000,1.63000000
"Kepler-84","Kepler-84 f",1023.90000000,298.2520208,40.4960842,1.060000,1.169000,6031.00,0.2500000000,44.55216900000,0.000000,89.07000,,5.48000000,2.20000000
"Kepler-310","Kepler-310 b",602.26800000,288.8392780,46.9867472,0.854000,0.876000,5797.00,0.1110000000,13.93069800000,0.000000,87.46000,,1.81000000,1.19000000
"Kepler-270","Kepler-270 c",948.78100000,282.2001207,44.4222795,1.170000,1.461000,6067.00,0.1800000000,25.26288700000,0.000000,88.00000,,3.78000000,1.77000000
"Kepler-24","Kepler-24 d",1156.81000000,290.4132621,38.3437283,1.046000,1.289000,5897.00,0.0510000000,4.24438400000,0.000000,75.07000,,293.95900000,1.67000000
"Kepler-217","Kepler-217 c",1104.64000000,293.0377331,46.2775223,1.342000,1.799000,6171.00,0.0890000000,8.58600400000,0.000000,86.96000,,4.08000000,1.85000000
"Kepler-220","Kepler-220 e",171.10900000,291.5060432,46.8956262,0.729000,0.666000,4632.00,0.2260000000,45.90273300000,0.000000,89.74000,,2.33000000,1.33000000
"Kepler-313","Kepler-313 c",1079.39524871,298.2948708,48.7754000,1.114000,1.536000,5727.00,0.2080000000,32.27327300000,0.000000,88.50000,,7.13000000,2.57000000
"Kepler-311","Kepler-311 c",778.65400000,282.0612731,47.0854984,0.994000,1.188000,5905.00,0.1450000000,19.73828600000,0.000000,88.06000,,2.63000000,1.43000000
"Kepler-282","Kepler-282 c",1337.61000000,284.6772402,44.7976401,0.860000,0.904000,5602.00,0.1060000000,13.63872300000,0.000000,89.69000,,1.87000000,1.20000000
"Kepler-286","Kepler-286 e",1226.85000000,290.6761874,48.2942362,0.830000,0.863000,5580.00,0.1760000000,29.22128900000,0.000000,88.78000,,3.78000000,1.77000000
"Kepler-204","Kepler-204 b",686.72300000,285.3471620,41.7618450,1.038000,1.238000,5812.00,0.1170000000,14.40097400000,0.000000,86.44000,,6.94000000,2.53000000
"Kepler-359","Kepler-359 d",1443.21000000,293.2936129,42.1963497,0.827000,1.086000,6248.00,0.3720000000,77.09569100000,0.000000,88.00000,,2.70000000,4.01000000
"Kepler-314","Kepler-314 b",268.88100000,294.6741507,42.0756037,0.990000,0.950000,5378.00,0.0350000000,2.46106900000,0.000000,85.40000,,0.49800000,0.83000000
"Kepler-316","Kepler-316 b",384.93800000,290.8258350,44.1838993,0.587000,0.520000,4204.00,0.0270000000,2.24050800000,0.000000,87.63000,,1.20000000,1.06000000
"Kepler-288","Kepler-288 d",1194.15000000,288.9163997,39.5947523,0.842000,1.091000,5918.00,0.2870000000,56.63374200000,0.000000,89.75000,,7.61000000,2.67000000
"Kepler-149","Kepler-149 b",571.03400000,285.8537014,38.3840916,1.013000,0.953000,5381.00,0.1840000000,29.19894300000,0.000000,89.95000,,16.50000000,4.21000000
"Kepler-372","Kepler-372 b",1493.95000000,291.2562253,49.2589288,1.202000,1.137000,6509.00,0.0750000000,6.84969200000,0.000000,75.35000,,2.42000000,1.36000000
"Kepler-205","Kepler-205 b",159.72000000,285.2866912,41.8609357,0.592000,0.546000,4321.00,0.0320000000,2.75564000000,0.000000,85.06000,,2.89000000,1.51000000
"Kepler-361","Kepler-361 b",930.32000000,296.8034146,46.7411011,1.191000,1.343000,6169.00,0.0860000000,8.48661600000,0.000000,89.96000,,2.70000000,1.45000000
"Kepler-317","Kepler-317 c",940.58400000,294.9438822,39.0320499,0.865000,0.941000,5497.00,0.0830000000,8.77501000000,0.000000,88.45000,,3.61000000,1.72000000
"Kepler-319","Kepler-319 d",503.43600000,288.8119782,39.7706431,0.933000,0.903000,5526.00,0.1910000000,31.78192500000,0.000000,89.85000,,5.86000000,2.29000000
"Kepler-295","Kepler-295 d",1699.19000000,285.3458383,45.3677754,0.890000,0.898000,5603.00,0.1920000000,33.88405400000,0.000000,85.87000,,2.42000000,1.36000000
"Kepler-308","Kepler-308 c",1335.92000000,295.7852423,40.4395753,0.920000,0.941000,5895.00,0.1230000000,15.38231000000,0.000000,89.97000,,5.31000000,2.16000000
"Kepler-234","Kepler-234 b",1733.10000000,291.6535379,38.4946597,1.129000,1.113000,6224.00,0.0400000000,2.71150600000,0.000000,89.81000,,13.20000000,3.70000000
"Kepler-378","Kepler-378 c",152.09400000,294.9489697,46.4388673,0.780000,0.671000,4661.00,0.1660000000,28.90600900000,0.000000,88.68000,,0.27100000,0.70000000
"Kepler-321","Kepler-321 b",384.54200000,294.4536991,44.1457626,1.024000,1.194000,5740.00,0.0570000000,4.91537900000,0.000000,87.70000,,3.78000000,1.77000000
"Kepler-322","Kepler-322 b",400.48000000,281.3487514,44.2952525,0.908000,0.890000,5388.00,0.0270000000,1.65388800000,0.000000,88.21000,,1.01000000,1.01000000
"Kepler-397","Kepler-397 b",969.00000000,295.8940373,42.3805156,0.844000,0.767000,5307.00,0.1440000000,22.25094900000,0.000000,89.33000,,6.62000000,2.46000000
"Kepler-198","Kepler-198 b",495.35800000,290.6731326,38.6910045,0.995000,0.940000,5574.00,0.1310000000,17.79003700000,0.000000,89.66000,,8.35000000,2.82000000
"Kepler-386","Kepler-386 b",882.46200000,289.8589165,48.6938077,0.825000,0.767000,5178.00,0.0960000000,12.31043000000,0.000000,87.21000,,2.51000000,1.39000000
"Kepler-206","Kepler-206 c",594.44700000,291.6346564,41.8338415,0.957000,1.185000,5764.00,0.1110000000,13.13747100000,0.000000,86.45000,,3.78000000,1.77000000
"Kepler-173","Kepler-173 c",833.16500000,294.6466171,41.8840952,1.067000,0.949000,6031.00,0.0740000000,8.00577700000,0.000000,89.74000,,6.48000000,2.43000000
"Kepler-250","Kepler-250 b",760.58500000,289.5947633,44.1418114,0.806000,0.805000,5160.00,0.0480000000,4.14814100000,0.000000,89.58000,,1.51000000,1.13000000
"Kepler-325","Kepler-325 c",823.24200000,289.8354219,49.8256070,0.914000,1.003000,5752.00,0.1050000000,12.76217200000,0.000000,87.01000,,6.99000000,2.54000000
"Kepler-157","Kepler-157 c",773.71300000,291.0972257,38.8756049,0.950000,1.044000,5774.00,0.1100000000,13.54050000000,0.000000,89.56000,,5.65000000,2.24000000
"Kepler-392","Kepler-392 c",681.42800000,288.6608260,43.3681938,0.874000,1.129000,5938.00,0.0930000000,10.42311800000,0.000000,87.72000,,1.37000000,1.10000000
"Kepler-365","Kepler-365 c",1038.99000000,295.6265640,49.1304110,1.020000,1.048000,6012.00,0.1370000000,17.78412900000,0.000000,89.81000,,3.33000000,1.64000000
"Kepler-243","Kepler-243 b",693.86000000,285.1104819,42.0339619,0.904000,0.842000,5228.00,0.0620000000,5.71544200000,0.000000,88.81000,,6.57000000,2.45000000
"Kepler-402","Kepler-402 e",625.33900000,288.3701976,43.3546109,1.072000,1.264000,6090.00,0.1020000000,11.24286100000,0.000000,88.30000,,2.73000000,1.46000000
"Kepler-402","Kepler-402 d",625.33900000,288.3701976,43.3546109,1.072000,1.264000,6090.00,0.0870000000,8.92109900000,0.000000,89.60000,,2.48000000,1.38000000
"Kepler-147","Kepler-147 c",1042.02000000,287.9757213,39.0871680,1.145000,1.468000,6012.00,0.2160000000,33.41642300000,0.000000,85.15000,,6.48000000,2.43000000
"Kepler-183","Kepler-183 c",1050.64000000,293.5308112,39.3159329,0.990000,0.958000,5888.00,0.1030000000,11.63707100000,0.000000,89.86000,,35.70000000,2.27000000
"Kepler-244","Kepler-244 b",1036.49000000,287.2426410,42.3014185,0.933000,0.803000,5554.00,0.0500000000,4.31179200000,0.000000,89.08000,,8.05000000,2.76000000
"Kepler-209","Kepler-209 b",576.94600000,291.1694567,42.6407281,0.971000,0.935000,5513.00,0.1220000000,16.08784500000,0.000000,88.05000,,5.73000000,2.26000000
"Kepler-127","Kepler-127 b",352.79400000,285.1899439,46.0280596,1.248000,1.359000,6106.00,0.1250000000,14.43588900000,0.470000,88.65000,,2.54000000,1.40000000
"Kepler-403","Kepler-403 c",840.26900000,289.9214256,46.7445267,1.299000,1.329000,6090.00,0.2970000000,54.28074900000,0.000000,88.82000,,3.71000000,1.75000000
"Kepler-376","Kepler-376 b",923.06700000,291.6071451,38.4103192,0.968000,1.175000,5900.00,0.0570000000,4.92019900000,0.000000,88.48000,,1.24000000,1.07000000
"Kepler-331","Kepler-331 c",580.11900000,291.8343455,39.3073462,0.653000,0.492000,4347.00,0.1050000000,17.28111000000,0.000000,89.75000,,4.04000000,1.84000000
"Kepler-256","Kepler-256 e",1026.43000000,292.5804200,46.0973588,1.037000,1.301000,5551.00,0.0960000000,10.68157200000,0.000000,87.92000,,6.12000000,2.35000000
"Kepler-209","Kepler-209 c",576.94600000,291.1694567,42.6407281,0.971000,0.935000,5513.00,0.2310000000,41.74988200000,0.000000,89.77000,,9.80000000,3.10000000
"Kepler-229","Kepler-229 d",826.26500000,286.9994758,48.3757867,0.808000,0.728000,5120.00,0.2200000000,41.19491200000,0.000000,89.96000,,14.20000000,3.85000000
"Kepler-237","Kepler-237 c",657.82200000,283.2213438,40.4217620,0.696000,0.725000,4861.00,0.0710000000,8.10363600000,0.000000,89.87000,,4.98000000,2.08000000
"Kepler-383","Kepler-383 c",470.00000000,291.3426078,38.3631616,0.669000,0.672000,4710.00,0.1720000000,31.20075100000,0.000000,89.04000,,2.07000000,1.24000000
"Kepler-333","Kepler-333 c",324.41300000,292.2861201,40.9135429,0.601000,0.534000,4259.00,0.1350000000,24.08821000000,0.000000,89.51000,,1.41000000,1.11000000
"Kepler-334","Kepler-334 d",426.59000000,287.1406177,47.1151153,1.022000,1.068000,5828.00,0.1680000000,25.09849000000,0.000000,88.88000,,2.57000000,1.41000000
"Kepler-156","Kepler-156 c",443.48300000,290.2964214,37.7494271,0.864000,0.807000,5094.00,0.1170000000,15.90680100000,0.000000,89.97000,,7.04000000,2.55000000
"Kepler-405","Kepler-405 c",1065.08000000,291.4094615,38.3400107,0.873000,0.893000,5818.00,0.1880000000,29.72668200000,0.000000,89.09000,,19.60000000,4.66000000
"Kepler-274","Kepler-274 c",1333.62000000,292.9227926,38.4772173,0.883000,1.007000,6023.00,0.2040000000,33.19786100000,0.000000,88.53000,,4.04000000,1.84000000
"Kepler-315","Kepler-315 c",1160.63000000,298.0230967,43.3634761,0.831000,1.037000,5796.00,0.7910000000,265.46933500000,0.000000,89.31000,,16.10000000,4.15000000
"Kepler-387","Kepler-387 c",801.05200000,287.7982699,45.6567655,0.850000,1.046000,5774.00,0.0980000000,11.83754900000,0.000000,88.58000,,0.64000000,0.89000000
"Kepler-388","Kepler-388 c",425.00000000,284.8280577,44.6086451,0.635000,0.586000,4498.00,0.0930000000,13.29700400000,0.000000,89.95000,,0.56600000,0.86000000
"Kepler-337","Kepler-337 b",677.97500000,290.0605123,47.1639533,1.081000,1.761000,5684.00,0.0450000000,3.29278100000,0.000000,80.59000,,2.99000000,1.54000000
"Kepler-134","Kepler-134 c",334.79700000,284.7391156,49.5984448,0.956000,1.176000,5983.00,0.0920000000,10.10578500000,0.000000,87.87000,,2.13000000,1.26000000
"Kepler-140","Kepler-140 c",583.85900000,287.3694056,46.7681473,1.044000,1.288000,6077.00,0.4140000000,91.35328200000,0.000000,89.99000,,3.89000000,1.80000000
"Kepler-159","Kepler-159 b",373.74400000,297.0702037,40.8687340,0.628000,0.663000,4625.00,0.0820000000,10.13962300000,0.000000,89.85000,,6.26000000,2.38000000
"Kepler-320","Kepler-320 c",826.61300000,293.2135155,46.1751457,1.072000,1.108000,6435.00,0.1420000000,17.93493700000,0.000000,80.93000,,2.45000000,1.37000000
"Kepler-292","Kepler-292 c",1056.48000000,295.7661979,42.4242822,0.865000,0.826000,5299.00,0.0450000000,3.71533500000,0.000000,88.25000,,2.76000000,1.47000000
"Kepler-82","Kepler-82 b",904.32600000,292.8733696,42.9661583,0.910000,0.898000,5401.00,0.1683000000,26.44000000000,0.003300,89.05200,236.0000,12.15000000,4.07000000
"Kepler-122","Kepler-122 c",1027.45000000,291.1118647,39.9490248,0.982000,1.216000,6050.00,0.1080000000,12.46598800000,0.000000,89.39000,,29.00000000,5.87000000
"Kepler-149","Kepler-149 c",571.03400000,285.8537014,38.3840916,1.013000,0.953000,5381.00,0.2810000000,55.32832800000,0.000000,89.80000,,3.22000000,1.61000000
"Kepler-164","Kepler-164 b",890.75800000,287.7808115,47.6298453,1.036000,1.148000,5888.00,0.0580000000,5.03503000000,0.000000,84.49000,,2.57000000,1.41000000
"Kepler-320","Kepler-320 b",826.61300000,293.2135155,46.1751457,1.072000,1.108000,6435.00,0.0850000000,8.37155400000,0.000000,71.53000,,1.55000000,1.14000000
"Kepler-338","Kepler-338 e",552.79800000,282.9790593,40.7844188,1.140000,1.735000,5999.00,0.0897900000,9.34100000000,0.050000,87.49000,,8.50000000,1.56000000
"Kepler-395","Kepler-395 b",421.38200000,293.5111889,45.1366252,0.622827,0.556000,4262.00,0.0610000000,7.05434600000,0.000000,88.36000,,1.08000000,1.03000000
"Kepler-341","Kepler-341 d",1047.03000000,289.8615609,43.4727412,0.976000,1.024000,6012.00,0.1820000000,27.66631300000,0.000000,88.98000,,4.08000000,1.85000000
"Kepler-341","Kepler-341 e",1047.03000000,289.8615609,43.4727412,0.976000,1.024000,6012.00,0.2420000000,42.47326900000,0.000000,89.51000,,4.62000000,1.99000000
"Kepler-169","Kepler-169 b",406.52900000,285.9999204,40.9193822,0.825000,0.763000,4997.00,0.0400000000,3.25061900000,0.000000,85.27000,,1.51000000,1.13000000
"Kepler-169","Kepler-169 f",406.52900000,285.9999204,40.9193822,0.825000,0.763000,4997.00,0.3590000000,87.09019500000,0.000000,89.15000,,7.18000000,2.58000000
"Kepler-332","Kepler-332 c",344.19000000,286.6627811,47.4136938,0.743000,0.720000,4955.00,0.1140000000,15.99562200000,0.000000,89.86000,,1.32000000,1.09000000
"Kepler-143","Kepler-143 b",809.46700000,298.0676519,49.4125410,0.982000,1.359000,5848.00,0.1270000000,16.00758300000,0.000000,88.09000,,6.39000000,2.41000000
"Kepler-299","Kepler-299 b",1052.24000000,283.2070156,48.5805222,1.004000,1.032000,5617.00,0.0400000000,2.92712800000,0.000000,89.72000,,2.30000000,1.32000000
"Kepler-301","Kepler-301 c",719.16600000,283.9829040,49.2329512,1.022000,0.900000,5815.00,0.0600000000,5.41902600000,0.000000,87.99000,,2.39000000,1.35000000
"Kepler-342","Kepler-342 d",781.61100000,292.6780488,46.7266813,1.213000,1.472000,6175.00,0.2420000000,39.45935700000,0.000000,84.57000,,6.76000000,2.49000000
"Kepler-233","Kepler-233 c",856.41700000,296.3665054,51.3194548,0.855000,0.758000,5360.00,0.2870000000,60.41895500000,0.000000,89.94000,,7.80000000,2.71000000
"Kepler-171","Kepler-171 d",863.85500000,296.7719082,41.7555958,0.978000,0.839000,5642.00,0.2230000000,39.59551900000,0.000000,89.80000,,4.23000000,1.89000000
"HD 60779","HD 60779 b",35.44450000,114.0047579,-3.1512910,1.050000,1.129000,6081.00,0.1922000000,29.98617500000,0.031000,88.56000,,14.19000000,3.24600000
"Kepler-335","Kepler-335 c",1278.97000000,296.0642944,45.4285986,1.367000,1.854000,5877.00,0.3560000000,67.84446900000,0.000000,89.49000,,9.64000000,3.07000000
"Kepler-332","Kepler-332 d",344.19000000,286.6627811,47.4136938,0.743000,0.720000,4955.00,0.1890000000,34.21154000000,0.000000,89.96000,,1.76000000,1.18000000
"Kepler-262","Kepler-262 b",613.12900000,290.7287168,37.2526575,0.816000,0.881000,5841.00,0.1080000000,13.06085500000,0.000000,88.16000,,2.42000000,1.36000000
"Kepler-263","Kepler-263 c",754.74700000,292.4698022,37.5677941,0.793000,0.785000,5265.00,0.2420000000,47.33277300000,0.000000,89.80000,,6.66000000,2.47000000
"Kepler-191","Kepler-191 b",594.46400000,291.1833211,45.3230937,0.857000,0.789000,5282.00,0.0870000000,9.93963200000,0.000000,84.14000,,2.36000000,1.34000000
"Kepler-197","Kepler-197 e",330.57500000,295.2264739,50.5592348,0.857000,1.120000,6004.00,0.1640000000,25.20971500000,0.380000,87.69000,,0.69300000,0.91000000
"Kepler-200","Kepler-200 b",665.91200000,284.4099503,41.2374928,0.972000,0.944000,5678.00,0.0800000000,8.59480500000,0.000000,87.84000,,5.18000000,2.13000000
"Kepler-201","Kepler-201 b",636.44500000,293.6260590,41.2728004,1.098000,1.229000,6065.00,0.1750000000,25.67208300000,0.000000,87.20000,,6.62000000,2.46000000
"Kepler-84","Kepler-84 e",1023.90000000,298.2520208,40.4960842,1.060000,1.169000,6031.00,0.1810000000,27.43438900000,0.000000,88.99000,,7.27000000,2.60000000
"Kepler-265","Kepler-265 e",1280.25000000,290.5104788,41.2447430,0.970000,1.103000,5835.00,0.3190000000,67.83102400000,0.000000,89.98000,,7.22000000,2.59000000
"Kepler-24","Kepler-24 e",1156.81000000,290.4132621,38.3437283,1.046000,1.289000,5897.00,0.1380000000,18.99835500000,0.000000,79.72000,,26.21180000,2.78000000
"Kepler-441","Kepler-441 b",268.00300000,284.5669540,49.0127077,0.572000,0.550000,4340.00,0.6400000000,207.24820000000,0.100000,89.97000,,3.33000000,1.64000000
"Kepler-253","Kepler-253 c",838.59500000,291.8419337,44.8581240,0.860000,0.786000,5208.00,0.0890000000,10.28195100000,0.000000,89.59000,,7.51000000,2.65000000
"Kepler-214","Kepler-214 c",1208.44000000,284.7548499,44.9560500,1.110000,1.352000,6169.00,0.1940000000,28.77980000000,0.000000,86.15000,,5.18000000,2.13000000
"Kepler-170","Kepler-170 c",738.65700000,284.5211975,41.6296562,1.066000,1.035000,5679.00,0.1310000000,16.66586300000,0.000000,89.13000,,8.55000000,2.86000000
"Kepler-205","Kepler-205 c",159.72000000,285.2866912,41.8609357,0.592000,0.546000,4321.00,0.1220000000,20.30654600000,0.000000,89.00000,,3.33000000,1.64000000
"CoRoT-22","CoRoT-22 b",627.15800000,280.6671392,6.2191669,1.099000,1.136000,5939.00,0.0920000000,9.75598000000,0.077000,89.74900,210.0000,12.20000000,4.88000000
"Kepler-437","Kepler-437 b",304.00000000,297.3473326,44.0269249,0.707000,0.680000,4551.00,0.2880000000,66.65062000000,0.020000,89.90000,,5.22000000,2.14000000
"Kepler-192","Kepler-192 b",651.67400000,287.9179379,45.5928829,1.028000,1.007000,5479.00,0.0900000000,9.92674600000,0.000000,87.77000,,7.95000000,2.74000000
"Kepler-254","Kepler-254 b",1389.48000000,288.1646541,45.8164257,0.849000,0.910000,5957.00,0.0640000000,5.82666200000,0.000000,89.88000,,14.30000000,3.87000000
"Kepler-196","Kepler-196 c",451.31200000,284.9685077,42.0791214,0.839000,0.782000,5128.00,0.2400000000,47.42773700000,0.000000,89.27000,,5.65000000,2.24000000
"Kepler-101","Kepler-101 b",927.98100000,283.2555070,48.3552474,1.170000,1.560000,5667.00,0.0474000000,3.48768120000,0.086000,85.82000,231.0000,51.10000000,5.77000000
"Kepler-439","Kepler-439 b",757.04800000,280.8015188,44.0339733,0.884000,0.866000,5431.00,0.5630000000,178.13960000000,0.030000,89.95000,,5.65000000,2.24000000
"Kepler-256","Kepler-256 c",1026.43000000,292.5804200,46.0973588,1.037000,1.301000,5551.00,0.0450000000,3.38802000000,0.000000,87.20000,,5.27000000,2.15000000
"Kepler-216","Kepler-216 c",1187.47000000,293.7280695,46.1291139,1.126000,1.260000,6091.00,0.1360000000,17.40666900000,0.000000,89.94000,,9.48000000,3.04000000
"Kepler-184","Kepler-184 c",610.32600000,291.9518784,43.0746172,0.872000,0.873000,5788.00,0.1410000000,20.30300500000,0.000000,87.96000,,8.80000000,1.97000000
"KIC 10001893","KIC 10001893 d",1672.94000000,287.3892308,46.9844491,0.470000,0.180000,27500.00,,0.81161000000,,,,,
"KIC 10001893","KIC 10001893 b",1672.94000000,287.3892308,46.9844491,0.470000,0.180000,27500.00,,0.21970000000,,,,,
"HD 113538","HD 113538 c",16.28170000,196.2339330,-52.4463502,0.585000,0.530000,4462.00,2.4400000000,1818.00000000000,0.200000,,280.0000,295.57000000,13.80000000
"HD 30669","HD 30669 b",58.08440000,72.1198522,-28.4190757,0.920000,0.910000,5400.00,2.6900000000,1684.00000000000,0.180000,,82.0000,149.37000000,14.30000000
"Kepler-217","Kepler-217 b",1104.64000000,293.0377331,46.2775223,1.342000,1.799000,6171.00,0.0650000000,5.37494300000,0.000000,88.73000,,5.60000000,2.23000000
"Kepler-83","Kepler-83 d",400.40900000,282.2325197,43.6655662,0.580000,0.594000,4648.00,0.0510000000,5.16979600000,0.000000,88.87000,,4.10000000,1.94000000
"Kepler-253","Kepler-253 d",838.59500000,291.8419337,44.8581240,0.860000,0.786000,5208.00,0.1300000000,18.11986900000,0.000000,89.64000,,10.20000000,3.17000000
"Kepler-424","Kepler-424 c",698.64600000,298.6249797,48.5774500,1.010000,0.940000,5460.00,0.7300000000,223.30000000000,,,,2215.18000000,12.70000000
"Kepler-422","Kepler-422 b",722.79500000,282.6296334,46.3232807,1.150000,1.240000,5972.00,0.0820000000,7.89144830000,0.000000,88.30000,,136.66000000,12.89000000
"Kepler-445","Kepler-445 c",127.20100000,298.7363395,46.4991236,0.180000,0.210000,3157.00,0.0301000000,4.87122900000,0.000000,89.91000,,6.85000000,2.51000000
"Kepler-446","Kepler-446 b",96.33900000,282.2501047,44.9210020,0.220000,0.240000,3359.00,0.0182000000,1.56540900000,0.000000,87.42000,,2.86000000,1.50000000
"Kepler-259","Kepler-259 b",1002.14000000,288.2119707,46.6150461,0.867000,0.898000,5938.00,0.0790000000,8.11531700000,0.000000,84.30000,,8.25000000,2.80000000
"Kepler-193","Kepler-193 b",1009.10000000,296.4985951,46.5772484,1.051000,1.147000,6335.00,0.1060000000,11.38848000000,0.000000,89.40000,,6.30000000,2.39000000
"Kepler-215","Kepler-215 b",485.99700000,294.9735313,45.2136867,0.788000,1.027000,5739.00,0.0840000000,9.36067200000,0.000000,86.69000,,3.26000000,1.62000000
"Kepler-192","Kepler-192 c",651.67400000,287.9179379,45.5928829,1.028000,1.007000,5479.00,0.1500000000,21.22340000000,0.000000,87.86000,,8.20000000,2.79000000
"Kepler-426","Kepler-426 b",843.69500000,289.4346668,49.4734550,0.910000,0.920000,5725.00,0.0414000000,3.21751883000,0.180000,85.74000,,108.06000000,12.22000000
"Kepler-424","Kepler-424 b",698.64600000,298.6249797,48.5774500,1.010000,0.940000,5460.00,0.0440000000,3.31186440000,0.000000,84.68000,,327.35000000,9.98000000
"Kepler-427","Kepler-427 b",1017.80000000,288.2545808,43.7048379,0.960000,1.350000,5800.00,0.0910000000,10.29099400000,0.570000,89.50000,,92.17000000,13.79000000
"HD 103720","HD 103720 b",45.53520000,179.1713308,-2.7791393,0.794000,0.730000,5017.00,0.0498000000,4.55570000000,0.086000,,262.0000,197.04600000,14.10000000
"Kepler-434","Kepler-434 b",1222.54000000,293.5863887,42.9288624,1.198000,1.380000,5977.00,0.1143000000,12.87470990000,0.131000,86.46000,82.0000,908.96000000,12.67000000
"Kepler-221","Kepler-221 c",385.23100000,296.6547477,46.8352242,0.854000,0.821000,5243.00,0.0590000000,5.69058600000,0.000000,87.76000,,9.30000000,2.93000000
"Kepler-222","Kepler-222 b",758.85400000,287.9060885,46.9377479,0.933000,0.869000,5433.00,0.0480000000,3.93698100000,0.000000,85.63000,,10.10000000,3.16000000
"Kepler-94","Kepler-94 c",191.90400000,281.1947316,47.4972606,0.810000,0.760000,4781.00,1.5968066210,820.30000000000,0.345931,,,3126.00000000,12.50000000
"Kepler-48","Kepler-48 e",306.73800000,299.1393094,40.9489390,0.880000,0.890000,5194.00,1.8982747480,982.00000000000,0.003142,,,657.00000000,13.40000000
"Kepler-428","Kepler-428 b",686.28400000,290.5817432,40.5773106,0.870000,0.800000,5150.00,0.0433000000,3.52563254000,0.220000,89.36000,,403.63000000,12.11000000
"Kepler-425","Kepler-425 b",646.64700000,290.3579781,40.5676965,0.930000,0.860000,5170.00,0.0464000000,3.79701816000,0.330000,87.02000,,79.45000000,10.96200000
"Kepler-224","Kepler-224 c",782.08800000,290.9342679,47.3575414,0.777000,0.676000,5018.00,0.0580000000,5.92500300000,0.000000,84.90000,,9.91000000,3.12000000
"Kepler-407","Kepler-407 c",338.36800000,286.0363025,49.6145027,1.000000,1.010000,5476.00,3.2709036900,3000.00000000000,0.221479,,,4000.00000000,12.30000000
"Kepler-106","Kepler-106 c",444.32200000,300.8640060,44.3375497,1.000000,1.040000,5858.00,0.1098700000,13.57080000000,0.000000,87.07000,,10.44000000,2.50000000
"TYC 1422-614-1","TYC 1422-614-1 b",672.41000000,154.2777769,19.5584068,1.150000,6.850000,4806.00,0.6900000000,198.40000000000,0.060000,,50.0000,794.50000000,13.30000000
"TYC 1422-614-1","TYC 1422-614-1 c",672.41000000,154.2777769,19.5584068,1.150000,6.850000,4806.00,1.3700000000,559.30000000000,0.048000,,130.0000,3178.00000000,12.50000000
"Kepler-445","Kepler-445 b",127.20100000,298.7363395,46.4991236,0.180000,0.210000,3157.00,0.0217000000,2.98415100000,0.000000,89.74000,,3.12000000,1.58000000
"Kepler-446","Kepler-446 d",96.33900000,282.2501047,44.9210020,0.220000,0.240000,3359.00,0.0403000000,5.14892100000,0.000000,88.72000,,2.39000000,1.35000000
"Kepler-164","Kepler-164 c",890.75800000,287.7808115,47.6298453,1.036000,1.148000,5888.00,0.0970000000,10.94572300000,0.000000,87.17000,,7.90000000,2.73000000
"Kepler-165","Kepler-165 b",560.88500000,280.6909200,47.8096702,0.746000,0.770000,5211.00,0.0720000000,8.18084800000,0.000000,88.51000,,5.99000000,2.32000000
"OGLE-2005-BLG-071L","OGLE-2005-BLG-071L b",3200.00000000,267.5407080,-34.6731944,0.460000,,,3.6000000000,,,,,1200.00000000,13.00000000
"OGLE-2008-BLG-092L","OGLE-2008-BLG-092L b",8100.00000000,267.5407080,-34.6731944,0.710000,,,15.0000000000,,,,,57.00000000,8.74000000
"Kepler-246","Kepler-246 b",626.07800000,296.4834007,42.6633806,0.853000,0.831000,5206.00,0.0520000000,4.60182000000,0.000000,87.56000,,6.08000000,2.34000000
"Kepler-226","Kepler-226 c",980.13800000,292.3760942,47.8809596,0.904000,0.802000,5571.00,0.0580000000,5.34955500000,0.000000,89.62000,,45.20000000,2.27000000
"Kepler-227","Kepler-227 b",1083.06000000,291.9342748,48.1416760,0.954000,1.091000,5854.00,0.0900000000,9.48801500000,0.000000,89.66000,,9.85000000,3.11000000
"Kepler-113","Kepler-113 b",262.35100000,287.9978721,50.9441847,0.750000,0.690000,4725.00,0.0512300000,4.75400000000,0.000000,86.54000,,11.70000000,1.82000000
"Kepler-48","Kepler-48 d",306.73800000,299.1393094,40.9489390,0.880000,0.890000,5194.00,0.2330200000,42.89610000000,0.000000,89.99000,,7.93000000,2.04000000
"Qatar-2","Qatar-2 b",181.37400000,207.6554928,-6.8040714,0.743000,0.776000,4645.00,0.0215300000,1.33711647000,0.000000,86.12000,,792.63500000,14.05600000
"Kepler-117","Kepler-117 c",1455.57000000,288.7930651,48.0401760,1.129000,1.606000,6150.00,0.2804000000,50.79039100000,0.032300,89.64000,305.0000,584.78000000,12.34100000
"Kepler-161","Kepler-161 b",434.63200000,290.5164698,43.0838642,0.853000,0.806000,5078.00,0.0540000000,4.92135500000,0.000000,89.93000,,2.63000000,2.12000000
"Kepler-153","Kepler-153 b",459.36800000,282.4605020,48.2570293,0.756000,0.892000,5404.00,0.1290000000,18.87022700000,0.000000,89.98000,,8.85000000,2.92000000
"Kepler-229","Kepler-229 c",826.26500000,286.9994758,48.3757867,0.808000,0.728000,5120.00,0.1170000000,16.06863800000,0.000000,89.92000,,21.50000000,4.92000000
"Kepler-100","Kepler-100 d",304.64500000,291.3861294,41.9901394,1.080000,1.490000,5825.00,0.2174700000,35.33310000000,0.380000,88.92000,,3.00000000,1.61000000
"Kepler-98","Kepler-98 b",350.31500000,285.6616933,37.9645672,0.990000,1.110000,5539.00,0.0261400000,1.54168000000,0.000000,86.47000,,3.55000000,1.99000000
"Kepler-117","Kepler-117 b",1455.57000000,288.7930651,48.0401760,1.129000,1.606000,6150.00,0.1445000000,18.79592280000,0.049300,88.74000,254.3000,29.87500000,8.05900000
"Kepler-430","Kepler-430 b",917.47700000,292.8085984,49.5794242,1.166000,1.485000,5884.00,0.2244000000,35.96800000000,0.000000,88.97000,,10.60000000,3.25000000
"Kepler-230","Kepler-230 b",740.75400000,285.7185682,48.5058038,0.784000,0.817000,5588.00,0.1910000000,32.62555500000,0.000000,89.98000,,16.80000000,4.26000000
"Kepler-166","Kepler-166 b",603.53000000,293.1600977,48.8812074,0.811000,0.742000,5413.00,0.0720000000,7.65025400000,0.000000,89.96000,,5.77000000,2.27000000
"Kepler-131","Kepler-131 b",228.67800000,288.5308924,40.9423730,1.020000,1.030000,5685.00,0.1278900000,16.09200000000,0.000000,89.14000,,16.13000000,2.41000000
"Kepler-406","Kepler-406 b",364.03000000,291.8481764,44.9682807,1.070000,1.070000,5538.00,0.0359900000,2.42629000000,0.000000,82.34000,,6.35000000,1.43000000
"Kepler-249","Kepler-249 c",190.40100000,296.9853002,43.6586043,0.510238,0.482000,3568.00,0.0580000000,7.11370200000,0.000000,89.21000,,2.89000000,1.51000000
"Kepler-162","Kepler-162 c",855.64100000,297.2789115,43.7239693,1.053000,0.958000,5816.00,0.1370000000,19.44635500000,0.000000,88.21000,,9.43000000,3.03000000
"Kepler-180","Kepler-180 c",695.65000000,295.5712566,49.7745140,0.950000,1.063000,5731.00,0.2290000000,41.88577500000,0.000000,87.62000,,9.32000000,3.01000000
"Kepler-182","Kepler-182 c",1549.09000000,289.8301128,50.5862025,1.114000,1.146000,6250.00,0.1570000000,20.68434200000,0.000000,88.74000,,11.60000000,3.43000000
"HD 10180","HD 10180 c",38.96070000,24.4731133,-60.5114881,1.060000,1.109000,5911.00,0.0641200000,5.75969000000,0.073000,90.00000,328.0000,2741.58783878,
"Kepler-82","Kepler-82 c",904.32600000,292.8733696,42.9661583,0.910000,0.898000,5401.00,0.2626000000,51.54000000000,0.007000,90.15000,162.0000,13.90000000,5.34000000
"Kepler-174","Kepler-174 b",384.75700000,287.4389454,43.8320052,0.602000,0.622000,4880.00,0.1000000000,13.98179000000,0.000000,89.24000,,4.50000000,1.96000000
"Kepler-176","Kepler-176 c",527.32100000,294.6679021,43.8532104,0.860000,0.891000,5232.00,0.1020000000,12.75971200000,0.000000,88.25000,,1.33000000,2.60000000
"Kepler-96","Kepler-96 b",122.88100000,297.0698263,40.5252039,1.000000,1.020000,5690.00,0.1261000000,16.23850000000,0.000000,87.94000,,8.46000000,2.67000000
"Kepler-48","Kepler-48 b",306.73800000,299.1393094,40.9489390,0.880000,0.890000,5194.00,0.0539400000,4.77800000000,0.000000,89.91000,,3.94000000,1.88000000
"HD 10180","HD 10180 d",38.96070000,24.4731133,-60.5114881,1.060000,1.109000,5911.00,0.1285900000,16.35700000000,0.131000,90.00000,325.0000,3295.88058059,
"HD 10180","HD 10180 e",38.96070000,24.4731133,-60.5114881,1.060000,1.109000,5911.00,0.2699000000,49.74800000000,0.051000,90.00000,147.0000,25.10000000,5.39000000
"Kepler-55","Kepler-55 d",578.79600000,285.1683291,44.0264898,0.631000,0.619000,4503.00,0.0290000000,2.21109900000,0.000000,84.94000,,3.15000000,1.59000000
"Kepler-187","Kepler-187 c",1143.00000000,299.7964955,44.0892448,1.081000,1.287000,6105.00,0.0990000000,10.64026300000,0.000000,85.61000,,7.61000000,2.67000000
"Kepler-233","Kepler-233 b",856.41700000,296.3665054,51.3194548,0.855000,0.758000,5360.00,0.0770000000,8.47238200000,0.000000,89.95000,,6.48000000,2.43000000
"Kepler-234","Kepler-234 c",1733.10000000,291.6535379,38.4946597,1.129000,1.113000,6224.00,0.0770000000,7.21205000000,0.000000,89.95000,,12.10000000,3.51000000
"MOA-2011-BLG-322L","MOA-2011-BLG-322L b",7560.00000000,271.2233330,-27.2209444,0.390000,,,4.3000000000,,,,,3690.00000000,12.40000000
"CoRoT-24","CoRoT-24 b",591.55500000,101.9225430,-3.7192892,0.910000,0.860000,4950.00,0.0560000000,5.11340000000,0.000000,86.50000,,5.70000000,3.70000000
"HD 10180","HD 10180 h",38.96070000,24.4731133,-60.5114881,1.060000,1.109000,5911.00,3.3810000000,2205.00000000000,0.095000,90.00000,142.0000,64.40000000,9.40000000
"Kepler-440","Kepler-440 b",301.03000000,285.3500664,41.4523695,0.575000,0.559000,4134.00,0.2420000000,101.11141000000,0.340000,89.93000,,4.12000000,1.86000000
"Kepler-251","Kepler-251 c",924.62500000,296.5662171,44.1058077,0.891000,0.890000,5526.00,0.1220000000,16.51404300000,0.000000,89.22000,,8.10000000,2.77000000
"Kepler-146","Kepler-146 c",716.79700000,294.1107631,38.7102222,1.079000,1.208000,5948.00,0.3640000000,76.73217100000,0.000000,89.69000,,9.96000000,3.13000000
"Kepler-150","Kepler-150 d",891.09200000,288.2341025,40.5208970,0.956000,0.939000,5560.00,0.1040000000,12.56093000000,0.000000,89.95000,,8.20000000,2.79000000
"OGLE-2008-BLG-355L","OGLE-2008-BLG-355L b",6800.00000000,269.7867080,-30.7594722,0.370000,,,1.7000000000,,,,,1500.00000000,12.90000000
"CoRoT-24","CoRoT-24 c",591.55500000,101.9225430,-3.7192892,0.910000,0.860000,4950.00,0.0980000000,11.75900000000,0.000000,89.00000,,28.00000000,5.00000000
"Kepler-186","Kepler-186 f",177.59400000,298.6527360,43.9549884,0.544000,0.523000,3755.00,0.4320000000,129.94410000000,0.040000,89.96000,,1.71000000,1.17000000
"Kepler-252","Kepler-252 c",379.42400000,295.5793290,44.5459052,0.610000,0.549000,4208.00,0.0800000000,10.84846300000,0.000000,89.57000,,5.27000000,2.15000000
"Kepler-213","Kepler-213 b",634.93900000,290.8241931,44.6472832,1.070000,1.195000,5696.00,0.0360000000,2.46236000000,0.000000,89.72000,,3.26000000,1.62000000
"Kepler-159","Kepler-159 c",373.74400000,297.0702037,40.8687340,0.628000,0.663000,4625.00,0.2180000000,43.59579200000,0.000000,89.99000,,11.50000000,3.41000000
"Kepler-202","Kepler-202 c",285.11100000,282.9734874,41.3217991,0.683000,0.667000,4668.00,0.1130000000,16.28249300000,0.000000,89.46000,,4.08000000,1.85000000
"HD 35759","HD 35759 b",71.24230000,82.8886636,64.3183753,1.150000,1.759974,6060.00,0.3890000000,82.46700000000,0.389000,,-104.0000,1195.04080000,13.00000000
"Kepler-477","Kepler-477 b",367.00000000,288.0674450,42.3553050,0.870000,0.790000,5240.00,0.0911000000,11.11990653000,0.000000,87.75000,,4.94000000,2.07000000
"HD 67087","HD 67087 c",76.52170000,121.9155672,31.5511553,1.360000,1.550000,6330.00,3.8600000000,2374.00000000000,0.760000,,256.0000,1540.00000000,12.90000000
"Kepler-6","Kepler-6 b",587.03900000,296.8372475,48.2399695,1.209000,1.391000,5647.00,0.0485200000,3.23469960000,0.000000,88.93000,,212.31044000,14.61653600
"HD 220842","HD 220842 b",64.64980000,351.6534162,56.8871415,1.130000,1.416470,5960.00,0.7400000000,218.47000000000,0.404000,,-134.9000,1010.69940000,13.10000000
"HIP 65407","HIP 65407 c",61.78040000,201.0876630,48.8847322,0.930000,0.952252,5460.00,0.3160000000,67.30000000000,0.120000,,-19.0000,249.17872000,13.90000000
"Kepler-505","Kepler-505 b",283.41000000,287.8579530,42.5426758,0.550000,0.530000,3931.00,0.1445000000,27.52197994000,0.000000,89.61000,,7.27000000,2.60000000
"CoRoT-29","CoRoT-29 b",806.50700000,278.9020691,6.4795703,0.970000,0.900000,5260.00,0.0386000000,2.85057000000,0.082000,87.30000,87.0000,270.15550000,10.08810000
"tau Boo","tau Boo b",15.65210000,206.8134593,17.4571647,1.320000,1.425880,6466.27,0.0490000000,3.31245680000,0.011000,44.50000,113.4000,1891.00000000,12.80000000
"Kepler-412","Kepler-412 b",1086.24000000,286.1103053,43.6809612,1.167000,1.287000,5750.00,0.0289700000,1.72086040000,0.003800,80.55900,125.0000,299.07803000,15.03126900
"HD 141399","HD 141399 b",37.01690000,236.7235392,46.9862880,1.070000,1.387236,5600.00,0.4150000000,94.44000000000,0.040000,,-90.0000,143.34133000,14.30000000
"HD 141399","HD 141399 c",37.01690000,236.7235392,46.9862880,1.070000,1.387236,5600.00,0.6890000000,201.99000000000,0.048000,,-140.0000,422.71390000,13.60000000
"Kepler-754","Kepler-754 b",1770.27000000,293.2541121,37.8461519,1.060000,1.080000,5935.00,0.1160000000,14.55962370000,0.000000,89.93000,,4.70000000,2.01000000
"Kepler-753","Kepler-753 b",274.76700000,291.9032411,37.9023677,0.680000,0.650000,4346.00,0.0540000000,5.74772501200,0.000000,88.33000,,4.31000000,1.91000000
"HAT-P-54","HAT-P-54 b",143.65100000,99.8979924,25.4824005,0.645000,0.617000,4390.00,0.0411700000,3.79984700000,0.074000,87.04000,,241.55080000,10.58129600
"TrES-5","TrES-5 b",360.31300000,305.2219454,59.4489033,0.901000,0.868000,5171.00,0.0245900000,1.48224686000,0.000000,84.27000,,568.91570000,13.38354600
"KOI-13","KOI-13 b",519.09600000,286.9713876,46.8682463,1.720000,1.740000,7650.00,0.0364100000,1.76358800000,0.000640,86.77000,5.0000,2949.46240000,16.94800800
"WASP-42","WASP-42 b",177.29100000,192.9812030,-42.0736165,0.951000,0.892000,5315.00,0.0561000000,4.98168190000,0.062000,88.00000,159.0000,167.49641000,12.57649800
"Kepler-766","Kepler-766 b",2297.62000000,293.1845144,37.9698357,1.100000,1.150000,5992.00,0.0660000000,6.10027804000,0.000000,89.92000,,11.40000000,3.39000000
"Kepler-771","Kepler-771 b",1393.85000000,287.4441104,38.0884183,1.030000,1.050000,5906.00,0.0843000000,8.73485836000,0.000000,88.75000,,3.97000000,1.82000000
"HD 100546","HD 100546 b",109.67700000,173.3555116,-70.1947897,2.400000,1.852880,10500.00,53.0000000000,,,,,2701.54145950,77.34210000
"Kepler-432","Kepler-432 c",848.02300000,293.2822344,48.2859173,1.320000,4.060000,4995.00,,406.20000000000,0.498000,,60.8000,772.32690000,13.30000000
"Kepler-76","Kepler-76 b",822.96000000,294.1921185,39.6189727,1.200000,1.320000,6409.00,0.0274000000,1.54492980000,0.000000,77.55000,,638.83830000,15.24424000
"OGLE-2003-BLG-235L","OGLE-2003-BLG-235L b",5800.00000000,271.3181250,-28.8950000,0.630000,,,4.3000000000,,,,,830.00000000,13.20000000
"Kepler-765","Kepler-765 b",1076.28000000,283.1846044,47.1557114,1.050000,1.060000,5901.00,0.1754000000,27.66552260000,0.000000,89.99000,,6.48000000,2.43000000
"Kepler-432","Kepler-432 b",848.02300000,293.2822344,48.2859173,1.320000,4.060000,4995.00,0.3010000000,52.50112900000,0.513400,88.17000,64.1000,1719.46030000,12.83430500
"Kepler-5","Kepler-5 b",899.77700000,299.4070341,44.0350387,1.374000,1.793000,6297.00,0.0538000000,3.54846570000,0.000000,89.14000,,670.93913000,15.98403400
"Kepler-7","Kepler-7 b",922.56200000,288.5814928,41.0897335,1.359000,1.966000,5933.00,0.0606700000,4.88548920000,0.000000,85.16100,,140.16303000,18.18099800
"HIP 74890","HIP 74890 b",78.65620000,229.5714974,-41.4210961,1.740000,5.770000,4850.00,2.1000000000,822.30000000000,0.070000,,181.9000,762.79200000,13.30000000
"K2-29","K2-29 b",178.47500000,62.6704220,24.4016558,0.940000,0.860000,5358.00,0.0421700000,3.25883210000,0.066000,86.65600,132.0000,232.01590000,13.33871000
"Kepler-767","Kepler-767 b",2251.03000000,291.5791562,38.0358066,0.960000,0.940000,5694.00,0.5874000000,161.52801010000,0.000000,90.00000,,35.70000000,6.64000000
"Kepler-773","Kepler-773 b",547.02600000,290.8846217,38.0575539,1.040000,1.010000,5850.00,0.0468200000,3.74910006100,0.000000,80.24000,,2.63000000,1.43000000
"Kepler-774","Kepler-774 b",917.80400000,291.0318604,38.2118940,1.570000,2.420000,6403.00,0.1082000000,11.08957230000,0.000000,89.92000,,10.20000000,3.17000000
"2MASS J02192210-3925225","2MASS J02192210-3925225 b",40.08964117,34.8427046,-39.4230767,0.108000,0.281000,3064.00,156.0000000000,,,,,4417.83700000,16.14096000
"HD 7924","HD 7924 d",16.99220000,20.4956562,76.7101475,0.832000,0.782100,5075.00,0.1551000000,24.45100000000,0.210000,0.21880,119.0000,1568.16536014,
"WASP-41","WASP-41 c",163.37100000,190.6188034,-30.6398176,0.930000,0.870000,5545.00,1.0700000000,421.00000000000,0.294000,,353.0000,1010.69940000,13.10000000
"HAT-P-50","HAT-P-50 b",515.45800000,118.0634379,12.1393474,1.273000,1.698000,6280.00,0.0453000000,3.12201090000,0.115000,83.65000,,429.07050000,14.43719200
"HD 133131 A","HD 133131 A b",51.47360000,225.8984524,-27.8431369,0.950000,0.955014,5799.00,1.4400000000,649.00000000000,0.330000,,16.0000,451.31860000,13.60000000
"HATS-17","HATS-17 b",400.33100000,192.1895676,-47.6136789,1.131000,1.091000,5846.00,0.1308000000,16.25461100000,0.029000,89.08000,,425.25654000,8.70939300
"Kepler-772","Kepler-772 b",1130.21000000,291.4235820,38.2165603,0.980000,1.110000,5714.00,0.1115300000,12.99207337000,0.000000,89.69000,,3.97000000,1.82000000
"Kepler-769","Kepler-769 b",1169.57000000,292.7130925,38.3581685,1.190000,1.280000,6186.00,0.0778000000,7.42608998000,0.000000,89.65000,,8.85000000,2.92000000
"Kepler-449","Kepler-449 c",241.94900000,293.7327870,41.9006366,1.020000,1.467000,5649.18,0.1979000000,33.67270000000,0.050000,89.41000,,8.07000000,2.76400000
"HD 133131 A","HD 133131 A c",51.47360000,225.8984524,-27.8431369,0.950000,0.955014,5799.00,4.4900000000,3568.00000000000,0.490000,,100.0000,133.48860000,14.30000000
"WASP-92","WASP-92 b",575.88900000,246.6920395,51.0411328,1.190000,1.341000,6280.00,0.0348000000,2.17467420000,0.000000,83.75000,0.0000,255.85315000,16.37634900
"Kepler-762","Kepler-762 b",1898.26000000,291.2756631,47.3295107,1.060000,1.080000,5944.00,0.0493000000,3.77055209800,0.000000,89.64000,,,12.68000000
"Kepler-781","Kepler-781 b",1064.47000000,287.6535874,47.4147762,0.810000,0.780000,5162.00,0.1019000000,13.21407320000,0.000000,87.44000,,8.70000000,2.89000000
"Kepler-92","Kepler-92 d",477.99200000,289.0860607,41.5630224,1.070000,1.817190,5904.34,0.2868200000,49.35680000000,0.070000,89.53000,,11.86668060,2.06700000
"Kepler-449","Kepler-449 b",241.94900000,293.7327870,41.9006366,1.020000,1.467000,5649.18,0.1027000000,12.58242000000,0.030000,89.83000,,4.88000000,2.05600000
"HD 175607","HD 175607 b",40.33030000,285.2742901,-66.1943379,0.710000,0.700000,5392.00,,29.01000000000,0.110000,0.18650,142.0000,2456.17792930,
"HD 1461","HD 1461 c",23.45340000,4.6762645,-8.0536206,1.020000,1.152288,5765.00,0.1117000000,13.50520000000,0.305000,,22.0000,5.59000000,2.23000000
"WASP-93","WASP-93 b",370.28400000,9.4587443,51.2887780,1.334000,1.524000,6700.00,0.0421100000,2.73253210000,0.000000,81.18000,0.0000,467.21010000,17.90077300
"HD 128311","HD 128311 c",16.32920000,219.0032292,9.7454368,0.828000,0.760000,4965.00,1.7400000000,921.53800000000,0.159000,55.95000,15.4450,1204.25787000,13.00000000
"alf Tau","alf Tau b",20.43320000,68.9801740,16.5092010,1.130000,45.100000,4055.00,1.4600000000,628.96000000000,0.100000,,287.0000,2056.36010000,12.70000000
"Kepler-450","Kepler-450 d",455.98200000,295.4865821,51.0135237,1.190000,1.641620,6197.21,0.0827000000,7.51464000000,0.140000,87.91000,,17.60000000,0.83700000
"OGLE-2005-BLG-169L","OGLE-2005-BLG-169L b",4100.00000000,271.5221670,-30.7326389,0.690000,,,3.5000000000,,,,,14.10000000,3.84000000
"WASP-46","WASP-46 b",375.31000000,318.7370122,-55.8718634,0.828000,0.858000,5600.00,0.0233500000,1.43036763000,0.000000,82.80000,,607.05530000,13.15936600
"HD 60532","HD 60532 b",25.97160000,113.5130656,-22.2958661,1.500000,2.570000,6245.00,0.7700000000,201.90000000000,0.260000,,-3.7000,336.89980000,13.80000000
"HD 60532","HD 60532 c",25.97160000,113.5130656,-22.2958661,1.500000,2.570000,6245.00,1.6000000000,600.10000000000,0.030000,,179.8000,797.75330000,13.30000000
"OGLE-2013-BLG-0102L","OGLE-2013-BLG-0102L b",3040.00000000,268.0295000,-31.6905833,0.096000,,,0.8000000000,,,,,4100.00000000,12.30000000
"Kepler-41","Kepler-41 b",1093.08000000,294.5132465,45.9816453,1.150000,1.290000,5750.00,0.0310100000,1.85555820000,0.000000,82.51000,,177.98000000,14.46000000
"HIP 107773","HIP 107773 b",105.18000000,327.5005089,-64.7126993,2.420000,11.600000,4945.00,0.7200000000,144.30000000000,0.090000,,166.0000,629.30340000,13.40000000
"HATS-8","HATS-8 b",794.63700000,294.9416887,-25.7483655,1.056000,1.086000,5679.00,0.0466700000,3.58389300000,0.376000,87.80000,,43.86054000,9.78545700
"LkCa 15","LkCa 15 b",158.15200000,69.8241791,22.3508662,,1.607110,4194.00,14.7000000000,,,50.00000,,,
"LkCa 15","LkCa 15 c",158.15200000,69.8241791,22.3508662,,1.607110,4194.00,18.6000000000,,,50.00000,,,
"Qatar-1","Qatar-1 b",185.61500000,303.3818697,65.1623313,0.838000,0.803000,5013.00,0.0233200000,1.42002420000,0.000000,84.08000,,411.27202000,12.81188700
"HAT-P-66","HAT-P-66 b",935.45600000,150.5726262,53.9508237,1.255000,1.881000,6002.00,0.0436300000,2.97208600000,0.090000,86.20000,,248.86089000,17.82231000
"Kepler-75","Kepler-75 b",835.35600000,291.1376203,36.5773443,0.910000,0.890000,5200.00,0.0818000000,8.88491160000,0.570000,89.12000,63.5000,3209.90000000,11.77000000
"Kepler-453","Kepler-453 b",442.84600000,283.2413322,46.3784691,0.944000,0.833000,5527.00,0.7903000000,240.50300000000,0.035900,89.44290,185.1000,16.00000000,6.20400000
"WASP-89","WASP-89 b",290.94600000,313.9000261,-18.9714084,0.920000,0.880000,5130.00,0.0427000000,3.35642270000,0.193000,89.40000,28.0000,1875.19700000,11.65736000
"KIC 3558849","KIC 3558849 b",1215.70000000,294.9498381,38.6051867,0.980000,1.010000,6175.00,,1322.30000000000,,89.97300,,38.10000000,6.90000000
"KOI-7892","KIC 8540376 c",1072.30000000,282.3775397,44.6945690,1.040000,1.260000,6474.00,,75.20000000000,,89.70100,,6.35000000,2.40000000
"OGLE-2007-BLG-349L A","OGLE-2007-BLG-349L AB c",2760.00000000,271.3518070,-26.4219437,0.410000,,,2.5900000000,2557.00000000000,,,,80.00000000,10.70000000
"Kepler-56","Kepler-56 d",912.99400000,293.7583002,41.8718070,1.290000,4.217990,4819.44,2.1600000000,1002.00000000000,0.200000,,-15.0000,1784.00000000,12.80000000
"Kepler-444","Kepler-444 b",36.43960000,289.7528323,41.6318840,0.758000,0.752000,5046.00,0.0417800000,3.60010530000,0.160000,88.00000,,0.03740000,0.40300000
"K2-6","K2-6 b",316.81900000,178.1921152,-1.1984418,0.970000,0.960000,5850.00,0.1898000000,30.94191000000,,89.41992,,6.80000000,2.50000000
"HD 42618","HD 42618 b",24.33580000,93.0032173,6.7819742,1.015000,0.999000,5727.00,0.5540000000,149.61000000000,0.190000,,101.0000,14.40000000,3.89000000
"OGLE-2012-BLG-0950L","OGLE-2012-BLG-0950L b",2600.00000000,272.0192570,-29.7315826,0.570000,,,2.6000000000,,,,,35.00000000,6.56000000
"Kepler-444","Kepler-444 e",36.43960000,289.7528323,41.6318840,0.758000,0.752000,5046.00,0.0696000000,7.74349300000,0.100000,89.13000,,0.10000000,0.54600000
"K2-15","K2-15 b",493.99200000,178.1105741,4.2546649,0.720000,0.680000,5131.00,0.0910000000,11.81040000000,,,,6.71000000,2.48000000
"K2-14","K2-14 b",364.04800000,178.0568745,2.5941222,0.470000,0.450000,3789.00,0.0627000000,8.36802000000,0.140000,88.19000,-70.7200,20.70000000,4.81000000
"K2-17","K2-17 b",125.10600000,178.3296746,6.4123178,0.710000,0.660000,4320.00,0.1190000000,17.96753000000,0.180000,89.08000,52.0600,5.60000000,2.23000000
"K2-9","K2-9 b",82.96310000,176.2637240,0.0054085,0.300000,0.310000,3390.00,0.0910000000,18.44980000000,,87.98300,,5.69000000,2.25000000
"WASP-36","WASP-36 b",386.34600000,131.5803897,-8.0269855,1.081000,0.985000,5959.00,0.0267700000,1.53736596000,0.000000,83.15000,,750.39663000,14.87434300
"Kepler-26","Kepler-26 b",335.30700000,284.9410627,46.5664505,0.544000,0.512000,3914.00,0.0855100000,12.28000000000,0.021000,89.93000,,5.12000000,2.78000000
"HATS-13","HATS-13 b",421.85500000,316.9614798,-26.0967205,0.962000,0.887000,5523.00,0.0405700000,3.04404990000,0.181000,88.55000,,172.58169000,13.58530800
"HATS-14","HATS-14 b",513.01100000,313.2154754,-25.6873756,0.967000,0.933000,5346.00,0.0381500000,2.76676410000,0.142000,88.83000,,340.39593000,11.64615100
"WASP-90","WASP-90 b",466.43300000,315.5319489,7.0562793,1.550000,1.980000,6430.00,0.0562000000,3.91624300000,0.000000,82.10000,,200.23290000,18.27067000
"HD 5583","HD 5583 b",219.21600000,14.4869460,34.9853306,1.010000,9.090000,4830.00,0.5300000000,139.35000000000,0.076000,,12.0000,1837.05740000,12.80000000
"Kepler-26","Kepler-26 c",335.30700000,284.9410627,46.5664505,0.544000,0.512000,3914.00,0.1072500000,17.25590000000,0.013000,89.09000,,6.20000000,2.72000000
"Kepler-447","Kepler-447 b",268.04100000,285.2685283,48.5598835,1.000000,1.050000,5493.00,0.0769000000,7.79430132000,0.123000,86.55000,98.3000,435.41000000,18.49000000
"OGLE-2011-BLG-0265L","OGLE-2011-BLG-0265L b",4380.00000000,269.4488330,-27.3945278,0.211000,,,1.8900000000,,,,,280.00000000,13.90000000
"HD 130322","HD 130322 b",31.87660000,221.8857975,-0.2820782,0.920000,0.850000,5387.00,0.0925000000,10.70871000000,0.029000,,193.0000,365.49000000,13.70000000
"OGLE-2012-BLG-0563L","OGLE-2012-BLG-0563L b",1300.00000000,271.4905000,-27.7120000,0.340000,,,0.7400000000,,,,,120.00000000,13.60000000
"Kepler-296","Kepler-296 d",167.00000000,286.5400278,49.4372614,0.498000,0.480000,3740.00,0.1180000000,19.85029100000,0.330000,89.77000,,5.02000000,2.09000000
"Pr0211","Pr0211 c",182.71400000,130.5477440,19.2769570,0.935000,0.827000,5300.00,5.5000000000,4850.00000000000,0.710000,,111.0000,2475.89570000,12.60000000
"BD+15 2375","BD+15 2375 b",768.04500000,176.4820239,14.6163182,1.080000,8.950000,4649.00,0.5760000000,153.22000000000,0.001000,,55.0000,337.21763000,13.80000000
"Kepler-60","Kepler-60 d",1025.10000000,288.9612535,42.2650472,1.041000,1.257000,5905.00,0.1020300000,11.89810000000,0.002000,87.21000,148.1900,4.16000000,1.99000000
"HD 1666","HD 1666 b",117.90800000,5.2180424,-19.9314823,1.500000,1.930000,6317.00,0.9400000000,270.00000000000,0.630000,,294.0000,2040.00000000,12.70000000
"HD 67087","HD 67087 b",76.52170000,121.9155672,31.5511553,1.360000,1.550000,6330.00,1.0800000000,352.20000000000,0.170000,,285.0000,973.00000000,13.10000000
"Kepler-296","Kepler-296 e",167.00000000,286.5400278,49.4372614,0.498000,0.480000,3740.00,0.1690000000,34.14211000000,0.330000,89.89000,,2.96000000,1.53000000
"Kepler-872","Kepler-872 b",879.68300000,295.4174725,43.6056117,1.050000,1.080000,5902.00,0.0362000000,2.57885506800,0.000000,84.69000,,4.62000000,1.99000000
"Kepler-871","Kepler-871 b",1976.05000000,294.5270634,43.3681317,1.110000,1.140000,5993.00,0.1572000000,22.04590180000,0.000000,87.53000,,13.50000000,3.74000000
"Kepler-603","Kepler-603 c",1539.63000000,294.2809679,42.2909295,1.010000,1.010000,5808.00,0.5343900000,127.90757740000,0.000000,89.58000,,34.50000000,6.50000000
"Kepler-908","Kepler-908 b",290.84300000,295.3225434,39.3764624,1.110000,1.120000,5973.00,0.0252600000,1.34059746800,0.000000,89.94000,,1.98000000,1.22000000
"Kepler-499","Kepler-499 b",556.72600000,295.1099549,43.9151012,0.870000,0.830000,5312.00,0.0598000000,5.63252845300,0.000000,88.58000,,5.35000000,2.17000000
"Kepler-801","Kepler-801 b",440.42600000,286.0751815,44.6646277,0.670000,0.630000,4435.00,0.0795000000,11.41928253000,0.000000,89.36000,,4.66000000,2.00000000
"Kepler-799","Kepler-799 b",1509.08400000,287.1748966,44.8784754,0.950000,0.930000,5681.00,0.5167000000,133.46052350000,0.000000,89.84000,,37.90000000,6.88000000
"Kepler-870","Kepler-870 b",1259.46000000,295.4025625,50.4785992,1.010000,1.020000,5857.00,0.1539000000,21.35876210000,0.000000,89.81000,,8.15000000,2.78000000
"Kepler-869","Kepler-869 b",939.45500000,289.4245955,50.9941198,0.970000,0.950000,5664.00,0.2244000000,40.42877550000,0.000000,87.92000,,12.70000000,3.61000000
"Kepler-907","Kepler-907 b",352.00000000,285.4764959,41.6326615,1.080000,1.380000,6106.00,0.1225000000,15.86621821000,0.000000,86.77000,,1.87000000,1.20000000
"Kepler-912","Kepler-912 b",2004.72000000,298.1111779,41.7583240,1.070000,1.110000,5998.00,0.0339000000,2.53475627300,0.000000,68.67000,,8.25000000,2.80000000
"Kepler-797","Kepler-797 b",1315.26000000,297.2089078,41.7816450,0.960000,0.950000,5680.00,0.1810000000,27.07237711000,0.000000,89.97000,,5.35000000,2.17000000
"Kepler-867","Kepler-867 b",1195.54000000,287.2852554,51.2499499,0.920000,0.910000,5541.00,0.5375000000,150.24212700000,0.000000,89.81000,,19.40000000,4.64000000
"Kepler-868","Kepler-868 b",1593.13000000,282.3635315,46.6752384,0.930000,0.890000,5614.00,0.0575000000,5.03251791000,0.000000,72.30000,,4.86000000,2.05000000
"Kepler-866","Kepler-866 b",646.66700000,290.1222112,43.0854070,0.750000,0.710000,4751.00,0.0331000000,2.61703253600,0.000000,89.15000,,3.29000000,1.63000000
"Kepler-913","Kepler-913 b",991.61800000,297.5830564,41.9523531,0.630000,0.610000,4687.00,0.1009000000,10.29672521000,0.000000,89.40000,,4.90000000,2.06000000
"Kepler-910","Kepler-910 b",400.28900000,296.0472937,42.7429414,1.260000,1.500000,6230.00,0.0375200000,2.36436901500,0.000000,88.44000,,0.47700000,0.82000000
"Kepler-847","Kepler-847 b",513.10300000,283.5048144,49.4509371,0.830000,0.770000,4940.00,0.0315000000,2.34323189500,0.000000,89.70000,,1.76000000,1.18000000
"Kepler-846","Kepler-846 b",1127.12000000,287.0570731,49.0460112,0.940000,0.910000,5579.00,0.1399000000,19.80792185000,0.000000,89.93000,,6.71000000,2.48000000
"Kepler-795","Kepler-795 b",492.12200000,291.0189951,38.5455728,0.940000,0.960000,5631.00,0.1803000000,29.61934210000,0.000000,89.94000,,3.46000000,1.68000000
"Kepler-794","Kepler-794 b",931.19200000,288.1336793,38.9968923,1.190000,1.380000,5839.00,0.1003600000,11.13125132000,0.000000,89.97000,,5.10000000,2.11000000
"Kepler-865","Kepler-865 b",586.13700000,297.7242257,43.5272796,0.930000,0.920000,5570.00,0.1057000000,14.16399294000,0.000000,89.94000,,6.76000000,2.49000000
"Kepler-909","Kepler-909 b",309.59600000,289.5063796,45.3709728,1.170000,1.230000,6154.00,0.1187300000,13.93290318000,0.000000,87.14000,,2.76000000,1.47000000
"Kepler-916","Kepler-916 b",830.71200000,290.9833818,45.9733334,0.850000,0.810000,5248.00,0.1885000000,32.29687980000,0.000000,89.78000,,3.75000000,1.76000000
"Kepler-845","Kepler-845 b",431.05100000,290.9576363,49.2037262,0.790000,0.750000,4913.00,0.0166800000,0.92785982100,0.000000,76.15000,,4.82000000,2.04000000
"Kepler-844","Kepler-844 b",431.77600000,287.8578541,48.7739646,0.590000,0.570000,4128.00,0.0298000000,2.61302085600,0.000000,80.29000,,3.46000000,1.68000000
"Kepler-792","Kepler-792 b",1425.47000000,292.0068239,38.8207001,1.090000,1.120000,5971.00,0.0988000000,11.30119217000,0.000000,89.69000,,4.50000000,1.96000000
"Kepler-791","Kepler-791 b",1266.34000000,293.5958044,39.0294267,1.300000,1.470000,6383.00,0.1256000000,14.55397590000,0.000000,80.57000,,9.53000000,3.05000000
"Kepler-862","Kepler-862 b",1039.03000000,297.7792466,46.4926688,0.880000,0.840000,5333.00,0.0390000000,3.14866453400,0.000000,85.68000,,5.52000000,2.21000000
"Kepler-861","Kepler-861 b",850.32700000,292.3539624,46.2262465,0.820000,0.780000,5047.00,0.0463000000,3.94963137500,0.000000,89.86000,,5.82000000,2.28000000
"Kepler-930","Kepler-930 b",848.39600000,298.3144494,42.2473698,1.250000,1.400000,6335.00,0.3459300000,71.45177750000,0.000000,89.99000,,5.18000000,2.13000000
"Kepler-842","Kepler-842 b",532.72600000,292.3285976,49.6535171,0.780000,0.730000,4848.00,0.0204000000,1.21956827000,0.000000,89.37000,,3.19000000,1.60000000
"Kepler-841","Kepler-841 b",998.96100000,284.2513637,48.8095962,0.850000,0.810000,5324.00,0.4790000000,124.41983980000,0.000000,90.00000,,23.80000000,5.23000000
"Kepler-790","Kepler-790 b",703.16800000,286.9171489,38.8722123,0.840000,0.800000,5208.00,0.1010000000,13.73469807000,0.000000,86.64000,,5.39000000,2.18000000
"Kepler-788","Kepler-788 b",1775.80000000,290.0004154,38.5398551,1.160000,1.230000,6159.00,0.0835000000,8.39846269000,0.000000,86.16000,,7.04000000,2.55000000
"Kepler-860","Kepler-860 b",1056.36000000,295.5772681,46.2547028,1.040000,1.060000,5836.00,0.0580000000,5.10137945400,0.000000,89.90000,,10.60000000,3.24000000
"Kepler-924","Kepler-924 b",1053.04000000,290.6685136,40.3977086,1.140000,1.230000,6167.00,0.3131800000,61.03701170000,0.000000,89.93000,,9.64000000,3.07000000
"Kepler-923","Kepler-923 b",1000.28000000,294.1710831,40.0551372,1.110000,1.260000,5988.00,0.0759200000,6.93366476000,0.000000,80.20000,,2.48000000,1.38000000
"Kepler-838","Kepler-838 b",1104.04000000,285.4354695,45.9759590,0.980000,0.960000,5770.00,0.1266000000,15.74957994000,0.000000,88.24000,,7.90000000,2.73000000
"Kepler-837","Kepler-837 b",901.90700000,285.2467607,45.9501100,0.850000,0.810000,5403.00,0.1144000000,16.56059504000,0.000000,86.99000,,7.08000000,2.56000000
"Kepler-787","Kepler-787 b",503.56800000,291.6924773,38.5729105,0.650000,0.620000,4248.00,0.0159000000,0.92831049800,0.000000,88.27000,,2.18000000,1.28000000
"Kepler-465","Kepler-465 b",553.07700000,284.5557853,46.0638865,1.230000,1.290000,6310.00,0.0919500000,9.94067246600,0.000000,89.94000,,9.01000000,2.95000000
"Kepler-856","Kepler-856 b",1351.17000000,289.6038379,46.3149097,0.960000,0.930000,5535.00,0.0787000000,8.02768059500,0.000000,88.52000,,63.30000000,9.30000000
"Kepler-890","Kepler-890 b",1712.12000000,288.4357180,43.7634712,1.090000,1.130000,5954.00,0.2944000000,52.75875577000,0.000000,89.68000,,58.60000000,8.89000000
"Kepler-927","Kepler-927 b",831.68500000,289.3834807,41.3926651,0.990000,0.990000,5743.00,0.0866000000,9.11499030000,0.000000,86.67000,,3.61000000,1.72000000
"Kepler-926","Kepler-926 b",921.36100000,289.6793396,40.7004265,1.010000,1.010000,5806.00,0.2739000000,52.06886010000,0.000000,89.88000,,5.95000000,2.31000000
"Kepler-892","Kepler-892 b",570.72700000,283.1296399,43.8880983,0.750000,0.720000,4747.00,0.1015000000,13.75210720000,0.000000,87.86000,,8.30000000,2.81000000
"Kepler-933","Kepler-933 b",1017.20000000,289.5685257,43.5385438,0.870000,0.840000,5346.00,0.1041000000,14.20443009000,0.000000,89.98000,,6.62000000,2.46000000
"Kepler-826","Kepler-826 b",779.59600000,284.8601128,39.2405076,1.050000,1.150000,6079.00,0.0520200000,4.48758907000,0.000000,87.03000,,2.10000000,1.25000000
"Kepler-830","Kepler-830 b",1122.00000000,295.0542380,42.7568316,1.070000,1.110000,6037.00,0.1033000000,11.29695137000,0.000000,87.54000,,3.53000000,1.70000000
"Kepler-829","Kepler-829 b",1073.76000000,282.3328312,42.4638125,0.980000,0.970000,5698.00,0.0678000000,6.88337562000,0.000000,89.82000,,5.10000000,2.11000000
"Kepler-895","Kepler-895 b",540.13400000,289.2906978,51.4089936,0.650000,0.610000,4315.00,0.0328000000,2.80624232800,0.000000,89.82000,,2.99000000,1.54000000
"Kepler-743","Kepler-743 b",278.98700000,295.5742300,42.8064255,0.940000,0.850000,5486.00,0.0416600000,3.17926292100,0.000000,89.59000,,1.92000000,1.21000000
"Kepler-823","Kepler-823 b",1389.27000000,284.5825682,39.2201737,0.980000,0.960000,5643.00,0.0507000000,4.16809082000,0.000000,85.09000,,3.09000000,1.57000000
"Kepler-487","Kepler-487 c",872.34300000,295.2872318,41.2220033,0.910000,0.880000,5444.00,0.2186400000,38.65199760000,0.000000,89.96000,,7.65000000,2.68000000
"Kepler-898","Kepler-898 b",484.89100000,286.5854116,46.8708877,0.650000,0.620000,4223.00,0.0545000000,5.87061910000,0.000000,87.35000,,2.83000000,1.49000000
"Kepler-899","Kepler-899 b",1246.43000000,297.4825612,40.6807412,0.930000,0.910000,5595.00,0.1392000000,19.17891293000,0.000000,89.99000,,7.65000000,2.68000000
"Kepler-747","Kepler-747 b",3347.16000000,288.4165196,41.0298175,0.820000,0.780000,5096.00,0.1916000000,35.61760587000,0.000000,89.98000,,24.10000000,5.27000000
"Kepler-821","Kepler-821 b",614.57100000,285.6173937,39.3794684,0.840000,0.800000,5191.00,0.0290000000,1.92279873000,0.000000,89.74000,,2.27000000,1.31000000
"Kepler-498","Kepler-498 b",938.84400000,290.3581592,44.5187225,0.980000,0.960000,5744.00,0.0897000000,9.61375356000,0.000000,87.37000,,9.43000000,3.03000000
"Kepler-887","Kepler-887 b",886.58800000,290.0907893,39.8169085,1.190000,1.290000,6194.00,0.1543100000,20.42228798000,0.000000,89.87000,,4.04000000,1.84000000
"Kepler-901","Kepler-901 b",253.86700000,291.1528056,40.8876814,0.590000,0.570000,4184.00,0.0378000000,3.51749439400,0.000000,86.49000,,2.45000000,1.37000000
"Kepler-900","Kepler-900 b",487.52500000,296.1772720,46.9989635,0.780000,0.730000,4836.00,0.0679000000,6.99130860000,0.000000,87.58000,,4.98000000,2.08000000
"Kepler-751","Kepler-751 b",760.43000000,294.8438103,44.0776872,0.870000,0.840000,5387.00,0.1263000000,17.44490636000,0.000000,86.98000,,6.62000000,2.46000000
"Kepler-755","Kepler-755 b",399.03400000,296.8609348,41.0973178,0.820000,0.770000,5043.00,0.0215600000,1.26909037400,0.000000,86.18000,,3.75000000,1.76000000
"Kepler-820","Kepler-820 b",1387.20000000,291.0201523,39.2206091,1.230000,1.360000,6260.00,0.5600400000,127.83380980000,0.000000,89.72000,,30.80000000,6.09000000
"Kepler-817","Kepler-817 b",1484.46000000,296.0818498,39.1616140,1.030000,1.030000,5861.00,0.0493000000,3.99010622900,0.000000,87.09000,,60.20000000,9.03000000
"Kepler-886","Kepler-886 b",711.29700000,286.2717162,43.5952037,1.100000,1.160000,6098.00,0.0642800000,6.24146367000,0.000000,89.89000,,2.92000000,1.52000000
"Kepler-885","Kepler-885 b",651.31800000,288.6615682,49.7371538,1.210000,1.350000,6187.00,0.1440300000,18.11472949000,0.000000,85.95000,,6.80000000,2.50000000
"Kepler-904","Kepler-904 b",978.12500000,288.8229001,40.3890100,1.160000,1.250000,6160.00,0.0417000000,3.02166863200,0.000000,87.43000,,3.78000000,1.77000000
"Kepler-905","Kepler-905 b",529.26800000,290.0511468,46.7134077,0.950000,0.860000,5461.00,0.0568900000,5.08274651700,0.000000,89.84000,,2.57000000,1.41000000
"Kepler-756","Kepler-756 b",852.00000000,290.6079736,41.2010940,0.820000,0.790000,5282.00,0.0219000000,1.22486632200,0.000000,86.94000,,1.46000000,1.12000000
"Kepler-757","Kepler-757 b",1068.68000000,296.6804876,41.3865279,1.080000,1.130000,6014.00,0.0190000000,1.02267882100,0.000000,89.81000,,2.42000000,1.36000000
"Kepler-815","Kepler-815 b",1259.28000000,285.2211238,47.8813037,1.250000,3.420000,5028.00,0.0947300000,8.57503552000,0.000000,89.03000,,15.80000000,4.11000000
"Kepler-852","Kepler-852 b",1619.03000000,297.3915863,48.5606875,1.190000,1.160000,6100.00,0.2796700000,44.93098040000,0.000000,89.42000,,6.99000000,2.54000000
"Kepler-883","Kepler-883 b",627.45500000,286.4337260,50.3002266,1.060000,1.090000,6116.00,0.1028800000,12.98495573000,0.000000,89.91000,,3.82000000,1.78000000
"Kepler-509","Kepler-509 b",332.44300000,289.6643940,48.7061650,1.100000,1.200000,6060.00,0.2370200000,41.74600392000,0.000000,89.96000,,6.76000000,2.49000000
"Kepler-466","Kepler-466 c",530.12200000,295.6486585,48.4955191,1.040000,1.050000,5927.00,0.0465800000,3.70921384600,0.000000,89.73000,,2.10000000,1.25000000
"Kepler-502","Kepler-502 b",1591.04000000,291.0801330,43.8601911,1.150000,1.220000,6125.00,0.0535000000,4.28686431000,0.000000,81.72000,,20.40000000,4.77000000
"Kepler-758","Kepler-758 b",1502.32000000,293.0846115,41.1354049,1.160000,1.420000,6228.00,0.1075400000,12.10971040000,0.000000,81.62000,,6.71000000,2.48000000
"Kepler-813","Kepler-813 b",840.00000000,285.6626752,48.4353251,0.950000,0.930000,5743.00,0.1439000000,19.12947337000,0.000000,87.58000,,5.22000000,2.14000000
"Kepler-811","Kepler-811 b",985.04100000,285.4241593,47.8345586,1.010000,1.240000,5747.00,0.1591100000,23.58447697000,0.000000,88.28000,,7.75000000,2.70000000
"Kepler-882","Kepler-882 b",504.60500000,294.6500256,43.3356106,0.900000,0.870000,5476.00,0.0474100000,3.98953966600,0.000000,89.75000,,2.04000000,1.23000000
"Kepler-880","Kepler-880 b",601.32400000,281.9712347,43.6727839,1.460000,1.740000,6761.00,0.0915000000,7.71468975000,0.000000,81.59000,,7.56000000,2.66000000
"Kepler-474","Kepler-474 b",841.49600000,292.3215174,43.8811723,0.990000,1.080000,5785.00,0.0609200000,5.66067293500,0.000000,86.77000,,9.59000000,3.06000000
"Kepler-760","Kepler-760 b",792.33600000,287.5931997,44.1794278,0.890000,0.850000,5322.00,0.0808700000,8.70419416000,0.000000,88.60000,,9.59000000,3.06000000
"Kepler-810","Kepler-810 b",1458.59000000,296.6148615,48.0825642,1.030000,1.040000,5803.00,0.0550000000,4.59725385000,0.000000,89.85000,,4.38000000,1.93000000
"Kepler-809","Kepler-809 b",961.40500000,289.0836324,48.0180689,0.990000,0.980000,5734.00,0.2901000000,55.63934000000,0.000000,88.74000,,9.32000000,3.01000000
"Kepler-877","Kepler-877 b",602.17600000,289.8591023,46.5227429,0.850000,0.810000,5261.00,0.1301000000,18.45847097000,0.000000,88.09000,,5.14000000,2.12000000
"Kepler-750","Kepler-750 c",1296.02000000,289.0968274,44.0043640,1.150000,1.230000,6160.00,0.0500900000,4.08899022000,0.000000,87.39000,,3.26000000,1.62000000
"Kepler-255","Kepler-255 d",1052.53000000,296.0642702,45.9767647,0.900000,0.860000,5431.00,0.0192000000,1.04562265800,0.000000,89.51000,,2.30000000,1.32000000
"Kepler-775","Kepler-775 b",398.67600000,291.4332781,41.7033162,0.920000,0.840000,5468.00,0.0183400000,0.97486892600,0.000000,88.53000,,1.81000000,1.19000000
"Kepler-500","Kepler-500 b",807.48000000,295.9513472,43.8519884,1.020000,1.030000,5813.00,0.0836100000,8.50832439800,0.000000,89.99000,,7.18000000,2.58000000
"Kepler-808","Kepler-808 b",321.00000000,291.5941514,48.4454907,0.760000,0.710000,4653.00,0.0131400000,0.63133235300,0.000000,76.59000,,2.73000000,1.46000000
"Kepler-875","Kepler-875 b",1242.62000000,297.3012497,43.1418313,1.060000,1.110000,5958.00,0.1771000000,27.50737990000,0.000000,86.79000,,8.75000000,2.90000000
"Kepler-732","Kepler-732 c",174.82600000,283.7317274,45.9585288,0.490000,0.460000,3631.00,0.0143000000,0.89304123600,0.000000,89.92000,,2.15000000,1.27000000
"Kepler-777","Kepler-777 b",443.10600000,282.7241098,44.3465098,0.580000,0.560000,4043.00,0.0519000000,5.72812599000,0.000000,89.42000,,2.76000000,1.47000000
"Kepler-779","Kepler-779 b",283.15500000,285.6285208,44.3107855,0.460000,0.440000,3804.00,0.0533000000,7.09714223000,0.000000,89.89000,,0.72100000,0.92000000
"Kepler-804","Kepler-804 b",649.65000000,293.3722109,44.7851812,1.010000,1.050000,5817.00,0.1128700000,14.37457351000,0.000000,89.91000,,4.42000000,1.94000000
"Kepler-803","Kepler-803 b",639.77100000,299.2216728,44.6939033,1.050000,1.120000,5919.00,0.2672100000,50.28638192000,0.000000,89.98000,,13.80000000,3.79000000
"Kepler-1049","Kepler-1049 b",162.00600000,287.3469567,47.7729078,0.510000,0.490000,3864.00,0.0349000000,3.27346073600,0.000000,88.10000,,0.80900000,0.95000000
"Kepler-969","Kepler-969 b",390.35400000,288.3724989,47.9335642,0.920000,0.820000,5214.00,0.1972600000,34.17317140000,0.000000,88.63000,,4.94000000,2.07000000
"Kepler-1137","Kepler-1137 b",921.77800000,287.1302407,48.6653470,1.500000,1.840000,6807.00,0.1871000000,23.92107910000,0.000000,86.12000,,5.48000000,2.20000000
"Kepler-975","Kepler-975 b",426.08800000,290.5485100,38.4952415,0.800000,0.750000,4897.00,0.0289800000,1.97034245700,0.000000,79.56000,,2.79000000,1.48000000
"Kepler-995","Kepler-995 b",609.63800000,284.6157154,39.1309980,0.830000,0.800000,5206.00,0.1701000000,28.26731672000,0.000000,89.99000,,7.75000000,2.70000000
"Kepler-1054","Kepler-1054 b",1090.51000000,290.6011085,44.5563604,1.220000,1.340000,6209.00,0.0554200000,4.30655689000,0.000000,77.07000,,7.41000000,2.63000000
"Kepler-1033","Kepler-1033 b",1455.50000000,283.8450963,44.6090251,0.940000,0.920000,5547.00,0.0761000000,7.56052806000,0.000000,89.92000,,6.85000000,2.51000000
"Kepler-1040","Kepler-1040 b",482.11900000,283.1137663,48.1312774,0.980000,0.960000,5694.00,0.6724900000,201.12140000000,0.000000,90.00000,,4.98000000,2.08000000
"Kepler-1138","Kepler-1138 b",872.32800000,285.8993164,48.3072850,0.950000,0.920000,5582.00,0.0415000000,3.17060005000,0.000000,85.11000,,3.53000000,1.70000000
"Kepler-1139","Kepler-1139 b",495.15600000,287.9455985,39.2305281,0.940000,0.910000,5550.00,0.0166400000,0.81316671900,0.000000,89.23000,,1.81000000,1.19000000
"Kepler-1060","Kepler-1060 b",946.56500000,286.0252285,39.6309204,0.990000,0.990000,5797.00,0.2495000000,46.87793670000,0.000000,87.75000,,6.26000000,2.38000000
"Kepler-1003","Kepler-1003 b",941.90200000,292.0204349,44.8762427,1.110000,1.170000,6109.00,0.0433300000,3.55485691500,0.000000,88.47000,,3.82000000,1.78000000
"Kepler-1055","Kepler-1055 b",389.39700000,290.4867838,44.9325410,0.980000,0.940000,5723.00,0.0335000000,2.29503623300,0.000000,89.14000,,2.04000000,1.23000000
"Kepler-998","Kepler-998 b",986.36400000,296.7541629,49.2087085,1.120000,1.180000,6058.00,0.0626000000,5.65377733000,0.000000,88.77000,,5.99000000,2.32000000
"Kepler-1017","Kepler-1017 b",552.05800000,283.4692990,40.1325185,0.930000,0.870000,5473.00,0.0719600000,7.23400469000,0.000000,89.93000,,4.62000000,1.99000000
"Kepler-974","Kepler-974 b",134.31100000,285.0131082,40.2209547,0.520000,0.500000,3687.00,0.0419000000,4.19449651400,0.000000,85.09000,,3.09000000,1.57000000
"Kepler-1045","Kepler-1045 b",942.48500000,284.1832668,45.0740897,0.860000,0.820000,5301.00,0.1616000000,26.41045478000,0.000000,89.25000,,7.70000000,2.69000000
"Kepler-980","Kepler-980 b",961.46800000,294.6129869,45.0601740,1.050000,1.060000,5935.00,0.0999300000,11.55102504000,0.000000,88.79000,,7.61000000,2.67000000
"Kepler-991","Kepler-991 b",389.56100000,297.0905543,49.6264867,0.640000,0.610000,4392.00,0.3104000000,82.53425190000,0.000000,89.99000,,6.99000000,2.54000000
"Kepler-1072","Kepler-1072 b",982.71600000,292.0443891,46.3289723,1.200000,1.320000,6199.00,0.0274200000,1.56906650200,0.000000,88.73000,,3.12000000,1.58000000
"Kepler-490","Kepler-490 b",1523.00000000,295.0256620,46.9559536,1.080000,1.120000,6045.00,0.0453000000,3.26869515400,0.000000,89.53000,,,11.65000000
"Kepler-1018","Kepler-1018 b",1010.01000000,283.5967317,45.4078654,0.910000,0.880000,5518.00,0.2530000000,49.10135140000,0.000000,89.43000,,7.18000000,2.58000000
"Kepler-1004","Kepler-1004 b",1152.68000000,297.3593427,49.7975464,1.110000,3.390000,4972.00,0.0679100000,5.28789787000,0.000000,83.69000,,32.50000000,6.28000000
"Kepler-997","Kepler-997 b",467.56800000,289.2333767,49.9388952,1.220000,1.560000,6150.00,0.0402200000,2.70730671600,0.000000,89.93000,,2.42000000,1.36000000
"Kepler-1151","Kepler-1151 b",682.43600000,292.2477819,47.8784257,0.880000,0.850000,5470.00,0.3197000000,65.64784240000,0.000000,88.43000,,5.56000000,2.22000000
"Kepler-1064","Kepler-1064 b",374.00000000,291.7415821,37.6888103,0.850000,0.790000,5153.00,0.1183000000,16.54080322000,0.000000,88.92000,,3.02000000,1.55000000
"Kepler-971","Kepler-971 b",338.52200000,284.0945699,41.1828131,0.880000,0.850000,5431.00,0.0867900000,9.59070716000,0.000000,88.99000,,5.18000000,2.13000000
"Kepler-1051","Kepler-1051 b",829.34300000,295.1581062,40.8988186,1.430000,1.730000,6675.00,0.1839500000,25.96200249000,0.000000,89.96000,,11.50000000,3.40000000
"Kepler-1007","Kepler-1007 b",365.00000000,295.9065297,45.8090893,0.730000,0.700000,4587.00,0.0480000000,5.18500207300,0.000000,89.94000,,2.67000000,1.44000000
"Kepler-968","Kepler-968 b",290.32400000,285.6025889,50.1120401,0.760000,0.700000,4598.00,0.0389000000,3.69298372800,0.000000,85.88000,,4.66000000,2.00000000
"Kepler-1145","Kepler-1145 b",691.96100000,295.3081524,43.0444026,0.790000,0.750000,5064.00,0.0443000000,3.97076766000,0.000000,86.00000,,2.54000000,1.40000000
"Kepler-1147","Kepler-1147 b",1657.36000000,292.5474753,41.6429221,1.090000,1.140000,5941.00,0.0961000000,10.62784997000,0.000000,88.31000,,7.32000000,2.61000000
"Kepler-1029","Kepler-1029 b",366.65600000,292.1328738,41.5474786,0.820000,0.770000,5030.00,0.0470000000,4.41769647900,0.000000,78.17000,,2.13000000,1.26000000
"Kepler-996","Kepler-996 b",1216.58000000,291.9127633,41.5335891,1.090000,1.140000,6014.00,0.0474000000,3.77059058400,0.000000,89.02000,,4.58000000,1.98000000
"Kepler-966","Kepler-966 b",1027.80000000,297.2705760,50.1218365,1.020000,1.020000,5840.00,0.3907000000,99.74762200000,0.000000,89.32000,,16.00000000,4.13000000
"Kepler-1047","Kepler-1047 b",817.64700000,288.6462564,50.7889645,1.080000,1.130000,5754.00,0.2987100000,56.18868870000,0.000000,88.56000,,5.02000000,2.09000000
"Kepler-1149","Kepler-1149 b",1217.73000000,294.1891824,45.1515263,1.020000,1.010000,5833.00,0.0473000000,3.73089898000,0.000000,81.98000,,2.67000000,1.44000000
"Kepler-1148","Kepler-1148 b",625.69200000,290.9536059,45.7195545,0.810000,0.770000,5054.00,0.0188000000,1.10446350900,0.000000,88.94000,,3.50000000,1.69000000
"Kepler-1057","Kepler-1057 b",1201.82000000,297.4521311,41.5580816,1.070000,1.100000,5987.00,0.1138000000,14.08827448000,0.000000,89.71000,,11.20000000,3.36000000
"Kepler-1059","Kepler-1059 b",713.16700000,289.2202147,41.7064385,0.750000,0.720000,4906.00,0.0440000000,3.76419104800,0.000000,88.83000,,3.64000000,1.73000000
"Kepler-965","Kepler-965 b",582.82800000,298.5153169,41.8912305,1.050000,1.150000,5886.00,0.5099800000,134.25272980000,0.000000,90.00000,,11.40000000,3.38000000
"Kepler-999","Kepler-999 b",545.06300000,299.6604865,46.1984679,1.290000,1.650000,6237.00,0.0691800000,5.99185701700,0.000000,85.77000,,6.08000000,2.34000000
"Kepler-1112","Kepler-1112 b",1671.28000000,296.9687937,47.7514799,1.340000,1.540000,6496.00,0.1239000000,14.36267939000,0.000000,89.34000,,9.38000000,3.02000000
"Kepler-952","Kepler-952 b",1304.25000000,285.3718781,41.9938697,1.000000,0.990000,5730.00,0.5183000000,130.35469190000,0.000000,89.70000,,45.40000000,7.65000000
"Kepler-479","Kepler-479 b",344.90100000,291.0218899,37.7698734,0.860000,0.810000,5247.00,0.0963600000,12.49341307000,0.000000,89.04000,,5.14000000,2.12000000
"Kepler-934","Kepler-934 b",608.73800000,290.2884494,43.7552623,0.810000,0.770000,5001.00,0.2658000000,55.67383090000,0.000000,89.86000,,5.02000000,2.09000000
"Kepler-977","Kepler-977 b",568.75100000,291.5161959,42.2480736,0.870000,0.830000,5315.00,0.1620000000,26.85328322000,0.000000,89.99000,,7.37000000,2.62000000
"Kepler-1021","Kepler-1021 b",810.08200000,295.2048999,42.5596699,0.890000,0.860000,5431.00,0.1034000000,13.47469571000,0.000000,89.96000,,6.04000000,2.33000000
"Kepler-979","Kepler-979 b",576.50300000,300.3712023,46.4081872,0.870000,0.830000,5310.00,0.0753000000,8.08801350000,0.000000,88.23000,,7.85000000,2.72000000
"Kepler-982","Kepler-982 b",801.47900000,288.4176803,46.5904531,1.160000,1.290000,6139.00,0.1277000000,15.77382210000,0.000000,89.92000,,5.69000000,2.25000000
"Kepler-936","Kepler-936 b",823.39900000,293.5777958,46.7362953,0.920000,0.890000,5482.00,0.0954000000,10.56134221000,0.000000,83.33000,,2.70000000,1.45000000
"Kepler-938","Kepler-938 b",1182.05000000,294.7890593,46.9839352,0.920000,0.890000,5533.00,0.2689000000,52.62984170000,0.000000,89.72000,,5.56000000,2.22000000
"Kepler-1006","Kepler-1006 b",1081.73800000,295.7542063,42.5373065,0.780000,0.740000,5328.00,0.1464000000,19.76172042000,0.000000,86.86000,,2.99000000,1.54000000
"Kepler-1009","Kepler-1009 b",355.01900000,282.8598614,42.6658336,0.590000,0.570000,4027.00,0.0796000000,11.35011917000,0.000000,89.95000,,5.35000000,2.17000000
"Kepler-976","Kepler-976 b",1012.41000000,289.8696232,46.7296855,0.870000,0.830000,5232.00,0.4217000000,105.95641480000,0.000000,89.84000,,14.90000000,3.96000000
"Kepler-1052","Kepler-1052 b",943.44400000,295.3427300,46.6022134,1.030000,1.030000,5888.00,0.2098800000,34.85382760000,0.000000,89.37000,,8.91000000,2.93000000
"Kepler-1120","Kepler-1120 b",615.23100000,290.9144516,42.2865522,0.780000,0.740000,4904.00,0.0369000000,2.94902905200,0.000000,89.77000,,2.48000000,1.38000000
"Kepler-1123","Kepler-1123 b",704.32300000,294.5177291,50.6703927,0.930000,0.900000,5500.00,0.0497000000,4.33946454000,0.000000,84.46000,,3.43000000,1.67000000
"Kepler-940","Kepler-940 b",1260.78000000,294.2413053,47.2759642,0.970000,0.960000,5769.00,0.3059000000,59.62252570000,0.000000,88.63000,,11.10000000,3.34000000
"Kepler-1035","Kepler-1035 b",562.11600000,289.0422430,42.8824991,0.980000,0.970000,5763.00,0.0388300000,2.71407755500,0.000000,84.01000,,1.71000000,1.17000000
"Kepler-1027","Kepler-1027 b",405.10400000,287.5711746,42.8138159,0.910000,0.820000,5436.00,0.0291100000,1.90780519900,0.000000,86.74000,,0.64000000,0.89000000
"Kepler-986","Kepler-986 b",548.36400000,293.0940391,42.8964457,0.960000,0.980000,5642.00,0.2913100000,56.43499380000,0.000000,89.99000,,6.17000000,2.36000000
"Kepler-1011","Kepler-1011 b",736.77900000,297.4015491,46.8239976,0.910000,0.880000,5416.00,0.0633000000,5.75322197400,0.000000,85.36000,,8.60000000,2.87000000
"Kepler-1068","Kepler-1068 b",1473.61000000,294.6481708,46.3923173,1.010000,1.010000,5806.00,0.1303800000,16.92344113000,0.000000,88.93000,,12.80000000,3.63000000
"Kepler-917","Kepler-917 b",3460.51000000,299.0512562,47.9492677,0.800000,0.760000,5418.00,0.0378000000,2.97041437500,0.000000,87.75000,,4.31000000,1.91000000
"Kepler-918","Kepler-918 b",1025.03000000,298.2007268,48.2677925,1.110000,1.140000,6028.00,0.0569000000,4.85386933000,0.000000,77.94000,,3.68000000,1.74000000
"Kepler-978","Kepler-978 b",682.52200000,286.7107166,43.0433585,1.070000,1.090000,6002.00,0.2726000000,49.62215090000,0.000000,87.52000,,9.22000000,2.99000000
"Kepler-1002","Kepler-1002 b",408.30300000,293.0794629,43.0736770,1.220000,1.570000,6144.00,0.0564000000,4.33642933100,0.000000,84.15000,,3.57000000,1.71000000
"Kepler-493","Kepler-493 b",1745.77000000,295.3075252,38.8815716,1.360000,1.540000,6457.00,0.0439000000,3.00387658100,0.000000,87.33000,,,15.13000000
"Kepler-1128","Kepler-1128 b",1083.41000000,293.0633150,39.4034052,0.940000,0.910000,5543.00,0.3020000000,61.61781670000,0.000000,89.96000,,12.90000000,3.65000000
"Kepler-920","Kepler-920 b",1001.68000000,284.2969363,49.1585983,0.890000,0.850000,5403.00,0.0650000000,6.53192704000,0.000000,84.79000,,6.44000000,2.42000000
"Kepler-919","Kepler-919 b",1119.87000000,298.1147862,48.4943834,1.150000,1.210000,6113.00,0.0981000000,11.04603384000,0.000000,89.79000,,5.69000000,2.25000000
"Kepler-921","Kepler-921 b",934.49000000,284.6162253,49.1907438,0.930000,0.910000,5663.00,0.2716000000,51.30063400000,0.000000,90.00000,,8.60000000,2.87000000
"Kepler-1015","Kepler-1015 b",739.35700000,292.7573088,43.4268439,1.490000,1.810000,6769.00,0.1345000000,16.00494214000,0.000000,89.96000,,12.30000000,3.55000000
"Kepler-1005","Kepler-1005 b",567.80600000,286.2858998,43.3205085,1.000000,1.060000,5782.00,0.0671700000,6.49801525000,0.000000,84.00000,,2.86000000,1.50000000
"Kepler-972","Kepler-972 b",1198.03000000,295.8286790,43.4254371,1.150000,1.220000,6146.00,0.0734000000,7.03932553000,0.000000,81.05000,,19.50000000,4.65000000
"Kepler-1130","Kepler-1130 b",249.34300000,285.2074210,45.3843330,0.900000,0.810000,5403.00,0.0596300000,5.45298175000,0.000000,84.83000,,0.43700000,0.80000000
"Kepler-1131","Kepler-1131 b",1030.70000000,295.6514492,49.2612954,1.030000,1.040000,5851.00,0.0459000000,3.53232449000,0.000000,88.19000,,3.15000000,1.59000000
"Kepler-1025","Kepler-1025 b",803.77600000,284.5102140,43.9615628,1.090000,1.130000,6089.00,0.2160700000,37.32294930000,0.000000,88.92000,,4.58000000,1.98000000
"Kepler-497","Kepler-497 b",1291.98000000,290.7659557,38.9279468,1.090000,1.110000,5834.00,0.0457000000,3.57320367100,0.000000,89.69000,,30.40000000,6.04000000
"Kepler-994","Kepler-994 b",188.15800000,289.0720752,47.4069180,0.560000,0.540000,3934.00,0.0177000000,1.15116650600,0.000000,89.80000,,3.19000000,1.60000000
"Kepler-1132","Kepler-1132 b",867.93100000,286.3675188,48.4238906,0.870000,0.830000,5298.00,0.2881000000,62.89162280000,0.000000,89.36000,,6.12000000,2.35000000
"Kepler-1069","Kepler-1069 b",695.96700000,290.9792378,47.9889097,0.990000,0.980000,5722.00,0.1658700000,23.89902960000,0.000000,89.24000,,3.19000000,1.60000000
"Kepler-1034","Kepler-1034 b",654.54900000,286.1154093,37.9669464,0.830000,0.800000,5198.00,0.0965000000,12.12400943000,0.000000,89.94000,,5.73000000,2.26000000
"Kepler-944","Kepler-944 b",1349.43000000,293.6012911,42.3797910,0.860000,0.830000,5409.00,0.2288000000,43.31677370000,0.000000,89.97000,,7.41000000,2.63000000
"Kepler-942","Kepler-942 b",216.35400000,294.9550809,44.1499518,0.810000,0.750000,4861.00,0.2273700000,44.96417488000,0.000000,89.91000,,5.18000000,2.13000000
"Kepler-946","Kepler-946 b",1137.29000000,300.9295551,44.0286710,0.940000,0.930000,5665.00,0.1002000000,11.79162572000,0.000000,89.94000,,4.38000000,1.93000000
"HD 50554","HD 50554 c",31.16640000,103.6782730,24.2451409,1.040000,1.146000,5968.00,0.0652000000,5.96936200000,0.000000,,,5.30000000,1.31000000
"Kepler-992","Kepler-992 b",259.63900000,284.4304085,47.6416613,0.800000,0.740000,4944.00,0.1337200000,20.16034462000,0.000000,86.39000,,3.26000000,1.62000000
"Kepler-1134","Kepler-1134 b",944.44500000,295.5678578,42.4781064,0.840000,0.810000,5281.00,0.1242000000,17.13263989000,0.000000,89.59000,,7.46000000,2.64000000
"Kepler-1135","Kepler-1135 b",1314.64000000,286.0029904,44.7565551,0.960000,0.940000,5656.00,0.3436000000,76.95785700000,0.000000,89.25000,,4.08000000,1.85000000
"Kepler-951","Kepler-951 b",382.50900000,287.7375794,38.1146488,0.770000,0.730000,4834.00,0.3091000000,71.52530845000,0.000000,89.96000,,26.70000000,5.59000000
"Kepler-967","Kepler-967 b",568.54600000,286.5580128,38.4052418,0.840000,0.800000,5178.00,0.1027000000,13.22713379000,0.000000,89.98000,,6.12000000,2.35000000
"Kepler-1013","Kepler-1013 b",422.24600000,290.2481023,44.4352935,0.810000,0.760000,4954.00,0.1370000000,18.93054959000,0.000000,89.07000,,5.27000000,2.15000000
"Kepler-1233","Kepler-1233 b",1178.70000000,297.3750954,46.6622201,1.160000,1.250000,6198.00,0.2630000000,45.12630420000,0.000000,89.39000,,7.27000000,2.60000000
"Kepler-1234","Kepler-1234 b",916.74900000,287.5220359,51.3759464,0.800000,0.760000,4967.00,0.0960000000,11.94014029000,0.000000,89.35000,,8.30000000,2.81000000
"Kepler-523","Kepler-523 b",253.29500000,284.0611224,45.5068127,0.930000,0.860000,5515.00,0.0615900000,5.83598311100,0.000000,89.66000,,4.50000000,1.96000000
"Gl 725 B","Gl 725 B c",6.84235700,280.6953530,59.6270600,0.250000,0.280000,3379.00,0.1390000000,37.90000000000,,,,3.40000000,1.66000000
"Kepler-1180","Kepler-1180 b",1596.80000000,295.8874773,43.1559952,1.090000,1.140000,6077.00,0.1246000000,16.86012860000,0.000000,87.77000,,4.62000000,1.99000000
"Kepler-1181","Kepler-1181 b",938.41700000,289.7473165,39.5234131,1.170000,1.300000,6176.00,0.0621000000,4.89337519000,0.000000,88.82000,,3.09000000,1.57000000
"Kepler-1189","Kepler-1189 b",782.85200000,298.4264116,47.9468194,1.110000,1.160000,6012.00,0.0467000000,3.78858982000,0.000000,88.98000,,3.78000000,1.77000000
"Kepler-1236","Kepler-1236 b",999.64000000,295.6247375,42.5458739,0.860000,0.820000,5337.00,0.1803000000,31.05716180000,0.000000,89.72000,,5.22000000,2.14000000
"Kepler-1235","Kepler-1235 b",540.60400000,284.9030677,43.9540616,0.930000,0.900000,5541.00,0.0483600000,4.16055856000,0.000000,89.68000,,0.41800000,0.79000000
"Kepler-518","Kepler-518 b",337.90100000,287.0900190,41.3737576,0.960000,0.880000,5842.00,0.0799600000,8.51203587700,0.000000,89.99000,,5.10000000,2.11000000
"Kepler-1276","Kepler-1276 b",538.48100000,287.8570173,40.5471909,1.140000,1.210000,6188.00,0.1086300000,12.57200950000,0.000000,89.27000,,1.81000000,1.19000000
"Kepler-1277","Kepler-1277 b",557.19300000,295.1025166,40.5723736,0.940000,0.920000,5578.00,0.2185700000,40.83650120000,0.000000,89.65000,,3.19000000,1.60000000
"Kepler-1182","Kepler-1182 b",1545.39000000,296.3079895,43.8213706,1.040000,1.050000,5924.00,0.0981000000,11.17394617000,0.000000,89.94000,,6.39000000,2.41000000
"Kepler-549","Kepler-549 b",635.14500000,283.0228527,47.2611431,0.880000,0.840000,5360.00,0.2323600000,42.94956490000,0.000000,89.99000,,11.00000000,2.57000000
"Kepler-1237","Kepler-1237 b",1064.31000000,295.6292745,44.6905815,0.940000,0.900000,5472.00,0.3778000000,84.57332260000,0.000000,89.99000,,8.55000000,2.86000000
"Kepler-1279","Kepler-1279 b",1494.22000000,288.0955917,40.3659090,1.210000,1.330000,6221.00,0.1785000000,23.47741010000,0.000000,89.97000,,3.71000000,1.75000000
"Kepler-1280","Kepler-1280 b",1486.70000000,293.5738933,45.3844919,1.200000,1.320000,6227.00,0.3398200000,66.55790570000,0.000000,89.69000,,4.16000000,1.87000000
"Kepler-1076","Kepler-1076 b",199.00000000,287.5902594,51.0606047,0.790000,0.740000,4868.00,0.0611000000,6.14727918000,0.000000,89.36000,,0.43700000,0.80000000
"Kepler-1077","Kepler-1077 b",1101.42000000,291.0336333,42.2678448,1.020000,1.020000,5816.00,0.2101000000,34.35118740000,0.000000,88.39000,,8.10000000,2.77000000
"Kepler-1193","Kepler-1193 b",802.11600000,288.1447323,51.2756446,1.080000,1.210000,5908.00,0.0400400000,2.83265213400,0.000000,87.57000,,2.30000000,1.32000000
"Kepler-1194","Kepler-1194 b",757.38200000,291.6994841,38.1452065,0.940000,0.920000,5590.00,0.1212000000,16.22371307000,0.000000,89.48000,,2.89000000,1.51000000
"Kepler-1238","Kepler-1238 b",1632.13000000,297.9057655,40.1628378,1.300000,1.480000,6386.00,0.0541000000,4.14787559000,0.000000,78.14000,,4.38000000,1.93000000
"Kepler-1282","Kepler-1282 b",1103.29000000,290.1761688,46.6983036,0.920000,0.890000,5504.00,0.0335000000,2.13194651300,0.000000,88.66000,,3.02000000,1.55000000
"Kepler-1078","Kepler-1078 b",2481.71000000,293.2005664,43.0500379,0.940000,0.920000,5612.00,0.0388000000,3.00725242000,0.000000,70.40000,,4.27000000,1.90000000
"Kepler-1079","Kepler-1079 b",591.09800000,299.5495794,45.7696769,1.080000,1.360000,5758.00,0.1092000000,13.24503188000,0.000000,88.59000,,3.29000000,1.63000000
"Kepler-1242","Kepler-1242 b",687.61500000,284.6062174,41.1963440,0.770000,0.740000,4895.00,0.1039000000,13.62798432000,0.000000,86.08000,,5.73000000,2.26000000
"Kepler-1243","Kepler-1243 b",758.17000000,294.0093970,42.8807779,0.960000,0.940000,5667.00,0.1256000000,16.83207290000,0.000000,88.90000,,3.71000000,1.75000000
"Kepler-1081","Kepler-1081 b",420.21500000,289.4447520,41.3179652,0.880000,0.840000,5345.00,0.0466200000,3.85691854700,0.000000,87.90000,,1.01000000,1.01000000
"Kepler-1199","Kepler-1199 b",563.49300000,293.7258092,47.2469219,0.940000,1.170000,5889.00,0.1130900000,15.04471980000,0.000000,89.94000,,1.60000000,1.15000000
"Kepler-1202","Kepler-1202 b",1175.38000000,292.2906060,44.6532281,1.030000,1.040000,5834.00,0.1790000000,28.68513240000,0.000000,86.68000,,8.96000000,2.94000000
"Kepler-519","Kepler-519 b",246.61000000,299.3196708,41.3847447,0.890000,0.800000,5260.00,0.1593200000,24.30789460000,0.000000,89.63000,,5.06000000,2.10000000
"Kepler-1284","Kepler-1284 b",882.32400000,291.2789549,47.6875766,0.840000,0.790000,5123.00,0.0143000000,0.66407380600,0.000000,82.63000,,1.92000000,1.21000000
"Kepler-1083","Kepler-1083 b",902.63300000,283.1618831,45.1983360,0.810000,0.770000,5049.00,0.1899000000,33.41779930000,0.000000,88.08000,,11.20000000,3.36000000
"Kepler-1203","Kepler-1203 b",317.02200000,292.7734523,44.1780880,0.640000,0.610000,4105.00,0.0114000000,0.58800076500,0.000000,83.78000,,1.20000000,1.06000000
"Kepler-1204","Kepler-1204 b",1175.22000000,289.4415238,42.4981476,1.030000,1.030000,5825.00,0.3877000000,85.73502850000,0.000000,89.98000,,9.53000000,3.05000000
"Kepler-1246","Kepler-1246 b",436.50500000,287.6572346,48.9822053,0.730000,0.690000,4611.00,0.0848000000,11.32271513000,0.000000,84.06000,,2.42000000,1.36000000
"Kepler-1289","Kepler-1289 b",1053.57000000,296.3887670,41.0405090,1.100000,1.170000,6080.00,0.0785000000,7.99019627000,0.000000,89.67000,,2.92000000,1.52000000
"Kepler-1087","Kepler-1087 b",362.62300000,294.9789253,46.0056741,0.960000,0.940000,5589.00,0.0155400000,0.69384285500,0.000000,86.59000,,0.16500000,0.61000000
"Kepler-1086","Kepler-1086 b",466.08400000,295.2511870,45.8429537,0.700000,0.660000,4350.00,0.1198000000,18.78425728000,0.000000,88.97000,,6.53000000,2.44000000
"Kepler-1088","Kepler-1088 b",280.62900000,281.5614578,42.4504087,1.080000,1.080000,5975.00,0.1616300000,23.12748644000,0.000000,88.31000,,2.60000000,1.42000000
"Kepler-1206","Kepler-1206 b",762.01900000,295.9383737,49.7911337,0.800000,0.750000,4877.00,0.0201000000,1.21699766300,0.000000,89.77000,,3.33000000,1.64000000
"Kepler-1205","Kepler-1205 b",698.48500000,290.2796734,41.5150499,0.840000,0.810000,5226.00,0.0196000000,1.07839035200,0.000000,76.41000,,2.57000000,1.41000000
"Kepler-1249","Kepler-1249 b",1904.54000000,296.8948517,44.3717429,1.190000,1.280000,6202.00,0.1670000000,24.33471270000,0.000000,89.97000,,6.26000000,2.38000000
"Kepler-1250","Kepler-1250 b",2126.85000000,287.7938184,45.9802492,0.990000,0.980000,5717.00,0.0393000000,2.60754383400,0.000000,89.17000,,4.35000000,1.92000000
"Kepler-1293","Kepler-1293 b",1028.16000000,290.0258783,48.3359227,1.180000,1.280000,6241.00,0.0676300000,5.57654784000,0.000000,87.54000,,0.87100000,0.97000000
"Kepler-513","Kepler-513 b",468.25800000,285.0416235,50.0753913,1.020000,1.060000,5849.00,0.1779000000,28.86235584000,0.000000,88.35000,,5.48000000,2.20000000
"Kepler-1092","Kepler-1092 b",981.23300000,297.7232008,47.1126833,0.990000,1.000000,5862.00,0.2996000000,58.60179250000,0.000000,89.71000,,4.94000000,2.07000000
"Kepler-1209","Kepler-1209 b",505.53100000,287.5849352,49.1547328,1.230000,1.380000,6210.00,0.1751500000,25.36911600000,0.000000,87.87000,,2.89000000,1.51000000
"Kepler-1252","Kepler-1252 b",648.97900000,298.9503634,46.6928437,1.060000,1.090000,5949.00,0.1078000000,15.05403290000,0.000000,86.09000,,3.43000000,1.67000000
"Kepler-1253","Kepler-1253 b",514.52400000,283.8852196,47.6371507,0.970000,1.100000,5850.00,0.3144400000,68.88619150000,0.000000,89.84000,,2.33000000,1.33000000
"Kepler-1156","Kepler-1156 b",691.33100000,288.9240901,46.0575865,1.000000,1.000000,5778.00,0.0970400000,11.89520511000,0.000000,89.86000,,2.30000000,1.32000000
"Kepler-1155","Kepler-1155 b",1128.72000000,288.8206058,39.5228712,1.030000,1.030000,5842.00,0.2006000000,33.46974300000,0.000000,88.22000,,4.78000000,2.03000000
"Kepler-1093","Kepler-1093 b",1072.88000000,284.9780251,41.4202077,1.130000,1.200000,6166.00,0.1754300000,25.08246260000,0.000000,86.89000,,4.46000000,1.95000000
"Kepler-1094","Kepler-1094 b",1291.01000000,292.3012109,38.2669983,1.140000,1.210000,6112.00,0.3625000000,78.10002310000,0.000000,89.51000,,10.20000000,3.18000000
"Kepler-1213","Kepler-1213 b",807.81200000,289.4858423,50.9441967,1.140000,1.210000,6050.00,0.0602600000,5.34982412000,0.000000,80.06000,,1.81000000,1.19000000
"Kepler-1255","Kepler-1255 b",1617.07000000,295.2392569,42.7264842,1.080000,1.120000,6018.00,0.2226000000,36.29193360000,0.000000,90.00000,,5.99000000,2.32000000
"Kepler-1256","Kepler-1256 b",891.19200000,291.4742443,44.6834119,1.170000,1.360000,6129.00,0.1073300000,12.41277540000,0.000000,87.43000,,2.83000000,1.49000000
"Kepler-1160","Kepler-1160 b",1077.63000000,287.8793899,43.3640752,0.920000,0.890000,5519.00,0.0755000000,7.97034958000,0.000000,89.74000,,5.22000000,2.14000000
"Kepler-1158","Kepler-1158 b",1484.25000000,292.2339048,41.5751832,1.410000,1.950000,6203.00,0.1264300000,13.53962930000,0.000000,89.46000,,6.08000000,2.34000000
"Kepler-1097","Kepler-1097 b",719.80200000,281.5941261,42.5963949,0.820000,0.790000,5211.00,0.5791000000,187.74702900000,0.000000,90.00000,,10.70000000,3.26000000
"Kepler-1095","Kepler-1095 b",792.52200000,293.2624215,41.3650155,0.940000,0.920000,5658.00,0.0514000000,4.27103091000,0.000000,89.92000,,1.92000000,1.21000000
"Kepler-1217","Kepler-1217 b",1347.71000000,289.1866841,50.9375614,1.060000,1.080000,5905.00,0.0326000000,2.03232507200,0.000000,89.19000,,4.62000000,1.99000000
"Kepler-1216","Kepler-1216 b",1258.36000000,287.4052661,45.9179790,0.990000,0.980000,5743.00,0.0519000000,4.37034536000,0.000000,89.55000,,2.51000000,1.39000000
"Kepler-1257","Kepler-1257 b",1105.95000000,296.0756231,45.6270165,0.900000,0.870000,5502.00,0.0376000000,2.66831376200,0.000000,87.65000,,2.92000000,1.52000000
"Kepler-1260","Kepler-1260 b",1734.43000000,295.5912652,42.5552261,1.060000,1.080000,5961.00,0.1444000000,19.11877530000,0.000000,87.16000,,3.78000000,1.77000000
"Kepler-1163","Kepler-1163 b",478.64700000,290.2358630,50.0300654,1.220000,1.350000,6302.00,0.0686800000,6.11786898000,0.000000,88.22000,,1.08000000,1.03000000
"Kepler-1100","Kepler-1100 b",693.61800000,291.8713535,44.0873907,1.210000,1.340000,6247.00,0.0674500000,6.42200058000,0.000000,89.11000,,3.71000000,1.75000000
"Kepler-1098","Kepler-1098 b",1049.19000000,295.5026730,43.2326992,0.990000,0.990000,5794.00,0.0358000000,2.54307285500,0.000000,88.18000,,2.24000000,1.30000000
"Kepler-1261","Kepler-1261 b",744.29400000,285.2324786,48.8066963,0.820000,0.770000,5006.00,0.2390000000,48.43089910000,0.000000,89.11000,,5.73000000,2.26000000
"Kepler-1166","Kepler-1166 b",634.90600000,290.3484956,50.9028387,0.900000,0.860000,5446.00,0.1975000000,33.24068820000,0.000000,89.75000,,3.50000000,1.69000000
"Kepler-1167","Kepler-1167 b",820.90500000,298.3026595,47.6939654,0.790000,0.750000,4971.00,0.0175000000,1.00393373900,0.000000,89.76000,,3.57000000,1.71000000
"Kepler-1103","Kepler-1103 b",1331.92000000,287.3821348,49.4524247,1.110000,1.150000,6092.00,0.1533600000,19.79191978000,0.000000,86.29000,,5.77000000,2.27000000
"Kepler-1221","Kepler-1221 b",913.65000000,285.8223636,45.7118423,0.870000,0.820000,5194.00,0.0906000000,12.00096042000,0.000000,88.53000,,4.19000000,1.88000000
"Kepler-522","Kepler-522 b",639.23900000,288.1539730,44.0688154,1.540000,1.980000,6392.00,0.2502900000,38.58422849000,0.000000,85.76000,,38.20000000,6.91000000
"Kepler-1264","Kepler-1264 b",801.99300000,289.8844102,45.2115075,0.990000,0.980000,5791.00,0.0183900000,0.96852602300,0.000000,65.17000,,1.76000000,1.18000000
"Kepler-1169","Kepler-1169 b",522.82300000,294.9115874,46.4914718,1.240000,1.230000,6191.00,0.0693100000,6.11009134000,0.000000,89.16000,,0.77900000,0.94000000
"Kepler-1168","Kepler-1168 b",752.66600000,287.2977834,47.4554880,0.870000,0.820000,5157.00,0.2663000000,55.82265390000,0.000000,89.98000,,6.80000000,2.50000000
"Kepler-1106","Kepler-1106 b",1090.70000000,291.1451576,44.0624715,1.110000,1.170000,6104.00,0.0239000000,1.25275217400,0.000000,84.54000,,3.36000000,1.65000000
"Kepler-1226","Kepler-1226 b",1125.72000000,296.3768521,50.6214592,1.020000,1.020000,5923.00,0.1394500000,17.29234530000,0.000000,85.04000,,2.70000000,1.45000000
"Kepler-1266","Kepler-1266 b",849.31200000,285.8693277,42.7279996,0.800000,0.760000,5044.00,0.1643100000,28.47474800000,0.000000,88.28000,,7.18000000,2.58000000
"Kepler-1268","Kepler-1268 b",1840.77000000,287.8384190,43.1531776,1.060000,1.090000,5904.00,0.2383000000,40.99039860000,0.000000,89.94000,,4.78000000,2.03000000
"Kepler-1171","Kepler-1171 b",573.00000000,294.9589285,38.5915968,1.580000,1.950000,7044.00,0.0284000000,1.44259224000,0.000000,86.82000,,7.08000000,2.56000000
"Kepler-1172","Kepler-1172 b",1306.53000000,290.4744875,37.7665499,0.920000,0.890000,5558.00,0.1680000000,26.02044230000,0.000000,88.67000,,10.30000000,3.20000000
"Kepler-1109","Kepler-1109 b",685.08700000,291.6462654,39.3966122,1.050000,1.060000,5893.00,0.2466000000,37.64673840000,0.000000,89.99000,,5.43000000,2.19000000
"Kepler-1110","Kepler-1110 b",726.82800000,291.8080645,38.6226615,0.730000,0.700000,4781.00,0.0754000000,9.69312032000,0.000000,88.72000,,7.56000000,2.66000000
"Kepler-1229","Kepler-1229 b",265.48200000,297.4868347,46.9966782,0.540000,0.510000,3784.00,0.3006000000,86.82898900000,0.000000,89.99710,,2.54000000,1.40000000
"Kepler-436","Kepler-436 c",588.86700000,301.7207775,44.4120856,0.750000,0.710000,4685.00,0.1145200000,16.79713874000,0.000000,87.02000,,6.04000000,2.33000000
"Kepler-1270","Kepler-1270 b",1095.05000000,286.7156676,48.6452552,1.280000,3.380000,5047.00,0.0704500000,6.03356196000,0.000000,85.42000,,11.00000000,3.32000000
"Kepler-804","Kepler-804 c",649.65000000,293.3722109,44.7851812,1.010000,1.050000,5817.00,0.0865400000,9.65185017000,0.000000,89.59000,,1.55000000,1.14000000
"Kepler-1230","Kepler-1230 b",1364.22000000,283.2645129,41.7114526,1.060000,1.080000,5961.00,0.0921000000,9.95661537000,0.000000,83.62000,,7.80000000,2.71000000
"Kepler-1271","Kepler-1271 b",831.99100000,286.3442954,37.4119347,1.130000,1.230000,6143.00,0.0423300000,3.02559550000,0.000000,79.13000,,2.79000000,1.48000000
"Kepler-1273","Kepler-1273 b",1114.24000000,285.8032016,44.8733983,0.940000,0.910000,5566.00,0.1857000000,28.62565300000,0.000000,89.98000,,6.76000000,2.49000000
"Kepler-1177","Kepler-1177 b",1299.97000000,286.6714813,49.4062964,0.980000,0.970000,5712.00,0.4301000000,106.24754700000,0.000000,89.32000,,4.27000000,1.90000000
"Kepler-1179","Kepler-1179 b",415.20500000,284.0974305,47.8104856,0.840000,0.810000,5212.00,0.0349700000,2.68505749200,0.000000,86.69000,,2.30000000,1.32000000
"Kepler-1152","Kepler-1152 b",215.23300000,290.4341483,44.1077802,0.550000,0.530000,3964.00,0.0223000000,1.64680190800,0.000000,89.30000,,0.59000000,0.87000000
"Kepler-1186","Kepler-1186 b",1337.25000000,288.4796333,47.1017438,0.950000,0.930000,5635.00,0.1281000000,16.07677615000,0.000000,89.89000,,5.60000000,2.23000000
"Kepler-535","Kepler-535 b",685.59900000,296.5666587,49.6961742,1.180000,1.270000,6123.00,0.0601100000,4.90332155100,0.000000,89.93000,,6.17000000,2.36000000
"Kepler-1411","Kepler-1411 b",1660.48000000,286.3615236,42.9638889,0.950000,0.920000,5664.00,0.4001000000,86.11508880000,0.000000,89.99000,,8.35000000,2.82000000
"Kepler-1413","Kepler-1413 b",1167.49000000,294.3416065,46.4987624,0.840000,0.800000,5196.00,0.1066000000,13.18296420000,0.000000,89.97000,,3.97000000,1.82000000
"Kepler-1317","Kepler-1317 b",728.30300000,291.6118842,42.1159787,0.830000,0.790000,5144.00,0.0128000000,0.56887442700,0.000000,89.23000,,3.05000000,1.56000000
"Kepler-1318","Kepler-1318 b",475.24800000,290.3763246,41.1507928,0.730000,0.700000,4598.00,0.6085000000,213.25766300000,0.000000,89.99000,,9.85000000,3.11000000
"Kepler-1362","Kepler-1362 b",731.29800000,288.5385574,40.8771276,0.800000,0.740000,4857.00,0.4626000000,136.20562600000,0.000000,89.83000,,7.27000000,2.60000000
"Kepler-536","Kepler-536 b",462.32200000,297.7363605,49.6371010,0.920000,0.890000,5524.00,0.0283500000,1.82708229900,0.000000,89.74000,,9.80000000,3.10000000
"Kepler-1415","Kepler-1415 b",1043.56000000,285.1568015,47.8732512,0.890000,0.840000,5267.00,0.0141600000,0.63642408000,0.000000,86.33000,,2.21000000,1.29000000
"Kepler-1320","Kepler-1320 b",647.42400000,288.4335977,40.3808519,0.800000,0.740000,4817.00,0.0163000000,0.86838652800,0.000000,88.78000,,3.53000000,1.70000000
"Kepler-1321","Kepler-1321 b",769.14600000,294.5285970,46.6408737,0.540000,0.530000,4094.00,0.0781000000,11.12830484000,0.000000,88.83000,,21.50000000,4.92000000
"Kepler-1366","Kepler-1366 b",465.82600000,285.0648845,41.5548464,0.620000,0.600000,4070.00,0.0273000000,2.16457096800,0.000000,88.44000,,2.63000000,1.43000000
"Kepler-903","Kepler-903 c",1369.24000000,288.7710137,40.6641771,0.980000,0.970000,5682.00,0.3024900000,62.92285570000,0.000000,87.02000,,6.94000000,2.53000000
"Kepler-758","Kepler-758 e",1502.32000000,293.0846115,41.1354049,1.160000,1.420000,6228.00,0.0829000000,8.19347190000,0.000000,83.51000,,2.96000000,1.53000000
"Kepler-1417","Kepler-1417 b",991.84500000,290.9498966,40.6051970,1.020000,1.020000,5839.00,0.1406200000,20.35052130000,0.000000,89.48000,,0.97200000,1.00000000
"Kepler-1322","Kepler-1322 b",1350.32000000,293.2045009,45.4353919,0.900000,0.870000,5488.00,0.0183000000,0.96286738200,0.000000,76.66000,,3.22000000,1.61000000
"Kepler-525","Kepler-525 b",992.85200000,296.1834239,47.3587776,0.950000,1.150000,5573.00,0.1438600000,18.68404933000,0.000000,85.70000,,7.41000000,2.63000000
"Kepler-722","Kepler-722 c",1239.50000000,290.2632874,44.5564051,1.030000,1.050000,5863.00,0.4471000000,105.14474900000,0.000000,88.39000,,8.35000000,2.82000000
"Kepler-1422","Kepler-1422 b",2465.84000000,293.8902214,48.3360926,1.150000,1.230000,6194.00,0.1499000000,18.60519420000,0.000000,89.75000,,4.74000000,2.02000000
"Kepler-1327","Kepler-1327 b",678.06900000,289.0648073,50.4609183,1.020000,1.030000,5885.00,0.1115100000,14.88801098000,0.000000,86.85000,,3.89000000,1.80000000
"Kepler-1368","Kepler-1368 b",1635.82000000,294.7669795,41.6446434,1.070000,1.080000,5906.00,0.0153000000,0.67564948600,0.000000,89.41000,,3.36000000,1.65000000
"Kepler-769","Kepler-769 c",1169.57000000,292.7130925,38.3581685,1.190000,1.280000,6186.00,0.1297000000,15.98701740000,0.000000,88.79000,,3.86000000,1.79000000
"Kepler-770","Kepler-770 c",930.45700000,286.4904589,38.3748720,0.940000,0.920000,5598.00,0.0309000000,1.47532231400,0.000000,88.41000,,1.87000000,1.20000000
"Kepler-1430","Kepler-1430 b",875.52300000,289.6975391,43.3719581,0.770000,0.720000,4796.00,0.0304000000,2.46050993000,0.000000,89.71000,,1.76000000,1.18000000
"Kepler-1431","Kepler-1431 b",1623.24000000,292.6583919,49.8651522,1.030000,1.030000,5806.00,0.0648000000,5.86601526000,0.000000,86.80000,,2.76000000,1.47000000
"Kepler-1328","Kepler-1328 b",813.54300000,284.6753857,44.4177225,1.000000,0.990000,5780.00,0.0520000000,4.52158888000,0.000000,88.82000,,0.90400000,0.98000000
"Kepler-1329","Kepler-1329 b",588.03700000,281.6476437,48.2709523,0.720000,0.690000,4500.00,0.0747000000,9.33646594000,0.000000,86.38000,,5.35000000,2.17000000
"Kepler-527","Kepler-527 b",750.04000000,290.9579130,47.4062673,1.280000,1.450000,6388.00,0.1164600000,13.28535633000,0.000000,85.87000,,8.45000000,2.84000000
"Kepler-1371","Kepler-1371 b",515.33400000,288.8314251,47.5519753,0.870000,0.830000,5361.00,0.0421400000,3.44620390000,0.000000,85.56000,,0.31500000,0.73000000
"Kepler-770","Kepler-770 d",930.45700000,286.4904589,38.3748720,0.940000,0.920000,5598.00,0.0616000000,4.15244722000,0.000000,86.24000,,2.54000000,1.40000000
"Kepler-896","Kepler-896 b",2334.93000000,282.4391402,43.7344291,0.840000,0.810000,5262.00,0.5637800000,144.54739600000,0.000000,88.57000,,6.94000000,2.53000000
"Kepler-1427","Kepler-1427 b",1220.00000000,295.3496546,45.1145372,1.010000,1.010000,5793.00,0.0197000000,0.96897237600,0.000000,89.25000,,1.37000000,1.10000000
"Kepler-1332","Kepler-1332 b",528.68500000,291.0286411,43.9137055,0.950000,0.900000,5581.00,0.0991500000,11.87456832000,0.000000,89.41000,,2.45000000,1.37000000
"Kepler-1330","Kepler-1330 b",1720.48000000,290.5767116,39.9568913,0.970000,0.940000,5608.00,0.0889000000,10.10769068000,0.000000,89.57000,,3.36000000,1.65000000
"Kepler-1373","Kepler-1373 b",1699.46000000,285.7520229,39.2491731,1.220000,1.330000,6299.00,0.0259800000,1.29123275000,0.000000,87.84000,,1.65000000,1.16000000
"Kepler-1374","Kepler-1374 b",1078.46000000,291.3499783,45.1722521,0.850000,0.810000,5323.00,0.0918000000,10.65276707000,0.000000,89.91000,,5.86000000,2.29000000
"Kepler-1311","Kepler-1311 c",866.33100000,289.6512597,43.8244445,1.050000,1.400000,5748.00,0.0375300000,2.53573424000,0.000000,89.37000,,1.98000000,1.22000000
"Kepler-1428","Kepler-1428 b",1530.32000000,297.6422563,49.5949580,1.280000,1.360000,6184.00,0.1105100000,10.67607169000,0.000000,88.60000,,3.33000000,1.64000000
"Kepler-1429","Kepler-1429 b",1214.09000000,285.3662532,49.0448172,1.050000,1.070000,5902.00,0.0550000000,4.48487493000,0.000000,88.57000,,2.21000000,1.29000000
"Kepler-1335","Kepler-1335 b",621.85300000,284.8384394,42.0703371,0.770000,0.740000,4903.00,0.0615000000,6.26406846000,0.000000,89.33000,,2.70000000,1.45000000
"Kepler-528","Kepler-528 b",784.23000000,295.6848595,47.7480914,1.010000,1.060000,5807.00,0.1421900000,19.78297415000,0.000000,89.97000,,4.98000000,2.08000000
"Kepler-1321","Kepler-1321 c",769.14600000,294.5285970,46.6408737,0.540000,0.530000,4094.00,0.0267000000,2.22649108600,0.000000,89.73000,,6.35000000,2.40000000
"Kepler-1433","Kepler-1433 b",1328.00000000,287.3634559,49.4568649,1.140000,1.190000,6097.00,0.0516000000,4.13592271000,0.000000,89.27000,,3.05000000,1.56000000
"Kepler-1337","Kepler-1337 b",601.62900000,287.0091176,46.7961229,0.700000,0.670000,4523.00,0.1441000000,24.40025490000,0.000000,88.30000,,6.39000000,2.41000000
"Kepler-1339","Kepler-1339 b",371.04900000,283.7457695,48.3734690,0.940000,0.930000,5586.00,0.0235600000,1.34155512700,0.000000,87.56000,,0.28500000,0.71000000
"Kepler-1377","Kepler-1377 b",1146.10000000,289.1954229,46.6516055,0.860000,0.820000,5218.00,0.0153000000,0.74092842200,0.000000,87.91000,,2.10000000,1.25000000
"Kepler-1378","Kepler-1378 b",506.43400000,297.3734030,40.3663986,0.700000,0.670000,4407.00,0.0885000000,11.95398936000,0.000000,88.26000,,5.48000000,2.20000000
"Kepler-1370","Kepler-1370 c",1004.10000000,284.5656897,41.7784781,1.190000,1.290000,6202.00,0.0808400000,7.44142113000,0.000000,82.53000,,2.15000000,1.27000000
"Kepler-1295","Kepler-1295 b",1174.46000000,291.3978451,45.5885530,0.920000,0.890000,5486.00,0.0464000000,3.81371974000,0.000000,88.78000,,3.02000000,1.55000000
"Kepler-1296","Kepler-1296 b",1551.54000000,292.1251038,41.4077928,0.870000,0.830000,5359.00,0.0896000000,8.38398650000,0.000000,81.36000,,0.69300000,0.91000000
"Kepler-1341","Kepler-1341 b",476.95700000,280.5116813,44.1593503,0.790000,0.720000,4662.00,0.4726700000,132.99683220000,0.000000,89.61000,,9.22000000,2.99000000
"Kepler-529","Kepler-529 b",799.00800000,285.8884067,47.8803640,1.070000,1.140000,6087.00,0.0309000000,1.98035766300,0.000000,80.89000,,4.12000000,1.86000000
"Kepler-1380","Kepler-1380 b",2462.94000000,288.1160421,42.4403832,0.960000,0.940000,5570.00,0.0917000000,10.31082450000,0.000000,89.47000,,2.63000000,1.43000000
"Kepler-1391","Kepler-1391 b",1038.35000000,294.8309749,46.6595768,1.030000,1.100000,5840.00,0.3004500000,54.40923330000,0.000000,89.80000,,3.46000000,1.68000000
"Kepler-1392","Kepler-1392 b",1117.00000000,288.7669819,46.3944497,0.880000,0.850000,5479.00,0.1189000000,15.14103970000,0.000000,89.71000,,4.50000000,1.96000000
"Kepler-1297","Kepler-1297 b",1439.47000000,289.9564415,47.0203466,0.990000,0.990000,5818.00,0.0283000000,1.68189002000,0.000000,84.06000,,0.87100000,0.97000000
"Kepler-1343","Kepler-1343 b",1756.71000000,294.2944830,50.7253850,0.950000,0.930000,5759.00,0.0449000000,3.35183158000,0.000000,89.60000,,4.38000000,1.93000000
"Kepler-1344","Kepler-1344 b",853.95900000,287.0862799,46.9457998,1.090000,1.130000,5981.00,0.0550100000,4.76830490000,0.000000,89.03000,,4.04000000,1.84000000
"Kepler-1383","Kepler-1383 b",1027.21000000,297.9447714,42.1918449,1.260000,1.440000,6370.00,0.1139700000,13.90935830000,0.000000,89.52000,,2.57000000,1.41000000
"Kepler-1381","Kepler-1381 b",1197.04000000,287.5357911,48.7277830,0.960000,0.940000,5747.00,0.1728000000,25.38426860000,0.000000,89.74000,,5.69000000,2.25000000
"Kepler-1393","Kepler-1393 b",544.45600000,284.4594558,40.1424756,0.950000,0.920000,5697.00,0.0337000000,2.44357812000,0.000000,88.50000,,0.43700000,0.80000000
"Kepler-1300","Kepler-1300 b",777.02500000,289.0330532,40.0869182,1.290000,1.790000,6130.00,0.1600500000,22.24190920000,0.000000,85.08000,,2.45000000,1.37000000
"Kepler-616","Kepler-616 c",945.77500000,294.9891370,46.8383058,0.980000,0.970000,5753.00,0.4024000000,90.41135560000,0.000000,89.16000,,11.50000000,3.41000000
"Kepler-1347","Kepler-1347 b",321.00000000,299.6595903,40.8438526,0.820000,0.790000,5193.00,0.1040000000,14.00947528000,0.000000,89.50000,,1.08000000,1.03000000
"Kepler-1345","Kepler-1345 b",1355.02000000,292.4779428,46.0228210,1.320000,1.550000,6449.00,0.2641200000,44.61695570000,0.000000,88.99000,,6.17000000,2.36000000
"Kepler-1385","Kepler-1385 b",688.79500000,282.6313559,46.4810220,1.150000,1.290000,5732.00,0.0426200000,2.88879862000,0.000000,88.09000,,0.54300000,0.85000000
"Kepler-1384","Kepler-1384 b",618.00000000,296.2151275,39.5270248,0.780000,0.740000,4919.00,0.1126000000,15.36262753000,0.000000,89.54000,,4.42000000,1.94000000
"Kepler-1397","Kepler-1397 b",1198.25000000,299.6758812,47.0758234,1.090000,1.120000,6026.00,0.2586100000,47.44995500000,0.000000,89.97000,,3.61000000,1.72000000
"Kepler-1398","Kepler-1398 b",852.20400000,294.8661073,48.6389923,1.130000,1.180000,6126.00,0.0390900000,2.78815679000,0.000000,89.47000,,0.66600000,0.90000000
"Kepler-1396","Kepler-1396 b",1066.46000000,294.3363936,44.9182296,1.180000,1.270000,6195.00,0.1406000000,18.22064210000,0.000000,89.74000,,4.94000000,2.07000000
"Kepler-1302","Kepler-1302 b",634.58000000,290.9892462,50.3080640,0.860000,0.820000,5236.00,0.0795000000,8.83922659000,0.000000,86.88000,,2.63000000,1.43000000
"Kepler-1304","Kepler-1304 b",2176.08000000,285.2763652,39.4468274,0.850000,0.810000,5259.00,0.1202000000,16.12888530000,0.000000,81.65000,,5.86000000,2.29000000
"Kepler-1350","Kepler-1350 b",340.69100000,288.2506110,46.6794847,0.550000,0.530000,3827.00,0.0413000000,4.49686040000,0.000000,89.95000,,6.90000000,2.52000000
"Kepler-1348","Kepler-1348 b",1213.82000000,292.0874126,49.7887090,1.040000,1.040000,5911.00,0.1834000000,27.57227420000,0.000000,89.05000,,4.42000000,1.94000000
"Kepler-1387","Kepler-1387 b",455.35800000,292.4403029,43.2093456,0.820000,0.770000,5046.00,0.0310000000,2.27952665600,0.000000,89.83000,,0.74900000,0.93000000
"Kepler-1398","Kepler-1398 c",852.20400000,294.8661073,48.6389923,1.130000,1.180000,6126.00,0.0508700000,4.13827595000,0.000000,86.45000,,1.08000000,1.03000000
"Kepler-1400","Kepler-1400 b",752.23700000,286.2716827,45.4408055,0.830000,0.780000,5044.00,0.0771000000,9.06689421000,0.000000,83.96000,,3.26000000,1.62000000
"Kepler-1307","Kepler-1307 b",1014.62000000,292.8698348,46.7418679,1.060000,1.080000,5884.00,0.1369000000,18.01621096000,0.000000,89.96000,,6.66000000,2.47000000
"Kepler-1351","Kepler-1351 b",202.78200000,293.6084289,42.1978746,0.700000,0.670000,4439.00,0.0156000000,0.91614076800,0.000000,87.78000,,0.20800000,0.65000000
"Kepler-521","Kepler-521 b",830.63800000,298.8163801,43.9980203,1.340000,1.460000,6406.00,0.1711600000,22.20813214000,0.000000,89.96000,,10.20000000,3.18000000
"Kepler-1390","Kepler-1390 b",723.43100000,298.6624419,48.2488659,0.980000,0.980000,5753.00,0.0662000000,6.48021673000,0.000000,86.12000,,1.76000000,1.18000000
"Kepler-531","Kepler-531 b",252.76200000,286.5246582,48.6835481,0.780000,0.750000,4893.00,0.1744600000,29.88485741000,0.000000,89.06000,,8.15000000,2.78000000
"Kepler-1389","Kepler-1389 b",497.09300000,285.7174414,44.7583487,0.810000,0.740000,5078.00,0.3824900000,99.25309510000,0.000000,88.71000,,3.78000000,1.77000000
"Kepler-1401","Kepler-1401 b",1425.43000000,287.4660334,40.7584200,1.070000,1.100000,5964.00,0.0975000000,11.20066445000,0.000000,81.71000,,3.46000000,1.68000000
"Kepler-1402","Kepler-1402 b",1493.64000000,291.8478341,48.9681664,0.900000,0.870000,5416.00,0.0322000000,2.03387914000,0.000000,87.24000,,0.36300000,0.76000000
"Kepler-1308","Kepler-1308 b",112.70500000,285.9287514,38.5207097,0.350000,0.340000,3468.00,0.0250000000,2.10433811900,0.000000,83.39000,,0.09330000,0.52000000
"Kepler-1309","Kepler-1309 b",845.00000000,298.7351131,40.7641262,0.850000,0.800000,5235.00,0.1679000000,28.84326470000,0.000000,88.43000,,6.21000000,2.37000000
"Kepler-1352","Kepler-1352 b",670.82900000,290.6937988,48.7014417,1.110000,1.160000,6118.00,0.0288300000,1.87788274800,0.000000,87.58000,,0.64000000,0.89000000
"Kepler-1353","Kepler-1353 b",593.38400000,295.7353911,42.5762317,0.760000,0.720000,4776.00,0.1530000000,24.75439660000,0.000000,89.01000,,3.89000000,1.80000000
"Kepler-532","Kepler-532 b",312.79800000,298.6609094,48.6063022,0.870000,0.790000,5192.00,0.1015100000,12.92491623000,0.000000,88.26000,,7.13000000,2.57000000
"Kepler-1403","Kepler-1403 b",2163.90000000,290.8676391,38.9600779,1.110000,1.150000,6060.00,0.0640000000,5.19492202000,0.000000,89.58000,,5.22000000,2.14000000
"Kepler-1405","Kepler-1405 b",1530.30000000,295.6848822,39.2561274,1.050000,1.070000,5925.00,0.1778000000,28.22741840000,0.000000,89.96000,,14.90000000,3.96000000
"Kepler-1310","Kepler-1310 b",569.18500000,283.9200236,40.7400419,0.910000,0.880000,5549.00,0.0145200000,0.67933627200,0.000000,87.19000,,2.67000000,1.44000000
"Kepler-1312","Kepler-1312 b",299.10400000,292.9712801,41.0357494,0.990000,0.920000,5719.00,0.0605300000,5.44832528600,0.000000,87.71000,,5.06000000,2.10000000
"Kepler-517","Kepler-517 b",289.90700000,293.6755138,41.2952061,0.950000,0.980000,5690.00,0.2868200000,60.92832271000,0.000000,89.99000,,7.61000000,2.67000000
"Kepler-1356","Kepler-1356 b",845.22800000,290.9953825,43.2438792,0.820000,0.780000,5106.00,0.0136000000,0.63400293700,0.000000,85.82000,,2.96000000,1.53000000
"Kepler-1354","Kepler-1354 b",1119.45000000,291.2451266,37.7590079,1.160000,1.240000,6168.00,0.3521000000,76.61337700000,0.000000,88.50000,,9.11000000,2.97000000
"Kepler-1050","Kepler-1050 c",490.48800000,282.9249847,48.6264015,1.090000,1.130000,6010.00,0.1526400000,21.12845690000,0.000000,89.48000,,2.79000000,1.48000000
"Kepler-1407","Kepler-1407 b",1396.41000000,283.9424274,41.4715535,1.100000,1.150000,6010.00,0.1502000000,20.07115040000,0.000000,88.07000,,5.69000000,2.25000000
"Kepler-1313","Kepler-1313 b",174.23400000,292.3885820,42.2332767,0.920000,0.850000,5453.00,0.0461900000,3.83309117800,0.000000,83.58000,,3.75000000,1.76000000
"Kepler-1359","Kepler-1359 b",614.85900000,289.5388180,41.8928154,0.780000,0.720000,4709.00,0.2665700000,59.49709520000,0.000000,89.71000,,8.40000000,2.83000000
"Kepler-1360","Kepler-1360 b",1516.27000000,300.3440482,45.6231826,1.510000,1.830000,6778.00,0.2866000000,40.52864130000,0.000000,89.34000,,11.50000000,3.40000000
"Kepler-1611","Kepler-1611 b",908.44400000,296.5120204,49.7277506,0.940000,0.930000,5605.00,0.0586000000,5.17624290000,0.000000,89.26000,,0.45700000,0.81000000
"Kepler-1463","Kepler-1463 b",1687.47000000,294.4872785,42.0069064,0.960000,0.950000,5679.00,0.1694000000,25.15864000000,0.000000,89.95000,,4.12000000,1.86000000
"Kepler-1543","Kepler-1543 b",921.78400000,297.1242915,47.0369876,1.390000,1.650000,6561.00,0.0867000000,6.96710269000,0.000000,82.12000,,7.80000000,2.71000000
"Kepler-1578","Kepler-1578 b",1064.05000000,288.3021104,47.7756227,0.900000,0.860000,5545.00,0.0252000000,1.45088690700,0.000000,86.85000,,1.12000000,1.04000000
"Kepler-626","Kepler-626 b",635.64300000,288.6986828,39.7082044,1.010000,1.050000,5813.00,0.1091300000,14.48585199000,0.000000,86.48000,,5.86000000,2.29000000
"Kepler-1465","Kepler-1465 b",359.49700000,289.8194222,51.9048541,0.750000,0.710000,4726.00,0.1939000000,31.82771110000,0.000000,89.54000,,3.78000000,1.77000000
"Kepler-1466","Kepler-1466 b",631.94900000,289.8312418,44.6098415,1.010000,1.020000,5884.00,0.1798100000,31.17504480000,0.000000,89.99000,,3.02000000,1.55000000
"Kepler-1546","Kepler-1546 b",931.95600000,297.5839183,41.5411993,0.950000,0.930000,5623.00,0.1366000000,19.59749710000,0.000000,87.32000,,9.96000000,3.13000000
"Kepler-1548","Kepler-1548 b",872.27900000,287.4711817,46.0805706,0.990000,0.970000,5706.00,0.4679000000,124.82867900000,0.000000,89.96000,,7.46000000,2.64000000
"Kepler-1613","Kepler-1613 b",1508.33000000,289.8750066,43.4209318,1.080000,1.120000,6005.00,0.0275500000,1.51842990000,0.000000,80.83000,,4.98000000,2.08000000
"Kepler-1468","Kepler-1468 c",1899.24000000,293.5198289,41.2773671,1.040000,1.050000,5893.00,0.0466000000,3.54553021000,0.000000,88.75000,,1.60000000,1.15000000
"Kepler-1582","Kepler-1582 b",78.89060000,289.3765441,41.1580845,0.280000,0.300000,3208.00,0.0316000000,4.83817712000,0.000000,89.98000,,2.83000000,1.49000000
"Kepler-1469","Kepler-1469 b",1159.30000000,293.8213286,39.3913385,0.920000,0.890000,5507.00,0.1466000000,21.86353010000,0.000000,89.32000,,8.25000000,2.80000000
"Kepler-633","Kepler-633 b",680.54000000,295.2173259,40.5921599,1.020000,1.150000,5899.00,0.0818500000,8.50340718000,0.000000,86.36000,,3.29000000,1.63000000
"Kepler-1550","Kepler-1550 b",1179.01000000,287.7646113,38.2947076,1.070000,1.110000,5991.00,0.7681000000,225.58280900000,0.000000,89.98000,,9.38000000,3.02000000
"Kepler-1552","Kepler-1552 b",769.09600000,291.6768669,38.8749152,0.850000,0.780000,5202.00,0.6011000000,184.77185300000,0.000000,89.98000,,6.66000000,2.47000000
"Kepler-1584","Kepler-1584 b",1416.31000000,287.7626791,43.2743929,1.100000,1.130000,6069.00,0.1168000000,13.39970990000,0.000000,89.21000,,3.22000000,1.61000000
"Kepler-556","Kepler-556 b",674.59800000,290.5294799,38.9427306,1.000000,0.980000,5740.00,0.0983300000,11.72292176000,0.000000,89.97000,,5.65000000,2.24000000
"Kepler-629","Kepler-629 b",372.05000000,289.4179128,39.9450757,0.930000,0.840000,5444.00,0.0710700000,7.23858540000,0.000000,89.53000,,2.48000000,1.38000000
"Kepler-630","Kepler-630 b",839.78400000,293.4270647,39.9423967,1.020000,1.040000,5829.00,0.5620100000,161.47439370000,0.000000,89.48000,,10.20000000,3.18000000
"Kepler-1470","Kepler-1470 b",590.60100000,288.6949475,39.8830802,0.800000,0.760000,4961.00,0.1160000000,16.29509030000,0.000000,89.05000,,1.24000000,1.07000000
"Kepler-1475","Kepler-1475 b",1568.38000000,295.9482766,44.7530960,1.180000,1.280000,6214.00,0.3730000000,82.17737400000,0.000000,89.99000,,8.85000000,2.92000000
"Kepler-1476","Kepler-1476 b",1002.74000000,284.5320743,43.9898971,0.980000,0.960000,5663.00,0.0932000000,10.35863224000,0.000000,89.86000,,3.43000000,1.67000000
"Kepler-154","Kepler-154 f",915.21200000,289.7805393,49.8965624,0.980000,0.980000,5769.00,0.0883200000,9.91935684000,0.000000,89.47000,,2.86000000,1.50000000
"Kepler-1165","Kepler-1165 b",1575.20000000,286.9712284,44.7082669,1.130000,1.180000,6080.00,0.0914000000,9.47852200000,0.000000,89.46000,,3.02000000,1.55000000
"Kepler-1587","Kepler-1587 b",1026.48000000,292.6777294,49.6638666,1.080000,1.220000,5933.00,0.0874700000,9.40604670000,0.000000,88.33000,,2.33000000,1.33000000
"Kepler-579","Kepler-579 b",530.76500000,295.0020771,39.9528613,0.990000,0.960000,5636.00,0.0854000000,9.66857723000,0.000000,87.59000,,4.66000000,2.00000000
"Kepler-1619","Kepler-1619 b",734.85000000,285.7035950,44.4221528,1.000000,1.000000,5852.00,0.1541300000,23.62259130000,0.000000,89.14000,,0.36300000,0.76000000
"Kepler-132","Kepler-132 e",349.54900000,283.2358100,41.3430370,1.030000,1.100000,6023.00,0.4392700000,110.28693740000,0.000000,89.73000,,1.76000000,1.18000000
"Kepler-1471","Kepler-1471 b",978.67800000,289.6649171,50.0200612,0.950000,0.930000,5660.00,0.0453000000,3.63899398000,0.000000,88.46000,,2.57000000,1.41000000
"Kepler-1554","Kepler-1554 b",946.84700000,286.5760160,41.7415762,0.840000,0.810000,5297.00,0.5952700000,198.08877400000,0.000000,89.77000,,8.75000000,2.90000000
"Kepler-541","Kepler-541 b",1060.68000000,294.1496529,38.4582070,1.410000,2.060000,6166.00,0.0644700000,5.08005848000,0.000000,83.85000,,11.20000000,3.36000000
"Kepler-1589","Kepler-1589 b",1513.14000000,294.4418236,40.5716114,1.180000,1.250000,6166.00,0.0205000000,0.99166527400,0.000000,71.48000,,1.32000000,1.09000000
"Kepler-686","Kepler-686 b",1490.94000000,285.2138190,39.0274660,0.940000,0.920000,5649.00,0.0258000000,1.59474546300,0.000000,85.25000,,,12.15000000
"Kepler-1473","Kepler-1473 b",652.25300000,290.6365144,48.9961494,1.090000,1.090000,6046.00,0.1160600000,14.42735510000,0.000000,80.92000,,1.81000000,1.19000000
"Kepler-1472","Kepler-1472 b",1479.14000000,294.8526163,49.0574468,1.160000,1.250000,6159.00,0.2322000000,38.13128310000,0.000000,89.14000,,4.27000000,1.90000000
"Kepler-1474","Kepler-1474 b",1180.90000000,294.6940261,45.8668090,1.040000,1.040000,5870.00,0.2108000000,36.43334520000,0.000000,89.77000,,5.31000000,2.16000000
"Kepler-1556","Kepler-1556 b",944.54000000,288.3969751,40.2131892,0.970000,0.950000,5608.00,0.0829000000,8.82713457000,0.000000,89.57000,,4.50000000,1.96000000
"Kepler-542","Kepler-542 b",436.01600000,292.2149697,38.5485469,0.930000,0.900000,5526.00,0.1070300000,13.14497566000,0.000000,88.51000,,3.09000000,1.57000000
"Kepler-1592","Kepler-1592 b",1639.47000000,293.8506230,38.3977379,1.180000,1.280000,6213.00,0.0400000000,3.05710069000,0.000000,89.10000,,2.99000000,1.54000000
"Kepler-1623","Kepler-1623 b",837.48100000,294.0826970,39.5560655,1.000000,1.000000,5772.00,0.0518000000,4.36128348000,0.000000,88.52000,,2.27000000,1.31000000
"Kepler-1622","Kepler-1622 b",796.47700000,297.3288329,47.8154590,1.310000,1.500000,6436.00,0.1013600000,10.81187370000,0.000000,86.49000,,2.76000000,1.47000000
"Kepler-631","Kepler-631 b",761.96600000,296.8857240,40.2281717,1.240000,1.330000,6185.00,0.1401700000,17.97979059000,0.000000,89.84000,,8.75000000,2.90000000
"Kepler-1477","Kepler-1477 b",680.82800000,281.2985305,42.6856727,0.810000,0.780000,5100.00,0.0911000000,11.55530021000,0.000000,83.66000,,1.76000000,1.18000000
"Kepler-1478","Kepler-1478 b",1845.58000000,293.1650085,41.7461840,1.040000,1.060000,5904.00,0.1681000000,26.08405940000,0.000000,89.84000,,3.64000000,1.73000000
"Kepler-1558","Kepler-1558 b",325.73700000,286.8194349,46.9117837,0.830000,0.790000,5101.00,0.0427800000,3.50470358000,0.000000,88.66000,,0.24400000,0.68000000
"Kepler-1557","Kepler-1557 b",1380.16000000,293.8813592,46.8388172,1.110000,1.170000,6099.00,0.0490000000,3.74032496000,0.000000,88.63000,,2.96000000,1.53000000
"Kepler-544","Kepler-544 b",963.18000000,294.0290734,39.0517893,1.160000,1.220000,6206.00,0.1548200000,21.41616926000,0.000000,89.80000,,5.14000000,2.12000000
"Kepler-1442","Kepler-1442 b",608.68000000,291.2556226,48.8469171,1.340000,1.440000,6394.00,0.4081400000,81.41629410000,0.000000,87.53000,,14.70000000,3.93000000
"Kepler-1435","Kepler-1435 b",704.21100000,291.1732806,44.9210836,1.210000,1.320000,6356.00,0.0545600000,4.45343281000,0.000000,85.80000,,0.56600000,0.86000000
"Kepler-1559","Kepler-1559 b",614.82700000,292.2866565,42.0725948,0.860000,0.820000,5316.00,0.0183500000,0.97191542800,0.000000,81.16000,,0.29900000,0.72000000
"Kepler-1596","Kepler-1596 b",2146.23000000,285.5575066,49.3300866,0.950000,0.920000,5706.00,0.3237000000,66.37337900000,0.000000,89.98000,,4.27000000,1.90000000
"Kepler-403","Kepler-403 d",840.26900000,289.9214256,46.7445267,1.250000,1.450000,6209.00,0.1217800000,13.61159129000,0.000000,89.53000,,2.60000000,1.42000000
"Kepler-1443","Kepler-1443 b",593.64600000,283.4357392,47.0667983,1.190000,1.270000,6289.00,0.0378300000,2.41811321000,0.000000,89.89000,,0.87100000,0.97000000
"Kepler-1438","Kepler-1438 b",1154.13000000,289.2898190,40.6816262,0.970000,0.960000,5530.00,0.0346000000,2.31942009000,0.000000,87.59000,,0.77900000,0.94000000
"Kepler-1562","Kepler-1562 b",2060.72000000,294.4556567,46.7435353,1.020000,1.050000,5760.00,0.3308000000,64.27377520000,0.000000,87.44000,,12.30000000,3.55000000
"Kepler-1561","Kepler-1561 b",839.07600000,296.9235822,43.5664628,1.070000,1.110000,5957.00,0.0194000000,1.00520700700,0.000000,88.34000,,1.32000000,1.09000000
"Kepler-1598","Kepler-1598 b",619.86200000,288.4691070,46.7836464,1.070000,1.090000,5940.00,0.0520700000,4.34195123000,0.000000,89.47000,,0.80900000,0.95000000
"Kepler-1445","Kepler-1445 b",506.35700000,280.2495197,43.9150665,1.130000,1.260000,6150.00,0.0958700000,10.60052251000,0.000000,86.66000,,0.84000000,0.96000000
"Kepler-511","Kepler-511 b",651.99900000,282.9455384,47.5749181,1.000000,1.200000,5770.00,0.8567200000,296.63786500000,0.000000,89.81000,,33.10000000,6.35000000
"Kepler-1564","Kepler-1564 b",908.80500000,290.5861316,46.6427486,0.930000,0.900000,5528.00,0.1327000000,18.05403810000,0.000000,89.67000,,2.76000000,1.47000000
"Kepler-1563","Kepler-1563 b",616.69700000,288.5735936,51.4727698,1.000000,0.990000,5765.00,0.0442000000,3.43276598000,0.000000,81.58000,,0.34700000,0.75000000
"Kepler-1565","Kepler-1565 b",629.93000000,297.9529793,40.8067876,0.760000,0.730000,4940.00,0.0241000000,1.53818843700,0.000000,82.28000,,1.81000000,1.19000000
"Kepler-1602","Kepler-1602 b",629.80400000,293.5808607,40.4275396,1.220000,1.360000,6296.00,0.0974400000,11.17931605000,0.000000,89.15000,,2.36000000,1.34000000
"Kepler-1448","Kepler-1448 b",768.90300000,287.8674123,50.5955846,0.950000,0.930000,5774.00,0.1058000000,12.27065865000,0.000000,89.95000,,3.22000000,1.61000000
"Kepler-1449","Kepler-1449 b",2006.48000000,288.2317293,50.5678345,1.080000,1.100000,5979.00,0.1176000000,13.22745280000,0.000000,85.35000,,3.46000000,1.68000000
"Kepler-1566","Kepler-1566 b",466.58600000,283.5875459,40.5749018,0.840000,0.810000,5254.00,0.0119800000,0.53991523800,0.000000,85.27000,,0.41800000,0.79000000
"Kepler-1567","Kepler-1567 b",1206.11000000,286.6951530,40.2918894,0.950000,0.930000,5655.00,0.5520000000,153.97957800000,0.000000,89.98000,,7.90000000,2.73000000
"Kepler-597","Kepler-597 b",663.41800000,293.4700919,39.2528182,0.970000,0.950000,5683.00,0.1091600000,13.02365861000,0.000000,89.93000,,6.21000000,2.37000000
"Kepler-1603","Kepler-1603 b",2712.58000000,295.3298254,42.5349698,1.210000,1.310000,6241.00,0.0351000000,2.27163926000,0.000000,89.87000,,2.21000000,1.29000000
"Kepler-1450","Kepler-1450 b",505.82900000,294.5536825,45.0813011,0.710000,0.680000,4524.00,0.2401000000,54.50941660000,0.000000,88.43000,,3.57000000,1.71000000
"Kepler-1451","Kepler-1451 b",1058.72000000,293.4464227,40.4098813,1.000000,0.990000,5782.00,0.2101000000,35.62223300000,0.000000,89.73000,,11.20000000,3.35000000
"Kepler-603","Kepler-603 d",1539.63000000,294.2809679,42.2909295,1.010000,1.010000,5808.00,0.0711700000,6.21712920000,0.000000,88.14000,,2.30000000,1.32000000
"Kepler-605","Kepler-605 c",556.58000000,287.2954015,43.2798677,0.910000,0.880000,5462.00,0.0333600000,2.35895151500,0.000000,87.91000,,0.56600000,0.86000000
"Kepler-1568","Kepler-1568 b",916.31300000,289.1826808,47.8733301,1.090000,1.190000,5956.00,0.1515700000,20.92539200000,0.000000,89.51000,,2.24000000,1.30000000
"Kepler-1606","Kepler-1606 b",831.28700000,286.3782987,43.0732287,0.900000,0.860000,5422.00,0.6421000000,196.43522400000,0.000000,89.81400,,4.94000000,2.07000000
"Kepler-1452","Kepler-1452 b",996.32000000,292.4227920,38.2662824,1.410000,2.060000,6101.00,0.2576400000,42.91375100000,0.000000,89.60000,,7.75000000,2.70000000
"Kepler-1571","Kepler-1571 b",675.30300000,300.9354067,45.5964836,1.230000,1.390000,6297.00,0.0428700000,3.38555488000,0.000000,89.47000,,2.92000000,1.52000000
"Kepler-1570","Kepler-1570 b",918.99500000,299.8617842,45.8274232,0.920000,0.890000,5550.00,0.1669900000,26.54895500000,0.000000,89.52000,,1.24000000,1.07000000
"Kepler-1572","Kepler-1572 b",946.60200000,281.8973341,46.7227061,0.970000,0.950000,5618.00,0.0583800000,5.49548621000,0.000000,89.31000,,0.77900000,0.94000000
"Kepler-1607","Kepler-1607 b",1286.10000000,296.0598685,42.6560582,1.140000,1.210000,6116.00,0.1197800000,13.64736760000,0.000000,86.47000,,0.72100000,0.92000000
"Kepler-1609","Kepler-1609 b",1826.04000000,290.1465356,39.6658026,1.180000,1.270000,6132.00,0.4679000000,114.34219000000,0.000000,89.44000,,5.56000000,2.22000000
"Kepler-1457","Kepler-1457 b",889.88500000,283.7705481,42.0272030,1.010000,1.010000,5866.00,0.2639100000,51.11102430000,0.000000,89.97000,,4.62000000,1.99000000
"Kepler-1458","Kepler-1458 b",544.45000000,283.2115971,41.0380135,0.960000,0.940000,5653.00,0.2486900000,47.98727640000,0.000000,88.67000,,8.05000000,2.76000000
"Kepler-217","Kepler-217 d",1104.64000000,293.0377331,46.2775223,1.370000,1.760000,6341.00,0.0534000000,3.88689525000,0.000000,89.75000,,2.30000000,1.32000000
"Kepler-625","Kepler-625 c",760.70800000,292.1504723,39.6375254,1.040000,0.960000,5789.00,0.0537900000,4.16536510000,0.000000,87.83000,,1.16000000,1.05000000
"Kepler-653","Kepler-653 c",595.63400000,282.2130447,46.7177898,1.020000,1.190000,5665.00,0.0185500000,0.90037647600,0.000000,89.04000,,0.39900000,0.78000000
"Kepler-1575","Kepler-1575 b",1246.92000000,293.7432102,45.7615507,0.950000,0.920000,5667.00,0.0366000000,2.55314213000,0.000000,88.19000,,2.27000000,1.31000000
"Kepler-578","Kepler-578 b",541.43200000,288.7549882,39.5636960,0.870000,0.830000,5334.00,0.0266000000,1.61688369600,0.000000,78.60000,,4.66000000,2.00000000
"Kepler-1461","Kepler-1461 b",679.10600000,285.8305091,43.1983770,0.790000,0.740000,4919.00,0.1715000000,29.34947750000,0.000000,88.82000,,4.78000000,2.03000000
"Kepler-1541","Kepler-1541 b",416.69200000,283.7870875,48.0296019,0.860000,0.810000,5282.00,0.0755500000,8.40691199000,0.000000,89.97000,,1.65000000,1.16000000
"Kepler-1576","Kepler-1576 b",460.91000000,289.0739641,40.3660239,1.050000,1.060000,5876.00,0.0721100000,6.98471973000,0.000000,88.54000,,1.12000000,1.04000000
"Kepler-603","Kepler-603 b",1539.63000000,294.2809679,42.2909295,1.010000,1.010000,5808.00,0.1605200000,21.05358596000,0.000000,89.98000,,7.51000000,2.65000000
"Kepler-640","Kepler-640 b",557.78700000,296.0322000,42.1317392,1.010000,0.940000,5653.00,0.1541800000,22.24813967000,0.000000,87.79000,,7.08000000,2.56000000
"Kepler-722","Kepler-722 b",1239.50000000,290.2632874,44.5564051,1.030000,1.050000,5863.00,0.0514000000,4.09357325200,0.000000,79.95000,,7.41000000,2.63000000
"Kepler-634","Kepler-634 b",888.02700000,291.1950900,40.7027352,1.030000,1.240000,6075.00,0.0576500000,5.16950177000,0.000000,88.44000,,4.23000000,1.89000000
"Kepler-701","Kepler-701 b",774.15200000,288.9941800,41.6333125,0.880000,0.840000,5343.00,0.0895000000,10.35533177000,0.000000,89.93000,,8.45000000,2.84000000
"Kepler-709","Kepler-709 b",664.84300000,292.1052720,42.3803077,0.800000,0.770000,5071.00,0.1173000000,16.08524954000,0.000000,87.21000,,8.85000000,2.92000000
"Kepler-1625","Kepler-1625 b",2310.11000000,295.4293220,39.8865068,0.960000,0.940000,5677.00,0.8776200000,287.37894900000,0.000000,89.99000,,30.60000000,6.06000000
"Kepler-1501","Kepler-1501 b",749.06000000,289.9185890,42.0014280,1.200000,1.300000,6229.00,0.1159200000,14.55645330000,0.000000,89.93000,,3.05000000,1.56000000
"Kepler-1500","Kepler-1500 b",1217.82000000,288.8834740,39.7446547,1.000000,1.000000,5845.00,0.1236000000,15.03301050000,0.000000,84.02000,,1.87000000,1.20000000
"Kepler-1522","Kepler-1522 b",814.12500000,289.8432347,52.0702094,0.960000,0.930000,5706.00,0.0288000000,1.84788917100,0.000000,89.73000,,3.64000000,1.73000000
"Kepler-702","Kepler-702 b",992.07100000,293.8781041,41.6617245,0.900000,0.860000,5419.00,0.0880000000,10.52629406300,0.000000,88.69000,,61.80000000,9.17000000
"Kepler-641","Kepler-641 b",969.91800000,291.8235292,42.5161945,1.020000,1.130000,5713.00,0.0895000000,9.48961571000,0.000000,86.44000,,4.08000000,1.85000000
"Kepler-1626","Kepler-1626 b",1368.83000000,296.5004384,40.7212069,1.510000,1.850000,6826.00,0.0537000000,4.13962966000,0.000000,87.83000,,4.74000000,2.02000000
"Kepler-609","Kepler-609 b",1065.82000000,292.2203009,44.6999902,1.090000,1.140000,5971.00,0.0682000000,6.52121066600,0.000000,88.14000,,11.20000000,3.35000000
"Kepler-724","Kepler-724 b",853.11900000,293.4548441,44.7927823,0.900000,0.860000,5437.00,0.0433000000,3.31494633800,0.000000,85.11000,,10.80000000,3.29000000
"Kepler-1504","Kepler-1504 b",2435.94000000,289.7119947,50.1282265,0.850000,0.810000,5393.00,0.3704000000,82.30400300000,0.000000,87.87000,,5.18000000,2.13000000
"Kepler-1505","Kepler-1505 b",495.14800000,292.0020614,41.7869639,0.930000,0.860000,5686.00,0.1829800000,30.86093660000,0.000000,88.40000,,0.74900000,0.93000000
"Kepler-1524","Kepler-1524 b",381.77300000,293.8853557,39.5198348,1.170000,1.250000,6179.00,0.3392000000,70.96746030000,0.000000,89.54000,,12.30000000,3.54000000
"Kepler-495","Kepler-495 b",658.92400000,285.9307362,39.0981201,0.860000,0.830000,5346.00,0.0427000000,3.41303622100,0.000000,89.75000,,23.80000000,5.23000000
"Kepler-710","Kepler-710 b",1448.34000000,291.9641255,42.6961308,0.940000,0.910000,5611.00,0.0524000000,4.34728552700,0.000000,89.91000,,4.19000000,1.88000000
"Kepler-540","Kepler-540 b",390.37400000,290.6249953,44.8737757,1.020000,1.080000,5946.00,0.5882200000,172.70497840000,0.000000,90.00000,,7.80000000,2.71000000
"Kepler-1644","Kepler-1644 b",629.27000000,285.4750512,48.0348356,0.890000,0.860000,5499.00,0.1420000000,21.09077580000,0.000000,87.63000,,4.19000000,1.88000000
"Kepler-1507","Kepler-1507 b",320.47800000,288.5616269,46.5361247,0.890000,0.850000,5410.00,0.1194600000,16.05062130000,0.000000,89.80000,,0.52000000,0.84000000
"Kepler-1506","Kepler-1506 b",2366.02000000,290.1498822,41.4645625,0.950000,0.930000,5676.00,0.1168000000,14.03291540000,0.000000,89.85000,,2.30000000,1.32000000
"Kepler-1086","Kepler-1086 c",466.08400000,295.2511870,45.8429537,0.700000,0.660000,4350.00,0.5030000000,161.51633450000,0.000000,90.00000,,8.96000000,2.94000000
"Kepler-604","Kepler-604 b",1026.49000000,292.3159795,42.6262429,1.020000,1.030000,5890.00,0.1735000000,25.85501786000,0.000000,89.70000,,7.22000000,2.59000000
"Kepler-1627","Kepler-1627 b",317.43700000,284.0566675,41.5767277,0.870000,0.840000,5445.00,0.0643000000,7.20283653000,0.000000,89.92000,,13.20000000,3.69000000
"Kepler-1510","Kepler-1510 b",1696.25000000,298.9591432,48.2578295,1.190000,1.280000,6200.00,0.4089000000,84.70392100000,0.000000,89.99000,,11.20000000,3.36000000
"Kepler-1511","Kepler-1511 b",1475.60000000,288.4211892,43.1797730,1.170000,1.290000,6064.00,0.1753000000,23.23827920000,0.000000,88.98000,,3.46000000,1.68000000
"Kepler-1526","Kepler-1526 b",555.57400000,285.1197266,38.8664618,0.730000,0.690000,4601.00,0.0418000000,3.90863200500,0.000000,89.63000,,6.48000000,2.43000000
"Kepler-643","Kepler-643 b",1063.58000000,290.3272423,42.8982283,1.000000,2.520000,4908.00,0.1348500000,16.33889626000,0.370000,88.91000,,321.00830000,10.16000000
"Kepler-642","Kepler-642 b",781.58200000,293.8345542,42.6249480,1.400000,1.660000,6570.00,0.0563100000,4.41745855000,0.000000,89.58000,,8.75000000,2.90000000
"Kepler-711","Kepler-711 b",624.57500000,297.4600468,42.8398172,0.840000,0.800000,5222.00,0.1429000000,23.58914398000,0.000000,86.86000,,11.50000000,3.41000000
"Kepler-726","Kepler-726 b",762.08100000,291.7172776,44.8873466,0.880000,0.850000,5452.00,0.1406000000,21.80451088000,0.000000,88.76000,,10.70000000,3.26000000
"Kepler-401","Kepler-401 d",965.56000000,290.0827494,50.8634361,1.170000,1.290000,6184.00,0.6688600000,184.25640500000,0.000000,89.15000,,5.77000000,2.27000000
"Kepler-1512","Kepler-1512 b",162.00000000,289.2744976,44.4704056,0.730000,0.670000,4372.00,0.1369300000,20.35972599000,0.000000,89.45000,,1.76000000,1.18000000
"Kepler-1528","Kepler-1528 b",817.53400000,287.4029864,46.5740084,1.030000,1.030000,5857.00,0.0296000000,1.79111020500,0.000000,89.76000,,2.73000000,1.46000000
"Kepler-1529","Kepler-1529 b",661.01400000,289.8707469,41.0407482,0.810000,0.770000,5048.00,0.0525000000,5.33905686000,0.000000,89.96000,,5.06000000,2.10000000
"Kepler-1388","Kepler-1388 d",453.79500000,283.3360156,47.1744499,0.630000,0.610000,4098.00,0.1260000000,20.95681580000,0.000000,89.86000,,8.55000000,2.86000000
"Kepler-622","Kepler-622 b",284.76100000,284.4784454,40.9331723,0.640000,0.610000,4201.00,0.0978000000,14.28226676000,0.000000,89.97000,,5.18000000,2.13000000
"Kepler-1530","Kepler-1530 b",489.87600000,288.1624396,48.1651530,0.920000,0.880000,5477.00,0.0355300000,2.59044340000,0.000000,83.90000,,3.33000000,1.64000000
"Kepler-1530","Kepler-1530 c",489.87600000,288.1624396,48.1651530,0.920000,0.880000,5477.00,0.0574400000,5.32274060000,0.000000,85.11000,,3.36000000,1.65000000
"Kepler-1632","Kepler-1632 b",716.76000000,294.4948769,43.9135575,1.120000,1.190000,6137.00,0.6762000000,448.30355800000,0.000000,89.99000,,6.66000000,2.47000000
"Kepler-1631","Kepler-1631 b",1305.99000000,294.6325781,43.8076687,0.970000,0.950000,5679.00,0.0511000000,4.09513932000,0.000000,75.96000,,2.39000000,1.35000000
"Kepler-1534","Kepler-1534 b",1107.00000000,292.3953730,43.8691326,0.900000,0.860000,5442.00,0.0599000000,5.71668872000,0.000000,88.04000,,4.23000000,1.89000000
"Kepler-1531","Kepler-1531 b",666.33400000,285.1466220,39.3708055,1.160000,1.270000,6260.00,0.0220400000,1.13854337600,0.000000,81.07000,,1.41000000,1.11000000
"Kepler-1093","Kepler-1093 c",1072.88000000,284.9780251,41.4202077,1.130000,1.200000,6166.00,0.4103700000,89.72229200000,0.000000,89.02000,,4.50000000,1.96000000
"Kepler-714","Kepler-714 b",2083.37000000,282.6994685,43.2727437,1.090000,1.120000,5995.00,0.0832000000,8.09888798600,0.000000,89.93000,,67.60000000,9.67000000
"Kepler-1633","Kepler-1633 b",1114.91000000,288.5151733,44.9232545,1.200000,1.320000,6256.00,0.3875000000,186.40427100000,0.000000,88.51000,,3.12000000,1.58000000
"Kepler-713","Kepler-713 b",1089.87000000,295.6513819,43.0297781,0.980000,0.990000,5785.00,0.0748000000,7.41114100000,0.000000,87.54000,,6.71000000,2.48000000
"Kepler-1480","Kepler-1480 b",500.89200000,291.9998055,49.3018321,0.850000,0.810000,5156.00,0.1525000000,22.12679948000,0.000000,86.10000,,3.43000000,1.67000000
"Kepler-1479","Kepler-1479 b",728.66800000,285.7119953,49.7067574,0.990000,0.980000,5796.00,0.1134100000,14.53261362000,0.000000,89.86000,,4.01000000,1.83000000
"Kepler-1481","Kepler-1481 b",459.07600000,289.4390075,49.7312226,0.800000,0.750000,4908.00,0.0590000000,5.94220998000,0.000000,89.74000,,2.04000000,1.23000000
"Kepler-990","Kepler-990 c",802.16300000,297.9381813,46.8813194,1.050000,1.080000,5948.00,0.0123200000,0.53835430800,0.000000,82.87000,,2.96000000,1.53000000
"Kepler-969","Kepler-969 c",390.35400000,288.3724989,47.9335642,0.920000,0.820000,5214.00,0.0265000000,1.68293460400,0.000000,82.42000,,0.93700000,0.99000000
"Kepler-489","Kepler-489 b",369.64500000,290.8332412,38.1841851,0.820000,0.760000,5014.00,0.1210900000,17.27629611900,0.000000,89.87000,,46.10000000,7.72000000
"Kepler-1532","Kepler-1532 b",798.24600000,296.9027840,41.1981424,0.910000,0.880000,5559.00,0.0206000000,1.09366355900,0.000000,88.29000,,2.39000000,1.35000000
"Kepler-605","Kepler-605 b",556.58000000,287.2954015,43.2798677,0.910000,0.880000,5462.00,0.0424400000,3.38353806600,0.000000,87.54000,,2.67000000,1.44000000
"Kepler-1635","Kepler-1635 b",1069.45000000,285.3490542,45.5561768,0.890000,0.850000,5347.00,1.1266400000,469.63111000000,0.000000,89.61000,,12.90000000,3.64000000
"Kepler-1483","Kepler-1483 b",1273.78000000,295.4097409,42.1507935,1.250000,1.400000,6337.00,0.0958000000,9.50851560000,0.000000,89.50000,,2.92000000,1.52000000
"Kepler-545","Kepler-545 b",818.00100000,290.5663221,40.6920756,1.040000,1.070000,5882.00,0.1124800000,13.24934059000,0.000000,88.07000,,7.70000000,2.69000000
"Kepler-636","Kepler-636 b",310.30100000,293.5920614,41.0950891,0.850000,0.800000,5203.00,0.1185000000,16.08066114700,0.000000,89.93000,,18.10000000,4.45000000
"Kepler-1016","Kepler-1016 c",1402.82000000,294.6136890,45.9846265,0.990000,1.000000,5821.00,0.4351900000,105.65513690000,0.000000,89.74000,,13.10000000,3.68000000
"Kepler-1535","Kepler-1535 b",897.73300000,286.6136850,38.8919507,1.080000,1.110000,6021.00,0.5329000000,138.94420000000,0.000000,89.89000,,7.04000000,2.55000000
"Kepler-600","Kepler-600 b",619.72300000,283.8330588,41.9786358,0.840000,0.810000,5279.00,0.1536000000,23.67517607000,0.000000,88.06000,,8.75000000,2.90000000
"Kepler-717","Kepler-717 b",2805.48000000,292.9655071,43.3463450,0.880000,0.850000,5485.00,0.0520000000,4.40840023000,0.000000,74.90000,,6.44000000,2.42000000
"Kepler-1485","Kepler-1485 b",615.66000000,298.0954404,44.7370612,1.110000,1.120000,6087.00,0.1473200000,19.91577250000,0.000000,87.45000,,2.76000000,1.47000000
"Kepler-1484","Kepler-1484 b",2879.83000000,292.6842738,38.1262604,0.940000,0.920000,5730.00,0.1939000000,30.45491360000,0.000000,86.35000,,5.10000000,2.11000000
"Kepler-1486","Kepler-1486 b",1769.14000000,290.5903907,45.4396955,1.080000,1.120000,5965.00,0.2846000000,54.64957590000,0.000000,89.98000,,5.99000000,2.32000000
"Kepler-342","Kepler-342 e",781.61100000,292.6780488,46.7266813,1.260000,1.340000,6366.00,0.0290900000,1.64422461300,0.000000,58.94000,,0.61500000,0.88000000
"Kepler-582","Kepler-582 b",613.17900000,297.5037180,41.0570326,0.930000,0.910000,5564.00,0.1254000000,18.49235668000,0.000000,89.95000,,13.10000000,3.68000000
"Kepler-1129","Kepler-1129 c",1183.88000000,291.6044965,41.3093275,1.000000,1.000000,5831.00,0.3536700000,76.53695860000,0.000000,89.82000,,7.90000000,2.73000000
"Kepler-1538","Kepler-1538 b",1125.30000000,283.3456110,45.2743573,1.030000,1.030000,5837.00,0.6095000000,175.13881900000,0.000000,89.97000,,8.35000000,2.82000000
"Kepler-644","Kepler-644 b",1318.05000000,295.4757022,43.4931119,1.490000,1.810000,6747.00,0.0464100000,3.17391710300,0.000000,78.65000,,10.10000000,3.15000000
"Kepler-1487","Kepler-1487 b",1014.62000000,295.4980737,38.6444499,1.380000,1.630000,6541.00,0.0898000000,7.31946363000,0.000000,89.44000,,5.18000000,2.13000000
"Kepler-581","Kepler-581 b",703.75800000,295.4326552,40.6481874,1.000000,1.000000,5772.00,0.2259000000,40.60698210000,0.000000,89.41000,,7.41000000,2.63000000
"Kepler-1516","Kepler-1516 b",1358.95000000,291.4945795,44.5234227,1.040000,1.070000,5904.00,0.0718000000,7.25931979000,0.000000,87.55000,,3.71000000,1.75000000
"Kepler-1047","Kepler-1047 c",817.64700000,288.6462564,50.7889645,1.080000,1.130000,5754.00,0.0441300000,3.18897601000,0.000000,86.09000,,0.93700000,0.99000000
"Kepler-1409","Kepler-1409 b",694.89000000,290.0847389,51.2086144,0.830000,0.790000,5160.00,0.0155300000,0.76486492600,0.000000,87.31000,,1.12000000,1.04000000
"Kepler-585","Kepler-585 b",585.18700000,286.5284924,43.8733751,0.960000,0.930000,5593.00,0.0384100000,2.75235975300,0.000000,87.36000,,8.40000000,2.83000000
"Kepler-1488","Kepler-1488 b",905.82500000,286.6464265,49.9377735,1.050000,1.310000,5820.00,0.2415300000,39.81899320000,0.000000,88.51000,,4.12000000,1.86000000
"Kepler-697","Kepler-697 b",1277.33000000,283.8643937,41.3463859,0.920000,0.880000,5513.00,0.0471000000,3.70987064500,0.000000,89.86000,,16.00000000,4.13000000
"Kepler-1425","Kepler-1425 b",863.87300000,294.9510368,43.0124348,0.970000,0.950000,5718.00,0.1143500000,14.45413020000,0.000000,87.74000,,0.77900000,0.94000000
"Kepler-1350","Kepler-1350 c",340.69100000,288.2506110,46.6794847,0.550000,0.530000,3827.00,0.0222000000,1.76678906200,0.000000,89.64000,,3.64000000,1.73000000
"Kepler-719","Kepler-719 b",2497.51000000,295.5360628,43.8844116,0.990000,0.980000,5777.00,0.0556000000,5.00731777900,0.000000,87.87000,,54.50000000,8.52000000
"Kepler-1491","Kepler-1491 b",2065.59000000,293.6297645,45.7406293,1.000000,0.990000,5728.00,0.1270000000,16.58617620000,0.000000,89.47000,,2.89000000,1.51000000
"Kepler-1492","Kepler-1492 b",331.55300000,288.5970695,41.0363254,0.770000,0.720000,4712.00,0.1262000000,16.75255007000,0.000000,88.39000,,2.83000000,1.49000000
"Kepler-698","Kepler-698 b",1995.57000000,288.5099994,41.3017465,0.940000,0.910000,5612.00,0.1255000000,16.32976218000,0.000000,86.59000,,13.10000000,3.68000000
"Kepler-1454","Kepler-1454 b",780.56600000,284.2233265,48.8317229,0.900000,0.860000,5448.00,0.2447000000,47.03194790000,0.000000,89.85000,,4.19000000,1.88000000
"KIC 5437945","Kepler-460 c",1274.01000000,288.4749028,40.6512848,1.170000,1.260000,6146.00,0.7531800000,220.13033570000,0.000000,89.99000,,26.10000000,5.52000000
"Kepler-720","Kepler-720 b",1065.37000000,298.6356478,44.1709388,0.950000,0.920000,5618.00,0.0539000000,4.70832654200,0.000000,89.71000,,53.40000000,8.41000000
"Kepler-547","Kepler-547 b",378.97200000,286.1185888,44.3452063,0.780000,0.730000,4828.00,0.0580000000,6.01038428900,0.000000,88.75000,,15.10000000,4.00000000
"Kepler-1494","Kepler-1494 b",1285.48000000,282.6573891,43.1625334,0.960000,0.940000,5659.00,0.3982000000,91.08048200000,0.000000,88.47000,,9.64000000,3.07000000
"Kepler-1520","Kepler-1520 b",607.91700000,290.9662102,51.5047656,0.760000,0.710000,4677.00,0.0129000000,0.65355357200,0.000000,50.98000,,28.10000000,5.77000000
"Kepler-1065","Kepler-1065 c",1122.48000000,294.5113190,38.7904648,0.940000,0.930000,5635.00,0.0344000000,2.37030743000,0.000000,89.98000,,3.19000000,1.60000000
"Kepler-707","Kepler-707 b",591.77600000,290.0075640,42.1164698,0.800000,0.760000,5099.00,0.0325000000,2.23749275100,0.000000,89.23000,,2.33000000,1.33000000
"Kepler-602","Kepler-602 b",1159.31000000,296.0318985,42.1418634,1.080000,1.130000,6062.00,0.1224000000,15.28469497000,0.000000,86.51000,,5.02000000,2.09000000
"Kepler-606","Kepler-606 b",1215.11000000,292.4273700,44.3812406,1.130000,1.220000,6161.00,0.1700000000,24.31575992000,0.000000,88.94000,,11.00000000,3.31000000
"Kepler-721","Kepler-721 b",926.59800000,284.4305132,44.4803776,0.820000,0.780000,5075.00,0.0583000000,5.39202538800,0.000000,88.67000,,7.46000000,2.64000000
"Kepler-937","Kepler-937 c",1571.46000000,294.1688142,46.7146161,1.150000,1.220000,6095.00,0.5545000000,153.34336400000,0.000000,89.84000,,7.61000000,2.67000000
"Kepler-638","Kepler-638 b",991.21400000,284.9194213,41.6172093,0.880000,0.930000,5382.00,0.0669500000,6.07972888000,0.000000,85.43000,,4.01000000,1.83000000
"Kepler-1073","Kepler-1073 c",809.89700000,294.1527259,38.2330886,1.000000,1.000000,5792.00,0.0483000000,4.02582254000,0.000000,89.92000,,3.33000000,1.64000000
"MOA-2010-BLG-353L","MOA-2010-BLG-353L b",6430.00000000,271.3039170,-27.2932333,0.180000,,,1.7200000000,,,,,86.00000000,11.10000000
"HATS-30","HATS-30 b",342.14000000,5.6185250,-59.9425892,1.093000,1.061000,5943.00,0.0435400000,3.17435160000,0.096000,86.84000,,224.38798000,13.17057500
"K2-84","K2-84 c",284.87600000,55.8093566,16.6344396,0.950000,0.930000,5652.00,0.1768000000,27.86000000000,,,,4.78000000,2.03000000
"K2-88","K2-88 b",110.56100000,54.7514566,19.1199667,0.258000,0.256000,3537.00,0.0345000000,4.61220000000,0.260000,87.75000,72.0200,2.04000000,1.23000000
"Kepler-615","Kepler-615 b",330.00000000,282.4506927,46.3213671,0.730000,0.690000,4655.00,0.0850000000,10.35584657000,0.000000,89.64000,,3.68000000,1.74000000
"Kepler-506","Kepler-506 b",228.43900000,284.6351885,40.7198296,1.190000,1.190000,6236.00,0.0743700000,6.88340550000,0.000000,89.82000,,7.90000000,2.73000000
"Kepler-668","Kepler-668 b",784.61800000,285.4992845,49.2772713,0.870000,0.820000,5352.00,0.0768000000,8.35390639000,0.000000,89.95000,,7.75000000,2.70000000
"Kepler-669","Kepler-669 b",2063.41000000,291.9361615,49.2539473,1.150000,1.200000,6038.00,0.0529000000,4.12554686900,0.000000,85.95000,,20.80000000,4.83000000
"HATS-15","HATS-15 b",1139.55000000,311.0920041,-19.4375266,0.871000,0.922000,5311.00,0.0271200000,1.74748753000,0.126000,87.13000,,689.69110000,12.38594500
"HATS-16","HATS-16 b",757.04400000,358.5588439,-30.0130385,0.970000,1.238000,5738.00,0.0374400000,2.68650200000,0.000000,83.53000,,1039.30410000,14.57170000
"K2-89","K2-89 b",86.03860000,57.0671234,20.4594885,0.347000,0.318000,3691.00,0.0146200000,1.09602600000,0.150000,85.77000,51.2900,0.17000000,0.61500000
"K2-91","K2-91 b",62.57850000,63.2182348,24.2047218,0.292000,0.284000,3622.00,0.0164000000,1.41954900000,0.090000,88.62000,-23.3600,1.37000000,1.10000000
"Kepler-737","Kepler-737 b",205.11800000,291.8629793,46.4291614,0.510000,0.480000,3813.00,0.1422000000,28.59915399000,0.000000,89.99000,,4.50000000,1.96000000
"Kepler-670","Kepler-670 b",939.74400000,297.0154644,49.2252988,0.990000,0.990000,5709.00,0.0383000000,2.81650485200,0.000000,89.37000,,,13.18000000
"Kepler-671","Kepler-671 b",1168.26000000,294.2657519,49.3140933,0.970000,0.950000,5624.00,0.0503000000,4.28095858800,0.000000,87.72000,,7.70000000,2.69000000
"K2-5","K2-5 c",202.94300000,169.3034598,-1.8778254,0.610000,0.570000,3930.00,0.0818000000,10.93241000000,,86.95000,,5.73000000,2.26000000
"K2-5","K2-5 b",202.94300000,169.3034598,-1.8778254,0.610000,0.570000,3930.00,0.0532000000,5.73594000000,,87.35000,,4.31000000,1.91000000
"Kepler-223","Kepler-223 c",1859.71000000,298.3183909,47.2794824,1.125000,1.720000,5803.00,0.0911700000,9.84564000000,0.150000,90.00000,,5.10000000,3.44000000
"WASP-98","WASP-98 b",281.74200000,58.4290113,-34.3282716,0.809000,0.741000,5473.00,0.0376200000,2.96264036000,0.000000,86.38000,,293.03926000,12.82309600
"Kepler-223","Kepler-223 b",1859.71000000,298.3183909,47.2794824,1.125000,1.720000,5803.00,0.0752500000,7.38449000000,0.078000,90.00000,,7.40000000,2.99000000
"Kepler-672","Kepler-672 b",1033.93000000,291.7219993,49.4808492,0.950000,0.920000,5627.00,0.2163000000,38.37746230000,0.000000,89.44000,,6.80000000,2.50000000
"Kepler-571","Kepler-571 b",723.87500000,286.5510448,49.4187310,0.930000,0.900000,5527.00,0.0546000000,4.79859938800,0.000000,86.64000,,7.46000000,2.64000000
"K2-16","K2-16 b",334.96700000,175.0972238,4.5574311,0.680000,0.660000,4742.00,0.0667000000,7.61880000000,,87.97000,,4.74000000,2.02000000
"K2-16","K2-16 c",334.96700000,175.0972238,4.5574311,0.680000,0.660000,4742.00,0.1229000000,19.07863000000,,87.83000,,6.99000000,2.54000000
"K2-8","K2-8 c",403.51300000,169.7935178,-0.2844389,0.780000,0.740000,4870.00,0.0532000000,5.06416000000,,86.70000,,6.39000000,2.41000000
"Kepler-223","Kepler-223 d",1859.71000000,298.3183909,47.2794824,1.125000,1.720000,5803.00,0.1195600000,14.78869000000,0.037000,87.94000,,8.00000000,5.24000000
"Kepler-653","Kepler-653 b",595.63400000,282.2130447,46.7177898,1.020000,1.190000,5665.00,0.1194500000,14.70748976000,0.000000,89.80000,,4.46000000,1.95000000
"Kepler-742","Kepler-742 b",489.25300000,283.8659676,46.7896522,0.760000,0.710000,4642.00,0.0744000000,8.36086823800,0.000000,88.69000,,10.60000000,3.24000000
"Kepler-673","Kepler-673 b",918.21000000,290.7857595,50.0540561,0.880000,0.840000,5355.00,0.0455000000,3.72873109300,0.000000,86.70000,,34.80000000,6.54000000
"Kepler-154","Kepler-154 d",915.21200000,289.7805393,49.8965624,0.980000,0.980000,5769.00,0.1435400000,20.54981883000,0.000000,88.38000,,14.10000000,3.84000000
"HD 87646","HD 87646 b",73.58352000,151.6695435,17.8949795,1.120000,1.550000,5770.00,0.1170000000,13.48100000000,0.050000,,298.0000,3941.09200000,12.40000000
"Kepler-80","Kepler-80 e",369.45100000,296.1125759,39.9787451,0.730000,0.678000,4540.00,0.0491000000,4.64489000000,0.003500,88.79000,71.0000,4.13000000,1.60000000
"Kepler-654","Kepler-654 b",974.12400000,297.0683931,46.8342497,1.040000,1.110000,5865.00,0.1166400000,13.72465129000,0.000000,85.87000,,4.94000000,2.07000000
"Kepler-148","Kepler-148 d",791.16300000,289.7861626,46.8588176,0.860000,0.810000,5172.00,0.2607000000,51.84688575000,0.000000,89.45000,,56.30000000,8.68000000
"Kepler-676","Kepler-676 b",295.19600000,296.2220259,50.2873626,0.510000,0.490000,3701.00,0.0798000000,11.59822172000,0.000000,88.62000,,9.48000000,3.04000000
"OGLE-2012-BLG-0026L","OGLE-2012-BLG-0026L b",4019.00000000,263.5779170,-27.1427500,1.060000,,,4.0000000000,,,,,46.10000000,7.72000000
"WASP-85 A","WASP-85 A b",141.88700000,175.9080328,6.5637842,1.090000,0.935000,6112.00,0.0390000000,2.65567770000,0.000000,89.69000,,402.05495000,13.89916000
"Kepler-80","Kepler-80 f",369.45100000,296.1125759,39.9787451,0.730000,0.678000,4540.00,0.0175000000,0.98678730000,0.186000,86.50000,,4459.73000000,1.21000000
"Kepler-656","Kepler-656 b",890.35200000,288.3278778,47.3815380,0.860000,0.820000,5281.00,0.0223100000,1.26025909400,0.000000,77.17000,,9.91000000,3.12000000
"Kepler-655","Kepler-655 b",752.56200000,297.2590664,46.8431650,1.150000,1.240000,6170.00,0.2569700000,46.40633580000,0.000000,89.98000,,7.80000000,2.71000000
"Kepler-678","Kepler-678 b",1826.15000000,295.4552577,50.4945093,0.940000,0.910000,5520.00,0.0732000000,7.27503724000,0.000000,85.29000,,23.10000000,5.14000000
"Kepler-572","Kepler-572 b",504.66700000,291.2211720,50.5813487,0.830000,0.790000,5212.00,0.1192000000,17.20523483000,0.000000,89.98000,,7.18000000,2.58000000
"WASP-114","WASP-114 b",523.33700000,327.6656953,10.4629385,1.289000,1.430000,5940.00,0.0285100000,1.54877430000,0.012000,83.96000,-71.0000,562.24127000,15.00885100
"WASP-113","WASP-113 b",435.15600000,224.8728589,46.9600996,1.318000,1.608000,5890.00,0.0588500000,4.54216874538,0.000000,86.46000,0.0000,150.96925000,15.79348100
"HD 59686 A","HD 59686 A b",89.27210000,112.9518629,17.0857195,1.900000,13.200000,4658.00,1.0860000000,299.36000000000,0.050000,,121.0000,2199.38360000,12.70000000
"Kepler-679","Kepler-679 b",922.24400000,296.0213374,50.5678019,0.870000,0.840000,5403.00,0.0983000000,12.39358604000,0.000000,86.13000,,9.32000000,3.01000000
"Kepler-680","Kepler-680 b",1492.48000000,291.6223810,50.6181793,1.080000,1.110000,5890.00,0.0469000000,3.68992629100,0.000000,89.19000,,6.44000000,2.42000000
"K2-47","K2-47 b",349.88100000,168.5825696,2.7805614,0.750000,0.760000,5054.00,0.1779000000,31.63720000000,,,,4.23000000,1.89000000
"K2-48","K2-48 b",313.76400000,176.1233077,3.2723812,0.770000,0.730000,4899.00,0.1344000000,20.50650000000,,,,5.65000000,2.24000000
"Kepler-617","Kepler-617 b",173.35400000,283.7407247,47.5161237,0.510000,0.480000,3712.00,0.0219000000,1.68269614800,0.000000,89.85000,,2.30000000,1.32000000
"Kepler-588","Kepler-588 b",1209.40000000,284.2572531,47.6889081,1.010000,1.000000,5835.00,0.0520000000,4.22162535700,0.000000,82.12000,,7.41000000,2.63000000
"Kepler-573","Kepler-573 b",771.47100000,289.5211955,51.2374057,0.990000,1.020000,5746.00,0.1452700000,22.18329658000,0.000000,89.96000,,8.20000000,2.79000000
"Kepler-681","Kepler-681 b",686.92300000,289.3997364,51.2502428,0.800000,0.760000,5021.00,0.1635000000,26.39435646000,0.000000,89.28000,,9.69000000,3.08000000
"K2-49","K2-49 b",457.12500000,177.3202331,3.4755183,0.510000,0.450000,4175.00,0.0309000000,2.77065000000,,,,4.38000000,1.93000000
"K2-58","K2-58 b",181.74600000,333.8218395,-14.0498570,0.890000,0.860000,5413.00,0.0692000000,7.05254000000,,88.85456,,7.65000000,2.68000000
"Kepler-1600","Kepler-1600 b",1030.81000000,291.3993802,38.7877563,0.860000,0.820000,5214.00,0.9814100000,386.37054800000,0.000000,90.00000,,9.96000000,3.13000000
"Kepler-727","Kepler-727 b",831.84200000,294.8469333,45.0344155,0.890000,0.860000,5441.00,0.0546000000,5.15448441700,0.000000,80.10000,,6.94000000,2.53000000
"Kepler-589","Kepler-589 b",612.80300000,280.6414331,47.7520581,0.880000,0.830000,5296.00,0.1196000000,16.54964934000,0.000000,86.74000,,5.77000000,2.27000000
"Kepler-660","Kepler-660 b",568.43100000,288.1382985,47.7245642,0.750000,0.710000,4779.00,0.0759000000,9.27358194000,0.000000,88.93000,,7.13000000,2.57000000
"K2-58","K2-58 c",181.74600000,333.8218395,-14.0498570,0.890000,0.860000,5413.00,0.0350000000,2.53726000000,,86.09968,,3.26000000,1.62000000
"K2-58","K2-58 d",181.74600000,333.8218395,-14.0498570,0.890000,0.860000,5413.00,0.1517000000,22.88270000000,,89.43128,,3.57000000,1.71000000
"Kepler-560","Kepler-560 b",109.30800000,300.2066441,45.0182402,0.340000,0.330000,3556.00,0.0899000000,18.47764449000,0.170000,89.60600,,3.61000000,1.72000000
"Kepler-550","Kepler-550 b",531.94400000,297.7001786,47.8637046,0.870000,0.830000,5322.00,0.0747000000,8.60010410900,0.000000,89.84000,,17.90000000,4.42000000
"Kepler-496","Kepler-496 b",605.27400000,291.6408978,41.2411044,0.860000,0.820000,5293.00,0.0747000000,8.30864937000,0.000000,88.99000,,5.99000000,2.32000000
"KELT-10","KELT-10 b",188.40400000,284.5483823,-47.0033072,1.112000,1.209000,5948.00,0.0525000000,4.16627390000,,88.61000,,215.80657000,15.68139100
"Kepler-712","Kepler-712 c",872.49300000,294.9096739,42.9351987,0.840000,0.780000,5148.00,0.6647900000,226.89047000000,0.000000,89.76000,,21.00000000,4.85000000
"K2-59","K2-59 c",311.31300000,338.9425500,-14.0277270,0.774000,0.731000,5055.00,0.0905000000,11.29540000000,,,,5.90000000,2.30000000
"K2-59","K2-59 b",311.31300000,338.9425500,-14.0277270,0.774000,0.731000,5055.00,0.1354000000,20.69210000000,,,,6.39000000,2.41000000
"Kepler-650","Kepler-650 b",884.37800000,289.0009451,45.1542968,1.080000,1.350000,5849.00,0.0421000000,3.03214558800,0.000000,76.77000,,9.06000000,2.96000000
"Kepler-728","Kepler-728 b",1765.23000000,291.0923621,45.1155087,0.950000,0.930000,5660.00,0.0625000000,5.74347726500,0.000000,90.00000,,11.10000000,3.34000000
"Kepler-663","Kepler-663 b",1063.09000000,297.8082232,47.9466342,0.860000,0.820000,5264.00,0.0559000000,4.99678284000,0.000000,86.90000,,7.27000000,2.60000000
"Kepler-1629","Kepler-1629 b",336.09000000,280.2066276,43.7743281,1.010000,1.010000,5776.00,0.0485000000,3.87595807000,0.000000,89.89000,,0.38100000,0.77000000
"K2-64","K2-64 b",499.89100000,332.4138478,-11.4286687,0.741000,0.726000,5312.00,0.0619000000,6.53044000000,,,,4.94000000,2.07000000
"K2-63","K2-63 b",517.53400000,333.4267738,-12.0663429,1.400000,1.630000,6771.00,0.1627000000,20.25700000000,,,,10.50000000,3.22000000
"Kepler-729","Kepler-729 b",1921.15000000,286.3600604,45.4142664,0.940000,0.910000,5633.00,0.0432000000,3.16635371400,0.000000,89.76000,,12.50000000,3.58000000
"Kepler-487","Kepler-487 b",872.34300000,295.2872318,41.2220033,0.910000,0.880000,5444.00,0.1181900000,15.35876840300,0.000000,89.02000,,,11.42000000
"Kepler-618","Kepler-618 b",1221.96000000,286.2498525,48.0609256,1.050000,1.080000,5860.00,0.0449000000,3.59576964500,0.000000,86.34000,,7.27000000,2.60000000
"WASP-129","WASP-129 b",301.46200000,176.2990518,-42.0639575,1.000000,0.900000,5900.00,0.0628000000,5.74814500000,0.096000,87.70000,,317.83000000,10.42437000
"WASP-133","WASP-133 b",559.08400000,314.5754375,-35.7966224,1.160000,1.440000,5700.00,0.0345000000,2.17642300000,0.170000,87.00000,,368.68280000,13.56289000
"K2-69","K2-69 b",180.69700000,335.7596816,-10.4886817,0.551000,0.491000,4127.00,0.0591000000,7.06599000000,,,,5.99000000,2.32000000
"K2-68","K2-68 b",168.65200000,334.0195539,-10.5673649,0.730000,0.675000,4746.00,0.0708000000,8.05428000000,,88.71527,,3.12000000,1.58000000
"Kepler-590","Kepler-590 b",1421.81000000,296.3855467,48.2334177,1.100000,1.150000,6000.00,0.0647000000,5.85296257000,0.000000,88.11000,,15.20000000,4.02000000
"Kepler-664","Kepler-664 b",1210.12000000,288.7549029,48.2262030,1.010000,1.020000,5754.00,0.0374000000,2.52559331500,0.000000,85.41000,,7.56000000,2.66000000
"MOA-2013-BLG-605L","MOA-2013-BLG-605L b",850.00000000,272.0192570,-29.7315826,0.024000,,,0.9300000000,,,,,3.24000000,1.62000000
"K2-75","K2-75 b",561.93000000,338.8448960,-7.4698950,1.160000,1.560000,5995.00,0.0810000000,7.81420000000,,87.41339,,7.61000000,2.67000000
"K2-71","K2-71 b",153.19200000,341.7248656,-9.8816109,0.477000,0.426000,4006.00,0.0559000000,6.98541000000,,,,5.27000000,2.15000000
"Kepler-591","Kepler-591 b",785.13700000,286.0240520,48.4317290,0.970000,0.940000,5677.00,0.3554000000,81.16942990000,0.000000,88.79000,,11.40000000,3.39000000
"HATS-25","HATS-25 b",471.15800000,207.9076746,-23.7812403,0.994000,1.107000,5715.00,0.0516300000,4.29864320000,0.176000,86.93000,,194.82979000,14.12334000
"HATS-26","HATS-26 b",861.84300000,144.9268593,-28.5856004,1.299000,2.040000,6071.00,0.0473500000,3.30238810000,0.245000,86.20000,,206.58950000,19.61575000
"K2-80","K2-80 b",200.80200000,59.0374860,13.5590288,0.900000,0.870000,5441.00,0.1350000000,19.09180000000,,88.99371,,4.70000000,2.01000000
"K2-75","K2-75 c",561.93000000,338.8448960,-7.4698950,1.160000,1.560000,5995.00,0.1429000000,18.31100000000,,88.79606,,8.10000000,2.77000000
"Kepler-736","Kepler-736 b",1005.43000000,285.3913092,46.1809293,0.860000,0.810000,5217.00,0.0428000000,3.60147201000,0.000000,89.90000,,8.91000000,2.93000000
"Kepler-735","Kepler-735 b",695.05900000,284.6888328,46.1721391,0.850000,0.800000,5107.00,0.0965000000,11.51516988000,0.000000,89.59000,,9.01000000,2.95000000
"Kepler-569","Kepler-569 b",638.30100000,283.5072190,48.5526330,0.950000,0.930000,5616.00,0.1978400000,34.18890521000,0.000000,89.93000,,10.10000000,3.16000000
"Kepler-592","Kepler-592 b",1153.13000000,285.7907395,48.6832431,1.040000,1.040000,5913.00,0.0397000000,2.82019240800,0.000000,84.91000,,6.30000000,2.39000000
"HATS-27","HATS-27 b",816.98800000,193.5524603,-46.5877159,1.415000,1.740000,6438.00,0.0611000000,4.63703800000,0.581000,87.30000,,168.44990000,16.81350000
"K2-83","K2-83 c",125.52900000,59.9013782,15.5587994,0.484000,0.424000,3910.00,0.0713100000,9.99767000000,0.060000,89.51000,-19.3500,2.80000000,1.48300000
"K2-84","K2-84 b",284.87600000,55.8093566,16.6344396,0.950000,0.930000,5652.00,0.0665000000,6.42150000000,,,,6.39000000,2.41000000
"Kepler-562","Kepler-562 b",992.76900000,290.1196007,46.2737393,0.930000,0.900000,5575.00,0.1333000000,18.00931443600,0.000000,88.73000,,23.70000000,5.21000000
"Kepler-651","Kepler-651 b",509.40800000,287.3327284,46.2034366,0.920000,0.870000,5522.00,0.1407800000,21.38521506000,0.000000,89.16000,,6.21000000,2.37000000
"Kepler-593","Kepler-593 b",973.76000000,294.9513923,48.6511709,1.080000,1.100000,5967.00,0.1508000000,21.21708973000,0.000000,86.39000,,8.60000000,2.87000000
"Kepler-570","Kepler-570 b",568.14800000,290.4376111,48.7918597,0.930000,0.900000,5496.00,0.0497000000,4.30166200300,0.000000,87.69000,,6.57000000,2.45000000
"MOA-2016-BLG-227L","MOA-2016-BLG-227L b",6500.00000000,271.4737550,-27.7142868,0.290000,,,1.3900000000,,,,,890.00000000,13.20000000
"Kepler-1650","Kepler-1650 b",134.39700000,297.7292296,42.8666919,0.326000,0.334000,3410.00,0.0167000000,1.53818001000,0.010000,77.38000,,0.84000000,0.96000000
"K2-178","K2-178 b",214.75300000,52.8888524,22.4348186,0.951090,0.887267,5525.00,,8.74781800000,,88.61078,,12.40000000,3.55790985
"K2-72","K2-72 c",66.43210000,334.6227504,-9.6120084,0.271365,0.330989,3360.47,0.0780000000,15.18903400000,0.110000,89.54000,16.8300,1.65000000,1.16000000
"WASP-53","WASP-53 b",201.33800000,31.9091639,-20.6618430,0.839000,0.798000,4953.00,0.0410100000,3.30984430000,0.030000,87.08000,,677.61356000,12.03846600
"K2-60","K2-60 b",491.87000000,338.6062312,-13.7318044,0.970000,1.120000,5500.00,0.0450000000,3.00265000000,0.000000,88.49000,,135.39558000,7.65574700
"Kepler-1651","Kepler-1651 b",66.40740000,283.6282602,48.3908081,0.522000,0.503000,3713.00,0.0692000000,9.87863917000,0.130000,89.97000,,4.04000000,1.84000000
"BD+03 2562","BD+03 2562 b",1070.63000000,177.5647268,2.7601075,1.140000,32.350000,4095.00,1.3000000000,481.90000000000,0.200000,,218.0000,2034.11200000,12.70000000
"K2-72","K2-72 e",66.43210000,334.6227504,-9.6120084,0.271365,0.330989,3360.47,0.1060000000,24.15886800000,0.110000,89.68000,11.3900,2.21000000,1.29000000
"K2-72","K2-72 d",66.43210000,334.6227504,-9.6120084,0.271365,0.330989,3360.47,0.0500000000,7.76017800000,0.110000,89.26000,14.2800,1.01000000,1.01000000
"K2-81","K2-81 b",252.31800000,57.4854562,14.5020556,0.745273,0.634663,4674.13,0.0590000000,6.10232500000,0.060000,89.29000,-27.8900,4.54000000,1.97000000
"WASP-81","WASP-81 b",398.50500000,304.2079924,3.2939492,1.080000,1.283000,5870.00,0.0390800000,2.71647620000,0.066000,88.69000,,231.69807000,16.01766100
"HD 177565","HD 177565 b",16.91790000,286.7175787,-37.8122394,1.000000,0.971489,5627.00,0.2460000000,44.50500000000,0.059300,,309.9700,15.10000000,4.00000000
"MOA-2012-BLG-505L","MOA-2012-BLG-505L b",7210.00000000,268.1430970,-32.0400925,0.100000,,,0.9000000000,,,,,6.70000000,2.48000000
"K2-201","K2-201 c",197.93200000,293.5607117,-23.1312775,0.956055,0.878161,5507.00,,22.77987800000,,89.27205,,10.80000000,3.28568401
"K2-201","K2-201 b",197.93200000,293.5607117,-23.1312775,0.956055,0.878161,5507.00,,1.05979000000,,84.41366,,2.54000000,1.40006712
"GJ 1148","GJ 1148 b",11.01430000,175.4326081,42.7515862,0.344045,0.358519,3287.00,0.1660000000,41.38000000000,0.380000,,258.1000,96.70000000,11.90000000
"HD 17674","HD 17674 b",44.42640000,42.7684964,30.2865981,0.980000,1.180000,5904.00,1.4200000000,623.80000000000,0.130000,,,276.51210000,13.90000000
"HATS-22","HATS-22 b",229.51800000,174.0098693,-29.5433642,0.759000,0.689000,4803.00,0.0502500000,4.72281240000,0.079000,87.96000,56.0000,870.85420000,10.68217700
"TYC 4282-00605-1","TYC 4282-00605-1 b",464.12800000,343.8721029,62.2391907,0.970000,16.210000,4300.00,0.4220000000,101.54000000000,0.280000,,288.9400,3426.20740000,12.40000000
"K2-206","K2-206 b",244.44300000,11.2564264,0.5931866,0.789481,0.758046,5043.00,,18.29454900000,,89.11217,,8.22000000,2.79522879
"K2-207","K2-207 b",363.06400000,11.6996481,0.6406182,0.941851,0.928158,5522.00,,12.48749000000,,88.62001,,7.30000000,2.60585269
"K2-132","K2-132 b",609.81800000,182.1662666,-8.7472172,1.080000,3.850000,4840.00,0.0916000000,9.17510000000,0.290000,77.46000,82.6000,155.73670000,14.57170000
"WASP-153","WASP-153 b",610.17600000,279.2624729,40.0186905,1.336000,1.730000,5914.00,0.0480000000,3.33260900000,0.009000,84.10000,,123.95370000,17.37395000
"HATS-23","HATS-23 b",639.00400000,286.3667500,-50.0673496,1.121000,1.199000,5780.00,0.0339700000,2.16051560000,0.114000,81.02000,,467.21010000,20.84874000
"HD 219134","HD 219134 b",6.53127000,348.3372026,57.1696255,0.810000,0.778000,4699.00,0.0387600000,3.09292600000,0.000000,85.05000,0.0000,4.74000000,1.60200000
"HD 40956","HD 40956 b",116.59300000,91.6628015,63.4538750,2.000000,8.560000,4869.00,1.4000000000,578.60000000000,0.240000,,338.6200,858.14100000,13.20000000
"Ross 128","Ross 128 b",3.37454000,176.9376036,0.7992898,0.168000,0.196700,3192.00,0.0496000000,9.86580000000,0.116000,,,1.40000000,1.11000000
"K2-219","K2-219 b",325.40000000,12.8452963,8.8675474,1.021545,1.189232,5753.00,,3.90128700000,,86.79476,,2.38000000,1.34762583
"OGLE-2013-BLG-1721L","OGLE-2013-BLG-1721L b",6300.00000000,268.1265560,-30.2926941,0.460000,,,2.6000000000,,,,,200.00000000,14.10000000
"HD 34445","HD 34445 c",46.09070000,79.4207483,7.3527156,1.070000,1.380000,5836.00,0.7181000000,214.67000000000,0.036000,,149.0000,53.50000000,8.42000000
"HD 219134","HD 219134 d",6.53127000,348.3372026,57.1696255,0.810000,0.778000,4699.00,0.2370000000,46.85900000000,0.138000,,173.0000,16.17000000,1.61000000
"HD 219134","HD 219134 f",6.53127000,348.3372026,57.1696255,0.810000,0.778000,4699.00,0.1463000000,22.71700000000,0.148000,,81.0000,7.30000000,1.31000000
"OGLE-2016-BLG-1190L","OGLE-2016-BLG-1190L b",6770.00000000,269.7179260,-27.6135559,0.880000,,,2.1700000000,1220.00000000000,0.420000,41.20000,,4253.00000000,12.30000000
"HD 113996","HD 113996 b",116.33400000,196.7948740,27.6244384,1.490000,25.110000,4181.00,1.6000000000,610.20000000000,0.280000,,92.0600,2002.32900000,12.70000000
"K2-213","K2-213 b",389.70200000,13.1403998,3.5077702,1.069596,1.204240,5794.00,,8.13087000000,,87.86162,,2.90000000,1.51398464
"K2-215","K2-215 b",403.96400000,18.4700795,6.1238647,0.999987,0.974398,5704.00,,8.26964800000,,88.98419,,5.16000000,2.12381238
"HD 34445","HD 34445 d",46.09070000,79.4207483,7.3527156,1.070000,1.380000,5836.00,0.4817000000,117.87000000000,0.027000,,246.4000,30.70000000,6.07000000
"HD 34445","HD 34445 g",46.09070000,79.4207483,7.3527156,1.070000,1.380000,5836.00,6.3600000000,5700.00000000000,0.032000,,234.9000,120.60000000,13.60000000
"Kepler-20","Kepler-20 g",282.56300000,287.6979913,42.3385782,0.948000,0.963900,5495.00,0.2055000000,34.94000000000,0.150000,,,19.96000000,4.71000000
"NGC 2682 Sand 978","NGC 2682 Sand 978 b",821.91800000,132.8228085,11.7562959,1.370000,21.017414,4200.00,,511.21000000000,0.160000,,291.6800,692.86940000,13.30000000
"Kepler-80","Kepler-80 g",369.45100000,296.1125759,39.9787451,0.830000,0.678000,4540.00,,14.64558000000,0.130300,89.35000,153.0000,0.06500000,1.13000000
"K2-217","K2-217 b",381.87800000,11.2983678,6.4815879,1.102661,1.333718,5967.00,,14.07452400000,,88.04322,,12.50000000,3.57854073
"K2-218","K2-218 b",394.08300000,12.8096130,6.8464327,1.047488,1.008231,5757.00,,8.67988500000,,88.45262,,7.13000000,2.56948149
"GJ 3293","GJ 3293 c",20.19030000,67.1484425,-25.1713396,0.420000,0.404000,3466.00,0.3617500000,122.61960000000,0.110000,,-21.4000,21.09000000,4.87000000
"GJ 3293","GJ 3293 b",20.19030000,67.1484425,-25.1713396,0.420000,0.404000,3466.00,0.1433900000,30.59870000000,0.060000,,-103.0000,23.54000000,5.19000000
"Wolf 1061","Wolf 1061 b",4.30592000,247.5748276,-12.6676866,0.294000,0.307000,3342.00,0.0375000000,4.88690000000,0.150000,,,1.91000000,1.21000000
"K2-80","K2-80 d",200.80200000,59.0374860,13.5590288,0.913111,0.841458,5377.00,,28.86725300000,,89.39678,,7.04000000,2.55211506
"Kepler-1652","Kepler-1652 b",252.00000000,294.3660313,49.9150219,0.404000,0.382000,3638.00,0.1654000000,38.09722000000,0.000000,89.99270,,3.19000000,1.60000000
"Wolf 1061","Wolf 1061 c",4.30592000,247.5748276,-12.6676866,0.294000,0.307000,3342.00,0.0890000000,17.87190000000,0.110000,,37.0000,3.41000000,1.66000000
"PSR J2322-2650","PSR J2322-2650 b",230.00000000,350.6443481,-26.8495331,1.400000,,,0.0102000000,0.32296399700,0.001700,,,252.64306700,13.90000000
"HATS-50","HATS-50 b",756.74200000,300.4280761,-26.0775640,1.168000,1.117000,5990.00,0.0504600000,3.82970150000,0.516000,87.54000,,123.95370000,12.66617000
"tau Cet","tau Cet f",3.60304000,26.0093029,-15.9337987,0.783000,0.830000,5310.00,1.3340000000,636.13000000000,0.160000,,119.7500,3.93000000,1.81000000
"WASP-91","WASP-91 b",149.94200000,357.8464340,-70.1528621,0.840000,0.860000,4920.00,0.0370000000,2.79858100000,0.000000,86.80000,,425.89220000,11.54527000
"HD 9174","HD 9174 b",81.48930000,22.5043352,-19.6052945,1.030000,1.670000,5577.00,2.2000000000,1179.00000000000,0.120000,,101.9900,352.79130000,13.70000000
"HD 68402","HD 68402 b",78.42930000,121.3474609,-74.4100732,1.120000,1.020000,5950.00,2.1800000000,1103.00000000000,0.030000,20.30000,17.1900,2510.84441530,12.60000000
"GJ 3138","GJ 3138 b",28.47120000,32.2977385,-16.3392495,0.681000,0.500000,3717.00,0.0197000000,1.22003000000,0.190000,,,1.78000000,1.18000000
"MOA-2012-BLG-006L","MOA-2012-BLG-006L b",5300.00000000,270.4429630,-29.1087780,0.490000,,,10.2000000000,,,,,2700.00000000,12.60000000
"WASP-105","WASP-105 b",169.27200000,24.1678686,-50.6593080,0.890000,0.900000,5070.00,0.0750000000,7.87288000000,0.000000,89.70000,,572.09400000,10.76064000
"HD 147873","HD 147873 c",109.05500000,246.4380471,-33.5672217,1.380000,2.290000,5972.00,1.3600000000,491.54000000000,0.230000,,41.8300,731.00900000,13.30000000
"HD 128356","HD 128356 b",26.15480000,219.2702793,-25.8031728,0.650000,0.850000,4875.00,0.8700000000,298.20000000000,0.570000,,84.2200,282.86870000,13.90000000
"GJ 3138","GJ 3138 d",28.47120000,32.2977385,-16.3392495,0.681000,0.500000,3717.00,0.6980000000,257.80000000000,0.320000,,,10.50000000,3.23000000
"TYC 3318-01333-1","TYC 3318-01333-1 b",490.61000000,45.5825716,49.7441421,1.190000,5.900000,4776.00,1.4140000000,562.00000000000,0.098000,,129.0000,1086.97860000,13.10000000
"GJ 625","GJ 625 b",6.47249000,246.3557854,54.3033625,0.300000,0.310000,3499.00,0.0783610000,14.62800000000,0.130000,,343.1000,2.82000000,1.49000000
"GJ 3323","GJ 3323 c",5.37484000,75.4868824,-6.9485133,0.164000,0.119000,3159.00,0.1264000000,40.54000000000,0.170000,,,2.31000000,1.32000000
"BD+48 740","BD+48 740 b",666.58900000,40.7425426,48.9300579,1.090000,10.330000,4534.00,1.7000000000,733.00000000000,0.760000,,100.0000,540.31100000,13.50000000
"K2-21","K2-21 b",83.64480000,340.3037846,-14.4893256,0.676023,0.646783,4222.06,0.0760000000,9.32503800000,0.100000,88.98000,34.4800,4.04000000,1.84000000
"K2-4","K2-4 b",231.82800000,174.7455392,-3.9055746,0.635026,0.569359,4014.73,0.0780000000,10.00341700000,0.080000,89.54000,-41.4400,5.06000000,2.10000000
"K2-21","K2-21 c",83.64480000,340.3037846,-14.4893256,0.676023,0.646783,4222.06,0.1070000000,15.50192000000,0.210000,88.85000,59.9600,6.76000000,2.49000000
"WASP-141","WASP-141 b",516.54300000,71.8244347,-17.1151736,1.250000,1.370000,5900.00,0.0469000000,3.31065100000,0.000000,87.60000,,854.96270000,13.56289000
"K2-31","K2-31 b",110.52700000,245.4405531,-23.5482730,0.910000,0.780000,5280.00,0.0220000000,1.25785000000,0.000000,79.90000,,563.83042000,11.88154000
"GJ 3293","GJ 3293 e",20.19030000,67.1484425,-25.1713396,0.420000,0.404000,3466.00,0.0820800000,13.25430000000,0.210000,,,3.28000000,1.63000000
"GJ 3293","GJ 3293 d",20.19030000,67.1484425,-25.1713396,0.420000,0.404000,3466.00,0.1939400000,48.13450000000,0.120000,,,7.60000000,2.67000000
"K2-149","K2-149 b",123.67600000,9.8217519,7.2769939,0.595000,0.568000,3745.00,0.0830000000,11.33200000000,,,,3.33000000,1.64000000
"KELT-21","KELT-21 b",470.87800000,304.8000322,32.5810446,1.458000,1.638000,7598.00,0.0522400000,3.61276470000,0.000000,86.46000,,1242.71530000,17.77747400
"K2-125","K2-125 b",124.15600000,204.1418754,-14.9478195,0.494727,0.402049,3654.47,0.1210000000,21.75026400000,0.080000,89.72000,-3.7400,5.39000000,2.18000000
"V830 Tau","V830 Tau b",130.11100000,68.2918259,24.5619241,1.000000,2.000000,4250.00,0.0570000000,4.92700000000,0.000000,55.00000,,222.48100000,14.00000000
"HATS-31","HATS-31 b",773.97400000,191.7028214,-24.4273897,1.275000,1.870000,6050.00,0.0478000000,3.37796000000,0.233000,85.00000,,279.69040000,18.38276000
"Kepler-150","Kepler-150 f",891.09200000,288.2341025,40.5208970,0.970000,0.905339,5528.00,1.2400000000,637.20930000000,,90.00000,,12.90000000,3.64000000
"Qatar-3","Qatar-3 b",735.60100000,359.1519716,36.2129562,1.145000,1.272000,6007.00,0.0378300000,2.50792040000,0.000000,86.80000,,1369.84730000,12.28506400
"K2-160","K2-160 b",315.36300000,184.0545174,-3.5530888,0.982829,0.913754,5649.00,,3.70587100000,,88.25363,,10.20000000,3.17824034
"K2-128","K2-128 b",114.63700000,204.4376666,-8.5970858,0.711248,0.777569,4469.51,0.0560000000,5.67581900000,0.230000,87.40000,62.5500,2.60000000,1.42000000
"HATS-34","HATS-34 b",508.84200000,0.7744866,-62.4693167,0.955000,0.980000,5380.00,0.0316600000,2.10616070000,0.108000,82.28000,,299.07803000,16.02887000
"KELT-18","KELT-18 b",321.37600000,216.5238248,59.4442735,1.524000,1.908000,6670.00,0.0455000000,2.87175180000,0.000000,88.86000,,375.03940000,17.59813000
"K2-163","K2-163 b",208.52900000,182.3292517,-0.5393421,0.826112,0.762201,4937.00,,6.67311700000,,88.25311,,6.65000000,2.46610713
"K2-165","K2-165 b",134.59100000,184.9004881,0.9683270,0.834847,0.803827,5185.00,,2.35499200000,,87.08276,,2.17000000,1.27443657
"K2-35","K2-35 c",252.59600000,170.1031027,1.2858679,0.701968,0.619575,4402.71,0.0550000000,5.60835200000,0.120000,88.58000,41.1600,4.38000000,1.93000000
"HATS-35","HATS-35 b",514.55500000,296.6884420,-63.5656488,1.317000,1.433000,6300.00,0.0319900000,1.82099930000,0.306000,86.90000,,388.38826000,16.40997600
"OGLE-2016-BLG-1195L","OGLE-2016-BLG-1195L b",3910.00000000,268.8479310,-30.2072506,0.078000,,,1.1600000000,,,,,1.43000000,1.11000000
"K2-175","K2-175 b",247.26600000,52.5035514,17.5841081,1.094693,1.420038,5909.00,,9.52598800000,,87.49426,,4.81000000,2.03803688
"K2-165","K2-165 c",134.59100000,184.9004881,0.9683270,0.834847,0.803827,5185.00,,4.38274500000,,87.05435,,3.03000000,1.55409035
"K2-116","K2-116 b",49.38550000,336.1523363,-11.5793181,0.694512,0.669400,4348.35,0.0480000000,4.65541100000,0.060000,89.09000,-23.4400,0.25700000,0.69000000
"K2-102","K2-102 b",188.17500000,130.0558953,19.7787519,0.770000,0.710000,4695.00,,9.91561500000,0.100000,89.00000,-1.0000,2.24000000,1.30000000
"XO-6","XO-6 b",235.47900000,94.7929552,73.8275672,1.470000,1.930000,6720.00,0.0815000000,3.76500070000,0.000000,86.00000,,1398.45200000,23.20263000
"HD 6434","HD 6434 b",42.35800000,16.1663441,-39.4904909,1.100000,1.120000,5769.00,0.1400000000,21.99800000000,0.170000,,163.2000,155.73670000,14.20000000
"HD 68988","HD 68988 b",60.84470000,124.5935429,61.4608518,1.280000,1.190000,5932.00,0.0700000000,6.27711000000,0.120000,83.00000,40.4000,626.12510000,13.40000000
"HD 220074","HD 220074 b",324.54000000,350.0599827,61.9701062,2.200000,54.920000,3787.00,1.6000000000,672.09998000000,0.140000,,323.0000,5288.69120000,12.20000000
"WASP-58","WASP-58 b",290.40400000,274.7012534,45.1722194,1.060000,1.220000,5800.00,0.0562000000,5.01718000000,0.000000,87.40000,,308.29510000,16.02887000
"K2-231","K2-231 b",321.21500000,289.0918242,-15.7712178,1.010000,0.950000,5695.00,,13.84190100000,,88.60000,,6.80000000,2.50000000
"HATS-39","HATS-39 b",878.52100000,112.4192251,-29.9379163,1.379000,1.621000,6572.00,0.0600700000,4.57763480000,0.275000,84.98000,,200.23290000,17.59813000
"HD 137388","HD 137388 b",40.48410000,233.9150820,-80.2044169,0.680000,0.880000,5181.00,0.8900000000,330.00000000000,0.360000,,86.0000,63.56600000,9.32000000
"HD 13931","HD 13931 b",47.39630000,34.1979991,43.7722065,1.300000,1.250000,5867.00,5.1500000000,4218.00000000000,0.020000,43.00000,-6.0000,889.91953960,13.20000000
"HD 7199","HD 7199 b",36.15310000,17.6979344,-66.1886947,0.770000,0.970000,5371.00,1.3600000000,615.00000000000,0.190000,1.49600,155.0000,3639.13526015,
"HD 75289","HD 75289 b",29.11580000,131.9181715,-41.7377748,1.290000,1.230000,6117.00,0.0500000000,3.50927000000,0.030000,,50.1600,155.73670000,14.20000000
"WASP-72","WASP-72 b",434.75400000,41.0400779,-30.1690785,2.780000,2.180000,6250.00,0.0371100000,2.21673000000,0.000000,86.80000,,731.00900000,14.45961000
"HATS-40","HATS-40 b",1342.29000000,100.5712467,-29.7767800,1.561000,2.260000,6460.00,0.0499700000,3.26427360000,0.312000,85.80000,,505.34970000,17.71022000
"HATS-41","HATS-41 b",737.66800000,103.5173558,-27.0504156,1.496000,1.710000,6424.00,0.0583000000,4.19364900000,0.380000,80.40000,136.0000,3082.95100000,14.90797000
"HD 142022 A","HD 142022 A b",34.28020000,242.5481731,-84.2317494,0.900000,1.040000,5421.00,2.9300000000,1928.00000000000,0.530000,71.00000,168.5000,1433.40611557,12.90000000
"HD 145377","HD 145377 b",53.48840000,242.9019658,-27.0781199,1.200000,1.050000,6014.00,0.4500000000,103.95000000000,0.310000,,138.1000,1913.33660000,12.80000000
"HD 76700","HD 76700 b",60.88310000,133.4782248,-66.8004747,0.990000,1.370000,5644.00,0.0500000000,3.97097000000,0.090000,,30.0000,66.74430000,9.60000000
"HD 82886","HD 82886 b",127.06100000,143.9383526,34.7805902,2.530000,5.260000,4953.00,1.5800000000,705.00000000000,0.070000,,352.0000,740.54390000,13.30000000
"HD 24040","HD 24040 b",46.62240000,57.5962104,17.4752873,1.110000,1.300000,5802.00,4.9200000000,3668.00000000000,0.040000,89.00000,67.0000,1589.14203500,12.90000000
"HD 222155","HD 222155 b",50.60780000,354.5025617,48.9960191,1.210000,1.850000,5701.00,5.1400000000,3999.00000000000,0.160000,68.00000,163.0000,581.62598481,13.40000000
"HD 158996","HD 158996 b",283.65900000,259.9051092,80.1364033,1.800000,50.300000,4069.00,2.1000000000,820.20000000000,0.130000,,168.0000,4449.62000000,12.30000000
"KPS-1","KPS-1 b",262.70600000,165.1671980,64.9638452,0.892000,0.907000,5165.00,0.0269000000,1.70629100000,0.000000,83.20000,,346.43470000,11.54527000
"HD 154672","HD 154672 b",63.04840000,257.5206970,-56.4498041,1.180000,1.320000,5743.00,0.6000000000,163.94000000000,0.610000,,265.2800,1706.74710000,12.80000000
"KELT-6","KELT-6 b",240.72600000,195.9818362,30.6401450,1.420000,1.730000,6102.00,0.0793900000,7.84570000000,0.220000,88.81000,80.0000,165.27160000,14.57170000
"HAT-P-49","HAT-P-49 b",350.35100000,305.4413294,26.6926759,2.220000,2.060000,6820.00,0.0437800000,2.69155000000,0.000000,86.20000,90.0000,699.22600000,17.82231000
"K2-155","K2-155 c",72.79980000,65.4696140,21.3532633,0.650000,0.580000,4258.00,0.0946000000,13.85000000000,,88.96000,,7.27000000,2.60000000
"HD 158038","HD 158038 b",94.86250000,261.4395312,27.3030721,1.300000,4.500000,4860.00,1.5000000000,521.00000000000,0.290000,,335.0000,486.27990000,13.50000000
"HR 810","HR 810 b",17.31810000,40.6417178,-50.7993484,1.340000,1.130000,6167.00,0.9200000000,302.79999000000,0.140000,87.00000,309.0000,1970.53612340,12.70000000
"BD-13 2130","BD-13 2130 b",925.21400000,114.2884692,-13.9066703,2.120000,19.170000,4545.00,1.6600000000,714.29999000000,0.210000,,18.0000,3108.37740000,12.50000000
"HD 285507","HD 285507 b",45.02930000,61.7556630,15.3349441,0.820000,0.690000,4503.00,0.0600000000,6.08810000000,0.090000,,182.0000,311.47340000,13.80000000
"WASP-117","WASP-117 b",157.96300000,36.7758112,-50.2844247,1.290000,1.220000,6040.00,0.0945900000,10.02165000000,0.300000,89.14000,242.0000,95.34900000,11.88154000
"K2-155","K2-155 d",72.79980000,65.4696140,21.3532633,0.650000,0.580000,4258.00,0.1937000000,40.71800000000,,89.61000,,4.27000000,1.90000000
"HD 16175","HD 16175 b",59.85900000,39.2577379,42.0624526,1.630000,1.720000,5981.00,2.1200000000,990.00000000000,0.600000,59.00000,221.5000,1875.18760130,12.80000000
"HD 16141","HD 16141 b",37.78610000,38.8323674,-3.5624887,1.110000,1.480000,5757.00,0.3600000000,75.52300000000,0.250000,,42.0000,82.63580000,10.90000000
"WASP-11","WASP-11 b",124.73000000,47.3689472,30.6733817,1.420000,0.890000,4800.00,0.0435000000,3.72247000000,0.000000,89.80000,146.0000,251.08570000,12.44199000
"WASP-13","WASP-13 b",227.53700000,140.1029654,33.8823291,0.720000,1.370000,5950.00,0.0536200000,4.35301000000,0.000000,85.43000,,114.41880000,13.67498000
"WASP-95","WASP-95 b",137.54400000,337.4578243,-48.0030988,1.460000,1.230000,5830.00,0.0341600000,2.18467000000,0.000000,88.40000,,457.67520000,13.78707000
"WASP-97","WASP-97 b",151.06800000,24.6051389,-55.7720006,1.180000,1.080000,5640.00,0.0330300000,2.07276000000,0.000000,88.00000,,432.24880000,12.77826000
"11 UMi","11 UMi b",125.32100000,229.2745954,71.8239428,2.780000,29.790000,4213.00,1.5300000000,516.21997000000,0.080000,,117.6300,4684.81420000,12.30000000
"BD-08 2823","BD-08 2823 b",41.33420000,150.1971964,-9.5165689,0.500000,0.710000,4816.00,0.0600000000,5.60000000000,0.150000,0.27460,30.0000,2948.49413174,
"HD 1690","HD 1690 b",752.61500000,5.3055886,-8.2811442,1.860000,21.660000,4374.00,1.3600000000,533.00000000000,0.640000,,122.0000,2793.72570000,12.50000000
"WASP-14","WASP-14 b",161.99700000,218.2766247,21.8946875,1.620000,1.400000,6475.00,0.0370000000,2.24375000000,0.090000,84.32000,251.6100,2809.61720000,15.46842000
"WASP-101","WASP-101 b",201.22400000,98.3511016,-23.4860860,1.410000,1.310000,6380.00,0.0505700000,3.58572000000,0.000000,85.00000,,162.09330000,16.02887000
"BD-10 3166","BD-10 3166 b",84.40690000,164.6191243,-10.7704227,1.470000,0.910000,5393.00,0.0400000000,3.48777000000,0.020000,,35.0000,187.51970000,14.10000000
"GJ 86","GJ 86 b",10.78360000,32.6224785,-50.8209945,0.930000,0.770000,5182.00,0.1100000000,15.76491000000,0.040000,,260.0000,1404.80860000,12.90000000
"WASP-22","WASP-22 b",317.65200000,52.8180374,-23.8197924,1.460000,1.240000,6000.00,0.0470000000,3.53269000000,0.020000,89.20000,27.0000,212.94610000,13.78707000
"HD 95127","HD 95127 b",676.57900000,164.8961152,43.8144094,3.700000,41.010000,4218.00,1.2800000000,482.00000000000,0.110000,,40.0000,3378.53290000,12.40000000
"WASP-82","WASP-82 b",275.66400000,72.6605916,1.8938365,1.480000,2.100000,6480.00,0.0447000000,2.70579000000,0.000000,87.90000,,371.86110000,18.15858000
"HD 204941","HD 204941 b",28.71650000,323.0966714,-20.9579570,0.580000,0.780000,5026.00,2.5500000000,1733.00000000000,0.370000,,-132.0000,73.10090000,10.10000000
"WASP-29","WASP-29 b",87.59530000,357.8791976,-39.9071215,0.770000,0.790000,4800.00,0.0457000000,3.92273000000,0.030000,88.80000,,73.10090000,8.63093000
"WASP-26","WASP-26 b",252.75900000,4.6030424,-15.2674044,0.860000,1.220000,6034.00,0.0400000000,2.75660000000,0.000000,82.50000,,270.15550000,13.56289000
"K2-164","K2-164 b",375.67000000,171.9336590,-0.0628488,1.180894,2.196069,5791.00,,17.35506600000,,87.88981,,10.60000000,3.24925008
"K2-169","K2-169 b",235.86700000,337.0442461,-14.5993376,0.986144,0.919053,5548.00,,6.38080300000,,87.83658,,2.16000000,1.27328671
"HAT-P-22","HAT-P-22 b",81.76470000,155.6814593,50.1287115,1.130000,1.110000,5302.00,0.0414000000,3.21222000000,0.020000,86.90000,156.0000,785.04010000,12.89035000
"HAT-P-24","HAT-P-24 b",415.34400000,108.8251171,14.2626064,1.370000,1.380000,6373.00,0.0465100000,3.35524000000,0.070000,88.60000,197.0000,238.37250000,14.57170000
"HD 212301","HD 212301 b",54.23040000,336.8803957,-77.7183219,1.550000,1.160000,6239.00,0.0300000000,2.24571000000,0.000000,,,162.09330000,14.20000000
"WASP-38","WASP-38 b",136.24000000,243.9597194,10.0324103,1.760000,1.520000,6180.00,0.0752200000,6.87188000000,0.030000,89.50000,-22.2000,1093.33520000,13.78707000
"K2-170","K2-170 b",392.87200000,335.4506923,-14.5933554,0.963657,0.981614,5748.00,,7.57654400000,,87.98893,,2.60000000,1.41817537
"K2-171","K2-171 b",606.12800000,332.3407712,-13.4288624,0.891587,1.717458,5250.00,,5.62846600000,,85.04821,,7.69000000,2.68657205
"HAT-P-29","HAT-P-29 b",313.57600000,33.1310921,51.7787754,1.450000,1.300000,6087.00,0.0667000000,5.72319000000,0.090000,87.10000,159.0000,279.69040000,13.11453000
"HD 213240","HD 213240 b",40.87070000,337.7506266,-49.4341037,1.570000,1.510000,5979.00,1.8900000000,882.70001000000,0.420000,63.00000,201.9000,1655.88600047,12.80000000
"HD 215497","HD 215497 b",40.54680000,341.6527140,-56.5997984,0.670000,0.850000,5110.00,0.0500000000,3.93404000000,0.160000,0.23010,96.0000,1588.82420659,
"WASP-41","WASP-41 b",163.37100000,190.6188034,-30.6398176,0.810000,0.830000,5545.00,0.0402200000,3.05240000000,0.000000,89.40000,,270.15550000,12.32990000
"WASP-48","WASP-48 b",454.14400000,291.1623865,55.4730273,0.880000,1.580000,5920.00,0.0344400000,2.14363000000,0.000000,80.09000,,254.26400000,16.81350000
"K2-172","K2-172 b",249.74200000,335.3081368,-12.5569819,0.934356,0.868889,5569.00,,14.31694100000,,88.91352,,3.42000000,1.66608079
"K2-172","K2-172 c",249.74200000,335.3081368,-12.5569819,0.934356,0.868889,5569.00,,29.62682000000,,89.49725,,10.40000000,3.20569097
"K2-190","K2-190 b",160.67900000,205.3630485,-13.1608686,0.904597,0.912206,5631.00,,10.09885800000,,88.35712,,2.41000000,1.35673729
"HAT-P-5","HAT-P-5 b",303.33600000,274.4055335,36.6214617,1.040000,1.120000,5960.00,0.0407300000,2.78849000000,0.000000,86.75000,,311.47340000,13.56289000
"HAT-P-6","HAT-P-6 b",275.35800000,354.7740917,42.4659866,1.790000,1.620000,6570.00,0.0523900000,3.85298000000,0.000000,85.51000,94.1000,419.53560000,16.58932000
"HD 218566","HD 218566 b",28.82740000,347.2974170,-2.2611645,0.760000,0.850000,4730.00,0.6900000000,225.70000000000,0.300000,,44.0000,63.56600000,9.32000000
"HD 240237","HD 240237 b",933.37700000,348.9259334,58.0432233,8.760000,71.230000,3926.00,1.9200000000,745.70001000000,0.400000,,108.1000,5050.31870000,12.20000000
"XO-1","XO-1 b",163.55300000,240.5492745,28.1696248,0.880000,0.880000,5750.00,0.0488000000,3.94153000000,0.000000,88.81000,,263.79890000,12.77826000
"XO-4","XO-4 b",272.65500000,110.3880285,58.2681094,1.100000,1.450000,6397.00,0.0552400000,4.12508000000,0.000000,88.80000,240.0000,451.31860000,14.01125000
"K2-191","K2-191 b",287.18800000,201.6391407,-12.8066737,0.900994,0.839696,5176.00,,2.85864600000,,87.05102,,3.12000000,1.57889322
"K2-200","K2-200 b",184.13100000,202.2512060,-4.6100532,0.860208,0.791736,5233.00,,2.84988300000,,87.96772,,2.43000000,1.36439870
"HD 101930","HD 101930 b",30.02740000,175.8756080,-58.0053798,0.570000,0.860000,5108.00,0.3000000000,70.46000000000,0.110000,,251.0000,79.45750000,10.60000000
"HD 2638","HD 2638 b",54.96210000,7.4990038,-5.7649600,0.770000,0.940000,5186.00,0.0400000000,3.44420000000,0.000000,,37.2800,133.48860000,14.30000000
"HD 30562","HD 30562 b",26.15970000,72.1529519,-5.6751152,1.120000,1.610000,5882.00,2.3400000000,1157.00000000000,0.760000,65.00000,78.4000,467.20775829,13.60000000
"KELT-2 A","KELT-2 A b",134.05800000,92.6640226,30.9571333,1.540000,1.930000,6327.00,0.0549700000,4.11379000000,0.000000,88.60000,90.0000,540.31100000,15.13215000
"Pr0201","Pr0201 b",180.64000000,130.4324005,20.2268164,1.240000,1.150000,6174.00,0.0600000000,4.42640000000,0.000000,,,171.62820000,14.20000000
"K2-173","K2-173 b",228.64100000,60.3752402,15.6251296,0.881538,0.843154,5580.00,,5.86869900000,,87.82563,,3.22000000,1.60826194
"HD 102195","HD 102195 b",29.33860000,176.4254063,2.8209912,0.760000,0.820000,5301.00,0.0500000000,4.11377000000,0.000000,,143.4000,130.31030000,14.20000000
"HD 102117","HD 102117 b",39.57920000,176.2097267,-58.7040134,1.060000,1.230000,5655.00,0.1500000000,20.81330000000,0.120000,,162.8000,54.03110000,8.47000000
"HD 330075","HD 330075 b",45.29890000,237.4054997,-49.9639199,0.470000,0.840000,5000.00,0.0400000000,3.38773000000,0.000000,,0.0000,152.55840000,14.30000000
"HD 34445","HD 34445 b",46.09070000,79.4207483,7.3527156,1.140000,1.380000,5879.00,2.0700000000,1049.00000000000,0.270000,,104.0000,260.62060000,13.90000000
"HD 77338","HD 77338 b",45.93500000,135.3022475,-25.5282343,1.370000,0.970000,5341.00,0.0600000000,5.73610000000,0.090000,,223.4540,15.90000000,4.12000000
"HAT-P-40","HAT-P-40 b",464.46900000,335.5129199,45.4573423,1.030000,1.940000,6080.00,0.0608000000,4.45724000000,0.000000,88.30000,,152.55840000,17.03768000
"HD 215152","HD 215152 c",21.59740000,340.8380941,-6.4020685,0.770000,0.730000,4935.00,0.0673930000,7.28243000000,0.000000,0.20350,,468.79690033,
"HD 215152","HD 215152 d",21.59740000,340.8380941,-6.4020685,0.770000,0.730000,4935.00,0.0879900000,10.86499000000,0.000000,0.19980,,770.41605857,
"HD 103197","HD 103197 b",57.14630000,178.2201971,-50.2927911,0.800000,0.880000,5250.00,0.2500000000,47.84000000000,0.000000,,0.0000,28.60470000,5.83000000
"HD 108874","HD 108874 b",59.51750000,187.6126029,22.8794399,1.100000,1.050000,5600.00,1.0400000000,394.48123000000,0.130000,,30.0000,451.31860000,13.60000000
"HD 40979","HD 40979 b",34.08830000,91.1253346,44.2597855,1.450000,1.210000,6165.00,0.8500000000,264.14999000000,0.250000,,323.4000,1484.26610000,12.90000000
"HD 4203","HD 4203 b",81.37950000,11.1722288,20.4483925,1.250000,1.420000,5596.00,1.1700000000,431.88000000000,0.520000,,-28.9000,708.76090000,13.30000000
"WASP-49","WASP-49 b",194.55300000,91.0897193,-16.9653901,0.920000,0.970000,5600.00,0.0379000000,2.78174000000,0.000000,84.89000,90.0000,117.59710000,12.44199000
"UKIRT-2017-BLG-001L","UKIRT-2017-BLG-001L b",6300.00000000,266.6540830,-29.2113609,0.810000,,,4.1800000000,,,,,407.00000000,13.70000000
"HD 121504","HD 121504 b",41.65920000,209.3199062,-56.0404085,1.620000,1.070000,6027.00,0.3300000000,63.33000000000,0.030000,,265.0000,479.92330000,13.60000000
"HD 47186","HD 47186 b",37.45740000,99.0367212,-27.6234285,0.960000,1.080000,5657.00,0.0500000000,4.08450000000,0.040000,,59.0000,22.24810000,5.02000000
"WASP-66","WASP-66 b",500.25800000,158.2250301,-34.9899074,1.330000,1.760000,6600.00,0.0546000000,4.08605000000,0.000000,85.90000,,746.90050000,15.69260000
"WASP-67","WASP-67 b",189.46900000,295.7438485,-19.9497314,0.910000,0.880000,5200.00,0.0517900000,4.61442000000,0.000000,85.80000,,136.66690000,12.89035000
"K2-197","K2-197 b",247.63700000,202.3934779,-7.3739779,1.000000,0.930000,5667.00,0.0806000000,8.35788100000,,88.50928,,7.08000000,2.56000000
"HD 185269","HD 185269 b",51.99170000,294.2987668,28.4995140,1.300000,2.000000,5923.00,0.0770000000,6.83776000000,0.229000,,176.2000,321.00830000,13.80000000
"HD 181342","HD 181342 b",120.39100000,290.2674078,-23.6196996,1.690000,4.710000,4945.00,1.5920000000,564.10000000000,0.022000,,290.0000,807.28820000,13.20000000
"K2-240","K2-240 b",72.91050000,227.8493710,-17.8754464,0.580000,0.540000,3810.00,0.0513000000,6.03400000000,,89.26000,,4.66000000,2.00000000
"CoRoT-20","CoRoT-20 c",844.06100000,97.7204249,0.2268931,1.140000,1.020000,5880.00,2.9000000000,1675.00000000000,0.600000,,65.0000,5403.11000000,12.20000000
"HD 89345","HD 89345 b",132.34500000,154.6710977,10.1288464,1.157000,1.747000,5576.00,0.1066000000,11.81430000000,0.220000,87.21000,-13.0000,34.96130000,7.39794000
"WASP-158","WASP-158 b",524.99300000,4.1463468,-10.9764226,1.380000,1.390000,6350.00,0.0517000000,3.65633300000,0.000000,87.70000,,886.74570000,11.99363000
"HD 200964","HD 200964 b",72.59220000,316.6664183,3.8033357,1.390000,4.920000,4982.00,1.5650000000,606.30000000000,0.087000,,133.0000,508.21017000,13.50000000
"K2-238","K2-238 b",537.96300000,347.7043164,-7.8575592,1.190000,1.590000,5630.00,0.0460000000,3.20466000000,0.000000,84.50000,90.0000,273.33380000,14.57170000
"WASP-162","WASP-162 b",310.84100000,168.2929079,-17.6577794,0.950000,1.110000,5300.00,0.0871000000,9.62468000000,0.434000,89.30000,-1.9000,1652.71600000,11.20900000
"WASP-168","WASP-168 b",303.94100000,96.7446427,-46.8213635,1.080000,1.120000,6000.00,0.0519000000,4.15365800000,0.000000,84.40000,,133.48860000,16.81350000
"HD 28678","HD 28678 b",189.90800000,67.8560643,4.5752495,1.530000,6.480000,4972.00,1.1800000000,380.20000000000,0.149000,,128.0000,490.09386000,13.50000000
"HD 30856","HD 30856 b",131.19900000,72.5745099,-24.3689282,1.170000,4.400000,4895.00,1.8500000000,847.00000000000,0.061000,,171.0000,491.68301000,13.50000000
"OGLE-2014-BLG-1722L","OGLE-2014-BLG-1722L c",6400.00000000,268.7523800,-31.4690552,0.400000,,,1.7000000000,,,,,83.70000000,11.00000000
"K2-244","K2-244 b",212.90200000,183.4686492,-3.8318097,0.860000,0.920000,5677.00,0.1418000000,21.06884000000,,89.21390,,3.71000000,1.75000000
"K2-266","K2-266 b",77.55860000,157.9356855,0.9372782,0.686000,0.703000,4285.00,0.0130600000,0.65852400000,,75.32000,,11.26782377,3.30000000
"K2-266","K2-266 c",77.55860000,157.9356855,0.9372782,0.686000,0.703000,4285.00,0.0679000000,7.81400000000,0.042000,88.28000,87.0000,0.29013072,0.70500000
"WASP-173 A","WASP-173 A b",232.98000000,354.1686959,-34.6113042,1.050000,1.110000,5800.00,0.0248000000,1.38665318000,0.000000,85.20000,,1172.79270000,13.45080000
"OGLE-2011-BLG-0173L","OGLE-2011-BLG-0173L b",6100.00000000,269.3157350,-28.2338619,0.410000,,,8.0000000000,,,,,60.00000000,9.01000000
"HD 5319","HD 5319 b",121.40500000,13.7558096,0.7893425,1.270000,4.060000,4871.00,1.5700000000,637.10000000000,0.092000,,158.0000,494.54348000,13.50000000
"K2-159","K2-159 b",170.99800000,180.5408896,-3.5809053,0.900000,0.830000,5425.00,0.1013000000,12.42205000000,,89.06464,,5.73000000,2.26000000
"K2-266","K2-266 e",77.55860000,157.9356855,0.9372782,0.686000,0.703000,4285.00,0.1249000000,19.48200000000,0.043000,89.45000,89.0000,14.30000000,2.73000000
"K2-266","K2-266 d",77.55860000,157.9356855,0.9372782,0.686000,0.703000,4285.00,0.1035000000,14.69700000000,0.047000,89.46000,87.0000,8.90000000,2.93000000
"WASP-147","WASP-147 b",436.09800000,359.1915117,-22.1532316,1.044000,1.429000,5702.00,0.0549000000,4.60273000000,0.000000,87.90000,,87.40325000,12.49803500
"WASP-160 B","WASP-160 B b",288.32600000,87.6795610,-27.6233218,0.870000,0.868000,5298.00,0.0452000000,3.76849520000,0.000000,88.97000,,88.35674000,12.21781000
"HD 95089","HD 95089 c",136.95700000,164.6987480,1.7290087,1.540000,5.080000,4918.00,3.3300000000,1785.00000000000,0.284000,,66.0000,1096.51350000,13.10000000
"K2-166","K2-166 b",476.88200000,185.1880932,2.2823788,1.160000,1.610000,5960.00,0.0858000000,8.52695000000,,87.42879,,5.43000000,2.19000000
"HATS-36","HATS-36 b",856.43600000,291.4787013,-23.2028183,1.100000,1.100000,5950.00,0.0523000000,4.17518600000,0.105000,87.61000,,1022.14128000,12.92000000
"WASP-165","WASP-165 b",602.23600000,357.5806472,-17.0775947,1.248000,1.750000,5599.00,0.0482300000,3.46550900000,0.000000,84.90000,,209.13214000,14.12334000
"HD 96063","HD 96063 b",140.06500000,166.1853484,-2.5132966,1.370000,4.750000,5020.00,1.1100000000,362.50000000000,0.170000,,271.0000,403.64410000,13.70000000
"K2-228","K2-228 b",129.46000000,187.2947047,-6.8342028,0.710000,0.650000,4715.00,0.0338000000,2.69828000000,,87.46500,,1.92000000,1.21000000
"K2-283","K2-283 b",402.91500000,13.1943679,9.6929181,0.890000,0.820000,5060.00,0.0291000000,1.92103600000,,,,12.20000000,3.52000000
"K2-151","K2-151 b",69.47980000,19.3047733,9.5012663,0.470000,0.450000,3695.00,0.0373000000,3.83547600000,,,,2.83000000,1.49000000
"K2-281","K2-281 b",458.13900000,16.2274724,7.2692169,0.820000,0.760000,4812.00,0.0773000000,8.68772100000,,,,50.90000000,8.18000000
"K2-216","K2-216 b",115.46100000,11.4802354,6.3470302,0.700000,0.720000,4503.00,0.0280000000,2.17480000000,0.000000,86.90000,,8.00000000,1.75000000
"HD 5319","HD 5319 c",121.40500000,13.7558096,0.7893425,1.270000,4.060000,4871.00,1.9300000000,872.20000000000,0.183000,,244.0000,334.67499000,13.80000000
"K2-230","K2-230 b",540.77300000,191.3631170,-6.5760510,1.110000,1.390000,5945.00,0.0409000000,2.86041000000,,85.98986,,4.50000000,1.96000000
"K2-188","K2-188 b",446.82100000,129.8137008,23.3574367,1.060000,1.190000,5977.00,0.0289000000,1.74216900000,,83.92815,,2.39000000,1.35000000
"GJ 96","GJ 96 b",11.93150000,35.5624031,47.8802075,0.600000,0.580612,3785.00,0.2910000000,73.94000000000,0.440000,,339.5800,19.66000000,4.67000000
"KMT-2016-BLG-1820L","KMT-2016-BLG-1820L b",6260.00000000,268.7647400,-29.5169201,0.039000,,,1.0800000000,,,,,1450.00000000,12.90000000
"HD 94834","HD 94834 b",98.16090000,164.3126363,24.1429374,1.110000,4.200000,4798.00,2.7400000000,1576.00000000000,0.140000,,38.0000,400.46580000,13.70000000
"K2-153","K2-153 b",143.12500000,183.8088709,2.0208765,0.550000,0.530000,3845.00,0.0614000000,7.51574000000,,,,4.66000000,2.00000000
"HATS-11","HATS-11 b",944.60300000,289.4007603,-22.3900092,1.330000,1.540000,6563.00,0.0507000000,3.61918800000,0.340000,89.03000,,263.79890000,18.03000000
"KMT-2016-BLG-2142L","KMT-2016-BLG-2142L b",7010.00000000,268.1120000,-29.3845615,0.073000,,,0.8300000000,,,,,4923.00000000,12.20000000
"MOA-2015-BLG-337L","MOA-2015-BLG-337L b",7100.00000000,271.9487000,-28.1702785,0.009400,,,0.2400000000,,,,,33.70000000,6.42000000
"K2-241","K2-241 b",149.46400000,181.2386829,-6.8052985,0.710000,0.750000,5262.00,0.1567000000,26.81990000000,,,,7.04000000,2.55000000
"K2-117","K2-117 c",101.63200000,133.8557342,10.4692176,0.540000,0.510000,3778.00,0.0492000000,5.44401700000,0.150000,89.49000,-77.0600,4.90000000,2.06000000
"K2-284","K2-284 b",107.27200000,79.1407971,20.2549034,0.630000,0.607000,4140.00,0.0477100000,4.79506900000,0.078000,89.00000,180.2000,8.15000000,2.78000000
"MOA-2016-BLG-319L","MOA-2016-BLG-319L b",6800.00000000,268.7422180,-29.7504635,0.150000,,,0.9500000000,,,,,200.00000000,14.10000000
"HD 12648","HD 12648 b",182.19200000,34.7480718,85.7365329,0.670000,11.020000,4835.00,0.5400000000,133.60001000000,0.040000,,99.3000,622.94680000,13.40000000
"K2-243","K2-243 b",266.86400000,181.1211419,-4.8991358,1.290000,1.390000,6570.00,0.1087000000,11.54182000000,,,,5.35000000,2.17000000
"K2-117","K2-117 b",101.63200000,133.8557342,10.4692176,0.540000,0.510000,3778.00,0.0189000000,1.29160000000,0.060000,88.36000,-22.6300,4.78000000,2.03000000
"HD 80653","K2-312 c",109.86000000,140.3390845,14.3678691,1.150000,1.199000,5959.00,1.8820000000,871.32000000000,0.843500,,41.3000,1681.31227303,12.80000000
"K2-245","K2-245 b",456.06400000,185.1815630,-1.5909138,0.830000,1.250000,5793.00,0.0959000000,11.89307000000,,,,17.40000000,4.34000000
"K2-270","K2-270 c",280.51800000,131.2665588,13.5497322,0.850000,0.770000,4877.00,0.0497000000,4.40002800000,,,,9.01000000,2.95000000
"HATS-59","HATS-59 b",642.88400000,170.3243250,-22.3881770,1.038000,1.036000,5670.00,0.0611200000,5.41608100000,0.129000,88.10000,227.0000,256.17098000,12.62133400
"KELT-15","KELT-15 b",324.68300000,117.4149764,-52.1204471,2.060000,1.780000,6003.00,0.0461300000,3.32944000000,0.000000,88.30000,,416.35730000,19.50366000
"K2-247","K2-247 b",258.11300000,188.8935189,-10.0692793,0.740000,0.690000,4667.00,0.0304000000,2.25021000000,,,,5.14000000,2.12000000
"EPIC 211945201","EPIC 211945201 b",181.69000000,136.5741931,19.4020565,1.170000,1.390000,6069.00,0.1493000000,19.49221000000,0.000000,87.90000,90.0000,11.00000000,5.76000000
"CoRoT-21","CoRoT-21 b",1398.83419686,101.0526207,-0.2991544,1.290000,1.950000,6200.00,0.0417000000,2.72474000000,0.000000,86.80000,,718.29580000,14.57170000
"70 Vir","70 Vir b",17.90110000,202.1064898,13.7763085,1.090000,1.890000,5495.00,0.4810000000,116.68800000000,0.398800,,359.8300,2380.45000000,12.60000000
"K2-39","K2-39 b",307.47000000,338.3682095,-9.0229405,0.660000,2.970000,4881.00,0.0570800000,4.60543000000,0.000000,80.39000,,28.60470000,6.27704000
"K2-248","K2-248 b",406.25400000,182.8173343,-9.4141696,0.880000,0.920000,5528.00,0.0699000000,7.17256000000,,,,7.13000000,2.57000000
"K2-276","K2-276 b",488.15200000,125.9528309,22.6339399,0.820000,0.850000,5139.00,0.1291000000,18.71826900000,,,,13.70000000,3.77000000
"HD 102956","HD 102956 b",121.89000000,177.8436988,57.6406584,1.660000,4.550000,4985.00,0.0807000000,6.49470000000,0.037000,,301.0000,305.11680000,13.80000000
"HD 108863","HD 108863 b",164.74200000,187.5826081,21.9480993,1.590000,5.740000,4878.00,1.3200000000,437.70000000000,0.032000,,191.0000,767.24162000,13.30000000
"HATS-46","HATS-46 b",453.80800000,6.7026401,-56.3161021,0.917000,0.853000,5495.00,0.0536700000,4.74237290000,0.559000,87.32000,,54.98459000,10.12172700
"HATS-7","HATS-7 b",240.70700000,208.8567465,-21.2078587,0.849000,0.815000,4985.00,0.0401200000,3.18531500000,0.170000,87.92000,,38.13960000,6.31066700
"K2-252","K2-252 b",228.83900000,182.3663818,-8.3096141,0.790000,0.820000,5152.00,0.1041000000,13.81513000000,,,,3.68000000,1.74000000
"K2-188","K2-188 c",446.82100000,129.8137008,23.3574367,1.060000,1.190000,5977.00,0.0785000000,7.81025300000,,88.09762,,8.40000000,2.83000000
"HD 131496","HD 131496 b",131.84900000,223.3461495,18.2352618,1.340000,4.440000,4846.00,2.0100000000,896.00000000000,0.181000,,58.0000,572.09400000,13.40000000
"HD 1502","HD 1502 b",190.95300000,4.8214389,14.0546830,1.460000,4.670000,4947.00,1.2620000000,428.50000000000,0.031000,,126.0000,874.03250000,13.20000000
"NGTS-3 A","NGTS-3 A b",743.97200000,94.4447595,-35.7063640,1.017000,0.930000,5600.00,0.0230000000,1.67537280000,,89.56000,,756.43540000,16.58932000
"K2-254","K2-254 b",227.77500000,185.5507926,-4.7172908,0.710000,0.670000,4629.00,0.0448000000,4.09639000000,,,,3.29000000,1.63000000
"K2-192","K2-192 b",221.75300000,206.5823122,-11.5563527,0.900000,0.810000,5222.00,0.0490000000,4.16281700000,,88.39205,,2.92000000,1.52000000
"K2-239","K2-239 c",31.08490000,160.5941265,4.4413751,0.400000,0.360000,3420.00,0.0576000000,7.77500000000,,88.77000,,0.97200000,1.00000000
"K2-258","K2-258 b",661.87300000,187.6314027,-1.1609171,1.210000,1.310000,6351.00,0.1490000000,19.09210000000,,,,9.27000000,3.00000000
"HD 70642","HD 70642 b",29.27600000,125.3661079,-39.7044432,1.078000,0.984000,5732.00,3.3180000000,2124.54000000000,0.175000,29.90000,272.8400,1239.53078730,13.00000000
"HATS-69","HATS-69 b",414.53700000,289.2974275,-60.8917599,0.892000,0.878500,5137.00,0.0321100000,2.22525770000,0.519000,88.49000,,183.38791000,10.59250500
"HD 202696","HD 202696 b",188.54600000,319.2250346,27.2582799,1.910000,6.430000,5040.00,1.5660000000,517.80000000000,0.011000,90.00000,201.6000,634.38868000,
"HD 202696","HD 202696 c",188.54600000,319.2250346,27.2582799,1.910000,6.430000,5040.00,2.3420000000,946.60000000000,0.028000,90.00000,136.8000,592.43512000,
"KMT-2017-BLG-1038L","KMT-2017-BLG-1038L b",6000.00000000,266.1709170,-25.1430306,0.370000,,,1.8000000000,,,,,640.00000000,13.40000000
"HD 117618","HD 117618 b",37.77810000,203.1066418,-47.2719049,1.077000,1.200000,5990.00,0.1800000000,25.80000000000,0.150000,,289.0000,55.30242000,8.59000000
"NGTS-4","NGTS-4 b",280.55500000,89.5988945,-30.8117992,0.750000,0.840000,5143.00,0.0190000000,1.33735080000,0.000000,82.50000,0.0000,20.60000000,3.18000000
"K2-295","K2-295 b",232.80100000,19.6101417,6.8167277,0.740000,0.700000,4444.00,0.0451000000,4.02486700000,0.000000,89.30000,,106.47305000,10.05447300
"HIP 79098 AB","HIP 79098 AB b",145.79800000,242.1821202,-23.6855244,3.750000,,9193.75,345.0000000000,,,,,6515.51500000,12.10000000
"Kepler-730","Kepler-730 b",1935.04000000,285.5547895,45.5788420,1.047000,1.411000,5620.00,0.0694000000,6.49168280800,0.000000,86.96000,,,12.32990000
"K2-133","K2-133 c",75.17030000,70.1493775,25.0098135,0.461000,0.455000,3655.00,0.0434100000,4.86784000000,,88.21000,,3.20000000,1.60300000
"K2-133","K2-133 d",75.17030000,70.1493775,25.0098135,0.461000,0.455000,3655.00,0.0748700000,11.02454000000,,89.40000,,4.67000000,2.00300000
"HAT-P-25","HAT-P-25 b",300.38400000,48.4354731,25.1973548,1.012000,0.919000,5519.00,0.0466000000,3.65281514000,0.023000,88.22000,287.0000,180.84527000,12.72221500
"HD 89744","HD 89744 b",38.63640000,155.5433193,41.2289354,1.860000,2.132570,6291.00,0.9170000000,256.78000000000,0.677000,,193.7000,2653.88050000,12.60000000
"HD 65216","HD 65216 c",35.12050000,118.4209646,-63.6466892,0.874000,0.880000,5612.00,5.7500000000,5370.00000000000,0.170000,,123.0000,645.19490000,13.40000000
"K2-133","K2-133 e",75.17030000,70.1493775,25.0098135,0.461000,0.455000,3655.00,0.1346000000,26.58410000000,,89.16400,,3.64000000,1.73000000
"EPIC 201497682","EPIC 201497682 b",253.02600000,168.9366786,0.4880606,0.780000,0.554000,4991.00,,2.13174000000,,,,0.26000000,0.69200000
"OGLE-2015-BLG-1670L","OGLE-2015-BLG-1670L b",6700.00000000,268.1587917,-28.5519167,0.550000,,,2.6200000000,,,,,17.90000000,4.42000000
"K2-290","K2-290 c",272.90900000,234.8578846,-20.1988975,1.194000,1.511000,6302.00,0.3050000000,48.36685000000,0.000000,89.37000,90.0000,246.00042000,11.27625400
"HAT-P-34","HAT-P-34 b",249.32500000,303.1954355,18.1047776,1.392000,1.530000,6442.00,0.0677400000,5.45265400000,0.432000,87.10000,21.9000,1058.37390000,13.41717300
"K2-16","EPIC 201754305 d",334.96700000,175.0972238,4.5574311,0.670000,0.544000,4761.00,,2.71578000000,,,,1.08000000,1.03000000
"K2-50","EPIC 201833600 c",257.44300000,169.4836540,5.9882890,0.611000,0.634000,4326.00,,3.96151000000,,,,0.97200000,1.00000000
"HAT-P-36","HAT-P-36 b",294.41900000,188.2662048,44.9153672,1.030000,1.041000,5620.00,0.0241000000,1.32734683000,0.063000,87.13000,51.0000,587.41340600,14.31389300
"K2-52","K2-52 b",1038.41000000,246.6114157,-24.9699462,1.691000,2.192000,7147.00,0.0540000000,3.53505500000,,86.46000,,,18.00000000
"K2-53","K2-53 b",138.01800000,244.1419684,-20.4005984,0.851000,0.807000,5263.00,0.0980000000,12.20772000000,,89.32000,,7.27000000,2.60000000
"K2-293","K2-293 b",392.25100000,351.6064952,-6.0279068,0.958000,0.947000,5532.00,,13.12250000000,,88.80000,,6.57000000,2.45000000
"TOI-172","TOI-172 b",342.83100000,316.6318791,-26.6928654,1.128000,1.777000,5645.00,0.0914000000,9.47725000000,0.380600,88.20000,57.1000,1722.63860000,10.81668500
"EPIC 206024342","EPIC 206024342 b",369.88800000,331.2771441,-14.1218019,0.928000,0.823000,5724.00,,4.50756000000,,,,3.53000000,1.70000000
"EPIC 206032309","EPIC 206032309 b",161.36500000,341.2404563,-13.9011223,0.221000,0.373440,3489.00,,2.87814000000,,,,1.01000000,1.01000000
"HAT-P-9","HAT-P-9 b",455.20300000,110.1685157,37.1405946,1.281000,1.338000,6350.00,0.0528700000,3.92281072000,0.084000,86.44000,152.0000,238.05467000,15.61413700
"HATS-24","HATS-24 b",494.18200000,268.8907069,-61.7474000,1.070000,1.120000,6125.00,0.0238000000,1.34849780000,0.000000,85.97000,90.0000,718.29580000,15.63655500
"K2-90","K2-90 b",134.18800000,59.1527391,22.4724517,0.629000,0.619000,4484.00,0.0960000000,13.73331400000,0.070000,89.24000,16.4000,7.27000000,2.60000000
"K2-294","K2-294 b",373.07800000,352.0516724,-7.6037856,0.987000,1.200000,5612.00,,2.50387000000,,85.50000,,3.39000000,1.66000000
"GJ 685","GJ 685 b",14.31550000,263.8960378,61.6793482,0.550000,0.540000,3816.00,0.1344000000,24.16000000000,0.000000,,,9.00000000,2.95000000
"EPIC 206317286","EPIC 206317286 b",314.35000000,337.6178427,-7.9724560,0.711000,0.669000,4752.00,,1.58252000000,,,,0.84000000,0.96000000
"K2-308","K2-308 b",1314.53000000,78.3391194,16.4141986,1.090000,1.240000,6100.00,,3.38628000000,,88.44000,,70.60000000,9.91600000
"Kepler-9","Kepler-9 c",628.25700000,285.5739904,38.4008192,1.022000,0.958000,5774.00,0.2270000000,38.98530000000,0.066910,89.18800,167.5000,29.90000000,8.08000000
"K2-124","K2-124 b",140.38500000,133.6410515,23.1329509,0.390000,0.388000,3570.00,0.0490000000,6.41365100000,0.080000,89.03000,-26.8000,8.75000000,2.90000000
"HD 92788","HD 92788 b",34.65380000,160.7021351,-2.1847173,1.150000,1.140000,5744.00,0.9700000000,325.80300000000,0.350000,,-82.1700,1195.04080000,13.00000000
"Kepler-25","Kepler-25 c",243.24900000,286.6383905,39.4879038,1.165000,1.316000,6354.00,0.1117000000,12.72070000000,0.006100,92.76400,,15.20000000,5.21700000
"WASP-33","WASP-33 b",121.94400000,36.7127375,37.5504441,1.495000,1.444000,7430.00,0.0239000000,1.21987000000,0.000000,86.63000,,665.21819000,17.85593700
"HD 134060","HD 134060 c",24.01250000,227.6847587,-61.4223747,1.095000,1.164285,5966.00,2.3928000000,1291.56460000000,0.110000,,-132.7300,29.29000000,5.91000000
"WASP-177","WASP-177 b",176.81800000,334.7969885,-1.8344301,0.876000,0.885000,5017.00,0.0395700000,3.07172200000,,84.14000,,161.45764000,17.71022000
"WASP-181","WASP-181 b",437.49500000,26.7932253,3.1329325,1.040000,0.965000,5839.00,0.0542700000,4.51950640000,,88.38000,,95.03117000,13.27145600
"Kepler-25","Kepler-25 b",243.24900000,286.6383905,39.4879038,1.165000,1.316000,6354.00,0.0695000000,6.23829700000,0.002900,92.82700,,8.70000000,2.74800000
"WASP-161","WASP-161 b",343.08000000,126.3378248,-11.5009889,1.390000,1.712000,6400.00,0.0673000000,5.40604250000,,89.01000,,791.39670000,12.81188700
"WASP-163","WASP-163 b",261.38600000,256.5375549,-10.4130071,0.970000,1.015000,5500.00,0.0266000000,1.60968840000,,85.42000,,594.34210000,13.47321800
"HD 20781","HD 20781 b",35.97150000,50.0139757,-28.7841175,0.700000,0.833609,5256.00,0.0529000000,5.31350000000,0.100000,,84.0400,1.93000000,1.21000000
"HD 20003","HD 20003 b",41.83160000,46.9090081,-72.3219221,0.875000,0.921637,5494.00,0.0974000000,11.84820000000,0.360000,,-92.7400,11.66000000,3.43000000
"Kepler-47","Kepler-47 c",1025.02000000,295.2978883,46.9204303,0.957000,0.936000,5636.00,0.9638000000,303.22700000000,0.044000,90.19250,306.0000,3.17000000,4.65000000
"Gl 49","Gl 49 b",9.85280000,15.6687321,62.3454386,0.515000,0.511000,3805.00,0.0905000000,13.85080000000,0.363000,,43.0000,5.63000000,2.24000000
"HD 21693","HD 21693 b",33.25500000,51.8040469,-58.3232726,0.800000,0.914378,5430.00,0.1455000000,22.67860000000,0.120000,,-91.0400,8.23000000,2.80000000
"HD 20781","HD 20781 c",35.97150000,50.0139757,-28.7841175,0.700000,0.833609,5256.00,0.1004000000,13.89050000000,0.090000,,7.4400,5.33000000,2.17000000
"Kepler-47","Kepler-47 d",1025.02000000,295.2978883,46.9204303,0.957000,0.936000,5636.00,0.6992000000,187.36600000000,0.024000,90.39500,352.0000,19.02000000,7.04000000
"LSPM J2116+0234","LSPM J2116+0234 b",17.62970000,319.1147513,2.5807711,0.430000,0.431000,3475.00,0.0876000000,14.43990000000,0.183000,,,13.30000000,3.71000000
"K2-285","K2-285 e",154.96100000,349.3843458,1.3001522,0.830000,0.787000,4975.00,0.1804100000,14.76289000000,0.000000,89.79940,,10.70000000,1.95000000
"K2-285","K2-285 d",154.96100000,349.3843458,1.3001522,0.830000,0.787000,4975.00,0.1178000000,10.45582000000,0.000000,89.64310,,6.50000000,2.48000000
"HD 31527","HD 31527 b",38.44730000,73.9096193,-23.2413163,0.960000,1.073694,5898.00,0.1254000000,16.55350000000,0.100000,,41.1200,10.47000000,3.22000000
"HD 31527","HD 31527 d",38.44730000,73.9096193,-23.2413163,0.960000,1.073694,5898.00,0.8098000000,271.67370000000,0.240000,,179.0000,11.82000000,3.46000000
"GJ 143","HD 21749 c",16.32000000,51.7501882,-63.5001660,0.730000,0.695000,4640.00,0.0695000000,7.78993000000,,88.90000,,3.70000000,0.89200000
"HD 114729","HD 114729 b",37.80630000,198.1833997,-31.8746756,0.936000,1.473000,5844.00,2.0670000000,1121.79000000000,0.079000,,77.0590,262.20975000,13.90000000
"K2-286","K2-286 b",76.14860000,233.3698192,-16.7737113,0.640000,0.620000,3926.00,0.1768000000,27.35900000000,,89.67000,,5.06000000,2.10000000
"Qatar-9","Qatar-9 b",213.77100000,160.7480950,60.9641194,0.719000,0.696000,4309.00,0.0234000000,1.54073100000,0.000000,89.23000,,378.21770000,11.30988100
"NGTS-5","NGTS-5 b",306.77900000,221.0582692,5.6053735,0.661000,0.739000,4987.00,0.0382000000,3.35698660000,0.000000,86.60000,,72.78307000,12.73342400
"HD 126525","HD 126525 b",37.65060000,216.8852514,-51.9329118,0.897000,0.979000,5638.00,1.8370000000,960.41000000000,0.035000,,247.5060,75.32571000,10.30000000
"HD 117207","HD 117207 b",32.35470000,202.3368806,-35.5713041,1.053000,1.074000,5732.00,3.7870000000,2621.75000000000,0.157000,76.60000,90.2170,669.34662514,13.40000000
"HD 143361","HD 143361 b",68.51460000,240.4588405,-44.4350575,0.968000,0.916000,5507.00,1.9880000000,1039.15000000000,0.197000,50.00000,241.8890,1382.55357045,12.90000000
"K2-288 B","K2-288 B b",65.61380000,55.4442857,18.2684913,0.330000,0.320000,3341.00,0.1640000000,31.39346300000,,89.81000,,4.27000000,1.90000000
"HATS-60","HATS-60 b",486.47400000,341.3640336,-14.9917747,1.097000,1.460000,5688.00,0.0470800000,3.56082900000,0.191000,86.28000,,210.40346000,12.92397700
"HD 20781","HD 20781 e",35.97150000,50.0139757,-28.7841175,0.700000,0.833609,5256.00,0.3374000000,85.50730000000,0.060000,,70.5900,14.03000000,3.83000000
"HD 45184","HD 45184 c",21.95320000,96.1820205,-28.7806402,1.030000,1.075139,5869.00,0.1100000000,13.13540000000,0.070000,,-197.9700,8.81000000,2.91000000
"HD 152079","HD 152079 b",87.88880000,253.3732313,-46.3333582,1.147000,1.128000,5907.00,4.1870000000,2918.92000000000,0.532000,,332.9050,845.74563000,13.20000000
"HATS-62","HATS-62 b",523.06700000,312.4493079,-24.3035060,0.896000,0.933000,5416.00,0.0416300000,3.27688370000,0.298000,87.92000,,56.89157000,11.82549500
"HATS-63","HATS-63 b",623.23200000,67.4185820,-28.1972149,0.931000,1.070000,5627.00,0.0402600000,3.05665270000,0.136000,84.86000,,305.11680000,13.52926300
"HATS-70","HATS-70 b",1458.83000000,109.1045212,-31.2443947,1.780000,1.881000,7930.00,0.0363200000,1.88823780000,0.180000,86.70000,,4100.00700000,15.51325600
"K2-264","K2-264 b",185.60500000,131.3583524,19.6984010,0.496000,0.473000,3660.00,0.0502300000,5.84000200000,0.500000,89.01000,,5.61000000,2.23100000
"KMT-2016-BLG-1107L","KMT-2016-BLG-1107L b",6651.00000000,266.4177500,-26.0318000,0.087000,,,0.3420000000,,,,,1043.00000000,13.10000000
"HD 103949","HD 103949 b",26.49970000,179.5479558,-23.9241221,0.770000,0.753113,4792.00,0.4390000000,120.87800000000,0.190000,,127.7400,11.20000000,3.35000000
"HIP 35173","HIP 35173 b",33.15620000,109.0449329,-3.6661273,0.790000,0.773404,4881.00,0.2170000000,41.51600000000,0.160000,,10.7300,12.70000000,3.61000000
"HD 23127","HD 23127 b",93.85550000,54.8491271,-60.0772290,1.208000,1.490000,5843.00,2.3700000000,1211.17000000000,0.406000,,181.8290,485.32641000,13.50000000
"HD 25171","HD 25171 b",55.61460000,58.9574779,-65.1863239,1.076000,1.230000,6125.00,2.9710000000,1802.29000000000,0.042000,,159.5430,290.81445000,13.90000000
"HATS-65","HATS-65 b",493.32000000,292.9397825,-26.7402021,1.257000,1.310000,6277.00,0.0449700000,3.10516100000,0.062000,84.82000,,260.93843000,16.82470900
"HATS-66","HATS-66 b",1477.98000000,101.3948048,-33.8816918,1.411000,1.841000,6626.00,0.0471400000,3.14143910000,0.064000,87.06000,,1694.03390000,15.81589900
"HD 1397","HD 1397 b",79.57020000,4.4471631,-66.3589285,1.324000,2.336000,5521.00,0.1097000000,11.53533000000,0.251000,88.99000,2.1000,131.89945000,11.50043400
"HD 64114","HD 64114 b",31.52620000,117.9825560,-11.0337221,0.950000,0.882858,5676.00,0.2460000000,45.79100000000,0.120000,,215.3000,17.80000000,4.41000000
"HD 206255","HD 206255 b",75.23630000,325.5917768,-50.0935884,1.420000,2.221489,5635.00,0.4610000000,96.04500000000,0.230000,,86.9200,34.20000000,6.47000000
"HD 38801","HD 38801 b",91.43490000,86.9963141,-8.3280256,1.207000,2.029000,5338.00,1.6230000000,685.25000000000,0.017000,,97.1150,3082.31534000,12.50000000
"HATS-67","HATS-67 b",960.10900000,180.2087883,-46.1364201,1.435000,1.441000,6594.00,0.0303200000,1.60917880000,0.057000,79.03000,,460.85350000,18.88716500
"HATS-68","HATS-68 b",603.95500000,15.0060770,-58.9047242,1.351000,1.748000,6147.00,0.0507100000,3.58622020000,0.036000,83.21000,,410.00070000,13.80948800
"Gl 378","Gl 378 b",14.95450000,150.5865513,48.0824515,0.560000,0.560000,3879.00,0.0394350000,3.82200000000,0.109000,,210.6000,13.02000000,3.66000000
"WASP-190","WASP-190 b",542.25100000,7.7095292,-40.5734613,1.350000,1.600000,6400.00,0.0663000000,5.36775300000,0.000000,87.10000,,317.83000000,12.89035000
"Kepler-1610","Kepler-1610 c",864.33100000,295.9049795,45.4054296,0.825000,0.800000,5295.00,0.2323000000,44.98518850000,0.000000,89.41000,,5.02000000,2.09000000
"XO-7","XO-7 b",234.14900000,277.4780753,85.2333208,1.405000,1.480000,6250.00,0.0442100000,2.86414240000,0.038000,83.45000,,225.34147000,15.38995700
"HATS-55","HATS-55 b",609.83800000,114.2833819,-32.7554188,1.195500,1.126000,6214.00,0.0541200000,4.20420010000,0.092000,86.32000,,292.72143000,14.02245900
"Kepler-1996","Kepler-1996 c",440.56100000,285.2537555,46.5822183,0.748000,0.675000,4580.00,0.3608000000,92.72972480000,0.000000,89.19000,,8.30000000,2.81000000
"Kepler-1988","Kepler-1988 b",513.42600000,298.6738034,43.7955099,1.127000,1.788000,6033.00,0.1038000000,11.49500229000,0.000000,79.67000,,2.96000000,1.53000000
"TOI-813","TOI-813 b",263.14500000,72.6940102,-60.9054608,1.320000,1.940000,5907.00,0.4230000000,83.89110000000,0.000000,89.64000,,36.40000000,6.71000000
"GJ 433","GJ 433 b",9.06456000,173.8619194,-32.5436302,0.480000,0.500000,3461.00,0.0620000000,7.37050000000,0.040000,,154.0000,6.04300000,2.33000000
"HATS-58 A","HATS-58 A b",403.59100000,186.7873036,-48.9784105,1.461000,1.433000,7175.00,0.0579800000,4.21808960000,0.168000,85.69000,,327.36490000,12.27385500
"HR 5183","HR 5183 b",31.46070000,206.7357992,6.3498994,1.070000,1.530000,5794.00,18.0000000000,27000.00000000000,0.840000,80.30000,-20.0000,1052.01202717,13.10000000
"Kepler-1991","Kepler-1991 b",855.82000000,285.0360506,45.0709909,0.914000,1.053000,5478.00,0.1065000000,13.26079792000,0.000000,89.51000,,2.76000000,1.47000000
"Kepler-1471","Kepler-1471 c",978.67800000,289.6649171,50.0200612,0.934000,1.166000,5533.00,0.0981000000,11.60448810000,0.000000,89.74000,,4.19000000,1.88000000
"GJ 180","GJ 180 b",11.94070000,73.4600970,-17.7761940,0.430000,0.413049,3371.00,0.0920000000,17.13300000000,0.070000,,276.0000,6.49000000,2.43000000
"WASP-169","WASP-169 b",627.06600000,127.3872297,-12.9447683,1.337000,2.011000,6110.00,0.0681000000,5.61141180000,0.000000,87.90000,,178.30263000,14.61653600
"Kepler-1998","Kepler-1998 b",340.96500000,283.4291536,47.5923973,0.962000,0.921000,5640.00,0.0405000000,3.03267135000,0.000000,88.93000,,0.15600000,0.60000000
"Kepler-164","Kepler-164 e",890.75800000,287.7808115,47.6298453,0.966000,1.097000,5888.00,0.4025000000,94.88690200000,0.000000,88.37000,,16.70000000,4.24000000
"Kepler-1994","Kepler-1994 b",241.99100000,297.1487941,46.2969247,0.932000,0.961000,5495.00,0.0530000000,4.61225043000,0.000000,89.95000,,0.08700000,0.51000000
"GJ 433","GJ 433 d",9.06456000,173.8619194,-32.5436302,0.480000,0.500000,3461.00,0.1780000000,36.05900000000,0.070000,,159.0000,5.22300000,2.14000000
"GJ 3082","GJ 3082 b",16.61860000,18.6432425,-53.9407751,0.470000,0.465216,3910.00,0.0790000000,11.94900000000,0.220000,,121.0000,8.20000000,2.79000000
"WASP-175","WASP-175 b",539.36000000,166.3187996,-34.1227453,1.212000,1.204000,6229.00,0.0440300000,3.06529070000,0.000000,85.33000,,314.65170000,13.54047200
"Kepler-619","Kepler-619 d",900.67800000,290.8490899,48.4159782,1.041000,0.964000,6122.00,0.1021000000,11.67894236000,0.000000,88.28000,,16.20000000,4.17000000
"Kepler-1126","Kepler-1126 c",635.73600000,285.6919550,45.6893993,0.794000,0.921000,5678.00,0.6193000000,199.66876000000,0.000000,89.98000,,2.70000000,1.45000000
"EPIC 249893012","EPIC 249893012 b",321.29600000,228.2482353,-16.7246474,1.050000,1.710000,5430.00,0.0470000000,3.59510000000,0.060000,86.14000,225.0000,8.75000000,1.95000000
"Kepler-1661","Kepler-1661 b",410.60700000,285.1670927,41.9669383,0.841000,0.762000,5100.00,0.6330000000,175.06000000000,0.057000,89.46000,67.1000,17.00000000,3.87000000
"OGLE-2016-BLG-1067L","OGLE-2016-BLG-1067L b",3730.00000000,273.2045000,-27.0126389,0.300000,,,1.7000000000,,,,,140.00000000,14.30000000
"Kepler-1987","Kepler-1987 c",595.68300000,295.8254663,42.9433716,0.799000,0.714000,4769.00,0.0427000000,3.64830183000,0.000000,89.75000,,2.33000000,1.33000000
"Kepler-1987","Kepler-1987 b",595.68300000,295.8254663,42.9433716,0.799000,0.714000,4769.00,0.0318000000,2.34586300200,0.000000,89.81000,,2.04000000,1.23000000
"Kepler-1801","Kepler-1801 c",839.33200000,295.1640095,39.2014024,0.936000,0.981000,5738.00,0.4572000000,116.58318300000,0.000000,89.74000,,8.80000000,2.91000000
"EPIC 249893012","EPIC 249893012 c",321.29600000,228.2482353,-16.7246474,1.050000,1.710000,5430.00,0.1300000000,15.62400000000,0.070000,87.94000,217.0000,14.67000000,3.67000000
"EPIC 249893012","EPIC 249893012 d",321.29600000,228.2482353,-16.7246474,1.050000,1.710000,5430.00,0.2200000000,35.74700000000,0.150000,89.47000,181.0000,10.18000000,3.94000000
"WASP-180 A","WASP-180 A b",253.98500000,123.3922465,-1.9827874,1.300000,1.190000,6600.00,0.0480000000,3.40926400000,0.000000,88.10000,,286.04700000,13.89916000
"WASP-2","WASP-2 b",153.24200000,307.7255587,6.4293305,0.895000,0.866000,5180.00,0.0314400000,2.15217500000,0.005400,84.49000,267.0000,295.89973000,12.11692900
"Kepler-949","Kepler-949 c",486.10500000,298.6079128,46.4536600,0.817000,0.895000,5211.00,0.1394000000,20.99757968000,0.000000,89.76000,,9.11000000,2.97000000
"Kepler-311","Kepler-311 d",778.65400000,282.0612731,47.0854984,0.974000,1.156000,5903.00,0.7326000000,232.04032600000,0.000000,89.70000,,4.86000000,2.05000000
"WASP-44","WASP-44 b",364.51200000,3.9032733,-11.9382645,0.935000,0.906000,5420.00,0.0345300000,2.42380400000,0.000000,86.21000,,276.51210000,12.32990000
"WASP-45","WASP-45 b",211.19600000,5.2377567,-35.9984650,0.850000,0.855000,5150.00,0.0396300000,3.12608900000,0.000000,85.02000,,306.38812000,10.60371400
"Kepler-1834","Kepler-1834 c",500.39500000,294.6646789,39.7838461,0.765000,0.788000,4821.00,0.0150000000,0.76669151700,0.000000,84.94000,,1.98000000,1.22000000
"HATS-47","HATS-47 b",300.67000000,287.4844021,-49.6649424,0.674000,0.656400,4512.00,0.0426900000,3.92280380000,0.088000,87.08000,,117.27927000,12.52045300
"GJ 15 A","GJ 15 A c",3.56228000,4.6126677,44.0247296,0.380000,0.380000,3607.00,5.4000000000,7600.00000000000,0.270000,,-58.4000,36.00000000,6.67000000
"Kepler-763","Kepler-763 c",962.45900000,292.1445534,47.1573604,0.800000,0.843000,4999.00,0.0466000000,4.09667624000,0.000000,89.43000,,2.60000000,1.42000000
"Kepler-347","Kepler-347 d",1298.88000000,289.1995995,49.3056404,1.000000,1.451000,5592.00,0.3802000000,85.51734400000,0.000000,88.00000,,9.48000000,3.04000000
"EPIC 248847494","EPIC 248847494 b",551.88600000,159.3890808,11.8427484,0.900000,2.700000,4898.00,4.5000000000,3650.00000000000,0.000000,89.87000,,4131.79000000,12.44199000
"WASP-184","WASP-184 b",663.23100000,209.5170100,-30.3481530,1.230000,1.650000,6000.00,0.0627000000,5.18170000000,0.000000,86.90000,,181.16310000,14.90797000
"WASP-185","WASP-185 b",279.35000000,214.0595791,-19.5423062,1.120000,1.500000,5900.00,0.0904000000,9.38755000000,0.240000,86.80000,-42.0000,311.47340000,14.01125000
"Kepler-290","Kepler-290 d",694.62700000,286.4100307,42.6815137,0.840000,0.755000,5142.00,0.0154000000,0.76401755300,0.000000,84.79000,,0.56600000,0.86000000
"Kepler-549","Kepler-549 d",635.14500000,283.0228527,47.2611431,0.859000,0.986000,5312.00,0.1575000000,24.61480613000,0.000000,89.63000,,16.40000000,4.20000000
"KMT-2017-BLG-0165L","KMT-2017-BLG-0165L b",4530.00000000,269.6496667,-28.1336694,0.760000,,,3.4500000000,,,,,34.00000000,6.45000000
"Kepler-865","Kepler-865 c",586.13700000,297.7242257,43.5272796,0.782000,0.885000,5440.00,0.0610000000,6.20920207000,0.000000,89.11000,,0.64000000,0.89000000
"TOI-150","TOI-150.01",336.26700000,112.9654210,-73.6060358,1.351000,1.526000,6255.00,0.0703700000,5.85748700000,0.262000,88.09000,,797.75330000,14.06729500
"GJ 682","GJ 682 c",5.00671000,264.2610245,-44.3232519,0.270000,0.298255,3028.00,0.1760000000,57.32000000000,0.100000,,320.0000,8.70000000,2.89000000
"OGLE-2015-BLG-1649L","OGLE-2015-BLG-1649L b",4230.00000000,271.2050417,-32.6330278,0.340000,,,2.0700000000,,,,,807.00000000,13.20000000
"Kepler-2000","Kepler-2000 c",320.58800000,285.5743032,49.9621218,0.581000,0.576000,3757.00,0.1228000000,20.61803480000,0.000000,89.82000,,3.09000000,1.57000000
"KOI-12","Kepler-448 c",399.39800000,297.4537402,41.0110188,1.500000,1.400000,6635.00,4.2000000000,2500.00000000000,0.650000,,-89.0000,6992.26000000,12.00000000
"MOA-bin-29","MOA-bin-29 b",7120.00000000,269.3759583,-29.7365639,0.030000,,,0.4800000000,,,,,190.00000000,14.10000000
"TOI-4562","TOI-4562 c",339.60500000,112.0100593,-63.5177788,1.192000,1.152000,6096.00,5.2190000000,3990.00000000000,0.122000,90.00000,3.0000,1833.86990839,12.80000000
"HD 50554","HD 50554 d",31.16640000,103.6782730,24.2451409,1.040000,1.146000,5968.00,0.1831000000,28.06940000000,0.000000,,,10.40000000,1.41000000
"HD 97048","HD 97048 b",183.85700000,167.0133422,-77.6548530,2.400000,2.250000,10000.00,130.0000000000,,,40.00000,,794.57500000,13.30000000
"7 CMa","7 CMa b",19.81010000,99.1712760,-19.2561808,1.340000,4.870000,4826.00,1.7580000000,735.10000000000,0.060000,90.00000,165.3000,587.98550000,13.40000000
"Kepler-1983","Kepler-1983 b",424.42800000,297.0420150,39.9121864,0.812000,0.874000,5135.00,0.0689000000,7.32851947000,0.000000,85.76000,,6.04000000,2.33000000
"NGTS-8","NGTS-8 b",428.97600000,328.9759206,-14.0684399,0.890000,0.980000,5241.00,0.0350000000,2.49970000000,0.010000,86.90000,,295.58190000,12.21781000
"K2-168","EPIC 205950854 c",243.93500000,333.1100738,-16.3418863,0.877000,0.830000,5502.70,,8.05072200000,,89.81000,,2.27000000,1.31000000
"7 CMa","7 CMa c",19.81010000,99.1712760,-19.2561808,1.340000,4.870000,4826.00,2.1530000000,996.00000000000,0.080000,90.00000,233.5000,276.51210000,13.90000000
"Kepler-1990","Kepler-1990 c",392.73900000,299.7047433,44.4357068,1.028000,1.071000,5751.00,0.0504000000,4.06844957000,0.000000,86.61000,,0.90400000,0.98000000
"HD 220197","HD 220197 b",64.41100000,350.4946927,16.6323305,0.910000,0.980000,5683.00,2.7290000000,1728.00000000000,0.187000,,159.0110,63.56600000,9.32000000
"K2-43","K2-43 c",182.53600000,169.1170280,-3.9754405,0.571000,0.542000,3840.60,,2.19888400000,,89.26000,,6.44000000,2.42000000
"Kepler-763","Kepler-763 d",962.45900000,292.1445534,47.1573604,0.800000,0.843000,4999.00,0.0634000000,6.50327035000,0.000000,89.76000,,3.43000000,1.67000000
"Kepler-1162","Kepler-1162 c",940.21100000,283.2920273,45.4339813,0.861000,0.859000,5225.00,0.2832000000,59.28406400000,0.000000,89.55000,,3.93000000,1.81000000
"HD 213885","HD 213885 b",48.08830000,338.9837166,-59.8648290,1.068000,1.101100,5978.00,0.0201200000,1.00803500000,0.000000,80.09000,,8.83000000,1.74500000
"Kepler-896","Kepler-896 c",2334.93000000,282.4391402,43.7344291,0.877000,0.803000,5510.00,0.1792000000,29.54225660000,0.000000,81.44000,,10.10000000,3.15000000
"Kepler-1982","Kepler-1982 b",558.85500000,287.4099905,39.6586267,1.213000,1.122000,6202.00,0.0511000000,3.82315697000,0.000000,89.70000,,0.38100000,0.77000000
"HD 213885","HD 213885 c",48.08830000,338.9837166,-59.8648290,1.068000,1.101100,5978.00,0.0567980000,4.78503000000,0.000000,,,19.95000000,4.71000000
"HAT-P-69","HAT-P-69 b",341.26300000,130.5056385,3.7105662,1.648000,1.926000,7394.00,0.0655500000,4.78694910000,0.000000,87.19000,,1137.83140000,18.78628400
"Kepler-2000","Kepler-2000 b",320.58800000,285.5743032,49.9621218,0.581000,0.576000,3757.00,0.0562000000,6.38315913500,0.000000,89.61000,,7.90000000,2.73000000
"TOI-763","TOI-763 c",95.12740000,194.4680980,-39.7580613,0.917000,0.897000,5450.00,0.1011000000,12.27370000000,0.040000,,62.0000,9.32000000,2.63000000
"TOI-905","TOI-905 b",158.64900000,227.6586754,-71.3616316,0.968000,0.918000,5570.00,0.0466600000,3.73949400000,0.024000,85.68000,39.0000,211.99261000,13.12573900
"TOI-564","TOI-564 b",199.58100000,130.2951535,-16.0363275,0.998000,1.088000,5640.00,0.0273400000,1.65114400000,0.072000,78.38000,94.0000,464.98529000,11.43318000
"Kepler-29","Kepler-29 b",832.53200000,298.3483820,47.4913021,0.761000,0.732000,5378.00,0.0848200000,10.33974000000,0.000000,89.13000,,5.00000000,2.55000000
"Kepler-1674","Kepler-1674 b",1012.48000000,294.8160447,45.3060844,0.960000,0.877273,5473.91,0.3017000000,62.56110000000,0.000000,89.02000,,10.40000000,3.20577490
"Kepler-1675","Kepler-1675 b",651.11700000,283.8095478,41.0412517,1.060000,1.128650,5853.19,0.3218500000,63.03820000000,0.000000,89.98000,,9.93000000,3.12483349
"HD 108236","HD 108236 b",64.59780000,186.5740627,-51.3630519,0.869000,0.877000,5660.00,0.0452700000,3.79596300000,0.045000,87.59000,126.0000,3.24000000,1.61500000
"HD 164922","HD 164922 c",22.00160000,270.6304652,26.3104077,0.926000,0.946000,5390.00,0.3410000000,75.74000000000,0.120000,,-29.0000,13.00000000,3.66000000
"KMT-2019-BLG-0842L","KMT-2019-BLG-0842L b",3320.00000000,268.4584580,-29.8774389,0.760000,,,3.3100000000,,,,,10.28000000,3.19000000
"HD 108236","HD 108236 e",64.59780000,186.5740627,-51.3630519,0.869000,0.877000,5660.00,0.1367000000,19.59002500000,0.058000,89.24500,128.0000,9.71000000,3.08300000
"WASP-150","WASP-150 b",527.99500000,264.2630197,53.0212751,1.394000,1.651000,6218.00,0.0694000000,5.64420700000,0.377500,84.01000,,2688.84180000,11.99363000
"NGTS-13","NGTS-13 b",647.59500000,176.2402326,-38.1397158,1.300000,1.788000,5819.00,0.0549000000,4.11902700000,0.086000,88.70000,-146.4000,1538.29720000,12.80067800
"MOA-2009-BLG-319L","MOA-2009-BLG-319L b",7050.00000000,271.7422080,-26.8196917,0.524000,,,2.0300000000,,,,,67.30000000,9.64000000
"Kepler-1685","Kepler-1685 b",1141.89000000,296.1882618,43.9368118,0.960000,0.835451,5484.00,0.1485000000,20.49050000000,0.000000,89.98000,,7.16000000,2.57673985
"Kepler-1686","Kepler-1686 b",729.82300000,291.6067189,42.0359783,1.020000,1.199510,5714.96,0.0882700000,9.30987000000,0.000000,88.19000,,2.62000000,1.42553017
"KMT-2016-BLG-2397L","KMT-2016-BLG-2397L b",4880.00000000,266.2125420,-23.2013806,0.640000,,,3.6400000000,,,,,836.00000000,13.20000000
"OGLE-2017-BLG-0604L","OGLE-2017-BLG-0604L b",3950.00000000,267.8916670,-30.9465556,0.700000,,,4.0600000000,,,,,160.00000000,14.20000000
"OGLE-2017-BLG-1375L","OGLE-2017-BLG-1375L b",3930.00000000,269.1548750,-30.3114167,0.810000,,,3.0400000000,,,,,3585.00000000,12.40000000
"NGTS-14 A","NGTS-14 A b",322.14800000,328.5174799,-38.3774193,0.898000,0.842000,5187.00,0.0403000000,3.53571730000,0.000000,86.70000,,29.24036000,4.97679600
"HD 13808","HD 13808 b",28.23050000,33.1780708,-53.7437591,0.771000,0.781000,5035.00,0.1051900000,14.18150000000,0.071000,,,11.20000000,3.35000000
"OGLE-2015-BLG-1771L","OGLE-2015-BLG-1771L b",7070.00000000,268.7990000,-28.8627500,0.077000,,,0.8500000000,,,,,138.00000000,14.30000000
"OGLE-2018-BLG-1700L","OGLE-2018-BLG-1700L b",7600.00000000,269.9560420,-28.5286389,0.420000,,,2.8000000000,,,,,1400.00000000,12.90000000
"Kepler-1687","Kepler-1687 b",417.01400000,289.7428363,50.7870626,0.650000,0.726119,4132.00,0.0532000000,5.77954000000,0.000000,82.13000,,3.38000000,1.65623882
"Kepler-1689","Kepler-1689 b",294.12200000,291.5741663,38.6559433,1.023000,0.996208,5731.43,0.0784000000,8.48300000000,0.000000,88.50000,,0.79900000,0.94678642
"Kepler-462","Kepler-462 b",596.62500000,299.8211502,43.8142793,1.590000,1.570000,7500.00,0.4172000000,84.68660000000,0.042000,89.34000,51.9000,53.90000000,3.00000000
"HD 4760","HD 4760 b",537.87300000,12.4161652,6.4071412,1.050000,42.400000,4076.00,1.1400000000,434.00000000000,0.230000,,265.0000,4417.83700000,12.30000000
"HD 110113","HD 110113 c",106.30700000,190.0365636,-44.3120777,0.997000,0.968000,5732.00,0.0680000000,6.74400000000,0.045000,,,10.50000000,2.11384817
"HD 96992","HD 96992 b",396.08200000,167.5966158,43.9189897,0.960000,7.430000,4725.00,1.2400000000,514.00000000000,0.410000,,149.0000,362.32620000,13.70000000
"KMT-2018-BLG-1292L","KMT-2018-BLG-1292L b",3460.00000000,263.4275830,-33.5206694,1.090000,,,6.0300000000,,,,,1400.00000000,12.90000000
"OGLE-2012-BLG-0838L","OGLE-2012-BLG-0838L b",6320.00000000,273.0030830,-25.7116111,0.400000,,,4.4300000000,,,,,53.10000000,8.39000000
"Kepler-1691","Kepler-1691 b",1267.67000000,286.2543962,41.0218373,1.110000,1.131520,6000.00,0.0495000000,3.84820000000,0.000000,88.47000,,4.02000000,1.83470985
"Kepler-1692","Kepler-1692 b",591.01900000,286.9241804,47.0537092,0.870000,0.866139,5146.00,0.0646000000,5.95966000000,0.000000,89.03000,,1.42000000,1.11177184
"EPIC 201170410","EPIC 201170410.02",134.00000000,170.1408561,-4.8070039,0.287000,0.282000,3648.00,0.0349000000,6.79870000000,0.000000,89.00250,,1.15000000,1.04700000
"Kepler-160","Kepler-160 d",937.01300000,287.7735730,42.8692755,1.003000,1.118000,5471.00,0.1700000000,30.00000000000,,86.90000,,100.00000000,
"Kepler-160","Kepler-160 c",937.01300000,287.7735730,42.8692755,1.003000,1.118000,5471.00,0.1192000000,13.69942900000,0.000000,89.93000,,13.60000000,3.76000000
"Kepler-1694","Kepler-1694 b",513.32900000,293.7936339,40.2410230,0.820000,0.756284,4954.00,0.0449000000,3.89526000000,0.000000,89.26000,,1.76000000,1.17986031
"Kepler-716","Kepler-716 c",635.00900000,290.3931809,43.3638577,0.830000,0.742183,5012.00,0.0454800000,3.96999000000,0.000000,86.81000,,2.52000000,1.39281536
"EPIC 201757695","EPIC 201757695.02",577.60000000,173.9385102,4.6164303,0.727000,0.655000,4520.00,0.0296000000,2.04780000000,0.000000,89.27570,,0.68800000,0.90819000
"HD 110082","HD 110082 b",105.09600000,192.5892855,-88.1211107,1.210000,1.190000,6200.00,0.1130000000,10.18271000000,0.200000,88.20000,138.0000,10.30000000,3.20000000
"Kepler-1664","Kepler-1664 b",626.69100000,286.8527157,49.2616668,0.944000,1.072000,5735.81,0.1137000000,14.38680000000,0.000000,89.98000,,9.45000000,3.03320653
"Kepler-1001","Kepler-1001 c",928.97800000,286.2739151,48.6186972,0.930000,0.836475,5376.00,0.0829600000,9.18186000000,0.000000,79.49000,,3.11000000,1.57799279
"TOI-954","TOI-954 b",238.76800000,61.9410587,-25.2088028,1.201000,1.892000,5710.00,0.0496300000,3.68497290000,0.140000,84.40000,276.0000,55.30242000,9.55006800
"K2-329","K2-329 b",233.23700000,351.1353785,-5.1641451,0.901000,0.822000,5282.00,0.1016000000,12.45512250000,0.069700,89.22000,161.0000,82.63580000,8.67576600
"HATS-49","HATS-49 b",324.41300000,6.6135927,-56.3442798,0.713300,0.697700,4405.00,0.0451500000,4.14804670000,0.071000,88.27000,,112.19399000,8.57488500
"TYC 8998-760-1","TYC 8998-760-1 c",94.61770000,201.3001096,-64.9391566,1.000000,1.020000,4573.00,320.0000000000,,,,,1906.98000000,12.32990000
"Wendelstein-1","Wendelstein-1 b",305.30000000,299.0506412,17.5699627,0.650000,0.610000,4251.00,0.0282000000,2.66341600000,0.012000,86.12000,,188.15536000,11.56096260
"MOA-2013-BLG-220L","MOA-2013-BLG-220L b",6720.00000000,270.9854170,-29.5447222,0.880000,,,3.0300000000,,,,,871.00000000,13.20000000
"KMT-2016-BLG-1836L","KMT-2016-BLG-1836L b",7100.00000000,268.2503330,-30.0407500,0.490000,,,3.5000000000,,,,,700.00000000,13.30000000
"OGLE-2013-BLG-0911L","OGLE-2013-BLG-0911L b",3220.00000000,268.8832500,-29.2538333,0.290000,,,0.3900000000,,,,,3020.00000000,12.50000000
"BD-11 4672","BD-11 4672 c",27.16650000,278.3688659,-11.6370481,0.651000,0.639000,4550.00,0.3000000000,74.20000000000,0.400000,,245.9200,15.37000000,4.04000000
"BD-11 4672","BD-11 4672 b",27.16650000,278.3688659,-11.6370481,0.651000,0.639000,4550.00,2.3600000000,1634.00000000000,0.050000,,343.8800,206.58950000,14.10000000
"HIP 65 A","HIP 65 A b",61.78560000,0.1856063,-54.8308228,0.781000,0.724200,4590.00,0.0178200000,0.98097340000,0.000000,77.18000,291.4200,1021.18779000,22.75427000
"TOI-481","TOI-481 b",179.36600000,110.5126861,-57.3849980,1.140000,1.660000,5735.00,0.0970000000,10.33111000000,0.153000,89.20000,64.8000,486.27990000,11.09691000
"TIC 237913194","TIC 237913194 b",306.06300000,22.4458116,-60.7399096,1.026000,1.088000,5788.00,0.1207000000,15.16886500000,0.575000,87.00000,24.1000,617.22586000,12.52045300
"TOI-157","TOI-157 b",355.68300000,73.7014398,-76.6806061,0.948000,1.167000,5404.00,0.0313800000,2.08454350000,0.000000,82.01000,,375.03940000,14.41477400
"TOI-169","TOI-169 b",407.84000000,16.7786879,-75.1989452,1.147000,1.288000,5880.00,0.0352400000,2.25544770000,0.000000,80.98000,,251.40353000,12.17297400
"Kepler-1700","Kepler-1700 b",717.59700000,286.9497376,45.3537626,1.120000,1.093700,6031.00,0.7609400000,234.23900000000,0.000000,89.02000,,8.76000000,2.90129941
"Kepler-1666","Kepler-1666 b",1379.37000000,297.9516071,46.2647024,1.230000,1.145860,6293.00,0.1761000000,25.84760000000,0.000000,89.91000,,8.66000000,2.88273782
"Gl 686","Gl 686 b",8.15728000,264.4764878,18.5959509,0.426000,0.427000,3656.00,0.0910000000,15.53000000000,0.050000,,197.0620,6.62400000,2.46000000
"HD 180617","HD 180617 b",5.91059000,289.2277322,5.1631615,0.484000,0.481000,3534.00,0.3430000000,105.91100000000,0.101000,,257.4330,12.21400000,3.53000000
"HD 158259","HD 158259 e",27.04980000,261.3495847,52.7904721,1.080000,1.210000,5801.89,,7.95100000000,,,,6.08000000,2.34000000
"HD 158259","HD 158259 c",27.04980000,261.3495847,52.7904721,1.080000,1.210000,5801.89,,3.43200000000,,,,5.60000000,2.23000000
"HATS-37 A","HATS-37 A b",211.89600000,199.8018300,-22.9868431,0.843000,0.877000,5326.00,0.0491300000,4.33153660000,0.000000,89.33000,,31.46517000,6.79265400
"GJ 687","GJ 687 b",4.54939000,264.1041731,68.3336741,0.400000,0.418300,3413.00,0.1630000000,38.14200000000,0.170000,,117.0000,17.20000000,4.32000000
"GJ 2056","GJ 2056 b",28.44340000,108.0194945,-24.8921008,0.620000,0.709495,4069.95,0.2830000000,69.97100000000,0.720000,,58.0000,16.20000000,4.17000000
"TOI-237","TOI-237 b",38.07490000,353.2435381,-29.4164870,0.179000,0.211000,3212.00,0.0341000000,5.43609800000,0.000000,89.50000,,2.67000000,1.44000000
"HD 216520","HD 216520 c",19.55200000,341.8768719,83.6975307,0.820000,0.760000,5103.00,0.5280000000,154.43000000000,0.120000,,198.1200,9.44000000,3.03000000
"CoRoT-30","CoRoT-30 b",1032.23000000,277.6011767,6.8359338,0.980000,0.910000,5650.00,0.0844000000,9.06005000000,0.007000,90.00000,178.1000,921.70700000,11.30988100
"CoRoT-31","CoRoT-31 b",2005.76000000,94.8207350,-4.4222978,1.250000,2.150000,5700.00,0.0586000000,4.62941000000,0.020000,83.20000,303.6000,266.97720000,16.36514000
"HIP 38594","HIP 38594 b",17.78860000,118.5439118,-25.3023073,0.610000,0.626646,4086.30,0.2560000000,60.72200000000,0.170000,,125.0000,8.10000000,2.77000000
"WASP-186","WASP-186 b",278.51400000,18.9953122,21.6169065,1.220000,1.470000,6361.00,0.0600000000,5.02679900000,0.330000,83.59000,173.0000,1341.24260000,12.44199000
"Kepler-29","Kepler-29 c",832.53200000,298.3483820,47.4913021,0.761000,0.732000,5378.00,0.1002700000,13.28613000000,0.000000,89.97000,,4.50000000,2.34000000
"Kepler-783","Kepler-783 c",516.09000000,291.0628615,47.4847890,0.940000,0.872088,5411.49,0.0690300000,7.05395000000,0.000000,86.66000,,6.04000000,2.33153725
"Kepler-1667","Kepler-1667 b",626.81900000,283.5329505,48.0943604,1.090000,1.087510,5941.54,0.3590500000,83.57810000000,0.000000,89.59000,,9.19000000,2.98385261
"HIP 4845","HIP 4845 b",21.09740000,15.5881733,-10.4246208,0.620000,0.603999,4010.00,0.1760000000,34.15000000000,0.250000,,108.0000,14.40000000,3.89000000
"HIP 48714","HIP 48714 b",10.52980000,149.0332672,62.7859505,0.580000,0.595456,4015.50,0.1120000000,17.81800000000,0.500000,,202.0000,22.90000000,5.11000000
"TOI-251","TOI-251 b",99.52300000,353.0620655,-37.2558629,1.036000,0.881000,5875.00,0.0574100000,4.93777000000,0.000000,87.52000,,317.83000000,2.74000000
"HAT-P-68","HAT-P-68 b",202.15200000,118.4831501,23.9382192,0.678500,0.670100,4508.00,0.0299600000,2.29840551000,0.041000,88.73000,,230.10892000,12.01604800
"Kepler-177","Kepler-177 b",1435.44000000,286.0471442,45.0532038,0.921000,1.324000,5732.00,0.2110100000,36.86010000000,0.000000,89.93000,,5.84000000,3.50000000
"Kepler-36","Kepler-36 b",527.95600000,291.2501859,49.2318073,1.034000,1.634000,5979.00,0.1141900000,13.86825000000,0.000000,90.01000,,3.83000000,1.49800000
"KOI-1783","KOI-1783.01",865.73000000,289.3414629,46.9881550,1.076000,1.143000,5922.00,0.5266100000,134.46280000000,0.000000,89.44130,,71.00000000,8.86000000
"Kepler-1668","Kepler-1668 b",1335.64000000,297.3523076,46.0959309,0.980000,1.017380,5542.00,0.1240000000,15.43400000000,0.000000,88.09000,,17.40000000,4.34764405
"Kepler-598","Kepler-598 c",681.08600000,293.1234493,40.9348005,0.900000,0.900316,5245.00,0.3667200000,86.49450000000,0.000000,89.33000,,9.40000000,3.02420941
"KMT-2019-BLG-1953L","KMT-2019-BLG-1953L b",7040.00000000,269.1162500,-28.2011111,0.310000,,,,,,,,200.00000000,14.10000000
"Kepler-1514","Kepler-1514 c",397.29200000,292.6274943,37.8601653,1.196000,1.289000,6145.00,0.0997000000,10.51418100000,0.320000,87.98000,0.0000,1.74000000,1.17582410
"KOI-1783","KOI-1783.02",865.73000000,289.3414629,46.9881550,1.076000,1.143000,5922.00,0.8669500000,284.21500000000,0.000000,89.65000,,15.00000000,5.44000000
"HD 156668","HD 156668 c",24.33230000,259.4183491,29.2281610,0.785167,0.774528,4903.69,1.5700000000,811.30000000000,0.089000,,-10.8862,31.49679513,6.17000000
"HD 211403","HD 211403 b",83.09190000,333.8158177,58.2755601,1.200000,1.206000,6273.00,0.7680000000,223.80000000000,0.084000,,190.0000,1760.76937478,12.80000000
"K2-344","K2-344 b",75.16910000,136.3614923,21.6685886,0.510000,0.490000,4374.00,,3.35585000000,,,,3.15000000,1.59000000
"HD 24040","HD 24040 c",46.62240000,57.5962104,17.4752873,1.103940,1.387296,5776.49,1.3000000000,515.40000000000,0.110000,,-17.1887,63.88350981,9.35000000
"HD 3765","HD 3765 b",17.92600000,10.2072994,40.1842918,0.851785,0.830610,5049.80,2.1080000000,1211.00000000000,0.298000,,-63.0254,54.98431441,8.56000000
"HD 213472","HD 213472 b",64.45270000,337.7069969,40.7222277,1.048132,1.433902,5729.54,13.0000000000,17000.00000000000,0.530000,,37.2423,1112.39942450,13.10000000
"K2-348","K2-348 c",201.85600000,130.8783479,24.4229559,0.830000,0.850000,5077.00,,12.55017100000,,,,7.61000000,2.67000000
"CD Cet","CD Cet b",8.60715000,48.3530155,4.7751881,0.161000,0.175000,3130.00,0.0185000000,2.29070000000,,87.48000,,3.95000000,1.82000000
"G 264-012","G 264-012 b",16.00900000,326.6719598,66.8038480,0.297000,0.305000,3326.00,0.0227900000,2.30538000000,,,,2.50000000,1.39000000
"K2-352","K2-352 d",176.05100000,140.4451478,18.4696280,0.980000,0.950000,5791.00,,14.87138700000,,,,5.60000000,2.23000000
"K2-339","K2-339 b",360.36000000,130.0825420,18.6929046,0.740000,0.720000,4857.00,,19.50742800000,,,,4.35000000,1.92000000
"K2-282","K2-282 b",496.28900000,13.4321524,7.9952914,0.940000,1.000000,5499.00,0.0499000000,4.16978300000,,90.10000,,6.80000000,2.50000000
"K2-156","K2-156 b",150.21000000,182.6996730,-6.2943552,0.660000,0.620000,4460.00,0.0149000000,0.81314300000,,89.80000,,1.37000000,1.10000000
"TOI-257","TOI-257 b",76.90280000,47.5172608,-50.8322632,1.407000,1.867000,6095.00,0.1528000000,18.38818000000,0.000000,87.91000,,43.86032017,7.16253867
"HAT-P-58","HAT-P-58 b",515.59000000,68.8465093,56.8682691,1.031000,1.530000,6078.00,0.0499400000,4.01383790000,0.073000,85.64000,,118.23216740,14.93036229
"HAT-P-59","HAT-P-59 b",265.47100000,292.4588212,62.5291892,1.008000,1.103800,5678.00,0.0506400000,4.14197710000,0.030000,85.18000,,489.45574678,12.58768533
"K2-268","K2-268 d",327.78300000,133.7094899,11.8482712,0.840000,0.780000,5106.00,,4.52859800000,,,,2.83000000,1.49000000
"TOI-269","TOI-269 b",57.02250000,75.8462827,-54.1777213,0.391700,0.398000,3514.00,0.0345000000,3.69771040000,0.425000,88.14000,74.0000,8.80000000,2.77000000
"K2-268","K2-268 f",327.78300000,133.7094899,11.8482712,0.840000,0.780000,5106.00,,26.27057000000,,,,5.60000000,2.23000000
"K2-187","K2-187 b",330.91600000,132.5235618,23.1924709,0.966999,0.830000,5438.00,0.0164000000,0.77401000000,,89.70000,,1.87000000,1.20000000
"K2-210","K2-210 b",176.51000000,17.6412694,1.5784137,0.911717,0.890000,5500.00,,0.57023000000,,89.20000,,0.56600000,0.86000000
"K2-32","K2-32 b",157.68200000,252.4260080,-19.5430504,0.830000,0.860000,5271.00,0.0795000000,8.99200000000,0.030000,89.00000,220.0000,15.00000000,5.29900000
"K2-32","K2-32 e",157.68200000,252.4260080,-19.5430504,0.830000,0.860000,5271.00,0.0489900000,4.34934000000,0.043000,89.00000,205.0000,2.10000000,1.21200000
"HAT-P-64","HAT-P-64 b",651.89700000,68.9743955,2.4312732,1.298000,1.735000,6457.00,0.0538700000,4.00723200000,0.101000,88.01000,,184.34047606,19.08889413
"Kepler-129","Kepler-129 c",408.84500000,285.3111845,47.8484775,1.178000,1.653000,5770.00,0.3900000000,82.20000000000,0.200000,90.00000,,43.00000000,2.52000000
"K2-331","K2-331 b",211.43000000,132.7376431,13.1702690,1.100000,1.060000,5994.00,,9.39897700000,,,,3.86000000,1.79000000
"EPIC 228836835","EPIC 228836835 b",150.12400000,189.5748998,-5.2446247,0.418179,0.320000,3782.00,,0.72811300000,,89.70000,,1.37000000,1.10000000
"K2-223","K2-223 c",198.60400000,185.3061830,-10.2820915,1.060000,1.000000,5859.00,0.0549000000,4.56254600000,,89.60000,,2.86000000,1.50000000
"K2-32","K2-32 c",157.68200000,252.4260080,-19.5430504,0.830000,0.860000,5271.00,0.1384300000,20.66093000000,0.049000,89.40000,168.0000,8.10000000,3.13400000
"K2-32","K2-32 d",157.68200000,252.4260080,-19.5430504,0.830000,0.860000,5271.00,0.1842200000,31.71701000000,0.050000,89.40000,185.0000,6.70000000,3.48400000
"KIC 10068024","KIC 10068024 b",721.10500000,288.8470423,47.0228607,1.220000,1.574000,6118.40,,2.07354900000,,,,635.65681400,13.40000000
"K2-350","K2-350 b",489.36800000,204.0355092,-14.0092516,0.980000,1.040000,5789.00,,4.16387300000,,,,2.99000000,1.54000000
"K2-353","K2-353 b",268.51500000,201.6168564,-2.2819018,0.870000,0.990000,5698.00,,15.46680500000,,,,26.30000000,5.55000000
"K2-137","K2-137 b",98.87650000,186.8704260,-6.1952168,0.463000,0.290000,3697.00,0.0058000000,0.17971900000,0.000000,93.10000,,158.91500000,0.64000000
"EPIC 206042996","EPIC 206042996 b",451.76900000,337.5136198,-13.6101475,0.565000,0.500000,4114.00,,5.29860000000,,90.50000,,3.53000000,1.70000000
"NGTS-15","NGTS-15 b",786.48500000,73.3553101,-32.8003484,0.995000,0.954000,5600.00,0.0441000000,3.27623000000,0.000000,,,238.68913366,12.32987877
"K2-354","K2-354 b",91.72200000,129.1299193,10.1472175,0.430000,0.410000,3669.00,,3.79330600000,,,,3.05000000,1.56000000
"K2-330","K2-330 b",160.12500000,126.8968265,11.6674131,1.230000,1.500000,6232.00,,13.77479800000,,88.62720,,8.10000000,2.77000000
"TOI-1333","TOI-1333 b",200.49200000,325.0145363,48.4067674,1.464000,1.925000,6274.00,0.0626000000,4.72021900000,0.073000,85.70000,105.0000,753.25710000,15.64776400
"HD 238090","HD 238090 b",15.23540000,183.0886375,54.4861530,0.578000,0.570000,3933.00,0.0932000000,13.67100000000,0.300000,,119.3000,6.89000000,2.52000000
"NGTS-18","NGTS-18 b",1096.19000000,180.5462193,-35.5486091,1.003000,1.392000,5610.00,0.0448000000,3.05125000000,0.000000,,,129.99181846,13.56286665
"HD 136352","HD 136352 b",14.68200000,230.4401147,-48.3188174,0.870000,1.058000,5664.00,0.0964000000,11.57797000000,0.000000,88.49000,-185.6400,4.72000000,1.66400000
"K2-336","K2-336 b",239.28900000,133.8382032,16.7940663,0.860000,0.800000,5424.00,,21.19473300000,,89.03041,,1.98000000,1.22000000
"GJ 414 A","GJ 414 A b",11.88930000,167.7745044,30.4451688,0.650000,0.680000,4120.00,0.2324000000,50.80000000000,0.450000,,111.0000,7.60000000,2.63000000
"BD+55 362","BD+55 362 b",52.56970000,23.9636676,56.6982282,0.909000,0.896193,5012.00,0.7800000000,265.59000000000,0.270000,0.60120,-134.4400,228.83645304,14.00000000
"HD 136352","HD 136352 d",14.68200000,230.4401147,-48.3188174,0.870000,1.058000,5664.00,0.4250000000,107.24500000000,0.000000,89.73000,170.8900,8.82000000,2.56200000
"K2-337","K2-337 b",421.63600000,127.7611370,16.9004702,0.940000,1.320000,5869.00,,16.27356300000,,88.13758,,7.37000000,2.62000000
"K2-138","K2-138 c",202.58500000,348.9490311,-10.8497391,0.935000,0.863000,5356.30,0.0446100000,3.56004000000,0.045000,88.10000,200.0000,6.31000000,2.29900000
"Kepler-324","KOI-1831 d",501.57400000,286.4714473,49.6490933,0.901000,0.835000,5233.00,0.1992400000,34.16900000000,0.000000,89.62000,,2.23000000,1.13000000
"K2-340","K2-340 b",738.13600000,127.9373409,19.0745863,0.930000,1.130000,5532.00,,29.74045100000,,,,11.20000000,3.36000000
"K2-138","K2-138 d",202.58500000,348.9490311,-10.8497391,0.935000,0.863000,5356.30,0.0589300000,5.40479000000,0.043000,89.00000,83.0000,7.92000000,2.39000000
"K2-138","K2-138 e",202.58500000,348.9490311,-10.8497391,0.935000,0.863000,5356.30,0.0782000000,8.26146000000,0.077000,88.60000,180.0000,12.97000000,3.39000000
"EPIC 212297394","EPIC 212297394 c",418.39500000,207.2061241,-17.6098985,0.830000,0.800000,5171.00,,5.21396500000,,,,5.77000000,2.27000000
"K2-138","K2-138 f",202.58500000,348.9490311,-10.8497391,0.935000,0.863000,5356.30,0.1044700000,12.75758000000,0.062000,88.80000,144.0000,1.63000000,2.90400000
"K2-100","K2-100 b",188.95900000,129.6010863,20.1060074,1.150000,1.240000,5945.00,0.0301000000,1.67390350000,0.000000,81.27000,0.0000,21.80000000,3.88000000
"TOI-2202","TOI-2202 c",235.93300000,51.2284214,-73.9575458,0.823000,0.794000,5144.00,0.1554400000,24.67440000000,0.062200,84.70000,320.8000,117.27868218,13.40000000
"KMT-2019-BLG-1715L","KMT-2019-BLG-1715L b",3860.00000000,270.3717083,-28.7771389,0.610000,,,3.3200000000,,,,,813.64072192,13.20000000
"K2-349","K2-349 b",453.56700000,199.0996546,-14.4447454,0.540000,0.490000,4385.00,,9.03217800000,,,,2.48000000,1.38000000
"K2-350","K2-350 c",489.36800000,204.0355092,-14.0092516,0.980000,1.040000,5789.00,,19.99194400000,,,,7.95000000,2.74000000
"K2-351","K2-351 b",694.73400000,206.6522408,-11.8049588,1.020000,1.050000,5769.00,,7.80616400000,,,,6.99000000,2.54000000
"GJ 740","GJ 740 b",11.10170000,284.4997178,5.9028670,0.580000,0.560000,3913.00,0.0290000000,2.37756000000,0.240000,,-41.0000,2.96000000,1.53000000
"HD 60292","HD 60292 b",315.21100000,114.6201698,66.2350517,1.700000,27.000000,4348.00,1.5000000000,495.40000000000,0.270000,,83.5000,2065.89500000,12.70000000
"TOI-1749","TOI-1749 b",99.55610000,282.7372281,64.4194660,0.580000,0.550000,3985.00,0.0291000000,2.38839000000,0.140000,86.40000,-50.0000,57.00000000,1.39000000
"TOI-1749","TOI-1749 d",99.55610000,282.7372281,64.4194660,0.580000,0.550000,3985.00,0.0707000000,9.04970000000,0.062000,88.53000,40.0000,15.00000000,2.52000000
"KMT-2018-BLG-1025L","KMT-2018-BLG-1025L b",6705.00000000,269.8664167,-27.8780611,0.219000,,,1.3050000000,,,,,6.05900000,2.34000000
"K2-185","K2-185 b",268.35700000,130.2596625,14.6902225,0.960000,0.940000,5788.00,,10.61638400000,,88.93239,,1.60000000,1.15000000
"EPIC 212587672","EPIC 212587672 c",320.07000000,205.4445125,-10.8625468,0.990000,0.980000,6004.00,,23.22855500000,,89.42115,,5.99000000,2.32000000
"HD 221420","HD 221420 b",31.14150000,353.3319001,-77.3853286,1.351000,1.947000,5847.00,10.1500000000,10090.00000000000,0.140000,164.00000,211.0000,7278.27052030,12.00000000
"K2-185","K2-185 c",268.35700000,130.2596625,14.6902225,0.960000,0.940000,5788.00,,52.71349400000,,89.00261,,6.30000000,2.39000000
"TOI-1201","TOI-1201 b",37.88710000,42.2476999,-14.5372835,0.512000,0.508000,3476.00,0.0287000000,2.49198630000,0.000000,88.11000,90.0000,6.28000000,2.41500000
"HD 136925","HD 136925 b",47.87400000,230.7157509,13.3663117,0.875104,1.193078,5773.19,5.1300000000,4540.00000000000,0.103000,,24.0642,266.97586188,13.90000000
"HD 109286","HD 109286 b",55.41560000,188.3958418,7.2809064,0.980000,1.089000,5694.00,1.2590000000,520.10000000000,0.338000,,133.1000,950.30693693,13.20000000
"Kepler-1771","Kepler-1771 b",565.75200000,292.0134714,49.0191267,0.941000,0.934000,5661.00,0.3815000000,88.64399719000,0.000000,89.34000,,15.50000000,4.05537256
"Kepler-1786","Kepler-1786 b",863.90900000,292.5877743,38.5219827,1.058000,1.397000,5808.00,0.3572200000,78.54609680000,0.000000,89.96000,,10.10000000,3.16305828
"Kepler-1834","Kepler-1834 b",500.39500000,294.6646789,39.7838461,0.765000,0.788000,4821.00,0.0491100000,4.60301017800,0.000000,89.69000,,2.73000000,1.45938340
"TOI-559","TOI-559 b",233.26600000,46.8186159,-31.1629951,1.026000,1.233000,5925.00,0.0723000000,6.98390950000,0.151000,89.08000,-62.3000,1910.14872607,12.22899794
"Kepler-418","Kepler-418 c",1002.53000000,294.4335228,38.3554729,0.957000,1.081000,5822.00,0.1063200000,12.21829987000,0.000000,88.15000,,23.70000000,5.22108654
"Kepler-1801","Kepler-1801 b",839.33200000,295.1640095,39.2014024,0.936000,0.981000,5738.00,0.0915000000,10.44089985000,0.000000,84.89000,,7.80000000,2.70926154
"Kepler-1838","Kepler-1838 b",451.24200000,298.9917165,40.1422600,1.187000,1.963000,5877.00,0.1108200000,12.14680004000,0.000000,86.45000,,3.40000000,1.66049425
"Kepler-1839","Kepler-1839 b",1136.60000000,294.2244432,50.0755761,1.030000,0.939000,5926.00,0.0583000000,5.05675983400,0.000000,85.55000,,4.46000000,1.94937590
"TOI-530","TOI-530 b",148.76200000,103.4128333,12.8815784,0.530000,0.540000,3659.00,0.0520000000,6.38759700000,0.000000,89.10000,90.0000,127.13136280,9.30345398
"Kepler-1749","Kepler-1749 b",268.20000000,290.2945805,45.5645196,0.551000,0.553000,3957.00,0.0956000000,14.53409958000,0.000000,88.07000,,3.23000000,1.61301783
"Kepler-1841","Kepler-1841 b",631.70000000,287.7069031,40.6852161,0.823000,0.899000,5190.00,0.1606000000,25.88599968000,0.000000,87.16000,,2.82000000,1.48912557
"Kepler-1842","Kepler-1842 b",923.55100000,286.2516039,42.3784353,1.057000,1.131000,5970.00,0.1160000000,14.02639961000,0.000000,88.86000,,6.14000000,2.35388681
"HAT-P-43","HAT-P-43 b",528.82500000,128.9256885,10.2065866,1.030000,1.080000,5693.00,0.0444000000,3.33264140000,0.000000,88.70000,,210.39500000,13.63000000
"Kepler-1742","Kepler-1742 b",669.57300000,286.9668086,44.9924315,0.939000,0.849000,5776.00,0.2587000000,49.47819901000,0.000000,89.98000,,5.38000000,2.17824130
"Kepler-1743","Kepler-1743 b",538.80700000,290.5523552,48.1262575,1.266000,1.613000,5855.00,0.0840000000,7.64971017800,0.000000,77.52000,,3.18000000,1.59887007
"Kepler-1741","Kepler-1741 b",270.73900000,292.5770730,39.1209390,0.454000,0.424000,3683.00,0.0296000000,2.75759005500,0.000000,89.77000,,2.16000000,1.27300000
"Kepler-1810","Kepler-1810 b",1009.87000000,291.8129995,38.0880964,0.921000,1.016000,5492.00,0.4137000000,101.13300320000,0.000000,89.98000,,14.60000000,3.91815325
"Kepler-1812","Kepler-1812 b",1409.19000000,298.0845087,40.2832525,1.162000,1.103000,6174.00,0.0765000000,7.16521978400,0.000000,89.75000,,6.01000000,2.32494240
"Kepler-1845","Kepler-1845 b",710.72400000,292.9016226,38.2970320,0.686000,0.701000,4703.00,0.0885000000,11.60649967000,0.000000,89.97000,,6.52000000,2.43836702
"Kepler-1716","Kepler-1716 b",195.43900000,297.2717207,43.3330644,0.753000,0.684000,4894.00,0.1883600000,35.58100128000,0.000000,90.00000,,6.46000000,2.42476850
"K2-95","K2-95 b",179.85400000,129.3625717,18.9766197,0.410000,0.400000,3566.00,0.0525000000,10.13464540000,0.160000,90.00000,-2.0000,11.00000000,3.31000000
"Kepler-1746","Kepler-1746 b",979.54100000,288.3203979,42.2613874,1.090000,1.286000,6018.00,0.9408200000,321.21200560000,0.000000,89.86000,,59.10000000,8.93504475
"Kepler-1745","Kepler-1745 b",996.10500000,293.4689924,42.8223582,0.995000,1.400000,5611.00,0.0408000000,3.01619005200,0.000000,82.72000,,4.38000000,1.92872921
"Kepler-1814","Kepler-1814 b",726.34600000,285.2166767,41.2824449,0.790000,0.823000,4922.00,0.0376500000,2.93535995500,0.000000,84.29000,,6.21000000,2.36961357
"Kepler-1815","Kepler-1815 b",1006.63000000,300.1704720,43.9849048,0.856000,0.967000,5516.00,0.0984000000,12.19139957000,0.000000,89.90000,,7.99000000,2.74892620
"Kepler-1856","Kepler-1856 b",848.76000000,295.9091695,51.3478777,0.782000,0.816000,4948.00,0.0215000000,1.30200004600,0.000000,87.69000,,3.66000000,1.73447868
"K2-101","K2-101 b",188.33000000,130.3439097,18.9338205,0.820000,0.760000,4927.00,0.1124000000,14.67624290000,0.100000,89.26000,0.0000,4.66000000,2.00000000
"Kepler-1669","Kepler-1669 c",543.44400000,297.4303826,39.8478795,0.609000,0.603000,4224.00,0.0228000000,1.60932004500,0.000000,89.89000,,4.27000000,1.90120972
"Kepler-1165","Kepler-1165 c",1575.20000000,286.9712284,44.7082669,1.130000,1.076000,6249.00,0.1969000000,29.96870041000,0.000000,89.52000,,11.20000000,3.36093385
"Kepler-1816","Kepler-1816 b",437.82300000,296.8509823,50.6987736,0.786000,0.706000,5051.00,0.3564700000,91.50099945000,0.000000,89.99000,,4.53000000,1.96793970
"Kepler-1847","Kepler-1847 b",1693.86000000,296.6014013,44.3252289,1.041000,0.964000,6122.00,0.0989000000,11.12969971000,0.000000,88.66000,,7.97000000,2.74516914
"K2-355","K2-355 b",500.49700000,124.6426189,13.5027816,0.960000,0.920000,5790.00,0.0632000000,5.73856470000,,,,5.69000000,2.25000000
"K2-356","K2-356 b",355.54000000,128.3219134,13.6613758,0.900000,0.860000,5568.00,0.1599000000,21.02673660000,,,,5.86000000,2.29000000
"Kepler-1757","Kepler-1757 b",807.30800000,297.7397823,46.9418957,0.828000,0.740000,5288.00,0.1335000000,19.65640068000,0.000000,87.07000,,8.99000000,2.94660251
"Kepler-1758","Kepler-1758 b",1588.41000000,297.7968197,39.9213378,1.035000,1.616000,5557.00,0.0919000000,9.97721004500,0.000000,89.99000,,7.13000000,2.57059831
"Kepler-1819","Kepler-1819 b",1363.19000000,296.5600307,46.8574644,1.173000,1.071000,6090.00,0.1337000000,16.48690033000,0.000000,87.38000,,14.50000000,3.90351256
"Kepler-1817","Kepler-1817 b",748.56900000,282.0333419,44.4779955,0.878000,0.915000,5316.00,0.2348000000,44.29919815000,0.000000,89.46000,,5.79000000,2.27349126
"K2-357","K2-357 b",517.68700000,131.9386628,16.3289144,0.980000,1.000000,5794.00,0.1450000000,16.34886370000,,,,13.40000000,3.72000000
"K2-358","K2-358 b",480.30700000,133.8081054,18.9497263,0.930000,0.910000,5650.00,0.0863000000,11.25102850000,,,,7.65000000,2.68000000
"Kepler-1731","Kepler-1731 b",169.94800000,291.2544229,36.7434302,0.781000,0.720000,4859.00,0.1399000000,21.76129913000,0.000000,89.95000,,8.92000000,2.93295657
"Kepler-1762","Kepler-1762 b",1663.74000000,290.4931471,39.7855117,1.298000,1.238000,6572.00,0.2040000000,29.53910065000,0.000000,89.78000,,8.05000000,2.76022913
"Kepler-1820","Kepler-1820 b",1425.39000000,296.7127400,48.2722828,1.047000,0.931000,5841.00,0.1964000000,31.03249931000,0.000000,89.38000,,9.90000000,3.11883067
"Kepler-1821","Kepler-1821 b",799.69900000,294.5254573,49.8724840,0.946000,0.884000,5475.00,0.1244000000,16.45809937000,0.000000,89.90000,,7.24000000,2.59248115
"Kepler-1788","Kepler-1788 b",560.44500000,291.2243829,45.7780993,0.686000,0.704000,4786.00,0.0343000000,2.80012011500,0.000000,86.54000,,6.25000000,2.37850461
"Kepler-1859","Kepler-1859 b",1331.25000000,293.9886751,46.7179996,1.090000,1.235000,5887.00,0.0394000000,2.72959995300,0.000000,85.66000,,3.13000000,1.58313575
"Kepler-1860","Kepler-1860 b",438.70300000,294.3508497,50.0809627,0.874000,0.868000,5420.00,0.1062500000,12.73719978000,0.000000,89.24000,,1.55000000,1.13863767
"K2-184","K2-184 b",75.58570000,129.1405227,14.4618826,0.840000,0.750000,5245.00,0.1685000000,16.97801020000,,89.46643,,2.76000000,1.47000000
"Kepler-1712","Kepler-1712 b",156.26400000,284.9986980,50.1466922,0.515000,0.509000,3732.00,0.0903000000,13.81499958000,0.000000,88.06000,,5.83000000,2.28372556
"Kepler-1763","Kepler-1763 b",756.48600000,294.1130368,40.3628861,1.026000,1.259000,5897.00,0.0257000000,1.48028004200,0.000000,89.28000,,1.59000000,1.14651332
"Kepler-1764","Kepler-1764 b",1542.48000000,293.8799047,41.3938374,1.162000,1.131000,6461.00,0.3512000000,70.46829987000,0.000000,89.98000,,18.80000000,4.55527871
"Kepler-1790","Kepler-1790 b",1070.17000000,294.5668577,46.0757312,1.020000,1.367000,5866.00,0.2098900000,31.58889961000,0.000000,89.84000,,10.00000000,3.14461450
"Kepler-1791","Kepler-1791 b",602.21800000,284.4903166,42.6482636,0.985000,1.177000,5887.00,0.0761000000,7.72086000400,0.000000,84.91000,,9.91000000,3.12103321
"K2-282","EPIC 220554210 c",496.28900000,13.4321524,7.9952914,0.940000,1.000000,5499.00,,0.70531000000,,91.30000,,3.19000000,1.60000000
"K2-273","K2-273 b",308.10500000,129.7768928,19.0100046,0.890000,0.850000,5161.00,0.0729000000,11.71956630000,,90.00000,,9.53000000,3.05000000
"K2-104","K2-104 b",189.28900000,129.6366594,19.7737202,0.510000,0.480000,3712.00,0.0242000000,1.97419540000,0.090000,88.75000,0.0000,3.86000000,1.79000000
"Kepler-1792","Kepler-1792 b",601.02900000,294.8400788,39.0859757,0.878000,1.005000,5229.00,0.0488000000,4.19577980000,0.000000,87.73000,,6.89000000,2.51990972
"Kepler-1090","Kepler-1090 c",858.77000000,295.6629002,44.5258237,0.869000,1.013000,5330.00,0.2262200000,42.42720032000,0.000000,87.30000,,10.90000000,3.29265785
"EPIC 220492298","EPIC 220492298 b",624.51200000,16.7615005,6.5887980,0.950000,0.890000,5620.00,,0.76240600000,,92.60000,,0.93700000,0.99000000
"EPIC 206024342","EPIC 206024342 c",369.88800000,331.2771441,-14.1218019,0.928000,1.100000,5724.00,,0.91172400000,,91.70000,,2.54000000,1.40000000
"Kepler-1777","Kepler-1777 b",619.14600000,290.3286455,37.7231188,0.984000,1.068000,5771.00,0.1030100000,12.18420029000,0.000000,88.36000,,5.19000000,2.13189678
"K2-275","K2-275 c",123.43800000,132.1698795,20.4550162,0.770000,0.690000,4841.00,0.0881000000,8.43883850000,,,,5.52000000,2.21000000
"K2-275","K2-275 b",123.43800000,132.1698795,20.4550162,0.770000,0.690000,4841.00,0.0277000000,3.28096260000,,88.01910,,6.08000000,2.34000000
"Kepler-1775","Kepler-1775 b",657.02300000,286.4023452,38.7385674,1.149000,1.647000,5818.00,0.3956500000,85.65399933000,0.000000,89.99000,,12.90000000,3.64762153
"Kepler-1797","Kepler-1797 b",1338.49000000,292.4642406,45.9682799,1.069000,1.009000,6244.00,0.1637000000,23.35939980000,0.000000,86.07000,,9.58000000,3.05774442
"Kepler-1798","Kepler-1798 b",395.19600000,291.7262251,37.5289680,0.593000,0.587000,3967.00,0.1082000000,16.85589981000,0.000000,89.96000,,5.94000000,2.30911251
"TIC 172900988 Aa","TIC 172900988 b",250.95600000,128.6616644,31.5539793,1.238400,1.384200,6050.00,0.9028100000,200.45200000000,0.027100,91.79000,159.4000,942.00000000,11.25000000
"HD 93385","HD 93385 d",43.34750000,161.5627065,-41.4646040,1.040000,1.184840,5977.00,0.2565000000,45.85000000000,0.090000,,-55.0000,8.70000000,2.89000000
"OGLE-2018-BLG-0567L","OGLE-2018-BLG-0567L b",7060.00000000,269.0184167,-27.9871111,0.250000,,,2.7200000000,,,,,101.70509024,12.30000000
"OGLE-2018-BLG-0962L","OGLE-2018-BLG-0962L b",6500.00000000,268.1747917,-32.3092500,0.540000,,,3.5900000000,,,,,425.89006538,13.60000000
"Kepler-487","Kepler-487 d",872.34300000,295.2872318,41.2220033,0.874000,0.887000,5422.00,0.0344500000,2.41839003600,0.000000,89.89000,,8.12000000,2.77513568
"Kepler-1822","Kepler-1822 b",897.59700000,297.2855000,41.3055733,0.782000,0.702000,5165.00,0.1416000000,22.13339996000,0.000000,89.98000,,7.50000000,2.64755943
"Kepler-1823","Kepler-1823 b",724.97100000,283.7547770,45.3351250,1.068000,1.126000,6000.00,0.1533200000,21.10339928000,0.000000,89.91000,,5.00000000,2.08612680
"HD 96700","HD 96700 c",25.41110000,166.9742616,-30.1751383,0.890000,1.160000,5845.00,0.1410000000,19.88000000000,0.293000,,,3.50000000,1.69000000
"HD 96700","HD 96700 d",25.41110000,166.9742616,-30.1751383,0.890000,1.160000,5845.00,0.4240000000,103.50000000000,0.270000,,42.0000,12.70000000,3.61000000
"TOI-2257","TOI-2257 b",57.79110000,194.7396141,77.6617157,0.328000,0.313000,3430.00,0.1450000000,35.18934600000,0.496000,89.78600,-101.6740,5.45000000,2.19400000
"Kepler-1769","Kepler-1769 b",438.41200000,294.7433755,43.4611633,1.061000,1.295000,6071.00,0.4059800000,89.19349670000,0.000000,89.99000,,18.20000000,4.46500000
"Kepler-1778","Kepler-1778 b",1276.29000000,287.3612976,43.7388000,1.143000,1.095000,6310.00,0.0956000000,10.08740044000,0.000000,85.49000,,9.36000000,3.01665969
"Kepler-1824","Kepler-1824 b",1040.10000000,296.7071957,41.2036197,1.135000,1.081000,6002.00,0.4267000000,95.61100006000,0.000000,89.97000,,6.26000000,2.38127597
"HD 189567","HD 189567 b",17.90550000,301.3959616,-67.3237992,0.830000,1.040000,5726.00,0.1110000000,14.28800000000,0.189000,,140.0000,8.50000000,2.85000000
"HD 189567","HD 189567 c",17.90550000,301.3959616,-67.3237992,0.830000,1.040000,5726.00,0.1970000000,33.68800000000,0.160000,,219.0000,7.00000000,2.54000000
"HD 137496","HD 137496 c",155.31700000,231.7420543,-16.5090014,1.040000,1.590000,5799.00,1.2163000000,479.90000000000,0.477000,,-39.0100,2434.56559762,12.60000000
"Kepler-1782","Kepler-1782 b",305.79200000,280.9261620,44.0878036,0.794000,0.734000,4931.00,0.0582500000,5.75622987700,0.000000,87.61000,,5.60000000,2.22927435
"Kepler-1784","Kepler-1784 b",883.04500000,297.9541684,44.6674491,0.887000,0.974000,5442.00,0.1072000000,13.59049988000,0.000000,89.51000,,8.24000000,2.79936489
"Kepler-1828","Kepler-1828 b",871.81000000,292.4275963,37.3207616,0.996000,0.899000,5806.00,0.0924000000,10.27379990000,0.000000,89.71000,,5.13000000,2.11598626
"Kepler-1829","Kepler-1829 b",679.92100000,288.6644840,51.4983798,0.873000,0.777000,5230.00,0.0559000000,5.18671989400,0.000000,88.44000,,6.71000000,2.47887001
"Kepler-1776","Kepler-1776 b",690.33600000,291.5344017,47.0424958,1.041000,1.153000,5872.00,0.2093000000,35.01190186000,0.000000,88.69000,,7.33000000,2.61157023
"Kepler-1709","Kepler-1709 b",273.94600000,283.3748873,43.7883708,1.003000,1.043000,5918.00,0.3270400000,65.70459747000,0.000000,89.68000,,9.93000000,3.12424875
"Kepler-1833","Kepler-1833 b",591.60200000,290.8714239,45.4102813,1.286000,1.446000,6164.00,0.0754500000,6.89212989800,0.000000,88.81000,,2.24000000,1.30027362
"TOI-3362","TOI-3362 b",366.98700000,155.9841428,-56.8431169,1.445000,1.830000,6532.00,0.1530000000,18.09547000000,0.815000,89.14000,50.8730,1598.35905880,12.80065596
"Kepler-1738","Kepler-1738 b",1302.87000000,296.1313474,47.4388098,1.079000,1.001000,6063.00,0.0781000000,7.67463016500,0.000000,85.69000,,8.37000000,2.82472883
"Kepler-1739","Kepler-1739 b",783.66600000,296.2320536,47.6788626,0.865000,0.762000,5757.00,0.0697000000,7.34370994600,0.000000,89.78000,,6.48000000,2.43056832
"Kepler-1924","Kepler-1924 b",1910.77000000,293.7673860,42.8291562,1.018000,1.285000,5726.00,0.1216000000,15.33170033000,0.000000,86.55000,,7.53000000,2.65446572
"Kepler-1925","Kepler-1925 b",1771.31000000,289.8287452,45.1026883,1.057000,1.092000,5856.00,0.2588000000,46.71640015000,0.000000,89.68000,,9.28000000,3.00177922
"HATS-76","HATS-76 b",385.68900000,70.3397665,-32.3204175,0.662000,0.625900,4016.00,0.0265800000,1.94164230000,0.062000,88.24000,,835.57088200,12.09449018
"Kepler-1130","Kepler-1130 d",249.34300000,285.2074210,45.3843330,0.944000,0.842000,5450.00,0.0506800000,4.27225017500,0.000000,85.95000,,0.20200000,0.64472273
"Kepler-1802","Kepler-1802 c",636.69400000,300.2420869,44.1412854,0.649000,0.637000,4245.00,0.1748000000,33.13610077000,0.000000,88.87000,,6.00000000,2.32200000
"Kepler-1942","Kepler-1942 b",842.49200000,294.9805416,44.4252384,0.852000,0.797000,5834.00,0.0516000000,4.62604999500,0.000000,88.90000,,5.13000000,2.11702870
"Kepler-1943","Kepler-1943 b",1004.55000000,293.3182976,41.1166697,1.055000,0.973000,6032.00,0.0597500000,4.85018014900,0.000000,56.15000,,3.02000000,1.54869189
"Kepler-1927","Kepler-1927 b",1091.00000000,296.3546093,41.3355698,1.408000,2.481000,6056.00,0.3873300000,73.75039673000,0.000000,89.83000,,11.50000000,3.40627075
"Kepler-1722","Kepler-1722 b",772.28300000,296.6627402,41.2611985,0.876000,0.788000,5506.00,0.0819000000,9.17856979400,0.000000,88.77000,,8.58000000,2.86719266
"HD 69123","HD 69123 b",75.11600000,123.5549900,-35.4899246,1.680000,7.720000,4842.00,2.4820000000,1193.30000000000,0.190000,70.00000,-67.3000,982.08977763,13.10000000
"Kepler-1266","Kepler-1266 c",849.31200000,285.8693277,42.7279996,0.791000,0.831000,4996.00,0.0506000000,4.86631012000,0.000000,84.73000,,3.46000000,1.68023962
"Kepler-394","Kepler-394 d",1058.72000000,296.3019792,50.6723115,1.141000,1.101000,6398.00,0.0590400000,5.61358022700,0.000000,89.54000,,2.86000000,1.50066814
"Kepler-1944","Kepler-1944 b",1076.48000000,296.5105045,39.1732645,1.064000,0.972000,5585.00,0.0918000000,9.84257984200,0.000000,89.71000,,8.05000000,2.75971163
"Kepler-1946","Kepler-1946 b",1002.12000000,282.3355387,42.8453417,0.887000,0.873000,5505.00,0.0394000000,3.03519010500,0.000000,86.14000,,6.75000000,2.48812698
"Kepler-1929","Kepler-1929 b",508.20100000,299.5833362,47.4481244,1.006000,1.471000,5786.00,0.3088300000,59.36249924000,0.000000,90.00000,,9.65000000,3.07250761
"Kepler-913","Kepler-913 c",991.61800000,297.5830564,41.9523531,1.294000,1.797000,6068.00,0.0699000000,5.93911981600,0.000000,89.70000,,14.20000000,3.85807090
"Kepler-324","Kepler-324 e",501.57400000,286.4714473,49.6490933,0.844000,0.826000,5191.00,0.1097200000,13.97939968000,0.000000,88.60000,,235.01400000,2.03862444
"Kepler-1727","Kepler-1727 b",894.18700000,290.3336142,38.7282722,0.824000,0.820000,5349.00,0.0796000000,9.02929973600,0.000000,89.94000,,10.20000000,3.17321625
"Kepler-1931","Kepler-1931 b",620.09100000,290.8723061,43.3330104,1.174000,1.221000,6167.00,0.2332900000,38.57609940000,0.000000,89.94000,,7.53000000,2.65323514
"Kepler-1530","Kepler-1530 d",489.87600000,288.1624396,48.1651530,1.015000,1.303000,5678.00,0.0827600000,9.20761013000,0.000000,85.30000,,10.80000000,3.27870115
"Kepler-1932","Kepler-1932 b",713.73300000,285.3314903,41.0638435,0.911000,0.815000,5278.00,0.0123000000,0.52417701500,0.000000,86.42000,,2.91000000,1.51482218
"YZ Cet","YZ Cet b",3.71207000,18.1330792,-16.9962434,0.142000,0.157000,3151.00,0.0163400000,2.02087000000,0.060000,,197.0000,0.70000000,0.91300000
"YZ Cet","YZ Cet c",3.71207000,18.1330792,-16.9962434,0.142000,0.157000,3151.00,0.0215600000,3.05989000000,0.000000,,30.0000,1.14000000,1.05000000
"Kepler-281","Kepler-281 d",1745.45000000,294.1081465,44.7706524,0.984000,0.884000,5717.00,0.5456000000,148.27200320000,0.000000,89.66000,,654.00000000,5.93747806
"Kepler-495","Kepler-495 c",658.92400000,285.9307362,39.0981201,0.888000,1.087000,5392.00,0.0614000000,5.89660978300,0.000000,89.84000,,1.98000000,1.21936414
"Kepler-501","Kepler-501 c",1125.24000000,297.2014919,41.7301534,1.032000,1.216000,5794.00,0.0467000000,3.62276005700,0.000000,89.96000,,3.47000000,1.68119739
"Kepler-196","Kepler-196 d",451.31200000,284.9685077,42.0791214,0.805000,0.770000,5132.00,0.4545000000,122.08000180000,0.000000,89.40000,,7.56000000,2.66065673
"Kepler-1950","Kepler-1950 b",697.25300000,287.0874563,42.6686537,0.759000,0.852000,5455.00,0.0871000000,10.77690029000,0.000000,89.87000,,2.95000000,1.52696349
"Kepler-1899","Kepler-1899 b",711.50900000,292.0333777,37.9744551,0.759000,0.742000,4791.00,0.0457000000,4.09577989600,0.000000,86.60000,,3.02000000,1.55098292
"Kepler-1869","Kepler-1869 b",113.02500000,292.6149958,42.7643438,0.987000,0.902000,5808.00,0.0797600000,8.16736030600,0.000000,86.03000,,1.46000000,1.11955354
"Kepler-1312","Kepler-1312 c",299.10400000,292.9712801,41.0357494,0.983000,0.905000,5721.00,0.0210300000,1.11611998100,0.000000,82.64000,,1.07000000,1.02732734
"Kepler-1952","Kepler-1952 b",852.06200000,288.0764082,43.9584839,0.922000,1.305000,5973.00,0.1724000000,27.21080017000,0.000000,80.02000,,2.07000000,1.23923346
"Kepler-1728","Kepler-1728 b",651.78300000,287.0940046,39.0607801,0.891000,0.807000,5170.00,0.0535000000,4.78299999200,0.000000,89.99000,,9.04000000,2.95501875
"Kepler-1926","Kepler-1926 b",667.40500000,291.1987905,44.1662033,0.768000,0.832000,5256.00,0.2197000000,42.87770081000,0.000000,89.99000,,5.97000000,2.31495961
"Kepler-1729","Kepler-1729 b",576.18100000,296.6939428,42.6261145,0.544000,0.517000,3837.00,0.0418000000,4.22097015400,0.000000,85.03000,,14.40000000,3.89404186
"Kepler-1972","Kepler-1972 b",287.33900000,288.3953074,39.8725067,1.120000,1.384000,5818.00,0.0800600000,7.54425000000,0.067000,87.62000,64.9000,2.02000000,0.80200000
"Kepler-1321","Kepler-1321 d",769.14600000,294.5285970,46.6408737,0.513000,0.503000,3640.00,0.0501000000,5.72092008600,0.000000,89.41000,,7.41000000,2.62843782
"Kepler-1600","Kepler-1600 c",1030.81000000,291.3993802,38.7877563,0.818000,0.834000,5119.00,0.0696100000,7.29804992700,0.000000,88.63000,,4.43000000,1.94206512
"Kepler-1954","Kepler-1954 b",1373.83000000,298.0029203,43.3545882,0.942000,0.849000,5840.00,0.0625000000,5.88343000400,0.000000,88.75000,,3.90000000,1.80235934
"Kepler-1730","Kepler-1730 b",1427.08000000,281.9605834,43.7030386,1.009000,1.142000,5942.00,0.1131000000,13.81019974000,0.000000,88.04000,,18.40000000,4.48524519
"Kepler-1721","Kepler-1721 b",641.37400000,283.5441984,45.2256548,0.890000,0.796000,5351.00,0.0519000000,4.59238004700,0.000000,89.93000,,9.90000000,3.11856756
"Kepler-1887","Kepler-1887 b",1366.18000000,288.9555263,44.7057070,0.961000,0.864000,5749.00,0.1421000000,19.94750023000,0.000000,89.94000,,8.88000000,2.92454357
"Kepler-1958","Kepler-1958 b",1320.38000000,289.1041643,41.6901138,0.961000,0.864000,5749.00,0.0856000000,9.32861995700,0.000000,89.96000,,4.86000000,2.05124311
"Kepler-1726","Kepler-1726 b",390.55200000,284.3861498,45.7197342,0.876000,0.804000,5316.00,0.1279400000,18.39629936000,0.000000,88.18000,,6.84000000,2.50861954
"Kepler-1723","Kepler-1723 b",811.27800000,294.4627362,46.8214022,0.960000,1.010000,6072.00,0.2249000000,39.75289917000,0.000000,89.96000,,8.65000000,2.88046569
"Kepler-1705","Kepler-1705 b",1633.49000000,301.5785316,44.3121639,1.139000,1.259000,6312.00,0.0800000000,9.03502000000,0.033000,88.79000,35.0000,4.47000000,2.03000000
"OGLE-2019-BLG-0960L","OGLE-2019-BLG-0960L b",980.00000000,274.0142917,-25.7746667,0.500000,,,1.9000000000,,,,,2.50000000,1.39000000
"Kepler-1890","Kepler-1890 b",529.59600000,292.5778203,40.6679032,1.024000,1.396000,6046.00,0.0571200000,4.82059001900,0.000000,77.54000,,0.58700000,0.86867375
"Kepler-1892","Kepler-1892 b",851.59500000,299.0810070,42.0180957,0.851000,0.759000,5383.00,0.0633000000,6.33123016400,0.000000,89.70000,,4.03000000,1.83707938
"Kepler-1959","Kepler-1959 b",479.26300000,296.0223010,44.7326691,0.768000,0.811000,5071.00,0.0617000000,6.38669014000,0.000000,89.98000,,1.57000000,1.14315727
"Kepler-1960","Kepler-1960 b",1527.56000000,294.6969361,46.7202043,1.117000,1.072000,6371.00,0.0354000000,2.29794001600,0.000000,89.01000,,2.26000000,1.30749704
"KOI-7892","Kepler-457 d",1072.30000000,282.3775397,44.6945690,1.148000,1.242000,6474.00,0.0996000000,10.69060040000,0.000000,86.62000,,9.19000000,2.98467257
"Kepler-633","Kepler-633 c",680.54000000,295.2173259,40.5921599,0.997000,1.265000,5877.00,0.1624600000,23.78319931000,0.000000,89.98000,,5.89000000,2.29600000
"Kepler-1861","Kepler-1861 b",829.98500000,295.8465148,49.9361586,1.161000,1.373000,5855.00,0.2408200000,40.03060150000,0.000000,89.70000,,5.50000000,2.20677414
"Kepler-1863","Kepler-1863 b",865.54600000,282.2397185,43.2440854,1.097000,0.983000,5871.00,0.2367800000,44.99760056000,0.000000,86.35000,,5.74000000,2.26309256
"Kepler-1895","Kepler-1895 b",984.18700000,291.6756005,48.7625419,0.860000,0.763000,5076.00,0.0615000000,6.07029008900,0.000000,89.17000,,5.14000000,2.11934728
"Kepler-1911","Kepler-1911 b",269.91200000,299.3035590,41.4410233,0.954000,0.972000,5721.00,0.0636000000,5.99079990400,0.000000,84.42000,,1.01000000,1.01100000
"Kepler-1865","Kepler-1865 b",922.25500000,293.9412380,41.5904136,0.849000,0.871000,5420.00,0.0344000000,2.52400994300,0.000000,89.73000,,3.11000000,1.57686072
"Kepler-1866","Kepler-1866 b",976.73700000,286.2246453,44.6544869,1.030000,1.083000,5791.00,0.1016000000,11.66009998000,0.000000,76.07000,,4.99000000,2.08215108
"Kepler-1897","Kepler-1897 b",983.17400000,294.2901043,39.1268710,0.859000,0.761000,5165.00,0.1546000000,24.22030067000,0.000000,89.97000,,8.32000000,2.81407954
"Kepler-1896","Kepler-1896 b",1732.91000000,289.6785786,40.2496475,1.070000,0.996000,6122.00,0.2529000000,44.87020111000,0.000000,89.67000,,9.80000000,3.09935997
"Kepler-1967","Kepler-1967 b",249.10200000,299.1376276,43.4984724,0.996000,1.806000,4970.00,0.0668600000,7.28169012100,0.000000,84.96000,,0.31500000,0.73022577
"b Cen A","b Cen AB b",98.09350000,220.4897992,-37.7936323,5.500000,,,556.0000000000,1790000.00000000000,0.400000,143.00000,,3464.32963630,12.40000000
"OGLE-2018-BLG-0532L","OGLE-2018-BLG-0532L b",773.00000000,269.9834167,-28.9977500,0.195000,,,1.0640000000,,,,,6.22800000,2.37000000
"Kepler-1867","Kepler-1867 b",680.58300000,294.9971007,43.4358698,0.911000,0.816000,5693.00,0.0872000000,9.88735961900,0.000000,88.68000,,1.65000000,1.15985997
"Kepler-1868","Kepler-1868 b",274.18000000,293.2983733,43.5558025,0.743000,0.686000,4658.00,0.6234800000,211.03399660000,0.000000,89.69000,,10.10000000,3.14950109
"Kepler-1903","Kepler-1903 b",1775.44000000,290.8882981,51.2481617,1.053000,0.996000,6347.00,0.1321000000,17.06789970000,0.000000,89.72000,,5.85000000,2.28642395
"Kepler-1969","Kepler-1969 b",1204.54000000,294.7842662,49.4920557,1.111000,1.007000,6046.00,0.0717000000,6.64752006500,0.000000,89.47000,,3.47000000,1.68161001
"Kepler-1968","Kepler-1968 b",750.93000000,291.5080318,45.3700933,0.844000,0.788000,5008.00,0.0696000000,7.28109979600,0.000000,89.72000,,2.86000000,1.50004034
"Kepler-1871","Kepler-1871 b",854.62300000,292.4275044,38.4728824,1.020000,0.946000,5741.00,0.0308000000,1.95270001900,0.000000,80.96000,,6.44000000,2.42172881
"Kepler-1872","Kepler-1872 b",840.18200000,281.0491988,43.3225996,0.913000,0.885000,5223.00,0.0465000000,3.82591009100,0.000000,81.86000,,6.28000000,2.38421141
"Kepler-1906","Kepler-1906 b",1360.63000000,293.8266166,38.8565906,0.987000,0.894000,5868.00,0.0738000000,7.36268997200,0.000000,89.65000,,8.13000000,2.77615754
"Kepler-1907","Kepler-1907 b",292.11100000,280.7085829,47.3279236,0.752000,0.800000,5159.00,0.0544400000,5.65245008500,0.000000,85.00000,,0.58900000,0.86973029
"Kepler-1913","Kepler-1913 b",876.30000000,290.2166890,44.7795863,1.169000,1.076000,6214.00,0.1209000000,14.19600010000,0.000000,87.66000,,2.92000000,1.51852059
"HD 79181","HD 79181 b",103.33500000,137.9944736,-19.7474341,1.280000,11.060000,4862.00,0.9000000000,273.10000000000,0.259000,,318.0000,203.41018048,14.10000000
"HD 10975","HD 10975 b",116.50600000,27.1628025,37.9527542,1.410000,11.160000,4840.00,0.9500000000,283.80000000000,0.442000,,135.0000,143.02278315,14.30000000
"HD 99283","HD 99283 b",111.09300000,171.4874082,55.8506653,1.760000,11.210000,4886.00,1.0800000000,310.40000000000,0.200000,,291.0000,308.29355479,13.80000000
"Kepler-1873","Kepler-1873 b",820.95700000,294.5965570,46.0483705,0.903000,0.792000,5151.00,0.0128000000,0.55884200300,0.000000,86.65000,,3.28000000,1.62573811
"Kepler-1874","Kepler-1874 b",408.00700000,286.3718158,43.6920810,0.758000,0.775000,4701.00,0.2633000000,56.57320023000,0.000000,88.76000,,5.52000000,2.21110724
"Kepler-1909","Kepler-1909 b",763.66200000,290.8894090,42.4596251,0.663000,0.685000,4935.00,0.0306000000,2.39160990700,0.000000,88.15000,,1.33000000,1.09217411
"Kepler-1717","Kepler-1717 b",1008.79000000,295.2126472,49.5621600,1.158000,1.640000,6200.00,0.2014000000,30.65279961000,0.000000,88.89000,,9.21000000,2.98929758
"Kepler-1917","Kepler-1917 b",909.03700000,294.1038932,45.0013533,0.882000,0.788000,5530.00,0.1030000000,12.90240002000,0.000000,89.42000,,4.23000000,1.88971288
"Kepler-1918","Kepler-1918 b",1030.11000000,292.5305460,42.2145765,0.967000,0.924000,5889.00,0.2524000000,47.05640030000,0.000000,89.71000,,5.89000000,2.29763023
"ups Leo","ups Leo b",52.59730000,174.2372188,-0.8235643,1.480000,11.220000,4836.00,1.1800000000,385.20000000000,0.320000,,131.0000,162.09248757,14.20000000
"HD 219139","HD 219139 b",104.93500000,348.3604055,11.0649832,1.460000,11.220000,4831.00,0.9400000000,275.50000000000,0.110000,,318.0000,247.90615746,14.00000000
"Kepler-616","Kepler-616 d",945.77500000,294.9891370,46.8383058,1.061000,0.977000,6004.00,0.2749000000,51.06740189000,0.000000,89.66000,,7.52000000,2.65300000
"Kepler-534","Kepler-534 c",570.65900000,296.4185696,49.5401480,1.075000,0.965000,5936.00,0.0761000000,7.37868976600,0.000000,88.00000,,2.02000000,1.22700000
"Kepler-1919","Kepler-1919 b",1177.53000000,283.1319153,43.9560050,0.868000,0.818000,5513.00,0.2107000000,37.88660049000,0.000000,89.97000,,7.38000000,2.62390658
"Kepler-1488","Kepler-1488 c",905.82500000,286.6464265,49.9377735,1.003000,1.524000,5710.00,0.0695900000,6.15826988200,0.000000,84.39000,,3.37000000,1.65156749
"gam Psc","gam Psc b",41.31070000,349.2946794,3.2823664,0.990000,11.200000,4742.00,1.3200000000,555.10000000000,0.204000,,44.0000,425.89006538,13.60000000
"HIP 34222","HIP 34222 b",22.83860000,106.4257786,27.4704132,0.620000,0.618600,4050.00,0.4920000000,159.98600000000,0.305000,,31.8000,263.79757781,13.90000000
"Kepler-1881","Kepler-1881 b",1057.21000000,293.6393065,44.9825447,0.812000,0.874000,5135.00,0.5332500000,159.39399720000,0.000000,89.96000,,9.17000000,2.98104391
"Kepler-1879","Kepler-1879 b",627.17100000,289.3644209,41.5332589,1.023000,1.388000,5865.00,0.0957000000,10.61340046000,0.000000,89.57000,,4.92000000,2.06512018
"Kepler-1934","Kepler-1934 b",428.51400000,290.9193265,37.2871677,0.968000,1.035000,5925.00,0.0246600000,1.41975998900,0.000000,83.77000,,0.70200000,0.91307734
"Kepler-1935","Kepler-1935 b",904.70200000,296.4037783,39.7227036,0.845000,0.899000,5570.00,0.0463000000,3.95140004200,0.000000,79.61000,,6.82000000,2.50271696
"Kepler-1921","Kepler-1921 b",928.98900000,300.3161723,45.4953271,1.251000,2.000000,6120.00,0.1586500000,20.03479958000,0.000000,89.53000,,8.72000000,2.89459458
"HIP 86221","HIP 86221 b",29.48980000,264.2948750,27.8963910,0.790000,,,0.0310000000,2.22400000000,0.086000,,208.9300,225.65816897,14.00000000
"Kepler-1883","Kepler-1883 b",1377.61000000,291.9225570,42.0025220,1.086000,1.024000,6208.00,0.4438000000,103.42700200000,0.000000,90.00000,,10.60000000,3.25107395
"Kepler-1938","Kepler-1938 b",421.15200000,299.3518920,41.1957285,0.646000,0.655000,4522.00,0.0938000000,13.06260014000,0.000000,89.76000,,4.00000000,1.82828927
"TOI-1268","TOI-1268 b",109.55700000,198.3885831,62.3053799,0.960000,0.920000,5300.00,0.0711000000,8.15770940000,0.105000,88.63000,-40.6000,96.40000000,9.10000000
"K2-25","K2-25 b",44.95650000,63.2739346,15.2477027,0.263400,0.293200,3207.00,0.0287000000,3.48456408000,0.428000,87.16000,120.0000,24.50000000,3.44000000
"TOI-2136","TOI-2136 b",33.36310000,281.1763433,36.5631318,0.340000,0.340000,3342.00,0.0570000000,7.85192800000,0.000000,89.40000,90.0000,6.37000000,2.19000000
"K2-382","K2-382 b",278.41200000,287.4125267,-19.6269336,0.922000,0.811000,5452.00,,21.70015600000,,88.29769,,4.95000000,2.07200000
"K2-376","K2-376 b",161.61000000,132.7193327,25.0380824,0.908000,1.149000,5937.00,,5.77647500000,,,,3.66000000,1.73600000
"iot Dra","iot Dra b",31.32832000,231.2323227,58.9661403,1.540000,11.790000,4504.00,1.4530000000,510.85440000000,0.701000,46.00000,89.9000,3756.73177074,12.40000000
"CoRoT-35","CoRoT-35 b",1123.21000000,289.3143526,-2.7747085,1.010000,1.650000,6390.00,0.0429000000,3.22748000000,0.000000,84.10000,,349.61124770,18.83108758
"CoRoT-36","CoRoT-36 b",925.95800000,277.7510149,7.1833465,1.320000,1.520000,6730.00,0.0660000000,5.61653100000,0.000000,85.83000,,216.12331676,15.80466279
"K2-383","K2-383 b",203.78800000,282.0087650,-18.3795798,1.061000,0.804000,5129.00,,1.86596200000,,85.25534,,3.07000000,1.56400000
"K2-366","K2-366 b",185.94700000,243.6800912,-19.3468837,0.825000,0.940000,5601.00,,15.93703900000,,,,6.16000000,2.35900000
"iot Dra","iot Dra c",31.32832000,231.2323227,58.9661403,1.540000,11.790000,4504.00,19.4000000000,25000.00000000000,0.455000,86.00000,62.0000,4958.12314920,12.20000000
"K2-373","K2-373 b",229.56700000,123.1361518,13.6884986,1.158000,1.486000,6138.00,,11.02066000000,,,,4.90000000,2.06100000
"K2-367","K2-367 b",176.96500000,337.8588454,-13.2644554,0.756000,0.625000,4348.00,,20.64509900000,,,,6.41000000,2.41300000
"HD 160691","HD 160691 c",15.59810000,266.0361585,-51.8348751,1.130000,1.330000,5773.00,4.1700000000,3947.00000000000,0.039000,60.00000,84.0000,1398.44499080,
"HD 160691","HD 160691 d",15.59810000,266.0361585,-51.8348751,1.130000,1.330000,5773.00,0.0952000000,9.63920000000,0.000000,,197.0000,10.49000000,3.23000000
"K2-384","K2-384 f",82.66030000,20.4998403,0.7509701,0.330000,0.348000,3623.00,,13.62749000000,,,,5.57000000,2.22200000
"K2-369","K2-369 b",185.55000000,329.7262534,-10.8750666,0.735000,0.881000,5682.00,,5.76161200000,,88.33669,,2.28000000,1.31300000
"TOI-620","TOI-620 b",33.02310000,142.1734459,-12.1671652,0.577000,0.550000,3708.00,0.0482500000,5.09881790000,0.220000,87.47000,-84.0000,13.60000000,3.76000000
"AB Aur","AB Aur b",162.12700000,73.9410446,30.5510888,2.400000,2.958870,9770.00,93.9000000000,,0.400000,42.60000,,2860.45566300,12.50000000
"HD 33142","HD 33142 b",121.37500000,76.8980559,-13.9863374,1.520000,4.170000,5025.40,1.0740000000,330.00000000000,0.049000,,129.0000,400.46379282,13.70000000
"K2-384","K2-384 e",82.66030000,20.4998403,0.7509701,0.330000,0.348000,3623.00,,9.71504300000,,,,2.37000000,1.34500000
"K2-371","K2-371 b",442.81300000,128.0670932,11.6307099,0.958000,0.736000,4925.00,,3.11490500000,,,,,13.02400000
"K2-372","K2-372 b",463.88000000,130.7988719,13.0094226,0.847000,0.922000,5479.00,,9.84407700000,,,,8.98000000,2.94500000
"TYC 2187-512-1","TYC 2187-512-1 b",15.47440000,320.5266829,22.9319351,0.498000,0.495000,3734.00,1.2200000000,691.90000000000,0.050000,,3.7100,104.88337431,12.50000000
"TOI-1246","TOI-1246 b",169.42200000,251.1158702,70.4299917,0.870000,0.860000,5151.00,0.0490000000,4.30744000000,,87.90000,,8.10000000,3.01000000
"HD 160691","HD 160691 e",15.59810000,266.0361585,-51.8348751,1.130000,1.330000,5773.00,0.9600000000,307.90000000000,0.066600,60.00000,193.0000,2224.79884900,
"K2-393","K2-393 b",265.91400000,348.5159113,-0.0821031,0.881000,1.071000,5678.00,,10.41318100000,,,,6.13000000,2.35200000
"K2-375","K2-375 b",696.10000000,130.5013137,20.3593003,1.119000,1.543000,5822.00,,14.45389500000,,87.97220,,5.66000000,2.24300000
"HIP 94235","HIP 94235 b",58.51460000,287.7411441,-60.2726358,1.094000,1.080000,5991.00,0.0787000000,7.71305700000,0.320000,87.14000,17.0000,379.00000000,3.00000000
"KOI-984","KOI-984 c",252.66700000,291.0489438,36.8400772,0.928000,0.818000,5295.00,0.1467000000,21.51200000000,0.380000,,84.0000,209.80000000,14.10000000
"K2-389","K2-389 c",259.20800000,355.6304152,-9.7135814,0.802000,1.084000,5782.00,,20.85133700000,,,,4.82000000,2.04000000
"K2-390","K2-390 b",456.12200000,355.7023860,-9.5887124,0.789000,0.966000,5558.00,,3.31279200000,,,,19.60000000,4.66200000
"HD 73583","HD 73583 b",31.56660000,129.6883026,-13.2565267,0.730000,0.650000,4511.00,0.0604000000,6.39804200000,0.090000,88.37000,-76.0000,10.20000000,2.79000000
"HD 103891","HD 103891 b",55.52130000,179.4382907,-8.5486195,1.280000,2.220000,6072.00,3.2700000000,1919.00000000000,0.310000,27.40000,181.4900,918.52409623,13.20000000
"HD 105779","HD 105779 b",55.24110000,182.6612053,-16.9564908,0.890000,0.940000,5792.00,3.3800000000,2412.00000000000,0.000000,,90.0000,203.41018048,14.10000000
"HD 33142","HD 33142 d",121.37500000,76.8980559,-13.9863374,1.520000,4.170000,5025.40,0.4520000000,89.90000000000,0.191000,,231.0000,63.56568140,9.32000000
"HD 19615","HD 19615 b",265.15500000,48.7813299,73.8680150,1.100000,32.300000,4263.00,1.1000000000,402.00000000000,0.200000,,279.0000,2701.54145950,12.60000000
"K2-391","K2-391 b",507.94000000,356.2260152,-7.7015151,0.757000,0.566000,5543.00,,4.62265400000,,,,2.45000000,1.37100000
"HD 73583","HD 73583 c",31.56660000,129.6883026,-13.2565267,0.730000,0.650000,4511.00,0.1242000000,18.87974000000,0.080000,89.72000,-41.6000,9.70000000,2.39000000
"GJ 411","GJ 411 b",5.67577300,165.8344710,35.9723170,0.389900,0.368500,3719.00,0.0787900000,12.93940000000,0.063000,,-30.0000,2.69000000,1.45000000
"TOI-1064","TOI-1064 c",68.07260000,296.0039349,-47.5620305,0.748000,0.726000,4734.00,0.0942900000,12.22657400000,0.088000,88.45500,25.0000,2.50000000,2.65100000
"K2-316","K2-316 b",112.48600000,233.6247336,-23.2594663,0.408000,0.379000,3436.00,0.0147000000,1.13300000000,,87.02000,,2.33000000,1.33000000
"GJ 411","HD 95735 c",5.67577300,165.8344710,35.9723170,0.389900,0.368500,3719.00,2.9400000000,2946.00000000000,0.132000,,63.0000,13.60000000,3.76000000
"TOI-2669","TOI-2669 b",393.44300000,134.7226445,-13.3125792,1.190000,4.100000,4800.00,,6.20340000000,0.090000,,-1.2200,193.87532827,19.72780603
"TOI-4329","TOI-4329 b",717.12800000,329.5639152,71.1316048,1.538000,2.310000,6000.00,,2.92230000000,0.068000,,0.2850,143.02278315,16.81347105
"K2-397","K2-397 b",199.35400000,79.9516586,21.2591617,0.937000,0.966000,5387.00,,3.57232600000,,,,6.42000000,2.41700000
"K2-316","K2-316 c",112.48600000,233.6247336,-23.2594663,0.408000,0.379000,3436.00,0.0582000000,5.26000000000,,89.31000,,4.01000000,1.83000000
"TOI-2046","TOI-2046 b",289.66800000,16.1849423,74.3313055,1.130000,1.210000,6250.00,,1.49718420000,,83.60000,,731.00533610,16.14093221
"Kepler-1656","Kepler-1656 c",185.87500000,284.4722473,39.9118890,1.030000,1.100000,5569.00,3.0530000000,1919.00000000000,0.527000,,87.7000,126.40000000,14.00000000
"TOI-206","TOI-206 b",47.74650000,73.7382202,-62.5218740,0.350000,0.350000,3383.00,0.0112000000,0.73631040000,,,,2.24000000,1.30000000
"K2-398","K2-398 c",606.99200000,161.7349738,1.9367044,0.945000,1.239000,5946.00,,18.78783900000,,,,22.80000000,5.09800000
"K2-319","K2-319 b",209.07100000,166.8010058,3.0399357,0.954000,0.898000,5440.00,0.1516000000,26.68000000000,,89.45000,,8.20000000,2.79000000
"TOI-1693","TOI-1693 b",30.79470000,90.3083455,34.7730904,0.490000,0.460000,3499.00,0.0226000000,1.76669570000,,,,2.57000000,1.41000000
"K2-402","K2-402 b",523.05500000,161.4519130,6.4193180,0.944000,1.280000,5716.00,,17.27474000000,,,,7.65000000,2.67800000
"K2-323","K2-323 b",118.31800000,159.4209874,6.2858689,0.478000,0.549000,3710.00,0.1275000000,24.93000000000,,89.88000,,5.06000000,2.10000000
"HD 81040","HD 81040 b",34.43410000,140.9455027,20.3646078,0.990000,0.910000,5755.00,1.9460000000,1002.70000000000,0.525000,73.00000,81.0000,2301.07766668,12.60000000
"HD 171238","HD 171238 b",44.81130000,278.6818389,-28.0727849,0.920000,1.010000,5467.00,2.5180000000,1515.00000000000,0.358000,19.10000,46.9000,2796.88998160,12.50000000
"HD 87883","HD 87883 b",18.29120000,152.1794175,34.2419984,0.800000,0.798557,4980.00,3.7700000000,3006.00000000000,0.720000,16.80000,282.1000,2005.49724817,12.70000000
"TOI-2411","TOI-2411 b",59.53620000,20.9224567,-8.7017944,0.650000,0.680000,4099.00,0.0144000000,0.78269420000,,,,3.46000000,1.68000000
"TOI-2427","TOI-2427 b",28.51470000,52.2917315,-31.3628665,0.640000,0.650000,4072.00,0.0202000000,1.30600110000,,,,3.89000000,1.80000000
"K2-404","K2-404 b",121.63000000,160.3249517,12.1911149,0.552000,0.552000,3748.00,,13.11536500000,,,,6.94000000,2.53000000
"K2-325","K2-325 b",111.63800000,353.9169507,-7.6867213,0.274000,0.298000,3287.00,0.0419000000,6.93000000000,,89.37000,,5.48000000,2.20000000
"HD 106515 A","HD 106515 A b",34.09150000,183.7762699,-7.2575413,0.890000,0.910000,5362.00,4.4800000000,3626.00000000000,0.571000,29.20000,124.1000,6006.95689230,12.10000000
"KMT-2017-BLG-2509L","KMT-2017-BLG-2509L b",7040.00000000,265.5898750,-26.3171500,0.460000,,,2.1400000000,,,,,664.26137063,13.40000000
"K2-406","K2-406 b",85.37510000,230.8872242,-25.3706149,0.798000,0.961000,5784.00,,22.54940600000,,,,19.20000000,4.60200000
"K2-326","K2-326 b",282.30800000,351.6122620,1.3375909,0.507000,0.688000,3924.00,0.0198000000,1.25600000000,,85.63000,,5.82000000,2.28000000
"TOI-5153","TOI-5153 b",390.48400000,91.5403204,-19.9534443,1.240000,1.400000,6300.00,0.1580000000,20.33003000000,0.091000,88.27000,144.0000,1036.12060682,11.88151954
"NGTS-20","NGTS-20 b",382.89800000,46.2926368,-21.9336472,1.470000,1.780000,5980.00,0.3130000000,54.18915000000,0.432000,88.40000,66.1000,947.12865286,11.99360935
"HD 29021","HD 29021 b",30.99390000,69.4681379,60.6762985,0.860000,0.850000,5560.00,2.2940000000,1365.00000000000,0.453000,33.70000,180.6000,1420.69297929,12.90000000
"KMT-2021-BLG-0912L","KMT-2021-BLG-0912L b",5560.00000000,269.8211667,-31.9976389,0.800000,,,3.1400000000,,,,,2.81000000,1.49000000
"K2-407","K2-407 c",218.37600000,232.5552584,-23.0067371,0.881000,0.927000,5563.00,,9.22453000000,,,,2.42000000,1.36000000
"K2-199","K2-199 b",107.51800000,208.9014508,-6.1360833,0.711000,0.682000,4491.00,0.0382000000,3.22539930000,0.020000,88.80000,170.0000,6.90000000,1.73000000
"Ross 508","Ross 508 b",11.21030000,230.9613022,17.4605347,0.177400,0.211300,3071.00,0.0536600000,10.77000000000,0.330000,,-37.0000,4.00000000,1.83000000
"K2-387","K2-387 b",266.31800000,19.4418282,11.3684915,0.570000,0.585000,3572.00,,28.73532700000,,,,42.20000000,7.32200000
"K2-374","K2-374 b",359.43900000,137.3794986,16.3558324,0.731000,0.907000,5789.00,,4.52195300000,,,,3.16000000,1.59300000
"HD 136118","HD 136118 b",51.43590000,229.7306046,-1.5922913,1.180000,1.677540,6097.00,2.3270000000,1187.59765000000,0.344000,116.77900,313.2670,4164.18778851,12.30000000
"HD 140901","HD 140901 b",15.25280000,236.8689866,-37.9172333,0.990000,0.950000,5610.00,0.0850000000,9.02378000000,0.472000,,107.6050,15.57359194,4.07000000
"HD 93351","HD 93351 c",56.16300000,161.6779279,-1.6885763,0.940000,0.911435,5408.00,11.1540000000,14010.29410000000,0.109000,14.63600,48.1850,4154.01727949,12.30000000
"GJ 2030","GJ 2030 b",37.07880000,50.8237604,-7.7950429,0.960000,2.241040,5485.00,0.0340000000,2.38129000000,0.239000,,196.7160,4.76742611,2.03000000
"TOI-2570","TOI-2570 b",361.85700000,87.1880397,32.0840435,1.063000,1.095000,5771.00,0.0414500000,2.98876150000,0.000000,87.73000,,260.61929374,13.64132951
"HD 113337","HD 113337 b",36.18000000,195.4438496,63.6103280,1.410000,1.500000,6774.00,1.0220000000,317.58639000000,0.280000,,227.2690,1035.80277841,13.10000000
"HIP 97233","HIP 97233 b",102.27500000,296.4221207,-0.6968794,1.810000,5.340000,5020.00,2.4910000000,1062.26506000000,0.630000,86.08300,249.2490,6098.17364511,12.10000000
"HD 144899","HD 144899 b",115.66500000,242.5721002,-47.9146826,1.160000,1.648020,6126.00,0.2420000000,40.43914000000,0.821000,,113.6120,20.34101805,4.77000000
"HD 142","HD 142 A d",26.18530000,1.5836771,-49.0753625,1.210000,1.470000,6245.00,0.4740000000,108.45299000000,0.130000,,89.5930,82.63538582,10.90000000
"GJ 2030","GJ 2030 c",37.07880000,50.8237604,-7.7950429,0.960000,2.241040,5485.00,16.7610000000,25533.11353000000,0.041000,16.99900,205.1260,4069.15709482,12.30000000
"GJ 3222","GJ 3222 b",18.23817000,50.8972464,-40.0762325,0.890000,0.931389,5257.46,0.0910000000,10.66669000000,0.929000,,290.8950,11.44182265,3.40000000
"GJ 680","GJ 680 b",9.67315000,263.8072214,-48.6788427,0.456000,0.459330,3563.00,10.1380000000,17281.66514000000,0.381000,21.98400,149.5640,7977.49301570,12.00000000
"TOI-3331 A","TOI-3331 A b",217.19300000,271.3241672,-34.1071710,1.016000,0.952000,5609.00,0.0314400000,2.01802310000,0.000000,85.40000,,721.47048389,12.97999965
"TOI-3693","TOI-3693 b",176.43600000,15.6543938,51.3038918,0.867000,0.791000,5321.00,0.0813000000,9.08851600000,0.000000,89.57000,,324.18497514,12.59889431
"HD 145934","HD 145934 b",227.88100000,243.2912249,13.2394527,2.058000,6.930587,4823.75,4.8900000000,2751.53433000000,0.078000,81.95800,186.3160,658.54045930,13.40000000
"HD 151450","HD 151450 b",43.60020000,252.0080127,-15.9643450,1.140000,1.171840,6091.98,0.1600000000,21.89288000000,0.496000,,257.9970,38.45723725,6.94000000
"HD 149806","HD 149806 b",20.27270000,249.2855187,0.2546794,0.930000,0.890000,5352.05,12.4040000000,16521.52778000000,0.357000,13.57400,53.0200,4003.68444298,12.30000000
"HD 151450","HD 151450 c",43.60020000,252.0080127,-15.9643450,1.140000,1.171840,6091.98,14.1310000000,18144.76236000000,0.138000,42.36900,31.1790,1636.18063924,12.80000000
"HD 115404 A","HD 115404 A b",10.98160000,199.2155793,17.0160384,0.830000,0.727007,5019.17,0.0880000000,10.49488000000,0.232000,,259.2220,30.82935548,6.09000000
"TOI-2196","TOI-2196 b",259.94700000,312.3400744,-70.4850723,1.032000,1.043000,5634.00,0.0223400000,1.19472680000,0.000000,81.11000,90.0000,26.00000000,3.51000000
"HD 191806","HD 191806 b",65.66680000,302.3687580,52.2767265,1.070000,1.402230,6010.00,2.7490000000,1603.38923000000,0.213000,66.51900,346.1840,2966.61035094,12.50000000
"HD 153557","HD 153557 c",17.94120000,254.4706516,47.3678558,0.790000,0.745171,4837.00,0.1110000000,15.27018000000,0.511000,,142.3150,17.48056238,4.36000000
"HD 153557","HD 153557 d",17.94120000,254.4706516,47.3678558,0.790000,0.745171,4837.00,21.4490000000,40654.64809000000,0.152000,14.32400,6.8610,8725.66108578,11.90000000
"HD 12235","HD 12235 c",31.76270000,30.0391601,3.0959098,1.100000,1.801850,5986.00,22.2100000000,36336.70679000000,0.174000,47.73800,79.7720,3135.69506346,12.50000000
"HD 56414","HD 56414 b",272.21700000,107.8436846,-68.8333403,1.890000,1.751000,8500.00,0.2290000000,29.04992000000,0.680000,89.30000,,13.30000000,3.71000000
"GJ 896 A","GJ 896 A b",6.26022000,352.9700384,19.9370011,0.435990,0.394682,3345.00,0.6396500000,284.39000000000,0.350000,69.20000,353.1100,718.29219982,13.30000000
"GJ 676 A","GJ 676 A c",16.02720000,262.5448903,-51.6377777,0.626000,0.690000,3734.00,9.7260000000,13921.42302000000,0.295000,33.69000,263.9490,4288.14086724,12.30000000
"HD 219828","HD 219828 c",73.11400000,349.6947029,18.6457524,1.040000,1.560000,5891.00,5.6570000000,4789.87297000000,0.811000,122.81600,145.6830,5102.41724598,12.20000000
"HD 72892","HD 72892 b",69.73110000,128.7195554,-14.4574311,1.010000,1.220000,5688.00,0.2280000000,39.44603000000,0.419000,,343.9420,1737.88572948,12.80000000
"HD 155918","HD 155918 b",27.56100000,260.5364025,-75.3492390,1.030000,1.019060,5771.84,0.0300000000,1.87567000000,0.194000,,92.2510,7.62788177,2.67000000
"TOI-2048","TOI-2048 b",116.56700000,237.9241066,52.3063083,0.830000,0.790000,5185.00,,13.79019000000,0.130000,89.41000,,7.32000000,2.61000000
"HD 111232","HD 111232 b",28.95710000,192.2159553,-68.4246679,0.960000,0.900000,5512.00,2.1480000000,1169.13202000000,0.214000,93.52100,94.1420,2531.50326176,12.60000000
"HD 10697","HD 10697 b",33.12050000,26.2324076,20.0826974,0.990000,1.863076,5641.00,2.0510000000,1075.37990000000,0.104000,86.11600,112.8160,1825.28854140,12.80000000
"HD 125612","HD 125612 b",57.62070000,215.2227183,-17.4818147,1.050000,1.070000,5900.00,1.3490000000,557.69994000000,0.446000,,44.0320,945.22168242,13.20000000
"HIP 67537","HIP 67537 b",116.04600000,207.5808445,-39.9008996,2.316000,8.690000,4985.00,4.8070000000,2523.64713000000,0.586000,82.10700,119.3760,4309.11754211,12.30000000
"HD 156098","HD 156098 c",48.24900000,259.2646870,-32.6630768,1.290000,2.757160,6419.19,8.4150000000,7841.58390000000,0.391000,23.46200,219.6780,1661.60691180,12.80000000
"HD 156098","HD 156098 b",48.24900000,259.2646870,-32.6630768,1.290000,2.757160,6419.19,0.1670000000,21.85849000000,0.109000,,305.3990,15.89142035,4.12000000
"HD 168863","HD 168863 b",39.89790000,275.6642157,-18.0219726,0.800000,0.777826,4905.00,10.9610000000,14773.93272000000,0.187000,129.83900,134.5720,2154.87659946,12.70000000
"HIP 19976","HIP 19976 b",40.27070000,64.2597881,-40.7985198,0.670000,0.772319,4316.00,0.2340000000,50.65905000000,0.304000,,188.9190,21.61233168,4.94000000
"HD 203387","HD 203387 c",61.74770000,320.5617820,-16.8345229,2.817000,10.585200,5174.32,5.0670000000,2481.07227000000,0.202000,158.46200,86.3480,2378.94562640,12.60000000
"HIP 35965","HIP 35965 b",50.16770000,111.2025182,-51.3257507,0.780000,0.697551,4836.00,15.8980000000,26125.56497000000,0.138000,43.69800,217.3980,2589.98368864,12.60000000
"HD 125612","HD 125612 c",57.62070000,215.2227183,-17.4818147,1.050000,1.070000,5900.00,0.0510000000,4.15466000000,0.149000,,149.6690,15.57359194,4.07000000
"HD 125612","HD 125612 d",57.62070000,215.2227183,-17.4818147,1.050000,1.070000,5900.00,3.9820000000,2822.72698000000,0.115000,88.19500,315.8960,2281.37230545,12.70000000
"HD 156279","HD 156279 c",36.19450000,258.0966686,63.3527828,0.940000,0.950000,5453.00,5.4860000000,4818.25358000000,0.261000,74.69900,98.3770,3098.82696825,12.50000000
"HD 27894","HD 27894 d",43.82140000,65.1975693,-59.4096776,0.810000,0.891767,4875.00,5.3620000000,5019.54244000000,0.343000,101.52400,334.3780,2063.65984665,12.70000000
"HD 181234","HD 181234 b",47.74580000,289.9998695,-9.3249700,0.940000,1.059423,5386.00,7.4270000000,7593.40512000000,0.726000,98.73200,95.3670,2980.91262925,12.50000000
"HD 18143","HD 18143 b",22.52430000,43.9140248,26.8723829,0.850000,0.870000,5078.00,0.0880000000,10.28510000000,0.224000,,60.1230,10.80616584,3.28000000
"HIP 948","HIP 948 b",34.85230000,2.9276336,-39.2304879,0.710000,0.688488,4497.00,15.0370000000,24955.45756000000,0.230000,110.99800,117.4320,6547.26518420,12.10000000
"HD 139357","HD 139357 b",112.09000000,233.8173564,53.9221505,2.690000,11.470000,4700.00,2.9490000000,1124.79139000000,0.099000,103.23500,235.9950,6315.56827550,12.10000000
"HD 25015","HD 25015 b",37.43300000,59.4335463,-20.2673347,0.860000,0.830000,5160.00,6.2480000000,6134.42700000000,0.341000,32.04600,87.9810,2884.92845034,12.50000000
"HD 188641","HD 188641 b",64.33990000,299.4048303,-37.7448845,1.070000,1.944920,5897.32,12.0270000000,14583.81038000000,0.034000,49.24500,250.0780,9333.03117155,11.90000000
"HD 168443","HD 168443 b",39.62450000,275.0159879,-9.5966905,0.980000,1.711479,5491.00,0.2920000000,58.11187000000,0.530000,92.00000,172.9910,2424.39508860,12.60000000
"HD 156279","HD 156279 b",36.19450000,258.0966686,63.3527828,0.940000,0.950000,5453.00,0.5020000000,133.40355000000,0.647000,87.00000,265.7420,2997.75753482,12.50000000
"HD 168443","HD 168443 c",39.62450000,275.0159879,-9.5966905,0.980000,1.711479,5491.00,2.8420000000,1753.10960000000,0.210000,91.21800,65.5970,5500.33841154,12.20000000
"GJ 229","GJ 229 A c",5.75624000,92.6435993,-21.8677233,0.509000,0.460000,3564.00,0.3840000000,121.93268000000,0.366000,,128.6170,8.58136699,2.87000000
"HD 81817","HD 81817 b",269.12600000,144.2715659,81.3263096,4.300000,83.800000,4140.00,3.2330000000,1021.20159000000,0.097000,95.59400,294.2310,7668.56380410,12.00000000
"HD 204313","HD 204313 e",47.79450000,322.0510568,-21.7274194,1.030000,1.100000,5767.00,7.4570000000,7325.64666000000,0.253000,176.09200,244.5360,4868.17771002,12.20000000
"HD 169830","HD 169830 c",37.60480000,276.9561859,-29.8167919,1.170000,1.935709,6300.00,3.0750000000,1818.82339000000,0.246000,24.46900,313.4830,2437.42605328,12.60000000
"HIP 56640","HIP 56640 b",122.32400000,174.2008941,-37.0391349,1.750000,4.930000,4769.00,4.5500000000,2675.57603000000,0.118000,85.09300,111.4810,2151.69831539,12.70000000
"HD 213519","HD 213519 b",41.00140000,337.7727845,45.1452472,1.050000,1.082870,5840.00,0.0990000000,11.12214000000,0.413000,,35.5550,9.21702380,2.99000000
"HD 217786","HD 217786 c",55.48470000,345.7838088,-0.4303594,1.140000,1.270000,5966.00,0.0380000000,2.52221000000,0.399000,,84.3520,7.31005336,2.61000000
"TOI-3629","TOI-3629 b",130.09100000,359.7933851,39.3142556,0.630000,0.600000,3870.00,0.0430000000,3.93655100000,0.050000,89.10000,-110.0000,82.63538582,8.29464572
"HD 183263","HD 183263 c",54.19550000,292.1022982,8.3579183,1.060000,1.230000,5948.00,5.5850000000,4667.97841000000,0.051000,73.71800,297.1630,2958.98246917,12.50000000
"HD 66428","HD 66428 c",53.28170000,120.8691654,-1.1636019,1.010000,1.130000,5716.00,9.4080000000,10478.84437000000,0.207000,93.93800,201.2950,560.64930995,13.50000000
"HD 80869","HD 80869 b",85.39510000,140.7912931,33.9048294,1.060000,1.062000,5837.00,2.9050000000,1752.92067000000,0.924000,98.55900,76.7030,1609.80088146,12.80000000
"HD 25912","HD 25912 b",49.16610000,60.9074988,-51.9315058,1.080000,0.995896,5920.58,0.2420000000,41.83156000000,0.050000,,318.1870,38.13940884,6.90000000
"HD 217958","HD 217958 b",61.79570000,346.1365770,-25.6917758,1.080000,1.326190,5930.64,3.7580000000,2560.19774000000,0.156000,91.35700,252.2580,166.54208527,14.20000000
"HD 25912","HD 25912 c",49.16610000,60.9074988,-51.9315058,1.080000,0.995896,5920.58,17.8480000000,26308.65619000000,0.051000,88.33300,51.8790,5252.75008249,12.20000000
"HD 109988","HD 109988 b",42.52790000,189.8154662,-32.7263607,0.880000,0.869694,5185.97,12.5180000000,17132.15854000000,0.056000,33.99200,63.5150,6935.33366915,12.10000000
"HD 28192","HD 28192 b",49.80630000,66.7032517,-1.7244842,1.080000,1.070940,5919.87,0.1180000000,14.23283000000,0.104000,,279.4690,99.79811980,12.20000000
"HD 43197","HD 43197 c",62.41120000,93.3993231,-29.8971929,0.960000,1.000000,5508.00,8.5400000000,9295.97350000000,0.149000,11.42000,18.5610,2500.67390628,12.60000000
"HD 38529","HD 38529 b",42.35380000,86.6451363,1.1675866,0.980000,2.857838,5697.00,0.1150000000,14.30990000000,0.256000,,95.2540,206.58846455,14.10000000
"HD 38529","HD 38529 c",42.35380000,86.6451363,1.1675866,0.980000,2.857838,5697.00,3.2260000000,2127.60566000000,0.357000,104.55900,21.0380,3299.05886466,12.50000000
"HD 110537","HD 110537 b",45.08580000,190.7462412,-4.0501059,1.020000,1.166260,5718.00,16.7140000000,24469.67342000000,0.401000,51.89100,104.1770,8612.83200129,11.90000000
"HD 56957","HD 56957 b",61.49250000,109.3253986,-40.6560651,1.030000,1.777930,5743.00,6.4260000000,5859.08992000000,0.273000,170.00600,38.2550,1880.90851263,12.80000000
"HD 62364","HD 62364 c",53.11200000,113.9052658,-75.5442707,1.190000,1.401000,6255.00,36.9840000000,74839.94555000000,0.773000,38.78900,82.0070,7923.46218651,12.00000000
"TOI-712","TOI-712 c",58.62120000,92.9361063,-65.8258386,0.732000,0.674000,4622.00,0.2447000000,51.69906000000,0.089000,89.78000,115.0000,7.76000000,2.70100000
"TOI-712","TOI-712 d",58.62120000,92.9361063,-65.8258386,0.732000,0.674000,4622.00,0.3405000000,84.83960000000,0.073000,89.81700,30.0000,6.68000000,2.47400000
"HD 43197","HD 43197 b",62.41120000,93.3993231,-29.8971929,0.960000,1.000000,5508.00,0.8820000000,308.92072000000,0.742000,,268.5250,175.75910907,14.20000000
"HD 4113","HD 4113 b",41.87270000,10.8027515,-37.9831248,1.008000,1.077514,5688.00,1.2800000000,526.52390000000,0.899000,,319.5140,541.26177712,13.50000000
"HD 111232","HD 111232 c",28.95710000,192.2159553,-68.4246679,0.960000,0.900000,5512.00,17.2500000000,26472.44623000000,0.558000,87.90200,34.2700,5740.93451564,12.20000000
"HD 62549","HD 62549 b",49.33050000,116.0821439,-5.0541223,1.080000,1.232270,5930.46,11.8420000000,14306.88519000000,0.150000,162.31300,133.8090,2707.58019923,12.60000000
"TOI-1452","TOI-1452 b",30.52120000,290.1739741,73.1951082,0.249000,0.275000,3185.00,0.0610000000,11.06201000000,0.000000,89.77000,90.0000,4.82000000,1.67200000
"KMT-2021-BLG-0171L","KMT-2021-BLG-0171L b",4600.00000000,269.2416667,-30.0930556,0.780000,,5200.00,3.5000000000,,,,,11.20000000,3.35000000
"HD 73267","HD 73267 b",50.40930000,129.0735123,-34.4594469,0.930000,0.909000,5387.00,2.2290000000,1257.99159000000,0.261000,130.84300,228.1020,1321.53051631,13.00000000
"HD 11505","HD 11505 b",38.96790000,28.2750265,-1.3284416,1.030000,1.195680,5757.15,20.2470000000,32669.22247000000,0.144000,87.50500,62.4770,2510.52658689,12.60000000
"HD 80913","HD 80913 b",61.36030000,138.1021548,-81.7684510,1.110000,1.654200,6013.24,9.9500000000,10839.83341000000,0.313000,22.33100,96.7160,7505.20000290,12.00000000
"HD 81817","HD 81817 c",269.12600000,144.2715659,81.3263096,4.300000,83.800000,4140.00,2.3250000000,622.97802000000,0.095000,,227.9630,7185.78245386,12.00000000
"TOI-2207","TOI-2207 b",373.34500000,307.5966925,-44.8876181,1.296000,1.564000,6101.00,0.0854000000,8.00196800000,0.174000,88.84000,,203.41018048,11.15293580
"HD 86264","HD 86264 b",67.81070000,149.2409308,-15.8953993,1.260000,1.880000,6210.00,2.7630000000,1488.79123000000,0.821000,93.59100,313.9590,3117.26101586,12.50000000
"HD 7449","HD 7449 b",38.66200000,18.6214650,-5.0479716,1.196000,0.970000,6024.00,2.4380000000,1270.55195000000,0.752000,171.63100,336.4270,2597.92939882,12.60000000
"HD 8673","HD 8673 b",37.86190000,21.5378455,34.5793389,1.280000,1.502250,6389.05,2.9700000000,1644.69097000000,0.730000,95.45000,323.4590,4210.59073594,12.30000000
"HD 127506","HD 127506 b",22.52790000,217.6848544,35.4546059,0.730000,0.735766,4595.32,0.2870000000,65.78395000000,0.240000,,56.1470,27.33324300,5.67000000
"HD 135872","HD 135872 b",82.42510000,229.4213643,-5.2024735,1.646000,3.930380,4992.00,4.1720000000,2422.32597000000,0.164000,93.87200,174.2680,1744.56012602,12.80000000
"HD 86065","HD 86065 b",40.36610000,148.9256674,-18.1069385,0.810000,0.780347,4927.56,15.9470000000,25775.78859000000,0.219000,29.82100,142.4180,2877.30056857,12.50000000
"HD 88072","HD 88072 b",35.90980000,152.3467466,2.3710540,1.040000,1.032000,5785.33,13.8950000000,18538.79293000000,0.156000,169.62600,272.4770,2511.79790052,12.60000000
"HD 93351","HD 93351 b",56.16300000,161.6779279,-1.6885763,0.940000,0.911435,5408.00,0.0350000000,2.45946000000,0.549000,,330.5750,3.49611248,1.69000000
"TOI-2421","TOI-2421 b",327.92700000,33.1540208,-35.3909182,1.131000,1.750000,5607.00,0.0543000000,4.34740320000,0.000000,86.49000,,105.83685953,10.36830715
"HD 142","HD 142 c",26.18530000,1.5836771,-49.0753625,1.210000,1.470000,6245.00,9.8110000000,10159.64279000000,0.277000,90.37400,279.0510,3464.64746471,12.40000000
"TOI-2583 A","TOI-2583 A b",566.18900000,272.2670293,45.3368996,1.215000,1.477000,5936.00,0.0571000000,4.52072650000,0.000000,88.16000,,79.45710175,14.45958510
"OGLE-2018-BLG-1119L","OGLE-2018-BLG-1119L b",5760.00000000,270.0292500,-32.3752778,0.480000,,,4.0600000000,,,,,289.22385037,13.90000000
"KMT-2021-BLG-1554L","KMT-2021-BLG-1554L b",7680.00000000,267.8034167,-31.8643611,0.080000,,,0.7200000000,,,,,38.13940884,6.90000000
"TOI-2796","TOI-2796 b",350.34300000,84.1527191,0.8962788,1.063000,1.069000,5764.00,0.0569000000,4.80849830000,0.000000,85.22000,,139.84449908,17.26183028
"TOI-2096","TOI-2096 b",48.48090000,151.6186989,74.8272107,0.231000,0.235000,3300.00,0.0250000000,3.11906330000,0.150000,89.24000,245.0000,2.08000000,1.24300000
"KMT-2021-BLG-1898L","KMT-2021-BLG-1898L b",6900.00000000,265.6918750,-27.3758389,0.480000,,,1.9000000000,,,,,232.01473711,14.00000000
"GJ 338 B","GJ 338 B b",6.33256000,138.5916722,52.6835211,0.640000,0.580000,4014.00,0.1420000000,24.42200000000,0.109000,,204.3000,10.60000000,3.25000000
"TOI-2842","TOI-2842 b",460.99500000,108.0442066,-10.6393400,1.135000,1.265000,5910.00,0.0475000000,3.55140580000,0.000000,84.42000,,117.59651059,12.84549188
"TOI-4603","TOI-4603 b",225.64300000,83.8659288,21.2942417,1.765000,2.738000,6264.00,0.0888000000,7.24599000000,0.325000,80.21000,20.4000,4096.80816623,11.67975789
"KMT-2021-BLG-0712L","KMT-2021-BLG-0712L b",3090.00000000,269.2856667,-31.1844694,0.220000,,,2.2200000000,,,,,38.19000000,6.91000000
"KMT-2021-BLG-0909L","KMT-2021-BLG-0909L b",6480.00000000,265.6202083,-27.6391389,0.380000,,,1.7500000000,,,,,400.46379282,13.70000000
"MASCARA-1","MASCARA-1 b",182.27300000,317.5515264,10.7388967,1.900000,2.082000,7490.00,0.0403520000,2.14877381000,0.000340,88.45000,-16.0000,1175.97100000,17.90074218
"K2-38","K2-38 b",192.69000000,240.0333095,-23.1894196,1.030000,1.060000,5731.00,0.0499400000,4.01593000000,0.197000,88.36000,16.0000,7.30000000,1.54000000
"TOI-3364","TOI-3364 b",277.89900000,144.5377709,-49.3352226,1.186000,1.419000,5706.00,0.0675000000,5.87689180000,0.000000,88.79000,,530.77343969,12.22899794
"KMT-2021-BLG-2478L","KMT-2021-BLG-2478L b",2970.00000000,269.3092083,-29.1019694,0.200000,,,1.8500000000,,,,,286.04556630,13.90000000
"KMT-2021-BLG-1105L","KMT-2021-BLG-1105L b",4540.00000000,265.7322500,-25.5089111,0.630000,,,3.5400000000,,,,,413.17692910,13.60000000
"K2-414","K2-414 b",260.03600000,351.6361913,-4.6066569,0.814000,0.732000,4343.00,0.0487000000,4.36960000000,,90.00450,,1.98000000,1.21900000
"TOI-4582","TOI-4582 b",383.84600000,256.8601374,68.8656263,1.340000,2.500000,5190.00,,31.03400000000,0.510000,,-0.1660,168.44905571,10.53644186
"TOI-3688 A","TOI-3688 A b",396.37800000,39.2823371,54.8512152,1.199000,1.302000,5950.00,0.0456000000,3.24607500000,0.000000,87.90000,,311.47183886,13.08088048
"TOI-942","TOI-942 c",152.60100000,76.6496172,-20.2456126,0.822000,0.894000,4969.00,0.0859800000,10.15627200000,0.320000,89.16000,20.0000,37.00000000,4.67000000
"TOI-733","TOI-733 b",75.20920000,159.4093183,-40.8882590,0.956000,0.949000,5585.00,0.0618000000,4.88476500000,0.046000,88.85000,-53.2000,5.72000000,1.99200000
"Kepler-20","Kepler-20 c",282.56300000,287.6979913,42.3385782,0.929000,0.916400,5495.00,0.0936000000,10.85407740000,0.076000,89.81500,,11.10000000,2.89400000
"HIP 21152","HIP 21152 b",43.40730000,68.0205209,5.4100745,1.400000,1.591860,6655.00,17.0000000000,22000.00000000000,0.360000,95.30000,160.0000,7627.88176800,12.00000000
"OGLE-2019-BLG-0468L","OGLE-2019-BLG-0468L c",4400.00000000,266.4060000,-24.4472778,0.920000,,,2.7700000000,,,,,3248.20631954,12.50000000
"OGLE-2019-BLG-0468L","OGLE-2019-BLG-0468L b",4400.00000000,266.4060000,-24.4472778,0.920000,,,3.2900000000,,,,,1090.15143601,13.10000000
"TOI-3976 A","TOI-3976 A b",516.08700000,224.3560083,44.2743223,1.254000,1.501000,5975.00,0.0743000000,6.60766200000,0.000000,87.28000,,55.61997123,12.27383387
"KMT-2017-BLG-1003L","KMT-2017-BLG-1003L b",7090.00000000,265.4115000,-24.3739389,0.320000,,,1.3800000000,,,,,5.19000000,2.13000000
"TOI-4087","TOI-4087 b",301.67600000,217.9257785,83.3727061,1.178000,1.112000,6060.00,0.0446900000,3.17748350000,0.000000,87.82000,,232.01473711,13.04725353
"TOI-942","TOI-942 b",152.60100000,76.6496172,-20.2456126,0.822000,0.894000,4969.00,0.0486600000,4.32421000000,0.340000,89.96600,-16.0000,826.35800000,3.89000000
"KMT-2021-BLG-0240L","KMT-2021-BLG-0240L b",6600.00000000,267.5772917,-30.0049694,0.560000,,,2.8000000000,,,,,66.74396547,9.60000000
"KMT-2017-BLG-0673L","KMT-2017-BLG-0673L b",5080.00000000,264.7570417,-33.8080278,0.630000,,,2.3400000000,,,,,1166.43025369,13.00000000
"KMT-2019-BLG-1367L","KMT-2019-BLG-1367L b",4670.00000000,272.4713333,-29.7622111,0.250000,,,1.7000000000,,,,,4.08000000,1.85000000
"OGLE-2017-BLG-1806L","OGLE-2017-BLG-1806L b",6400.00000000,266.6232500,-24.2722694,0.380000,,,1.7500000000,,,,,5.27000000,2.15000000
"TOI-4791","TOI-4791 b",328.80200000,109.3883818,-19.8289392,1.242000,1.409000,6058.00,0.0555000000,4.28088000000,0.000000,85.55000,,734.18362017,12.44196858
"EPIC 229004835","EPIC 229004835 b",121.97100000,186.4860415,-1.4047214,0.970000,0.999000,5868.00,0.1237000000,16.14113200000,0.230000,88.08000,,10.40000000,2.33200000
"OGLE-2019-BLG-1053L","OGLE-2019-BLG-1053L b",6800.00000000,270.1663750,-27.3415833,0.610000,,,3.4000000000,,,,,2.48000000,1.38000000
"KMT-2019-BLG-2974L","KMT-2019-BLG-2974L b",6100.00000000,267.8520833,-29.4231611,0.470000,,,2.0000000000,,,,,88.99195396,11.40000000
"OGLE-2019-BLG-1470L A","OGLE-2019-BLG-1470L AB c",5900.00000000,271.9492083,-27.0335556,0.570000,,,3.2000000000,,,,,699.22249540,13.30000000
"HD 23472","HD 23472 b",39.03410000,55.4590314,-62.7672667,0.670000,0.710000,4684.00,0.1162000000,17.66708700000,0.072000,88.93000,114.0000,8.32000000,2.00000000
"HD 191939","HD 191939 c",53.60890000,302.0256247,66.8503014,0.810000,0.940000,5348.00,0.1752000000,28.57974300000,0.034000,89.10000,-90.0000,8.00000000,3.19500000
"OGLE-2018-BLG-0506L","OGLE-2018-BLG-0506L b",5600.00000000,267.6298333,-31.9240556,0.630000,,,3.0000000000,,,,,16.30000000,4.18000000
"TIC 279401253","TIC 279401253 b",285.58400000,57.6572277,-15.0262251,1.130000,1.060000,5951.00,0.3690000000,76.80000000000,0.448000,89.59000,137.6000,1951.46641898,11.20898070
"HD 23472","HD 23472 c",39.03410000,55.4590314,-62.7672667,0.670000,0.710000,4684.00,0.1646000000,29.79749000000,0.063000,89.09500,2.0000,3.41000000,1.87000000
"HD 23472","HD 23472 f",39.03410000,55.4590314,-62.7672667,0.670000,0.710000,4684.00,0.0906000000,12.16218390000,0.070000,88.81000,4.0000,0.77000000,1.13700000
"OGLE-2019-BLG-1492L","OGLE-2019-BLG-1492L b",5600.00000000,270.0964583,-28.6311389,0.680000,,,2.7000000000,,,,,37.10000000,6.79000000
"TIC 279401253","TIC 279401253 c",285.58400000,57.6572277,-15.0262251,1.130000,1.060000,5951.00,0.5910000000,155.30000000000,0.254000,90.00000,120.9000,2548.98382414,12.60000000
"TOI-1811","TOI-1811 b",128.23000000,188.9223576,27.2143766,0.817000,0.769000,4766.00,0.0438900000,3.71307650000,0.052000,86.48000,21.0000,308.92921160,11.14172682
"HD 23472","HD 23472 d",39.03410000,55.4590314,-62.7672667,0.670000,0.710000,4684.00,0.0429800000,3.97664000000,0.070000,87.95000,19.0000,0.55000000,0.75000000
"HD 23472","HD 23472 e",39.03410000,55.4590314,-62.7672667,0.670000,0.710000,4684.00,0.0680000000,7.90754000000,0.070000,88.63000,46.0000,0.72000000,0.81800000
"HATS-54","HATS-54 b",748.58500000,200.6348641,-44.6888393,1.050000,1.230000,5621.00,0.0370000000,2.54417650000,0.000000,83.67000,,239.32479047,11.37711541
"HD 45364","HD 45364 c",34.35400000,96.4105736,-31.4810037,0.820000,0.890000,5466.00,0.9020000000,345.43000000000,0.019000,,244.0000,174.48779544,14.20000000
"KMT-2021-BLG-1253L","KMT-2021-BLG-1253L b",6640.00000000,267.6172083,-29.2792806,0.240000,,,1.5200000000,,,,,19.05000000,4.59000000
"TOI-2152","TOI-2152 A b",303.00600000,26.3389717,77.7901231,1.516000,1.612000,6630.00,0.0506400000,3.37735120000,0.057000,86.42000,96.0000,899.45439181,14.35870428
"NGTS-23","NGTS-23 b",1074.95000000,70.4322947,-40.0445299,1.010000,1.240000,6057.00,0.0504000000,4.07643260000,0.000000,89.12000,,194.82881349,14.20177855
"NGTS-24","NGTS-24 b",683.06200000,168.5638892,-37.9101328,1.260000,1.640000,5820.00,0.0479000000,3.46787960000,0.000000,82.61000,,165.27077164,13.60770257
"NGTS-25","NGTS-25 b",521.23300000,307.4182976,-39.0323568,0.910000,0.860000,5321.00,0.0388000000,2.82309300000,0.000000,89.34000,,203.09235207,11.46678726
"KMT-2021-BLG-1372L","KMT-2021-BLG-1372L b",5970.00000000,264.4885417,-28.1483889,0.420000,,,2.3700000000,,,,,61.27000000,9.12000000
"TOI-2497","TOI-2497 b",285.28900000,90.0625878,11.8840577,1.859000,2.360000,7360.00,0.1166000000,10.65566900000,0.195000,88.16000,-20.0000,1531.93292174,11.14172682
"TOI-5542","TOI-5542 b",348.84900000,302.7984228,-61.1354659,0.890000,1.058000,5700.00,0.3320000000,75.12375000000,0.018000,89.64300,125.6000,419.53349724,11.30986153
"TOI-2338","TOI-2338 b",313.99600000,81.3445824,-34.6682491,0.990000,1.050000,5581.00,0.1580000000,22.65398000000,0.676000,89.52000,12.6000,1900.61387386,11.20898070
"KMT-2021-BLG-1077L","KMT-2021-BLG-1077L b",8240.00000000,266.4891250,-33.8428111,0.140000,,,1.2600000000,,,,,69.92224954,9.86000000
"PZ Tel","PZ Tel b",47.06480000,283.2745823,-50.1808952,1.360000,1.256460,5169.00,27.0000000000,44000.00000000000,0.520000,91.73000,50.0000,8581.36698900,11.90000000
"KMT-2018-BLG-0030L","KMT-2018-BLG-0030L b",6480.00000000,264.5166667,-28.0416250,0.510000,,,4.3900000000,,,,,460.85119015,13.60000000
"MOA-2020-BLG-135L","MOA-2020-BLG-135L b",7900.00000000,268.4235000,-29.8075667,0.230000,,,1.1100000000,,,,,11.30000000,3.37000000
"TOI-2364","TOI-2364 b",219.61400000,89.1300265,-5.0120298,0.954000,0.886000,5306.00,0.0487100000,4.01975170000,0.000000,88.98000,,71.51139158,8.60849718
"OGLE-2018-BLG-0298L","OGLE-2018-BLG-0298L b",6540.00000000,264.2845000,-29.7091111,0.690000,,,2.8600000000,,,,,44.49597698,7.56000000
"TOI-969","TOI-969 c",77.25540000,115.1366858,2.0985879,0.734000,0.671000,4435.00,2.5200000000,1700.00000000000,0.628000,,208.5000,3591.46099910,12.40000000
"OGLE-2006-BLG-284L A","OGLE-2006-BLG-284L A b",4000.00000000,269.6592500,-29.1366667,0.350000,,,2.1700000000,,,,,144.00000000,14.30000000
"K2-3","K2-3 d",44.07270000,172.3353708,-1.4551364,0.549000,0.546000,3844.00,0.2014000000,44.55603000000,0.091000,89.82000,0.0000,2.20000000,1.45800000
"K2-3","K2-3 c",44.07270000,172.3353708,-1.4551364,0.549000,0.546000,3844.00,0.1357000000,24.64672900000,0.048000,89.84000,-180.0000,2.68000000,1.58200000
"HD 111998","HD 111998 b",33.22370000,193.2953521,-3.5531133,1.400000,1.450000,6557.00,1.9100000000,810.00000000000,0.130000,90.00000,190.0000,1525.57635360,12.90000000
"HIP 70849","HIP 70849 b",24.05720000,217.3270762,-46.4646840,0.650000,0.633112,4105.00,3.9900000000,3649.00000000000,0.650000,96.00000,182.0000,1430.22783150,12.90000000
"HD 114783","HD 114783 c",21.06280000,198.1818436,-2.2649921,0.900000,0.840622,5135.00,5.0000000000,4352.00000000000,0.050000,159.00000,153.0000,603.87397330,13.40000000
"Kepler-409","Kepler-409 b",68.17300000,293.6792058,46.8527337,0.913000,0.897000,5421.00,0.3192000000,68.95832160000,0.690000,86.30000,,6.00000000,1.19900000
"Kepler-20","Kepler-20 f",282.56300000,287.6979913,42.3385782,0.929000,0.916400,5495.00,0.1387000000,19.57832800000,0.094000,88.78800,,1.40000000,0.95200000
"KMT-2022-BLG-0440L","KMT-2022-BLG-0440L b",3500.00000000,269.5835833,-32.2953056,0.530000,,,1.9000000000,,,,,15.40000000,4.05000000
"HD 22946","TOI-411 c",62.77920000,54.8195380,-42.7630276,1.098000,1.117000,6169.00,0.1017000000,9.57308300000,0.160000,88.57000,10.0000,9.72000000,2.32800000
"HD 140901","HD 140901 c",15.25280000,236.8689866,-37.9172333,1.060000,0.950000,5610.00,11.8000000000,14386.00000000000,0.770000,40.00000,299.0000,572.09113260,13.40000000
"Kepler-102","Kepler-102 c",107.79600000,281.4824731,47.2078263,0.803000,0.724000,4909.00,0.0670200000,7.07139200000,0.094000,89.82000,,1.70000000,0.56700000
"K2-416","K2-416 b",120.31100000,349.2211822,-5.2015032,0.548000,0.554000,3746.00,0.0880000000,13.10200000000,,89.25000,,1652.70771640,2.66000000
"HD 22946","TOI-411 b",62.77920000,54.8195380,-42.7630276,1.098000,1.117000,6169.00,0.0572700000,4.04029500000,0.126000,88.30000,-40.0000,13.71000000,1.36200000
"HIP 54597","HIP 54597 b",39.74290000,167.6082179,-29.4143018,0.800000,0.660000,4799.00,4.0000000000,3274.00000000000,0.030000,116.00000,164.0000,762.78817680,13.30000000
"HD 75302","HD 75302 b",30.32880000,132.3015641,3.4850141,1.060000,0.940904,5697.46,5.3000000000,4356.00000000000,0.390000,29.00000,307.0000,1716.27339780,12.80000000
"Kepler-68","Kepler-68 c",144.16600000,291.0323102,49.0402129,1.057000,1.256400,5847.00,0.0900800000,9.60502700000,0.099000,87.07100,0.0000,1.30000000,0.97900000
"MOA-2020-BLG-208L","MOA-2020-BLG-208L b",7490.00000000,268.4325000,-32.5893111,0.430000,,,2.7400000000,,,,,46.00000000,7.71000000
"HD 15906","HD 15906 b",45.56210000,38.2712534,-10.3521780,0.790000,0.762000,4757.00,0.0900000000,10.92470900000,0.110000,87.98000,160.5000,5.65000000,2.24000000
"HIP 81208 C","HIP 81208 C b",147.53300000,248.8075000,-35.7247583,0.135000,,,23.0400000000,104100.00000000000,,,,4703.86042360,12.30000000
"HD 108202","HD 108202 b",38.68460000,186.4613189,-1.1109233,0.740000,0.663550,4556.03,3.7000000000,2990.00000000000,0.520000,56.00000,78.0000,953.48522100,13.10000000
"Kepler-323","Kepler-323 b",454.88300000,291.3822988,38.1274595,1.015000,1.120000,6004.00,0.0277800000,1.67832800000,0.095000,88.30000,,3.90000000,1.38100000
"HD 15906","HD 15906 c",45.56210000,38.2712534,-10.3521780,0.790000,0.762000,4757.00,0.1410000000,21.58329800000,0.040000,88.75000,247.9000,8.91000000,2.93000000
"TOI-622","TOI-622 b",123.29700000,125.3050544,-46.4842959,1.313000,1.415000,6400.00,0.0708000000,6.40251300000,0.420000,86.62000,,96.30200732,9.23620010
"TOI-4201","TOI-4201 b",189.01100000,90.4747237,-13.4613710,0.610000,0.630000,3794.00,0.0400000000,3.58191940000,0.041000,88.00000,130.0000,788.21444936,13.67495645
"HD 99492","HD 99492 b",18.20380000,171.6896870,3.0071331,0.850000,0.822539,4929.00,0.1200000000,17.05030000000,0.034000,,154.3000,25.50000000,5.44000000
"Kepler-454","Kepler-454 b",230.86900000,287.4786474,38.2290751,1.030000,1.066000,5687.00,0.0952800000,10.57375340000,0.320000,87.90000,,5.40000000,2.37000000
"Kepler-109","Kepler-109 b",474.86100000,290.3926795,40.2849074,1.094000,1.387000,5950.00,0.0701000000,6.48163070000,0.110000,87.06000,,4.90000000,2.49000000
"GJ 1252","GJ 1252 b",20.37300000,306.9286462,-56.4622865,0.381000,0.391000,3458.00,0.0091500000,0.51823310000,0.000000,85.00000,90.0000,1.32000000,1.19300000
"HAT-P-2","HAT-P-2 c",127.77400000,245.1514324,41.0479601,1.330000,1.416000,6412.00,,8500.00000000000,0.370000,90.00000,38.0000,3400.76395490,12.40000000
"TOI-4600","TOI-4600 b",216.05600000,258.4503674,64.5661727,0.890000,0.810000,5170.00,0.3490000000,82.68690000000,0.250000,89.76000,260.0000,959.84178914,6.80000000
"TOI-858 B","TOI-858 B b",250.48900000,60.1998256,-54.5929177,1.081000,1.308000,5842.00,0.0443500000,3.27971780000,0.150000,86.80000,,349.61124770,14.06727078
"K2-36","K2-36 b",109.74900000,169.4490102,3.8665038,0.790000,0.718000,4916.00,0.0228800000,1.42261400000,0.093000,84.45000,,4.30000000,1.43000000
"K2-36","K2-36 c",109.74900000,169.4490102,3.8665038,0.790000,0.718000,4916.00,0.0552800000,5.34088800000,0.089000,86.91700,,7.90000000,3.20000000
"Kepler-538","Kepler-538 b",155.95600000,297.4865503,49.6233975,0.892000,0.871700,5534.00,0.3554000000,81.73778000000,0.210000,89.73000,140.0000,12.90000000,2.21500000
"TOI-1235","TOI-1235 b",39.63450000,152.2182549,69.2766204,0.630000,0.619000,3997.00,0.0384500000,3.44471400000,0.049000,88.90000,78.0000,6.69000000,1.69000000
"TOI-1052","TOI-1052 b",129.80400000,337.5102738,-75.6465606,1.204000,1.264000,6146.00,0.0910300000,9.13970300000,0.180000,87.53000,-119.0000,16.90000000,2.87000000
"K2-110","K2-110 b",116.47400000,207.3497402,-12.2849182,0.738000,0.713000,5010.00,0.1020700000,13.86375000000,0.130000,89.35000,90.0000,15.90000000,2.59200000
"TOI-1634","TOI-1634 c",35.27360000,56.3906096,37.1122803,0.451000,0.450000,3472.00,,103.00000000000,0.000000,,90.0000,,
"TOI-2018","TOI-2018 b",27.99560000,229.8374423,29.2078771,0.570000,0.620000,4174.00,,7.43558300000,0.000000,88.52000,,9.20000000,2.26800000
"TOI-1052","TOI-1052 c",129.80400000,337.5102738,-75.6465606,1.204000,1.264000,6146.00,0.2263000000,35.80600000000,0.237000,,-45.0000,34.30000000,6.48000000
"TOI-519","TOI-519 b",115.55700000,124.6067582,-19.6627918,0.335000,0.350000,3322.00,0.0159000000,1.26523280000,0.330000,88.90000,,147.15455244,11.54525012
"TOI-244","TOI-244 b",22.03370000,10.5697537,-36.7179743,0.428000,0.426000,3433.00,0.0559000000,7.39722500000,,88.32000,,2.68000000,1.52000000
"TOI-2084","TOI-2084 b",114.54900000,259.2545389,72.7470231,0.453000,0.475000,3551.00,0.0500600000,6.07842470000,,89.15000,,6.66000000,2.47000000
"TOI-4184","TOI-4184 b",69.36490000,43.8284749,-79.4147039,0.210900,0.234700,3238.00,0.0336000000,4.90198040000,,89.43000,,6.48000000,2.43000000
"TOI-470","TOI-470 b",130.46000000,94.0099043,-25.0314111,0.870000,0.831000,5190.00,0.1190000000,12.19148000000,,89.52700,,17.40000000,4.34000000
"TOI-1470","TOI-1470 b",51.95030000,10.0891431,61.2133868,0.471000,0.469000,3709.00,0.0285000000,2.52709300000,0.300000,87.42000,,7.32000000,2.18000000
"Kepler-21","Kepler-21 b",108.52200000,287.3619673,38.7141384,1.408000,1.902000,6305.00,0.0434000000,2.78582120000,0.000000,83.20000,-15.0000,7.50000000,1.63900000
"Kepler-78","Kepler-78 b",124.37600000,293.7419543,44.4482521,0.779000,0.747500,5058.00,0.0090100000,0.35500745000,0.000000,75.20000,90.0000,1.68000000,1.20100000
"OGLE-2018-BLG-1126L","OGLE-2018-BLG-1126L b",5700.00000000,268.3558750,-31.7247194,0.690000,,,3.2300000000,,,,,17.79839079,4.41000000
"HD 6860","HD 6860 b",61.12469000,17.4329790,35.6204990,2.490000,86.400000,3802.00,2.0300000000,663.87000000000,0.280000,,7.5400,8981.83078182,11.90000000
"TOI-1470","TOI-1470 c",51.95030000,10.0891431,61.2133868,0.471000,0.469000,3709.00,0.1060000000,18.08816000000,0.500000,89.47000,,7.24000000,2.47000000
"K2-12","K2-12 b",326.38100000,173.1919022,2.2446794,0.965000,1.117000,5672.00,0.0792000000,8.28246000000,0.500000,87.60000,,5.20000000,2.44000000
"OGLE-2018-BLG-1212L","OGLE-2018-BLG-1212L b",1550.00000000,271.0776250,-28.1940833,0.160000,,,1.6800000000,,,,,63.56568140,9.32000000
"GJ 649","GJ 649 b",10.37960000,254.5363221,25.7419719,0.510000,0.500000,3734.00,1.1120000000,600.10000000000,0.083000,,3.0000,81.99972901,10.80000000
"HD 36384","HD 36384 b",209.30900000,84.9319998,75.0439884,1.140000,38.400000,3940.00,1.3000000000,490.00000000000,0.200000,,197.6000,2097.66748620,12.70000000
"MWC 758","MWC 758 c",159.53700000,82.6147199,25.3324076,1.500000,2.014460,7314.00,100.0000000000,,,,,,
"K2-2016-BLG-0005L","K2-2016-BLG-0005L b",5200.00000000,269.8798333,-27.6074722,0.584000,,,4.1600000000,4700.00000000000,,,,349.61124770,13.70000000
"GJ 849","GJ 849 b",8.80058000,332.4229938,-4.6408317,0.450000,0.450000,3467.00,2.3200000000,1925.31000000000,0.029000,,111.0000,283.82076745,13.90000000
"GJ 849","GJ 849 c",8.80058000,332.4229938,-4.6408317,0.450000,0.450000,3467.00,4.9500000000,5990.00000000000,0.092000,,143.0000,314.65012293,13.80000000
"Kepler-68","Kepler-68 b",144.16600000,291.0323102,49.0402129,1.057000,1.256400,5847.00,0.0613500000,5.39875259000,0.090000,87.23000,0.0000,8.03000000,2.35700000
"Kepler-107","Kepler-107 d",525.99700000,297.0281620,48.2086019,1.238000,1.447000,5854.00,0.0837700000,7.95839000000,0.110000,87.55000,,7.70000000,0.86000000
"TOI-139","TOI-139 b",42.40610000,336.4024144,-34.9097131,0.690000,0.700700,4570.00,,11.07085000000,,89.32000,,6.60000000,2.45660000
"HD 62364","HD 62364 b",53.11200000,113.9052658,-75.5442707,1.157000,1.401000,6255.00,6.1500000000,5138.00000000000,0.607000,137.30000,1.2000,5965.63919939,12.10000000
"BD-210397","BD-210397 b",23.73240000,33.3024198,-21.1962147,0.679000,0.747000,4051.00,2.6300000000,1891.00000000000,0.100000,,-55.0000,214.00000000,14.00000000
"KMT-2022-BLG-0371L","KMT-2022-BLG-0371L b",7140.00000000,265.3619167,-34.6986694,0.630000,,,3.0200000000,,,,,82.63538582,10.90000000
"WASP-79","WASP-79 b",246.69000000,66.3709016,-30.6004362,1.390000,1.510000,6600.00,0.0519000000,3.66239200000,0.000000,86.10000,90.0000,270.15414595,17.14974047
"Kepler-454","Kepler-454 d",230.86900000,287.4786474,38.2290751,1.030000,1.066000,5687.00,5.1000000000,4073.00000000000,0.089000,,117.0000,734.18362017,13.30000000
"HD 74698","HD 74698 b",52.06480000,130.0744755,-71.8768726,1.039000,1.333000,5783.00,0.1210000000,15.01700000000,0.100000,,143.0000,23.00000000,5.12000000
"HD 74698","HD 74698 c",52.06480000,130.0744755,-71.8768726,1.039000,1.333000,5783.00,4.5000000000,3449.00000000000,0.200000,,103.0000,126.00000000,14.00000000
"GJ 9404","GJ 9404 b",23.88390000,184.8472095,28.3827126,0.620000,0.626041,3811.00,0.0943000000,13.45860000000,0.490000,,109.0000,11.90000000,3.48000000
"GJ 832","GJ 832 b",4.96435000,323.3912616,-49.0125169,0.450000,0.441557,3472.00,3.7000000000,3853.00000000000,0.050000,51.00000,207.0000,314.65012293,13.80000000
"Kepler-323","Kepler-323 c",454.88300000,291.3822988,38.1274595,1.015000,1.120000,6004.00,0.0458000000,3.55382290000,0.095000,88.70000,,6.80000000,1.57000000
"TOI-5803","TOI-5803 b",84.01260000,327.2487497,6.2781777,0.870000,0.762500,5134.00,,5.38305000000,,89.30000,,10.70000000,3.27320000
"KMT-2019-BLG-1216L","KMT-2019-BLG-1216L b",2740.00000000,268.4806250,-35.1366389,0.390000,,,2.4400000000,,,,,29.87587026,5.98000000
"TOI-1680","TOI-1680 b",37.22090000,292.3139790,65.9738018,0.179800,0.210600,3225.00,0.0314400000,4.80263450000,,89.58000,,2.75000000,1.46600000
"HD 100777","HD 100777 b",49.53360000,173.9646303,-4.7555425,1.080000,1.040000,5533.00,1.0600000000,383.00000000000,0.380000,90.00000,204.0000,390.92894061,13.70000000
"HD 215497","HD 215497 c",40.54680000,341.6527140,-56.5997984,0.920000,0.850000,5113.00,1.3100000000,566.00000000000,0.470000,90.00000,42.0000,111.23994245,13.00000000
"Kepler-107","Kepler-107 c",525.99700000,297.0281620,48.2086019,1.238000,1.447000,5854.00,0.0606400000,4.90145200000,0.080000,89.49000,,10.00000000,1.59700000
"K2-3","K2-3 b",44.07270000,172.3353708,-1.4551364,0.549000,0.546000,3844.00,0.0747000000,10.05465350000,0.107000,89.40000,188.0000,5.11000000,2.07800000
"Kepler-107","Kepler-107 b",525.99700000,297.0281620,48.2086019,1.238000,1.447000,5854.00,0.0454400000,3.18002180000,0.100000,89.05000,,3.80000000,1.53600000
"Kepler-122","Kepler-122 d",1027.45000000,291.1118647,39.9490248,0.982000,1.216000,6050.00,0.1550000000,21.58747500000,0.000000,89.99000,,5.48000000,2.20000000
"HD 167677","HD 167677 b",54.32580000,274.2067844,-11.4067857,0.960000,0.952710,5474.00,2.8770000000,1820.00000000000,0.182000,28.70000,302.0000,905.81095995,13.20000000
"HD 165131","HD 165131 b",57.42630000,271.3444007,-21.6737039,1.060000,1.064190,5870.00,3.5400000000,2342.60000000000,0.670800,70.00000,3.6100,5943.39121090,12.10000000
"HIP 39017","HIP 39017 b",66.32170000,119.7665756,-4.3326006,1.520000,1.519870,7201.00,22.1000000000,31000.00000000000,0.550000,84.00000,174.0000,7500.75040520,12.00000000
"Kepler-415","Kepler-415 c",530.48700000,293.8045041,38.6390517,0.670000,0.643000,4362.00,0.0695000000,8.70800000000,0.000000,89.87000,,4.70000000,2.01000000
"omi UMa","omi UMa b",54.91490000,127.5649503,60.7177048,2.720000,13.840000,5075.00,3.6910000000,1569.81000000000,0.149000,,40.8000,1160.39151396,13.00000000
"omi CrB","omi CrB b",84.78830000,230.0350768,29.6160222,1.300000,11.870000,4769.00,0.6990000000,187.01000000000,0.105000,,44.2000,355.96781584,13.70000000
"TOI-544","TOI-544 b",41.11660000,82.2900716,-0.3428983,0.631000,0.623000,4169.00,0.0225000000,1.54835200000,0.000000,,0.0000,2.89000000,2.01800000
"Teegarden's Star","Teegarden's Star d",3.83078000,43.2691449,16.8649024,0.097000,0.120000,3034.00,0.0791000000,26.13000000000,0.070000,,345.0000,0.82000000,0.95400000
"TOI-782","TOI-782 b",52.51220000,183.9203614,-18.9103377,0.397000,0.413000,3370.00,0.0578000000,8.02400150000,0.190000,88.98000,,19.10000000,2.73400000
"HD 4732","HD 4732 c",54.78410000,12.3085089,-24.1369079,1.390000,5.030000,4898.00,4.7250000000,3184.20000000000,0.187000,,108.5000,1069.49258955,13.10000000
"HD 4732","HD 4732 b",54.78410000,12.3085089,-24.1369079,1.390000,5.030000,4898.00,1.1290000000,371.74000000000,0.266000,,62.6200,631.20721630,13.40000000
"ome Ser","ome Ser b",76.75560000,237.5732422,2.1963040,1.010000,10.990000,4724.00,0.8380000000,278.59000000000,0.180000,,143.2000,233.92170755,14.00000000
"TOI-2010","TOI-2010 b",109.19000000,292.1669417,53.4873694,1.112000,1.079000,5929.00,0.5516000000,141.83402500000,0.212000,89.90300,98.8000,408.72733140,11.81426566
"TOI-1273","TOI-1273 b",177.11800000,214.1208564,58.3902534,1.060000,1.060000,5690.00,0.0549000000,4.63129600000,0.055000,,110.0000,70.55790635,11.09689089
"TOI-904","TOI-904 b",46.08910000,89.3712733,-83.1297264,0.557000,0.527000,3770.20,0.0560000000,10.87720000000,,88.19000,,6.46000000,2.42600000
"KMT-2023-BLG-0469L","KMT-2023-BLG-0469L b",7070.00000000,269.4067917,-28.7150611,0.470000,,,2.3100000000,,,,,39.41072247,7.04000000
"HD 2952","HD 2952 b",110.10300000,8.2938367,54.8948177,1.910000,10.900000,4853.00,1.1170000000,312.08000000000,0.269000,,-155.6000,284.77425267,13.90000000
"TOI-2416","TOI-2416 b",557.73300000,57.3389409,-60.7871861,1.118000,1.236000,5808.00,0.0831000000,8.27547900000,0.320000,90.00000,30.0000,953.48522100,9.86390302
"TOI-2373","TOI-2373 b",508.68600000,61.6862197,-16.7557546,1.041000,1.102000,5651.00,0.1120000000,13.33668000000,0.112000,89.20000,15.0000,2955.80418510,10.42435205
"TOI-904","TOI-904 c",46.08910000,89.3712733,-83.1297264,0.557000,0.527000,3770.20,0.3120000000,83.99970000000,,89.83000,,5.34000000,2.16700000
"TOI-4860","TOI-4860 b",80.14230000,183.5639610,-13.1748411,0.340000,0.358000,3260.00,0.0180800000,1.52275910000,0.008000,88.50000,240.0000,86.70000000,8.70000000
"TOI-4633","TOI-4633 c",95.20160000,256.8431021,62.4755480,1.100000,1.050000,5800.00,0.8470000000,271.94450000000,0.117000,89.88800,-21.0000,123.00000000,3.20000000
"gam Lib","gam Lib b",47.40170000,233.8818636,-14.7895020,1.780000,12.380000,4879.00,1.3190000000,414.88000000000,0.160000,,-169.7000,357.87478628,13.70000000
"KMT-2021-BLG-1770L","KMT-2021-BLG-1770L b",6920.00000000,270.4399583,-27.4186694,0.130000,,,0.9000000000,,,,,6674.39654700,12.10000000
"OGLE-2019-BLG-1180L","OGLE-2019-BLG-1180L b",6070.00000000,269.2465417,-27.9754444,0.545000,,,5.1900000000,,,,,555.24622703,13.50000000
"HD 47366","HD 47366 b",84.35520000,99.4200181,-12.9856593,1.810000,7.300000,4866.00,1.2070000000,360.08000000000,0.071000,,-152.1000,661.71874337,13.40000000
"HD 47366","HD 47366 c",84.35520000,99.4200181,-12.9856593,1.810000,7.300000,4866.00,1.8400000000,677.53000000000,0.161000,,163.6000,483.73483545,13.50000000
"Kepler-100","Kepler-100 e",304.64500000,291.3861294,41.9901394,1.097000,1.500000,5884.00,0.3123915860,60.88858800000,0.026437,,,24.14271827,5.27000000
"NGTS-27","NGTS-27 b",942.12200000,206.0265266,-32.5229747,1.070000,1.770000,5700.00,0.0446000000,3.37041810000,0.000000,86.20000,,188.47224535,15.64773706
"HD 134606","HD 134606 d",26.79090000,228.8103897,-70.5203328,1.046000,1.158000,5576.00,1.9410000000,966.50000000000,0.092000,,194.0000,44.80000000,7.59000000
"HATS-2","HATS-2 b",341.92500000,176.7388264,-22.5630097,0.904000,0.876000,5227.00,0.0231700000,1.35413379000,0.000000,87.83000,0.0000,435.42491759,12.57647635
"gam Cep","gam Cep b",14.10240000,354.8358233,77.6331009,1.270000,4.740000,4775.00,2.1300000000,913.00000000000,0.150000,,49.0000,2097.66748620,12.70000000
"TOI-5398","TOI-5398 c",130.85500000,161.8795569,36.3294345,1.146000,1.051000,6000.00,0.0570000000,4.77271000000,0.140000,88.40000,172.0000,11.80000000,3.52000000
"HD 134606","HD 134606 f",26.79090000,228.8103897,-70.5203328,1.046000,1.158000,5576.00,0.1784000000,26.91500000000,0.081000,,63.0000,5.63000000,2.24000000
"HD 134606","HD 134606 e",26.79090000,228.8103897,-70.5203328,1.046000,1.158000,5576.00,0.0527000000,4.32030000000,0.200000,,54.0000,2.34000000,1.33000000
"TOI-238","TOI-238 c",80.54070000,349.2310814,-18.6066463,0.790000,0.733000,5059.00,0.0749000000,8.46565100000,0.360000,87.93800,,6.70000000,2.18000000
"2MASS J11550485-7919108","2MASS J11550485-7919108 b",100.86200000,178.7691634,-79.3197558,0.588460,0.600455,3021.00,587.0000000000,,,,,6356.56814000,12.10000000
"2MASS J21252752-8138278","2MASS J21252752-8138278 b",34.11540000,321.3662989,-81.6414894,0.643977,0.672832,3592.00,7493.0000000000,,,,,3813.94088400,12.40000000
"Kepler-1513","Kepler-1513 c",349.24700000,289.7917561,39.2852655,0.943000,0.950000,5491.00,,841.40000000000,0.125000,,313.0000,84.54235626,11.00000000
"HIP 66074","HIP 66074 b",35.44380000,203.1635632,75.0071038,0.705000,0.690000,4300.00,0.7990000000,310.90000000000,0.948000,13.00000,-155.0000,1589.14203500,12.90000000
"HAT-P-19","HAT-P-19 b",202.07800000,9.5165832,34.7114025,0.807000,0.773000,4962.00,0.0459900000,4.00878322000,0.070000,89.52000,256.0000,88.03846874,11.29865255
"Kepler-849","Kepler-849 b",822.13400000,290.8517961,48.5213243,1.259000,1.822000,5950.00,1.1370000000,394.62508000000,0.078000,89.92300,-74.0000,298.75870258,8.08167508
"TOI-1853","TOI-1853 b",165.10500000,211.4593468,16.9923703,0.837000,0.808000,4985.00,0.0213000000,1.24362580000,0.030000,84.70000,,73.20000000,3.46000000
"TOI-5126","TOI-5126 b",160.41400000,151.6597827,18.6340631,1.240000,1.241000,6150.00,0.0651900000,5.45883850000,0.000000,88.79000,0.0000,20.20000000,4.74000000
"Kepler-1513","Kepler-1513 b",349.24700000,289.7917561,39.2852655,0.943000,0.950000,5491.00,0.5697100000,160.88420000000,0.306000,89.86000,259.0000,48.30991786,8.59400000
"HAT-P-51","HAT-P-51 b",440.08900000,21.0651251,32.8107000,0.961000,0.995000,5453.00,0.0504200000,4.21802091000,0.070000,89.28000,,97.57332095,13.50682174
"Kepler-553","Kepler-553 c",728.52500000,298.5508922,48.3325405,0.889000,0.902000,5191.00,0.8980000000,328.24017000000,0.346000,89.83140,-48.2000,2129.45032690,11.57887706
"Kepler-111","Kepler-111 c",657.22300000,291.6531630,44.6882613,1.118000,1.145000,5914.00,0.7510000000,224.77833000000,0.176000,89.75600,-141.0000,222.47988490,7.08407580
"14 And","14 And b",75.43920000,352.8241500,39.2358367,1.780000,11.550000,4888.00,0.7750000000,186.76000000000,0.000000,,0.0000,1131.15130051,13.10000000
"18 Del","18 Del b",76.22200000,314.6078375,10.8391378,2.100000,8.800000,4980.00,2.4760000000,982.85000000000,0.024000,,64.1100,2926.24614325,12.50000000
"GJ 724","GJ 724 b",16.96580000,280.2383650,-13.3824997,0.527100,0.522260,3799.00,0.0468500000,5.10128400000,0.577000,,33.2000,10.75000000,3.27000000
"KMT-2019-BLG-0335L","KMT-2019-BLG-0335L b",7710.00000000,262.8401250,-29.5906889,0.320000,,,1.6400000000,,,,,6674.39654700,12.10000000
"Kepler-553","Kepler-553 b",728.52500000,298.5508922,48.3325405,0.889000,0.902000,5191.00,0.0476600000,4.03046700000,0.000000,88.94000,,116.00736855,4.74139884
"6 Lyn","6 Lyn b",54.65990000,97.6960311,58.1611753,1.320000,4.940000,4941.00,2.0280000000,919.86000000000,0.042000,,121.0000,597.83523357,13.40000000
"4 UMa","4 UMa b",73.46030000,130.0528099,64.3280504,1.234000,18.110000,4415.00,0.8770000000,270.27000000000,0.453000,,28.6000,2511.48007211,12.60000000
"TOI-4641","TOI-4641 b",86.35010000,42.5582023,25.3335334,1.410000,1.720000,6560.00,0.1730000000,22.09341000000,0.074000,87.90000,,1229.99593509,8.18255591
"CI Tau","CI Tau c",157.99800000,68.4667685,22.8416192,0.900000,1.880857,3807.00,0.1700000000,25.20000000000,0.580000,,344.0000,1144.18226520,13.00000000
"TOI-1994","TOI-1994 b",515.60300000,147.1745753,-51.7565640,1.860000,2.300000,7700.00,0.0613000000,4.03371420000,0.341000,85.50000,131.6000,7024.00779470,13.67495645
"TOI-4515","TOI-4515 b",193.49900000,21.1861778,21.5130638,0.949000,0.860000,5433.00,0.1180000000,15.26644600000,0.461000,87.95400,169.9000,637.00000000,12.17000000
"HD 145457","HD 145457 b",135.29200000,242.5162215,26.7429068,1.900000,9.900000,4757.00,0.7620000000,176.13000000000,0.111000,,-48.6000,888.01256916,13.20000000
"HD 167042","HD 167042 b",49.66330000,272.6326268,54.2876184,1.390000,4.630000,4919.00,1.2200000000,417.67000000000,0.010000,,54.4000,444.00628458,13.60000000
"LHS 1678","LHS 1678 c",19.87820000,68.1789866,-39.7908744,0.345000,0.329000,3490.00,0.0327000000,3.69428400000,0.039000,88.82000,23.0000,1.40000000,0.94100000
"HD 173416","HD 173416 b",132.18400000,280.9005676,36.5568570,2.000000,13.500000,4683.00,1.1580000000,322.03000000000,0.208000,,-117.9000,585.12209729,13.40000000
"HD 32518","HD 32518 b",122.11500000,77.4037569,69.6391355,1.130000,10.220000,4580.00,0.5940000000,157.35000000000,0.028000,,-35.4000,905.49313154,13.20000000
"HS Psc","HS Psc b",37.66040000,24.3473790,26.9528036,0.690000,0.650000,4203.00,0.0435000000,3.98600000000,0.270000,,176.2500,464.02947422,13.60000000
"HD 81688","HD 81688 b",85.71830000,142.1665753,45.6009241,1.070000,11.130000,4797.00,0.6480000000,183.93000000000,0.040000,,-14.4000,525.68818518,13.50000000
"kap CrB","kap CrB b",30.06510000,237.8080012,35.6558818,1.330000,4.680000,4840.00,2.5000000000,1253.68000000000,0.040000,60.00000,177.6000,689.69110000,13.30000000
"KMT-2021-BLG-1547L","KMT-2021-BLG-1547L b",5070.00000000,272.3995833,-29.0839389,0.720000,,,4.5000000000,,,,,467.20775829,13.60000000
"TOI-4559","TOI-4559 b",31.63540000,211.0135378,-30.0141252,0.392000,0.374000,3558.00,0.0359000000,3.96599100000,,88.64000,,2.59000000,1.41500000
"11 Com","11 Com b",93.18460000,185.1787793,17.7932516,2.090000,13.760000,4874.00,1.1780000000,323.21000000000,0.238000,,91.3300,4914.89848585,12.20000000
"nu Oph","nu Oph b",46.21070000,269.7566013,-9.7741342,2.610000,12.240000,4887.00,1.7650000000,529.93000000000,0.126000,90.00000,9.4000,7057.73298000,12.00000000
"TOI-4377","TOI-4377 b",455.82000000,164.9324709,-82.2213501,1.360000,3.520000,4974.00,0.0579000000,4.37808100000,0.045000,80.30000,-0.7300,304.16178550,15.10970598
"KMT-2023-BLG-0416L","KMT-2023-BLG-0416L b",5900.00000000,266.3240417,-25.0794889,0.630000,,,2.9600000000,,,,,13.03096469,3.67000000
"HD 76920","HD 76920 b",184.03100000,133.8203530,-67.2653621,1.000000,8.330000,4664.00,1.0910000000,415.89100000000,0.878200,,1.2000,994.80291391,13.10000000
"75 Cet","75 Cet b",82.96130000,38.0391598,-1.0350269,1.920000,10.380000,4809.00,1.9120000000,696.62000000000,0.093000,,-157.6000,787.89662095,13.30000000
"LHS 3154","LHS 3154 b",15.76060000,241.6367309,40.9068221,0.111800,0.140500,2861.00,0.0226200000,3.71778000000,0.076000,,82.0000,13.15000000,3.69000000
"TOI-1269","TOI-1269 b",172.13800000,249.6966397,64.5591810,0.902700,0.852100,5499.00,0.0496000000,4.25299130000,0.000000,,90.0000,6.40000000,2.40144286
"Kepler-23","Kepler-23 d",835.75600000,294.2189131,49.4792536,1.078000,1.548000,5828.00,0.1201200000,15.27000000000,0.010000,89.54000,,4.44000000,2.20600000
"TOI-3919","TOI-3919 b",604.59100000,208.9447534,40.3918061,1.208000,1.319000,6100.00,0.0795000000,7.43323400000,0.259000,86.98000,-65.8000,1233.17421916,12.31866979
"TOI-1288","TOI-1288 b",114.86500000,313.1670294,65.6087833,0.955200,0.958300,5388.00,0.0374000000,2.69982790000,0.000000,89.50000,90.0000,44.10000000,4.96846551
"GJ 238","GJ 238 b",15.21420000,98.4548810,-58.5250316,0.419300,0.431400,3485.00,0.0212300000,1.74469990000,,89.99000,,0.12600000,0.56600000
"Kepler-49","Kepler-49 c",311.22200000,292.2945208,40.5918123,0.607000,0.618000,4095.60,0.0782100000,10.91000000000,0.008000,88.68000,,8.38000000,2.44400000
"TOI-5301","TOI-5301 b",629.16100000,12.9908008,13.0783712,1.483000,2.190000,6240.00,0.0730000000,5.85885800000,0.330000,83.30000,75.0000,1182.32167404,13.09208946
"TOI-5232","TOI-5232 b",609.38800000,294.3374248,35.2764934,1.389000,1.785000,6500.00,0.0559300000,4.09666920000,0.035000,88.30000,46.0000,743.71847238,12.77823800
"TOI-1410","TOI-1410.01",72.75120000,334.8828486,42.5603141,0.794100,0.755800,4635.00,0.0207000000,1.21687000000,0.000000,,90.0000,12.50000000,3.10083009
"TOI-1386","TOI-1386 b",146.85800000,334.5041029,54.3190454,1.036300,1.023500,5735.00,0.1730000000,25.84010000000,0.000000,89.69000,90.0000,45.80000000,6.21638650
"TOI-6029","TOI-6029 b",603.11900000,8.3862555,61.8607659,1.548000,2.338000,6223.00,,5.79870000000,0.091000,,,519.64944544,14.39233122
"OGLE-2017-BLG-0448L","OGLE-2017-BLG-0448L b",7530.00000000,268.6686250,-31.0319167,0.500000,,,5.7500000000,,,,,15.60000000,4.08000000
"Kepler-128","Kepler-128 c",396.37900000,282.4922622,43.9802442,1.184000,1.659000,6072.00,0.1651700000,22.80000000000,0.037000,89.53000,,3.38000000,1.52100000
"TOI-1451","TOI-1451 b",91.93620000,186.5242821,61.2589289,1.002200,1.016200,5801.00,0.1270000000,16.53794400000,0.000000,,90.0000,15.20000000,2.61143902
"TIC 4672985","TIC 4672985 b",253.38500000,38.4706782,-10.6573827,1.010000,1.150000,5757.00,0.3300000000,69.04800000000,0.018000,,126.3000,4049.13390518,11.50041420
"TOI-5218","TOI-5218 b",377.48300000,292.6634642,71.7629612,0.739000,0.708000,4230.00,0.0469000000,4.29145200000,0.000000,88.41000,90.0000,657.00000000,9.86000000
"Kepler-305","Kepler-305 d",868.47700000,299.2242557,40.3431670,0.827000,0.792000,5090.00,0.1209100000,16.74000000000,0.000000,89.27000,,6.20000000,2.76000000
"TOI-1601","TOI-1601 b",336.60800000,38.3615690,41.0134321,1.505500,2.195000,5982.00,0.0690000000,5.33175000000,0.000000,88.84000,90.0000,387.00000000,14.19902343
"TOI-1444","TOI-1444 b",125.46300000,305.4749252,70.9437054,0.951300,0.910500,5460.00,0.0116000000,0.47027430000,0.000000,82.00000,90.0000,3.58000000,1.41792246
"TOI-1736","TOI-1736 b",88.94820000,43.4344615,69.1013450,1.037300,1.428600,5636.00,0.0730000000,7.07307600000,0.000000,87.30000,90.0000,12.30000000,3.18175535
"TOI-5634 A","TOI-5634 A b",306.14400000,175.6436366,20.9652921,0.556000,0.540000,3896.00,0.0272000000,2.20353730000,0.000000,88.19000,90.0000,588.00000000,10.42000000
"TOI-1683","TOI-1683.01",51.18840000,65.9796504,27.8223701,0.694661,0.700000,4402.00,0.0365075930,3.05753560000,,,,7.45000000,2.63820000
"TOI-1298","TOI-1298 b",319.03600000,241.3229012,70.1900397,1.218700,1.453600,5752.00,0.0570000000,4.53714300000,0.000000,88.96000,57.0000,99.00000000,9.65807033
"TOI-1751","TOI-1751 b",113.33500000,243.4888534,63.5335297,0.938200,1.313700,5970.00,0.2150000000,37.46852000000,0.327000,,120.0000,19.50000000,2.95078450
"K2-419 A","K2-419 A b",268.68500000,135.0194934,13.2737056,0.562000,0.541000,3711.00,0.1208000000,20.35847252000,0.042000,89.54000,0.9700,196.00000000,10.55000000
"TOI-2095","TOI-2095 b",41.91760000,285.6365235,75.4185135,0.440000,0.440000,3759.00,0.1010000000,17.66484000000,0.000000,89.67000,-17.0000,4.10000000,1.25000000
"HIP 97166","HIP 97166 b",65.95010000,296.2446203,74.0628577,0.934200,0.841800,5216.00,0.0910000000,10.28891400000,0.290000,,98.0000,19.10000000,2.48013380
"TOI-1776","TOI-1776 b",44.64700000,164.7772913,40.9837182,0.919600,0.935600,5785.00,0.0378000000,2.79986800000,0.000000,,90.0000,1.40000000,1.21612741
"Kepler-963","Kepler-963 c",771.49400000,296.7529742,45.0411049,0.821000,0.928000,5169.47,,0.91978300000,,,,0.15600000,0.60000000
"OGLE-2023-BLG-0836L","OGLE-2023-BLG-0836L b",5120.00000000,267.1868750,-23.7415194,0.710000,,,3.7000000000,,,,,1385.73185452,12.90000000
"BD-14 3065 A","BD-14 3065 b",589.42300000,153.6696689,-15.6428372,1.410000,2.350000,6935.00,0.0656000000,4.28897310000,0.066000,80.78000,54.0000,3932.00000000,21.59000000
"HIP 97166","HIP 97166 c",65.95010000,296.2446203,74.0628577,0.934200,0.841800,5216.00,0.1240000000,16.43200000000,0.000000,,90.0000,8.00000000,2.75000000
"TOI-1794","TOI-1794 b",155.79100000,203.3974857,49.0608433,0.969800,1.316200,5631.00,0.0820000000,8.76552800000,0.000000,88.60828,90.0000,8.70000000,3.29701268
"2MASS J03590986+2009361","2MASS J03590986+2009361 b",117.43500000,59.7911026,20.1599759,0.264996,0.289776,2943.00,572.0000000000,,,,,5720.91132600,12.20000000
"TOI-663","TOI-663 c",64.23080000,160.0658525,-8.5110827,0.514000,0.512000,3681.00,0.0437000000,4.69555070000,,89.30000,,3.65000000,2.26000000
"TOI-1246","TOI-1246 c",169.42200000,251.1158702,70.4299917,0.888900,0.864900,5213.00,0.0610000000,5.90413700000,0.000000,89.30000,90.0000,9.10000000,2.45109846
"TOI-1842","TOI-1842 b",223.46500000,201.9626552,9.0306437,1.464300,2.032000,6039.00,0.1000000000,9.57391810000,0.276000,88.40000,67.6000,89.40000000,12.34850230
"TOI-1824","TOI-1824 b",59.43140000,197.7312286,61.7448492,0.880100,0.812300,5165.00,0.1510000000,22.80853300000,0.000000,,90.0000,16.00000000,2.74382690
"HIP 77900","HIP 77900 b",150.86200000,238.6253901,-27.3387434,,,13646.00,3319.0000000000,,,,,6674.39654700,12.10000000
"KMT-2023-BLG-1431L","KMT-2023-BLG-1431L b",6800.00000000,271.1835417,-29.7439194,0.570000,,,3.2000000000,,,,,13.60000000,3.76000000
"TOI-3071","TOI-3071 b",485.21900000,173.2790517,-56.5033871,1.290000,1.310000,6177.00,0.0249000000,1.26693800000,0.090000,82.10000,,68.20000000,7.16000000
"TOI-1246","TOI-1246 e",169.42200000,251.1158702,70.4299917,0.888900,0.864900,5213.00,0.2120000000,37.92548000000,0.000000,89.30000,90.0000,14.50000000,3.51418750
"TOI-2019","TOI-2019 b",198.00700000,234.4317651,48.9552060,1.183200,1.745700,5626.00,0.1280000000,15.34440000000,0.000000,,57.0000,34.40000000,5.33275337
"TIC 139270665","TIC 139270665 c",189.87500000,124.0338967,33.2914532,1.035000,1.016000,5844.00,2.0000000000,1010.00000000000,0.566000,,-44.3000,1554.18091023,12.90000000
"HD 48948","HD 48948 b",16.90430000,102.4898110,60.3373133,0.686000,0.679000,4593.00,0.0652000000,7.34013000000,0.055000,,39.0000,4.88000000,2.06000000
"HD 93963 A","HD 93963 A c",82.34320000,162.7766969,25.6410650,1.084400,1.031100,5908.00,0.0472600000,3.64513890000,0.000000,86.31000,90.0000,18.40000000,3.11976057
"HD 93963 A","HD 93963 A b",82.34320000,162.7766969,25.6410650,1.084400,1.031100,5908.00,0.0206100000,1.03761090000,0.000000,86.21000,90.0000,2.80000000,1.46954368
"TOI-815","TOI-815 c",59.71170000,155.8719377,-43.8349248,0.776000,0.770000,4869.00,0.1930000000,34.97614500000,0.220000,89.10700,,23.50000000,2.62000000
"HD 48948","HD 48948 c",16.90430000,102.4898110,60.3373133,0.686000,0.679000,4593.00,0.1951000000,38.06000000000,0.550000,,101.0000,7.27000000,2.60000000
"HD 48948","HD 48948 d",16.90430000,102.4898110,60.3373133,0.686000,0.679000,4593.00,0.4894000000,151.92000000000,0.055000,,269.0000,10.59000000,3.24000000
"HIP 8152","HIP 8152 c",101.69400000,26.2092533,-18.4013844,0.937300,0.960300,5618.00,0.1390000000,19.60562000000,0.200000,,110.0000,10.70000000,2.52442508
"HIP 8152","HIP 8152 b",101.69400000,26.2092533,-18.4013844,0.937300,0.960300,5618.00,0.0930000000,10.75101400000,0.000000,,90.0000,8.90000000,2.53625843
"TOI-1669","TOI-1669 b",111.27600000,45.9564744,83.5874273,0.986700,1.056100,5497.00,1.2700000000,500.00000000000,0.000000,,90.0000,191.00000000,14.10000000
"OGLE-2014-BLG-0221L","OGLE-2014-BLG-0221L b",3680.00000000,270.3037500,-27.4267639,0.690000,,,3.7600000000,,,,,1382.55357045,12.90000000
"TOI-329","TOI-329 b",284.38800000,351.3210955,-15.6346313,1.067800,1.532600,5614.00,0.0638000000,5.70439000000,0.390000,,170.0000,40.40000000,4.94057819
"TOI-480","TOI-480 b",54.53060000,88.3784618,-16.2653974,1.279300,1.487700,6174.00,0.0770000000,6.86619600000,0.000000,,90.0000,20.80000000,2.85372018
"TOI-1410","TOI-1410 c",72.75120000,334.8828486,42.5603141,0.794100,0.755800,4635.00,0.2390000000,47.56000000000,0.000000,,90.0000,27.00000000,5.63000000
"TOI-757","TOI-757 b",60.34180000,187.9948428,-35.5544523,0.800000,0.780000,5278.00,0.1220000000,17.46819000000,0.390000,89.50000,-36.0000,10.50000000,2.50000000
"GJ 900 A","GJ 900 b",20.80650000,353.7526177,1.6055211,1.080000,0.716187,3976.00,12000.0000000000,,,,,3496.11247700,12.40000000
"TOI-1450 A","TOI-1450 A c",22.44670000,286.8540627,59.0866254,0.480000,0.483000,3437.00,,5.06880000000,,,,1.52700000,1.13000000
"TOI-1855","TOI-1855 b",176.83300000,205.3539534,17.6868719,0.987000,1.041000,5359.00,0.0239800000,1.36414864000,0.033000,78.10000,-100.0000,360.09958513,18.49481816
"TOI-3261","TOI-3261 b",300.14100000,47.7285242,-73.5319720,0.861000,0.849000,5068.00,0.0171400000,0.88313310000,0.000000,87.80000,0.0000,30.30000000,3.82000000
"TOI-669","TOI-669 b",142.86700000,158.9007013,-5.1813735,0.924500,0.988200,5597.00,0.0480000000,3.94515200000,0.000000,85.78281,90.0000,10.00000000,2.58606487
"HD 25463","HD 25463 b",45.61810000,60.7483361,9.2077676,1.251000,1.418200,6353.00,0.0760000000,7.04914230000,0.000000,,90.0000,8.70000000,2.54535814
"HD 73344","HD 73344 b",35.26000000,129.6894456,23.6852651,1.200000,1.220000,6252.60,0.1310000000,15.61100000000,0.030000,88.08200,153.8910,10.48000000,2.88400000
"TOI-2368","TOI-2368 b",210.91500000,134.9576234,-48.4884929,0.897000,0.846000,5360.00,0.0564900000,5.17500730000,0.061000,86.61000,121.0000,206.58846455,10.83908434
"TOI-2107","TOI-2107 b",236.70500000,286.7965405,-58.6968348,0.961000,0.932000,5627.00,0.0351500000,2.45454670000,0.033000,89.44000,153.0000,263.79757781,13.57407563
"TOI-1248","TOI-1248 b",168.73500000,259.0235918,63.1056072,0.904200,0.868600,5205.00,0.0510000000,4.36015610000,0.000000,,90.0000,27.40000000,6.80848590
"TOI-837","TOI-837 b",142.48800000,157.0372806,-64.5052107,1.142000,1.052000,5995.00,0.0888000000,8.32491130000,0.000000,87.09700,90.0000,120.45696625,9.16894621
"SWEEPS-11","SWEEPS-11 b",8500.00000000,269.7583333,-29.1981944,1.100000,1.450000,,0.0300000000,1.79600000000,,,,3082.82000000,12.66600000
"Kepler-24","Kepler-24 c",1156.81000000,290.4132621,38.3437283,1.060000,1.099000,6028.00,0.1061200000,12.33000000000,0.014000,78.63000,,9.99000000,2.51400000
"Kepler-57","Kepler-57 b",644.14000000,293.6413146,44.6570692,0.859000,0.826000,5187.90,0.0598800000,5.72000000000,0.016200,88.90000,,25.06000000,3.13500000
"TOI-3894","TOI-3894 b",417.36500000,201.3748265,52.7681036,1.138000,1.502000,6000.00,0.0535400000,4.33454000000,0.050000,84.63000,108.0000,260.61929374,15.27784069
"TOI-3321","TOI-3321 b",285.89500000,265.7603351,-65.0082516,1.041000,1.549000,5850.00,0.0470000000,3.65251450000,0.054000,86.33000,12.0000,176.07693748,15.55806521
"TOI-1744","TOI-1744.01",114.39000000,294.2910707,60.8813020,1.180000,1.140000,6179.00,0.1640860000,22.34170292700,,,,7.65000000,2.68000000
"EPIC 201595106","K2-360 c",232.10000000,183.7203635,1.9681688,0.958000,0.980000,5679.00,0.0883000000,9.79692000000,0.110000,,71.0000,15.23000000,4.02000000
"WASP-132","WASP-132 b",122.91000000,217.6091998,-46.1595160,0.789000,0.758000,4686.00,0.0674000000,7.13351640000,0.016300,89.46000,318.0000,136.03055820,10.09929161
"TOI-469","TOI-469.01",68.19200000,93.0578446,-14.6493167,0.901000,0.980000,5289.00,0.1110000000,13.63082050000,0.000000,89.30000,90.0000,9.10000000,3.41000000
"K2-260","K2-260 b",663.83400000,76.8673317,16.8676948,1.637000,1.755000,6860.00,0.0439200000,2.62669762000,0.053000,89.18000,-72.0000,546.66486004,18.41635529
"K2-237","K2-237 b",314.99500000,253.7688479,-28.7105836,1.256000,1.236000,6180.00,0.0355200000,2.18053332000,0.030000,88.37000,73.0000,434.15360396,16.06246934
"TOI-1772","TOI-1772.01",97.75620000,156.8377040,34.3909497,0.990000,0.995000,5583.00,0.0783750000,8.05424687400,,,,8.78000000,2.90500000
"WASP-132","WASP-132 c",122.91000000,217.6091998,-46.1595160,0.789000,0.758000,4686.00,0.0183300000,1.01153624000,0.000000,88.82000,188.0000,6.26000000,1.84100000
"BD-17 63","BD-17 63 b",34.46030000,7.1413494,-16.2273254,0.741000,0.740000,4714.00,1.3400000000,655.57000000000,0.543900,80.00000,113.8000,1639.99458012,12.80000000
"K2-261","K2-261 b",213.28300000,163.0323119,0.4931670,1.107000,1.663000,5490.00,0.1086000000,11.63346810000,0.274000,88.58000,145.0000,68.96876432,9.26982704
"K2-321","K2-321 b",77.68880000,156.4054989,2.5138829,0.578000,0.595000,3750.00,0.0283900000,2.29797490000,0.440000,86.10000,45.0000,4.86000000,2.05124347
"TOI-1777","TOI-1777.01",79.76650000,151.8070320,46.1148814,1.060000,0.980000,5859.00,0.1194660000,14.65011197400,,,,5.67000000,2.24600000
"HD 20794","HD 20794 d",6.00278000,49.9997666,-43.0666533,0.790000,0.930000,5368.00,0.3625000000,89.68000000000,0.077000,90.00000,54.0000,4.80000000,2.04000000
"HD 175167","HD 175167 b",71.08630000,285.0033888,-69.9450664,1.090000,1.750000,5635.00,2.4000000000,1175.00000000000,0.510000,60.00000,329.0000,4703.86042360,12.30000000
"Kepler-289","Kepler-289 d",704.43800000,297.4653351,42.8828517,1.080000,1.000000,5990.00,0.3300000000,66.02820000000,,89.31000,,5.33000000,3.03000000
"Kepler-289","Kepler-289 c",704.43800000,297.4653351,42.8828517,1.080000,1.000000,5990.00,0.5015500000,125.87230000000,0.000000,89.78000,,157.18000000,11.23000000
"K2-167","K2-167 b",80.89940000,336.5761233,-18.0116650,1.084000,1.499000,6310.00,0.0932000000,9.97854100000,0.480000,86.80000,140.0000,6.50000000,2.36509493
"K2-265","K2-265 b",138.67100000,342.0316493,-14.4947789,0.901000,0.920000,5420.00,0.0335900000,2.36902000000,0.160000,87.01000,-57.0000,7.34183620,1.70824866
"Kepler-289","Kepler-289 b",704.43800000,297.4653351,42.8828517,1.080000,1.000000,5990.00,0.2118300000,34.53830000000,0.000000,88.98000,,3.70000000,2.49000000
"KELT-24","KELT-24 b",96.51730000,161.9090273,71.6557270,1.268000,1.338000,6426.00,0.0665000000,5.55149296000,0.031900,89.67000,3.0000,1458.83238813,12.71098411
"TOI-3568","TOI-3568 b",197.90600000,322.6023682,34.7395805,0.780000,0.719000,4969.00,0.0485000000,4.41796500000,0.035000,89.20000,-0.9000,26.40000000,5.30000000
"K2-57","K2-57 b",264.21300000,342.6918241,-14.0700007,0.699000,0.671000,4413.00,0.0752000000,9.00730000000,0.250000,88.95000,-20.0000,5.94000000,2.30905002
"K2-54","K2-54 b",174.95500000,338.0541631,-17.5440636,0.615000,0.643000,3990.00,0.0761000000,9.78330000000,0.240000,89.08000,-43.0000,7.33000000,2.61169250
"TOI-4638","TOI-4638.01",168.24800000,12.8206627,12.7879858,1.020000,0.895000,5700.00,0.0930130000,10.28391878700,,,,8.92000000,2.93300000
"TOI-5076","TOI-5076 b",82.85700000,50.5104166,17.2392094,0.789000,0.844000,4780.00,0.1481000000,23.44316200000,0.000000,89.84000,90.0000,16.14568308,3.48935569
"K2-77","K2-77 b",141.73100000,55.2285210,12.5724480,0.847000,0.792000,5160.00,0.0753000000,8.20008440000,0.290000,88.33000,-40.0000,603.87700000,2.49960270
"K2-180","K2-180 b",203.89600000,126.4643579,10.2465770,0.735000,0.719000,5365.00,0.0756000000,8.86566300000,0.075000,89.15000,130.0000,11.41003981,2.46597575
"TOI-2458","TOI-2458 c",112.95800000,79.6215290,1.2534390,1.050000,1.310000,6005.00,0.1290000000,16.55300000000,0.290000,,4.3000,10.22000000,3.18000000
"K2-97","K2-97 b",878.43000000,127.7628370,10.8475571,1.170000,4.140000,4673.00,0.0854000000,8.40711500000,0.207000,75.50000,68.4000,174.48779544,13.45077684
"K2-182","K2-182 b",154.83000000,130.1800460,10.9829509,0.823000,0.789000,5128.00,0.0517400000,4.73696960000,0.071000,88.91000,-160.0000,20.97667486,2.71257333
"NGTS-33","NGTS-33 b",437.85500000,107.8333348,-35.8505185,1.600000,1.470000,7437.00,0.0480000000,2.82797200000,0.000000,83.94000,90.0000,1153.71711741,18.38272835
"Kepler-105","Kepler-105 b",459.22300000,287.8872376,46.2761224,0.991000,1.026000,5933.00,0.0601600000,5.41220340000,0.020000,85.94000,225.0000,10.80000000,2.53000000
"TOI-2537","TOI-2537 b",184.98600000,54.3882661,10.0577464,0.771000,0.771000,4870.00,0.3715000000,94.10220000000,0.364000,89.59200,75.2000,415.40172795,11.25381662
"K2-98","K2-98 b",518.62500000,126.4882114,11.5110933,1.246000,1.518000,6260.00,0.0986000000,10.13673490000,0.119000,88.39000,14.0000,34.00763955,5.06645928
"K2-114","K2-114 b",475.75800000,127.8829120,11.9222550,0.863000,0.832000,4899.00,0.0944000000,11.39093100000,0.079000,89.16000,-50.0000,638.83509807,10.59248676
"TOI-4994","TOI-4994 b",329.30400000,283.1325335,-78.4344302,1.005000,1.055000,5640.00,0.1515000000,21.49198400000,0.319000,89.56000,143.1000,88.99195396,8.54124329
"Kepler-105","Kepler-105 c",459.22300000,287.8872376,46.2761224,0.991000,1.026000,5933.00,0.0722900000,7.12592000000,0.020000,84.02000,298.9000,5.60000000,1.44000000
"TOI-2295","TOI-2295 c",126.27900000,281.5761962,50.4924657,1.168000,1.459000,5730.00,2.0180000000,966.50000000000,0.194000,,39.5000,1783.01736327,12.80000000
"TOI-5110","TOI-5110 b",392.25900000,94.4042694,31.6103309,1.469000,2.333000,6160.00,0.2157000000,30.15857700000,0.745000,85.20000,92.2000,921.70238030,11.98240037
"TOI-2537","TOI-2537 c",184.98600000,54.3882661,10.0577464,0.771000,0.771000,4870.00,2.7800000000,1920.00000000000,0.287000,,-35.6000,2297.89938261,12.70000000
"MOA-2008-BLG-310L","MOA-2008-BLG-310L b",7700.00000000,268.5605420,-34.7780528,0.210000,,,1.1000000000,,,,,23.40000000,5.18000000
"K2-115","K2-115 b",413.59100000,126.5535002,12.2818510,0.918000,0.855000,5870.00,0.1415000000,20.27299140000,0.063000,88.91200,137.0000,321.00669107,11.80305668
"K2-277","K2-277 b",113.12300000,202.0161895,-15.9379749,0.974000,0.973000,5680.00,0.0664000000,6.32676800000,0.520000,86.83000,46.0000,7.40000000,2.18575124
"TOI-406","TOI-406 c",31.05970000,49.2626428,-42.2441492,0.408000,0.410000,3392.00,0.0322000000,3.30744100000,0.032000,87.60000,-6.0000,2.08000000,1.32000000
"TOI-5005","TOI-5005 b",207.89100000,238.1081940,-48.1451000,0.970000,0.930000,5749.00,0.0661400000,6.30850440000,,89.53000,,32.70000000,6.25000000
"HD 86728","HD 86728 b",14.92020000,150.2500540,31.9218216,0.967000,1.237000,5610.00,0.1916000000,31.15150000000,0.067000,,92.0000,9.43000000,3.03000000
"KMT-2021-BLG-2609L","KMT-2021-BLG-2609L b",7480.00000000,263.5188750,-27.5969389,0.200000,,,2.3000000000,,,,,10.17050902,3.17000000
"TOI-5688 A","TOI-5688 A b",226.31800000,266.9231001,47.7050486,0.600000,0.570000,3713.00,0.0337900000,2.94815527000,0.128000,87.05000,-1.3200,124.00000000,10.30000000
"HD 222237","HD 222237 b",11.44690000,354.9078642,-72.7253271,0.760000,0.710000,4751.00,10.8000000000,14892.00000000000,0.560000,49.90000,2.6000,1649.52943233,12.80000000
"HD 21520","HD 21520 b",79.20800000,51.6403449,-43.6136649,1.090000,1.044000,5871.00,0.1726000000,25.12920000000,0.000000,89.23000,,17.70000000,2.69700000
"TOI-2768","TOI-2768 b",78.45250000,99.3641336,-15.4812031,0.630000,0.657000,4008.00,0.0270000000,1.50801000000,,87.78000,,7.41000000,2.63000000
"TOI-1174","TOI-1174 b",94.63750000,209.2171751,68.6182106,0.850000,0.760000,5030.00,0.0799400000,8.95348768300,0.000000,,90.0000,32.00000000,2.56200000
"TOI-2981","TOI-2981 b",527.78900000,163.4873940,-25.5245988,1.030000,1.080000,5940.00,0.0480000000,3.60150100000,0.035000,87.98000,28.0000,638.00000000,13.40000000
"TOI-1180","TOI-1180 b",72.02380000,214.5557741,82.1937642,0.750000,0.730000,4738.00,0.0807990000,9.68676037800,0.000000,89.20777,90.0000,10.00000000,3.07200000
"OGLE-2016-BLG-1800L","OGLE-2016-BLG-1800L b",6480.00000000,269.9032083,-30.8653611,0.410000,,,1.8800000000,,,,,823.17557413,13.20000000
"TOI-5713","TOI-5713 b",40.86680000,208.4587323,52.6027628,0.265300,0.299200,3225.00,0.0600800000,10.44198900000,0.240000,89.37000,-139.0000,3.78000000,1.77000000
"TOI-6002","TOI-6002 b",32.02660000,299.6142524,32.2871702,0.210100,0.243200,3229.00,0.0572200000,10.90482100000,0.150000,89.68000,-160.0000,3.36000000,1.65000000
"HD 135694","HD 135694 b",73.87130000,227.8678636,71.8412965,1.020000,1.080000,5712.00,0.1246950000,15.92347556800,0.000000,,82.5000,6.10000000,2.85700000
"TOI-1295","TOI-1295 b",388.22700000,256.6722026,67.8715032,1.380000,1.700000,6280.00,0.0470000000,3.19688380000,0.024000,,80.0000,451.31633794,15.69257298
"TOI-6130","TOI-6130 b",220.88200000,339.2050832,16.8271941,1.310000,1.510000,6110.00,0.0360000000,2.39267900000,0.036000,,42.0000,333.71982735,14.34749530
"TOI-1437","TOI-1437 b",103.29700000,256.1387513,56.8425490,1.100000,1.170000,6008.00,0.1400000000,18.84094200000,0.170000,89.53000,-96.3000,9.60000000,2.24000000
"HD 183579","HD 183579 b",57.26510000,293.2866147,-54.5327284,0.996000,0.960000,5784.00,0.1322000000,17.47129100000,0.061000,89.11000,270.0000,20.40000000,3.49000000
"KMT-2023-BLG-1866L","KMT-2023-BLG-1866L b",6210.00000000,273.4822500,-28.4473889,0.510000,,,2.6300000000,,,,,2.63000000,1.43000000
"K2-203","K2-203 b",166.14700000,12.7736909,-1.1958844,0.793000,0.765000,5026.00,0.0824000000,9.69520000000,0.230000,89.12000,-124.0000,2.14000000,1.26549392
"TOI-6651","TOI-6651 b",212.12800000,15.7885904,35.3890405,1.323000,1.721000,5940.00,0.0633000000,5.05697300000,0.091000,84.93000,116.0000,61.00000000,5.09000000
"TOI-1630","TOI-1630.01",66.09290000,352.0166759,75.5526069,0.950000,0.830000,5504.00,0.1011510000,12.05573473300,,,,6.42000000,2.41700000
"TOI-1467","TOI-1467 b",37.44180000,19.1146441,49.2331382,0.489000,0.491000,3834.00,0.0507480000,5.97114713000,0.000000,88.98000,90.0000,9.00000000,1.92000000
"TOI-1659","TOI-1659.01",122.49400000,277.9251938,82.3059487,1.100000,1.006000,5977.00,0.0657570000,5.87755632800,,,,5.71000000,2.25500000
"HIP 56998","HD 101581 c",12.77810000,175.2563039,-44.4041485,0.653000,0.630000,4675.00,0.0573000000,6.20401000000,,87.93000,,0.93700000,0.99000000
"K2-208","K2-208 b",256.88700000,20.7789809,0.8890076,0.881000,0.872000,5500.00,0.0487800000,4.19097000000,0.370000,86.94000,-210.0000,3.45000000,1.67462172
"TOI-1716","TOI-1716.01",104.15800000,105.0833291,56.8241941,1.070000,1.240000,5879.00,0.0804960000,8.08237655400,,,,10.00000000,3.14300000
"TOI-6038 A","TOI-6038 A b",179.14700000,51.6572691,40.8172704,1.291000,1.648000,6110.00,0.0690000000,5.82673110000,,88.96000,,78.50000000,6.41000000
"HIP 116454","HIP 116454 b",62.44910000,353.9543517,0.4447043,0.800000,0.758000,5048.00,0.0792000000,9.10041570000,0.215000,88.91000,88.0000,9.70000000,2.46900000
"TOI-2420","TOI-2420 b",435.17400000,14.8268138,-19.7711643,1.158000,2.369000,5707.00,0.0684000000,5.84264100000,0.055000,82.07000,15.5000,294.62693329,15.02003414
"K2-225","K2-225 b",357.77800000,186.5410958,-9.6248232,1.482000,1.700000,5520.00,0.1409000000,15.87230000000,0.230000,88.64000,-160.0000,12.70000000,3.60929179
"TOI-1739","TOI-1739 b",70.98190000,240.1724810,83.2586589,0.780000,0.781000,4814.00,0.0738720000,8.30334140600,,89.27000,,4.45000000,1.94600000
"HD 73344","HD 73344 d",35.26000000,129.6894456,23.6852651,1.190000,1.220000,6148.00,6.7000000000,5823.00000000000,0.180000,59.00000,58.9000,810.46243785,13.20000000
"TOI-2485","TOI-2485 b",397.95300000,205.2043217,22.9839692,1.163000,1.720000,6016.40,0.1093000000,11.23479000000,0.034100,89.49000,10.0000,766.60211768,12.13932610
"K2-7","K2-7 b",738.55300000,167.0937488,-1.0658550,1.056000,1.533000,5700.00,0.1867000000,28.67810000000,0.240000,89.08000,-30.0000,15.30000000,4.03523305
"HD 118203","HD 118203 c",92.25890000,203.5099560,53.7281876,1.270000,2.040000,5742.00,6.2800000000,5103.00000000000,0.260000,93.70000,175.0000,3747.19691853,12.40000000
"TOI-4734","TOI-4734 b",563.06800000,90.3581219,12.5478825,1.391000,1.857000,6070.00,0.0740000000,6.23563300000,0.120000,89.20000,,61.65871096,10.91754720
"TOI-1453","TOI-1453 c",78.74150000,258.2232705,57.1977779,0.715000,0.720000,4975.00,,6.58869820000,0.000000,87.61000,90.0000,2.95000000,2.22400000
"TOI-3493","TOI-3493 b",96.72240000,205.7990331,-22.5854441,1.023000,1.228000,5844.00,,8.15946670000,,89.25000,,8.97000000,3.22000000
"TOI-2969","TOI-2969 b",163.99600000,150.0626247,-47.4452436,0.710000,0.700000,4738.00,0.0261000000,1.82371460000,0.000000,84.90000,,368.68095212,12.32987877
"TOI-5300","TOI-5300 b",162.51000000,356.4811370,0.4587978,0.670000,0.650000,4610.00,0.0295000000,2.26219600000,0.000000,89.20000,,190.69704420,9.86390302
"TOI-4794","TOI-4794 b",543.00800000,110.4835517,-12.5654781,1.250000,1.451000,6390.00,0.0492000000,3.56581160000,0.100000,88.60000,,308.29355479,14.35870428
"TOI-2443","TOI-2443 b",23.92580000,40.1798608,1.1996757,0.642000,0.631000,4375.00,0.1050000000,15.66858000000,0.301000,89.72000,-86.0000,4.80000000,2.36300000
"OGLE-2016-BLG-0007L","OGLE-2016-BLG-0007L b",4300.00000000,268.3560417,-29.6422500,0.590000,,,10.1000000000,14200.00000000000,,,,1.32000000,1.09000000
"TOI-5340","TOI-5340 b",532.62900000,59.3094816,22.3783373,1.350000,1.842000,5990.00,0.0628000000,4.93943920000,0.130000,86.17000,,270.15414595,15.07607904
"AT2021ueyL","AT2021ueyL b",1040.00000000,324.5450417,26.4665694,0.490000,,3680.00,4.0100000000,4168.69000000000,,,,425.89006538,13.60000000
"Kepler-10","Kepler-10 c",185.50600000,285.6792980,50.2414842,0.910000,1.065000,5708.00,0.2410000000,45.29430100000,0.136000,89.62300,330.0000,11.29000000,2.35500000
"TOI-2407","TOI-2407 b",92.43660000,49.7465450,-46.4580250,0.548000,0.567000,3530.00,0.0330000000,2.70296900000,0.080000,88.83000,42.0000,16.80000000,4.26000000
"TOI-5386 A","TOI-5386 A b",394.48600000,226.1069193,60.5362318,1.165000,1.245000,6094.00,0.0485600000,3.62156552000,0.072000,83.95100,,155.10026262,14.70618268
"TOI-2015","TOI-2015 c",47.34440000,232.1326528,27.3610730,0.304100,0.327300,3297.00,0.0412320000,5.58279600000,0.000330,85.70000,,8.91000000,2.93000000
"TOI-2015","TOI-2015 b",47.34440000,232.1326528,27.3610730,0.304100,0.327300,3297.00,0.0293220000,3.34823700000,0.078900,87.61000,90.0000,9.20000000,3.30900000
"GJ 3998","GJ 3998 b",18.14590000,259.0020507,11.0561751,0.520000,0.500000,3726.00,0.0300000000,2.65033000000,0.000000,,,2.50000000,1.39000000
"TOI-1117","TOI-1117 b",167.59800000,273.6020606,-66.4199742,0.970000,1.050000,5635.00,0.0330000000,2.22816000000,0.000000,88.20000,,8.90000000,2.46000000
"GJ 3998","GJ 3998 c",18.14590000,259.0020507,11.0561751,0.520000,0.500000,3726.00,0.0900000000,13.72700000000,0.000000,,,6.82000000,2.50000000
"TOI-640","TOI-640 b",341.99700000,99.7345935,-36.6461300,1.536000,2.082000,6460.00,0.0660800000,5.00377700000,0.013000,81.79000,87.0000,181.16219199,19.27944680
"K2-157","K2-157 d",298.37300000,183.7514959,-5.7820178,0.890000,0.860000,5334.00,0.3090000000,66.50000000000,0.500000,,,23.30000000,5.16000000
"TOI-1117","TOI-1117 c",167.59800000,273.6020606,-66.4199742,0.970000,1.050000,5635.00,0.0534000000,4.57900000000,0.000000,,,8.78000000,2.91000000
"TOI-1117","TOI-1117 d",167.59800000,273.6020606,-66.4199742,0.970000,1.050000,5635.00,0.0817000000,8.66500000000,0.000000,,,10.71000000,3.27000000
"Proxima Cen","Proxima Cen d",1.30119000,217.3934657,-62.6761821,0.122100,0.141000,2900.00,0.0288100000,5.12338000000,0.000000,,4.0000,0.26000000,0.69200000
"Proxima Cen","Proxima Cen b",1.30119000,217.3934657,-62.6761821,0.122100,0.141000,2900.00,0.0484800000,11.18465000000,0.000000,,3.3000,1.05500000,1.02000000
"LP 261-75 A","LP 261-75 b",33.92800000,147.7685281,35.9685562,0.220000,0.308000,3138.00,450.0000000000,,,,,6674.39654700,12.10000000
"TIC 88785435","TIC 88785435 b",122.38600000,224.2838576,-30.8800273,0.724000,0.911000,3998.00,0.0843200000,10.50884300000,0.131000,88.97000,-25.0000,22.30000000,5.03000000
"TOI-1238","TOI-1238 c",70.71450000,201.3823387,68.8360678,0.590000,0.580000,4089.00,0.0370000000,3.29473600000,0.150000,88.38000,,8.32000000,2.11000000
"TOI-1238","TOI-1238 b",70.71450000,201.3823387,68.8360678,0.590000,0.580000,4089.00,0.0139000000,0.76459700000,0.250000,86.51000,,3.76000000,1.21000000
"Kepler-974","KOI-1843.03",134.31100000,285.0131082,40.2209547,0.460000,0.450000,3584.00,0.0050000000,0.17689130000,,72.00000,,8.00000000,0.61000000
"TOI-5143","TOI-5143 c",181.38000000,165.3651202,5.1394812,0.864000,0.852000,5183.00,0.0560200000,5.20971180000,,86.02000,,,16.25302201
"TOI-1803","TOI-1803 b",119.24000000,178.0461054,35.1718001,0.756000,0.715000,4687.00,0.0600000000,6.29328700000,0.000000,88.90000,,10.32000000,2.99000000
"TOI-5882","TOI-5882 b",416.10400000,311.8886385,34.7374918,1.334000,2.260000,5920.00,0.0804000000,7.14897200000,0.033900,88.56000,104.7000,6995.40323807,11.46678726
"TOI-4465","TOI-4465 b",121.13900000,276.1340312,15.8418856,0.930000,1.014000,5545.00,0.4160000000,101.94054000000,0.240000,89.95000,279.7400,1872.00931723,14.01122587
"TOI-1478","TOI-1478 b",152.89200000,126.4337428,-13.5595485,0.947000,1.048000,5597.00,0.0818000000,10.18021170000,0.055000,87.63000,94.0000,279.68899816,11.99360935
"HIP 67851","HIP 67851 b",64.11810000,208.4653640,-35.3146536,1.280000,5.450000,4840.00,0.4200000000,89.23000000000,0.130000,,171.1400,365.50266805,13.70000000
"HIP 67851","HIP 67851 c",64.11810000,208.4653640,-35.3146536,1.280000,5.450000,4840.00,4.5500000000,3128.41000000000,0.300000,89.86300,83.3200,2204.77565936,12.70000000
"TOI-2346","TOI-2346 b",437.48400000,88.0929073,-13.3724686,1.271000,1.380000,6480.00,0.0473000000,3.33120290000,0.086000,89.01000,,394.10722468,16.11851425
"HD 94890","HD 94890 b",61.70120000,164.1797804,-37.1383035,1.740000,10.710000,4867.00,2.0700000000,824.61000000000,0.220000,,19.6800,676.97450691,13.30000000
"HD 87816","HD 87816 b",133.23300000,151.5296524,-52.1878679,2.410000,9.000000,4989.00,1.6180000000,484.17000000000,0.780000,,337.1000,2142.16346318,12.70000000
"TOI-2886","TOI-2886 b",413.67300000,110.0076569,-10.5698414,1.229000,1.241000,6240.00,0.0287100000,1.60200105000,0.110000,87.80000,,444.95976980,18.64053490
"TOI-2876","TOI-2876 b",225.74400000,110.2473528,-21.1146384,0.939000,0.873000,5271.00,0.0654000000,6.29964310000,0.130000,87.13000,,54.03082919,9.63972340
"TOI-2986","TOI-2986 b",563.14900000,163.7715605,-6.4784524,1.122000,1.458000,5906.00,0.0448900000,3.27836620000,0.140000,88.80000,,96.61983573,9.29224500
"WASP-116","WASP-116 b",559.24300000,35.2157609,-1.8260419,1.250000,1.426000,6250.00,0.0650000000,6.61320000000,0.000000,89.57000,,203.41018048,13.67495645
"HD 102888","HD 102888 b",126.48400000,177.6545263,-27.2779074,2.420000,8.600000,4990.00,1.0500000000,252.06000000000,0.110000,,241.2000,1808.44363583,12.80000000
"HD 94890","HD 94890 c",61.70120000,164.1797804,-37.1383035,1.740000,10.710000,4867.00,4.3300000000,2492.19000000000,0.050000,,232.6500,2831.85110637,12.50000000
"TOI-3135","TOI-3135 b",221.67300000,207.8592276,-69.7725635,1.044000,0.985000,5890.00,0.0475600000,3.70655850000,0.240000,85.69000,,327.36325921,13.65253849
"Gaia-4","Gaia-4 b",73.48290000,209.5063762,31.6954898,0.644000,0.624000,4034.00,,571.30000000000,0.338000,116.90000,180.3000,3750.37520260,12.40000000
"WASP-188","WASP-188 b",675.28100000,278.7819771,36.6156327,1.500000,1.830000,6850.00,0.0720000000,5.74891600000,0.000000,85.88000,,458.62639130,14.81827249
"WASP-154","WASP-154 b",215.50100000,327.7191734,-8.6359458,0.800000,0.823000,4774.00,0.0440000000,3.81167800000,0.000000,88.46000,,198.96058278,10.76062147
"TIC 434398831","TIC 434398831 b",217.01100000,93.9592639,16.0238459,0.992000,0.909000,5638.00,0.0464100000,3.68550400000,0.040000,88.20000,-61.0000,12.10000000,3.51000000
"TOI-3464","TOI-3464 b",597.77400000,234.4830357,-44.7899772,1.363000,1.560000,6370.00,0.0515000000,3.65155680000,0.250000,82.89000,,397.28550875,13.76462830
"HR 858","HR 858 c",31.96400000,42.9849779,-30.8140609,1.204000,1.258000,6354.00,0.0687000000,5.97386500000,0.000000,86.59000,90.0000,3.80000000,1.97900000
"WASP-197","WASP-197 b",483.67500000,160.6307133,28.1986255,1.360000,2.112000,6050.00,0.0650000000,5.16722800000,0.000000,86.29000,,403.32424848,14.44837612
"WASP-102","WASP-102 b",535.68900000,336.4643016,15.8566392,1.080000,1.375000,5990.00,0.0410000000,2.70981300000,0.000000,89.06000,,197.68926915,14.90794433
"TOI-3486","TOI-3486 b",154.71500000,249.4432035,-59.3051077,0.837000,0.788000,4930.00,0.0313800000,2.21778105000,0.078000,85.20000,,99.16246298,10.57006880
"TOI-2328","TOI-2328 b",231.78200000,31.6907424,-81.2473760,0.950000,0.900000,5525.00,0.1270000000,17.10197000000,0.057000,88.66000,148.7000,50.85254512,9.97599282
"TOI-3837","TOI-3837 b",311.70500000,152.6662832,24.2731213,0.890000,1.200000,5905.00,0.0990000000,11.88865000000,0.221000,88.00000,279.9000,187.51876013,10.87271128
"Gl 410","Gl 410 b",11.93240000,165.6604212,21.9669164,0.550000,0.543000,3842.00,0.0531000000,6.02000000000,,,,8.40000000,2.83000000
"HD 219666","HD 219666 b",94.17190000,349.5592665,-56.9039857,1.020000,1.059000,5540.00,0.0635600000,6.03446800000,0.050000,86.42000,0.0000,17.60000000,4.89800000
"TOI-3682","TOI-3682 b",404.21100000,50.2752271,25.2972658,1.320000,1.735000,5703.00,0.0480000000,3.34624060000,0.220000,85.51000,,69.28659273,12.80065596
"TOI-6628","TOI-6628 b",320.52700000,225.8370504,-35.2305793,0.970000,1.010000,5463.00,0.1340000000,18.18424000000,0.670000,88.19000,215.8000,235.19302118,10.98480109
"Kepler-289","Kepler-289 e",704.43800000,297.4653351,42.8828517,1.061000,0.985000,5990.00,0.9342000000,330.07160000000,0.000000,89.91000,,17.40000000,2.94000000
"KMT-2022-BLG-2076L","KMT-2022-BLG-2076L b",5570.00000000,268.0511250,-29.0279306,0.670000,,,5.6700000000,,,,,279.68899816,13.90000000
"TOI-4214","TOI-4214 b",346.88100000,110.2495104,-13.9262649,1.382000,1.434000,6370.00,0.0501800000,3.49138850000,0.170000,85.77000,,165.27077164,10.68215861
"GJ 581","GJ 581 c",6.29810000,229.8564725,-7.7226935,0.295000,0.302000,3500.00,0.0718000000,12.92110000000,0.032000,47.00000,16.0000,6.81000000,2.50000000
"G 192-15","G 192-15 c",9.53114000,90.6220931,49.8619390,0.132000,0.170718,2999.00,1.1370000000,1219.00000000000,0.676000,,73.4000,14.30000000,3.87000000
"TOI-2449","TOI-2449 b",156.78600000,67.9843710,-34.4555327,1.079000,1.065000,6021.00,0.4500000000,106.14468000000,0.098000,89.55000,266.0000,222.00000000,11.24000000
"KMT-2024-BLG-2242L","KMT-2024-BLG-2242L b",7620.00000000,268.4150000,-29.5603111,0.069000,,,0.8900000000,,,,,13.98444991,3.82000000
"GJ 508.2","GJ 508.2 b",16.63740000,200.2443854,34.2776644,0.540000,0.530000,3720.00,4.8500000000,5300.00000000000,0.270000,,302.0000,587.98255295,
"GJ 3512","GJ 3512 c",9.48637000,130.3316616,59.4918364,0.123000,0.139000,3141.00,1.7310000000,2354.00000000000,0.089000,,50.0000,143.97626837,14.30000000
"HD 28471","HD 28471 b",43.64550000,66.2875166,-64.0786861,0.980000,1.080000,5766.00,0.0420000000,3.16490000000,0.195000,,152.0000,3.72000000,1.75000000
"HD 28471","HD 28471 c",43.64550000,66.2875166,-64.0786861,0.980000,1.080000,5766.00,0.0650000000,6.12450000000,0.088000,,76.0000,5.72000000,2.26000000
"NGTS-32","NGTS-32 b",837.45700000,223.8576228,-18.4323191,1.070000,1.850000,5680.00,0.0440000000,3.31211000000,0.000000,86.90000,90.0000,181.16219199,15.91675259
"HD 143811 A","HD 143811 AB b",136.60800000,240.8891972,-30.1371574,1.320000,1.683980,6791.00,63.0000000000,117000.00000000000,0.190000,37.00000,180.0000,1938.75328270,15.69257298
"AF Lep","AF Lep b",26.85640000,81.7699216,-11.9011752,1.218000,1.250000,6140.00,8.9960000000,8905.00000000000,0.015000,57.50000,121.0000,1147.36054927,13.00000000
"TOI-238","TOI-238 b",80.54070000,349.2310814,-18.6066463,0.781000,0.756000,5059.00,0.0212000000,1.27309900000,0.180000,85.78000,,3.37000000,1.55900000
"HD 152843","HD 152843 b",107.89800000,253.7848853,20.4915240,1.150000,1.430000,6310.00,0.1049000000,11.62071000000,0.046000,89.26000,,9.82000000,3.05000000
"MOA-2022-BLG-033L","MOA-2022-BLG-033L b",1840.00000000,272.8756667,-25.0530806,0.510000,,,2.1500000000,,,,,12.15000000,3.52000000
"HD 28471","HD 28471 d",43.64550000,66.2875166,-64.0786861,0.980000,1.080000,5766.00,0.1000000000,11.68100000000,0.093000,,96.0000,4.91000000,2.06000000
"HD 152843","HD 152843 c",107.89800000,253.7848853,20.4915240,1.150000,1.430000,6310.00,0.1482000000,19.50210400000,0.074000,89.21000,,9.67000000,5.94000000
"KMT-2023-BLG-1896L","KMT-2023-BLG-1896L b",5490.00000000,271.0317500,-26.9589194,0.720000,,,2.8600000000,,,,,16.35000000,4.19000000
"KMT-2023-BLG-0119L","KMT-2023-BLG-0119L b",5410.00000000,266.8150417,-34.5721889,0.710000,,,3.1400000000,,,,,83.70000000,11.00000000
"TOI-6054","TOI-6054.02",79.40700000,56.3370070,60.3509170,1.107000,1.662000,6047.00,0.1079000000,12.56363600000,0.332000,88.82000,-163.0000,9.30000000,2.82000000
"WASP-110","WASP-110 b",274.96000000,305.8724366,-44.0587001,0.814000,0.853000,5392.00,,3.77840220000,0.000000,88.37000,,154.78243421,13.19297028
"K2-233","K2-233 d",67.50620000,230.4799011,-20.2317975,0.790000,0.710000,4796.00,0.1516000000,24.36810000000,0.180000,89.62000,168.0000,10.30000000,2.36300000
"K2-233","K2-233 c",67.50620000,230.4799011,-20.2317975,0.790000,0.710000,4796.00,0.0664000000,7.06024000000,0.000000,89.57000,90.0000,4.60000000,1.27200000
"BEBOP-4 A","BEBOP-4 AB b",234.29400000,192.5772651,26.1595358,1.507000,2.756450,5701.43,3.6340000000,1823.50000000000,0.428000,,179.6000,8358.88710410,
"2MASS J22501512+2325342","2MASS J22501512+2325342 b",57.23090000,342.5634097,23.4259058,0.433173,0.437589,3352.00,518.0000000000,,,,,9534.85221000,11.90000000
"WASP-4","WASP-4 b",267.20600000,353.5629149,-42.0617794,0.899000,0.912000,5436.00,0.0226100000,1.33823099400,0.005300,88.05000,247.0000,381.39408840,15.12091496
"Kepler-391","Kepler-391 b",869.23600000,290.6218844,51.0573453,1.270000,2.879000,5038.00,0.0830000000,7.41750000000,0.460000,85.50000,103.0000,1100.00000000,2.50000000
"GJ 251","GJ 251 b",5.58057000,103.7002499,33.2664632,0.350000,0.360000,3342.00,0.0808000000,14.23700000000,0.000000,,0.0000,3.85000000,1.79000000
"TOI-1438","TOI-1438 b",110.51300000,280.9237844,74.9378327,0.876000,0.820000,5230.00,0.0553000000,5.13967000000,0.000000,86.21000,90.0000,9.40000000,3.04000000
"GJ 536","GJ 536 c",10.40920000,210.2597264,-2.6522901,0.528000,0.529000,3641.00,0.1617000000,32.76100000000,0.000000,,,5.89000000,2.30000000
"TOI-1438","TOI-1438 c",110.51300000,280.9237844,74.9378327,0.876000,0.820000,5230.00,0.0830000000,9.42808900000,0.000000,87.61000,90.0000,10.60000000,2.75000000
"Kepler-391","Kepler-391 c",869.23600000,290.6218844,51.0573453,1.270000,2.879000,5038.00,0.1640000000,20.50100000000,0.270000,87.27000,126.0000,450.00000000,2.88000000
"TOI-756","TOI-756 b",86.17590000,192.1037380,-45.4704709,0.505000,0.505000,3657.00,0.0180000000,1.23924950000,0.000000,85.53000,90.0000,9.83000000,2.81000000
"TOI-756","TOI-756 c",86.17590000,192.1037380,-45.4704709,0.505000,0.505000,3657.00,0.4390000000,149.40000000000,0.445000,,-167.7700,1287.20504835,13.00000000
"HD 224018","HD 224018 d",105.48000000,358.6390056,-4.7233362,1.013000,1.147000,5784.00,0.5300000000,138.07310000000,0.040000,89.90000,206.0000,4.20000000,2.40000000
"TOI-2141","TOI-2141 c",77.68200000,258.7623456,18.3403449,0.896000,0.950000,5635.00,0.0585000000,5.46240000000,,,,6.14000000,2.35000000
"TOI-6448","TOI-6448 b",386.87900000,110.1704109,-33.9223285,1.030000,0.897000,5910.00,0.1310000000,14.84426100000,0.200000,88.95000,143.9000,54.00000000,8.47398941
"K2-214","K2-214 b",300.64000000,14.8759777,4.2277722,1.030000,1.236000,5875.00,0.0834000000,8.59656000000,,88.14511,,6.85000000,2.51000000
"51 Eri","51 Eri b",29.75750000,69.4007424,-2.4738245,1.750000,1.450000,7422.00,10.4000000000,9100.00000000000,0.570000,141.00000,82.0000,3464.32963630,
"TOI-1203","TOI-1203.01",64.99430000,168.2267358,-34.4069371,0.886000,1.179000,5737.00,0.1632000000,25.50267200000,0.032000,89.22000,186.4000,7.39000000,2.91800000
"TOI-2093","TOI-2093 c",82.79820000,302.7375229,70.8696532,0.745000,0.729000,4426.00,0.2570000000,53.81149000000,0.000000,89.57700,0.0000,15.80000000,2.30000000
"KMT-2024-BLG-1209L","KMT-2024-BLG-1209L b",3930.00000000,261.6129583,-28.1205611,0.770000,,,2.5100000000,,,,,839.06699448,13.20000000
"HD 135344 A","HD 135344 A b",141.59500000,228.9538416,-37.1489176,2.320000,1.500000,9540.00,16.5000000000,,0.500000,73.60000,8.2000,3178.28407000,16.25302201
"K2-10","K2-10 b",272.36000000,172.1216476,1.6906217,0.880000,0.956000,5533.00,0.1370000000,19.30553000000,0.310000,89.50414,,25.20000000,3.77300000
"TOI-1203","TOI-1203 b",64.99430000,168.2267358,-34.4069371,0.886000,1.179000,5737.00,0.0486900000,4.15728880000,0.067000,84.29000,125.4000,3.51000000,1.52000000
"TOI-1203","TOI-1203 c",64.99430000,168.2267358,-34.4069371,0.886000,1.179000,5737.00,,13.07660000000,0.092000,,172.8000,5.46000000,2.20000000
"HIP 18606","HIP 18606 b",47.02880000,59.7181058,-5.4706979,1.210000,4.830000,4860.00,1.6100000000,674.94000000000,,,90.0000,244.72787339,14.00000000
"HIP 111909","HIP 111909 c",88.07700000,340.0304354,-49.5985391,1.280000,4.530000,4891.00,1.9700000000,893.63000000000,,,90.0000,257.44100967,13.90000000
"TIC 257060897","TIC 257060897 b",505.70300000,227.5321527,72.7103128,1.187000,1.863000,5993.00,0.0492200000,3.66003639000,0.039000,84.55000,-48.0000,201.50321004,17.26183028
"OGLE-2016-BLG-1266L","OGLE-2016-BLG-1266L b",3080.00000000,267.8535833,-29.7422500,0.015000,,,0.4300000000,,,,,3813.94088400,12.40000000
"BD+37 3172","BD+37 3172 b",454.25100000,278.8155071,38.1153886,3.750000,50.240000,4500.00,4.6500000000,1887.76000000000,0.590000,,100.0700,3368.98111420,12.40000000
"TOI-654","TOI-654.01",57.75530000,164.7245509,-5.5475446,0.419000,0.430000,3521.00,0.0194400000,1.52756100000,0.000000,88.28000,0.0000,8.71000000,2.37800000
"K2-37","K2-37 b",179.94300000,243.4509662,-24.7870527,0.840000,0.809000,5352.00,0.0510500000,4.44340000000,,87.49112,,2.51000000,1.39000000
"K2-37","K2-37 d",179.94300000,243.4509662,-24.7870527,0.840000,0.809000,5352.00,0.1102000000,14.09229000000,,89.16344,,12.50000000,2.31000000
"K2-55","K2-55 b",159.52200000,333.7518786,-17.2508002,0.688000,0.715000,4300.00,0.0348600000,2.84927100000,0.070000,88.20000,23.9000,44.00000000,4.43000000
"TOI-5261","TOI-5261 b",377.05400000,305.4585453,19.4358468,1.037000,1.021000,5790.00,0.0513400000,4.15097680000,0.158500,86.07000,32.4000,3651.84839643,11.60129502
"TOI-4773","TOI-4773 b",492.88800000,114.9426489,-21.4856184,1.452000,1.550000,6740.00,0.0321600000,1.74528510000,0.024000,78.64000,-113.0000,1687.66884117,15.22179579
"BD+42 2315","BD+42 2315 b",610.71500000,187.5887597,41.2695674,1.380000,17.850000,4500.00,0.5400000000,123.05000000000,0.730000,,109.2000,174.80562385,14.20000000
"Ross 176","Ross 176 b",46.44880000,305.6897438,47.3086191,0.577000,0.569000,4041.00,0.0464000000,5.00663380000,0.250000,89.42000,101.0000,4.57000000,1.84000000
"K2-62","K2-62 c",112.46700000,334.3645089,-12.1874776,0.670000,0.696000,4455.00,0.1148000000,16.19697000000,,89.60532,,4.62000000,1.99000000
"K2-61","K2-61 b",405.73200000,339.6748444,-13.5600447,0.970000,0.995000,5748.00,0.0392000000,2.57336000000,,85.99632,,4.35000000,1.92000000
"TOI-6420","TOI-6420 b",634.71200000,125.5443036,-19.1242852,1.165000,1.312000,6020.00,0.0753000000,6.96150800000,0.078000,85.80000,48.4000,2606.19293740,11.93756445
"TOI-5350","TOI-5350 b",277.41900000,74.4023015,21.6019759,1.167000,1.263000,6220.00,0.0796000000,7.58136700000,0.016500,89.04000,121.0000,2094.48920213,12.41955062
"TOI-5817","TOI-5817 b",80.75420000,322.3777987,21.4745270,0.970000,1.427000,5770.00,0.1223000000,15.61031000000,0.200000,88.72000,,10.30000000,3.08000000
"K2-73","K2-73 b",269.18300000,335.0256620,-9.0560881,1.020000,1.058000,5867.00,0.0761900000,7.49556000000,,88.44303,,9.20000000,2.58000000
"TOI-5799","TOI-5799 b",27.81230000,301.6301790,15.9891418,0.325000,0.321000,3452.00,0.0348000000,4.16450700000,,89.15000,,3.65000000,1.73300000
"TOI-1346","TOI-1346 b",115.45000000,256.6226752,68.8433031,0.820000,0.780000,5099.00,,1.76225380000,,82.83000,,6.30000000,2.39000000
"TOI-1346","TOI-1346 c",115.45000000,256.6226752,68.8433031,0.820000,0.780000,5099.00,,5.50255800000,,89.39000,,5.60000000,2.23000000
"K2-105","K2-105 b",197.98900000,125.4202985,13.4975122,0.940000,0.905000,5373.00,0.0796000000,8.26726000000,0.000000,88.62000,90.0000,15.40000000,3.40000000
"TOI-5799","TOI-5799 c",27.81230000,301.6301790,15.9891418,0.325000,0.321000,3452.00,0.0782000000,14.01044900000,,89.31700,,3.75000000,1.76000000
"TOI-6223","TOI-6223 b",133.12200000,355.9505977,33.0672361,0.582000,0.576000,3895.00,0.0401800000,3.85521900000,,88.68000,,22.60000000,5.07000000
"KOI-351","KOI-351 g",848.25400000,284.4334642,49.3051239,1.242000,1.185000,6031.13,0.7170400000,210.73514000000,0.029200,89.92000,114.6000,15.00000000,7.71800000
"HD 63433","HD 63433 c",22.40350000,117.4793699,27.3631342,0.956000,0.934000,5553.00,0.1460000000,20.54382810000,0.210000,89.07000,90.0000,15.53900000,2.69200000
"HD 17156","HD 17156 b",78.08630000,42.4366123,71.7530882,1.285000,1.517000,6046.00,0.1632000000,21.21642940000,0.677200,86.51000,122.0600,1036.12060682,12.26262489
"TOI-6000","TOI-6000 b",75.76640000,292.6062979,68.1545924,0.370000,0.380000,3419.00,,0.44895900000,,87.05000,,0.77900000,0.94000000
"K2-189","K2-189 c",242.11300000,203.6214411,-15.0365158,0.850000,0.879000,5442.00,0.0680000000,6.67932000000,,88.18346,,5.95000000,2.31000000
"KMT-2024-BLG-0404L","KMT-2024-BLG-0404L b",7210.00000000,271.1470833,-27.9535000,0.090000,,,0.8500000000,,,,,8657.64580668,11.90000000
"KMT-2024-BLG-1281L","KMT-2024-BLG-1281L b",7180.00000000,270.1693750,-32.7142500,0.320000,,,1.9600000000,,,,,19.06970442,4.59000000
"GJ 317","GJ 317 b",15.19680000,130.2445254,-23.4528090,0.402000,0.403000,3496.00,1.1380000000,695.69000000000,0.082600,45.00000,11.3000,794.50000000,13.30000000
"TOI-6303","TOI-6303 b",152.21900000,46.7806502,40.1471740,0.644000,0.609000,3977.00,0.0761000000,9.48523600000,0.020000,89.03000,117.0000,2493.00000000,11.59000000
"LHS 1903","LHS 1903 d",35.69170000,107.8658260,48.3279327,0.538000,0.539000,3664.00,0.0860400000,12.56628700000,0.112000,,233.0000,5.96000000,2.50000000
"LHS 1903","LHS 1903 e",35.69170000,107.8658260,48.3279327,0.538000,0.539000,3664.00,0.1513500000,29.31773000000,0.014000,,263.0000,5.79000000,1.73200000
"WASP-120","WASP-120 b",381.17400000,62.6160813,-45.8982434,1.393000,1.684430,6450.00,0.0514000000,3.61126721000,0.057000,84.54000,333.0000,1541.47550000,15.58048317
"WASP-140","WASP-140 b",117.59800000,60.3855387,-20.4509991,0.900000,0.870000,5300.00,0.0323000000,2.23598448000,0.047000,84.30000,356.0000,775.50520000,14.23540549
"TOI-1774","HD 85426 c",53.97400000,148.1619305,35.1110080,0.991000,1.130300,5746.00,,35.73000000000,0.060000,,143.0000,10.30000000,3.19000000
"TOI-1774","TOI-1774.01",53.97400000,148.1619305,35.1110080,0.991000,1.130300,5746.00,,16.70988000000,0.050000,89.40000,282.0000,8.50000000,2.78000000
"HD 176986","HD 176986 b",27.78430000,285.7739138,-11.0449410,0.789000,0.782000,4931.00,0.0629560000,6.49164000000,0.066000,0.25810,249.0000,1487.75477317,
"ISO-Oph 96","KOINTREAU-3 b",140.56300000,246.7687845,-24.7166830,0.410000,0.730795,3920.00,342.0000000000,,,,,1080.61658380,13.10000000
"PDS 70","PDS 70 b",113.06400000,212.0421402,-41.3980405,0.982000,1.260000,4109.00,20.8000000000,43500.00000000000,0.170000,131.00000,161.0000,1017.05090240,21.96960217
"HD 176986","HD 176986 d",27.78430000,285.7739138,-11.0449410,0.789000,0.782000,4931.00,0.2814900000,61.37600000000,,,,6.76000000,2.49000000
"TOI-6692","TOI-6692 b",312.90300000,312.6940436,-81.2723982,1.047000,1.385000,5890.00,0.5120000000,131.12500000000,0.537000,89.48300,-16.6000,197.05361234,11.67975789
"TOI-4342","TOI-4342 b",61.52040000,324.3894196,-77.9791468,0.587000,0.598000,3866.00,0.0519000000,5.53825920000,0.000000,88.83000,90.0000,7.30000000,2.32900000
"PDS 70","PDS 70 c",113.06400000,212.0421402,-41.3980405,0.982000,1.260000,4109.00,34.3000000000,,0.037000,130.50000,53.0000,2383.71305250,22.19378179
"TOI-5489","TOI-5489 b",45.09070000,128.6912940,11.4895882,0.410000,0.420000,3547.00,,3.15222000000,,88.60000,,2.54000000,1.40000000
"HD 208487","HD 208487 b",45.14700000,329.3332489,-37.7641354,1.150000,1.160000,6134.00,0.5300000000,129.36000000000,0.370000,,63.0000,146.20106722,14.30000000
"HD 181433","HD 181433 b",26.87620000,291.2873731,-66.4677838,0.860000,0.790000,4918.00,0.0828000000,9.37450000000,0.396000,0.25420,201.9000,1708.64551603,
"TOI-1135","TOI-1135 b",114.04800000,193.3963704,85.1294952,1.119000,1.202000,6320.00,0.0815000000,8.02773270000,0.062000,89.30000,-10.0000,58.79825529,9.91994792
"TOI-5716","TOI-5716 b",39.41220000,201.9007989,73.1774325,0.190000,0.220000,3436.00,,6.76630000000,,89.40000,,0.84000000,0.96000000
"HD 181433","HD 181433 d",26.87620000,291.2873731,-66.4677838,0.860000,0.790000,4918.00,6.7400000000,6896.10000000000,0.444000,164.50000,250.1000,858.13669890,13.20000000
"HD 181433","HD 181433 c",26.87620000,291.2873731,-66.4677838,0.860000,0.790000,4918.00,1.8850000000,1018.50000000000,0.240200,111.00000,10.1000,2207.00045821,
"DMPP-1","DMPP-1 b",62.53880000,86.7761233,-10.6303217,1.210000,1.260000,6196.00,0.1423000000,17.81200000000,0.200000,,184.0000,16.80000000,4.26000000
"HD 202206","HD 202206 b",45.96650000,318.7405221,-20.7897284,1.060000,1.040000,5764.23,0.8100000000,256.26000000000,0.426000,51.00000,161.6400,6849.20217085,12.10000000
"TOI-4940","TOI-4940 b",345.65900000,58.2511684,-62.4079681,1.012000,1.163000,5504.00,0.1650000000,25.86781100000,,88.47000,,89.00000000,6.61000000
"TOI-5734","TOI-5734 b",32.51020000,111.2558179,37.2311218,0.724000,0.639000,4750.00,0.0592100000,6.18418760000,,89.88000,,9.10000000,2.10000000
"GJ 480","GJ 480 b",14.23580000,189.7134226,11.6950708,0.450000,0.449000,3509.00,0.0680000000,9.55360000000,0.000000,,151.0000,8.80000000,2.91000000
"DMPP-1","DMPP-1 d",62.53880000,86.7761233,-10.6303217,1.210000,1.260000,6196.00,0.0446700000,3.14170000000,0.360000,,233.0000,4.72000000,2.02000000
"DMPP-2","DMPP-2 b",137.94000000,27.4077310,-34.4590985,1.410000,1.780000,6500.00,0.0663800000,5.20300000000,0.060000,,138.0000,171.48000000,14.20000000
"K2-19","K2-19 d",289.82700000,174.9602543,0.6035960,0.892000,0.824000,5350.00,0.0347800000,2.50827000000,0.440000,89.70000,248.0000,6.20000000,1.04400000
"NGTS-35","NGTS-35 b",183.07800000,170.2763360,-26.0666162,0.789000,0.753000,4717.00,0.1600000000,25.24119200000,0.192000,88.81600,38.0000,152.00000000,10.90000000
"TOI-2267 A","TOI-2267 c",22.55000000,65.0614963,84.9008238,0.171000,0.207500,3030.00,0.0263000000,3.49504120000,,89.66000,,1.55000000,1.14000000
"TOI-2267 A","TOI-2267 b",22.55000000,65.0614963,84.9008238,0.171000,0.207500,3030.00,0.0205000000,2.28909000000,,90.35000,,0.97200000,1.00000000
"HD 39194","HD 39194 c",26.41310000,86.1290710,-70.1382377,0.860000,0.783742,5205.00,0.1083000000,14.03090000000,0.078000,,130.0000,7.49000000,2.65000000
"DMPP-3 A","DMPP-3 A b",46.89170000,91.6243532,-72.5143057,0.900000,0.910000,5138.00,0.0595800000,5.59000000000,0.420000,,112.0000,2.67000000,1.44000000
"TOI-5007","TOI-5007 b",203.35200000,236.0638704,-61.0413649,0.632000,0.656000,3793.00,0.0307000000,2.54337100000,0.074000,84.86000,95.0000,211.03806225,11.07447293
"TOI-7166","TOI-7166 b",35.41530000,320.6806363,8.8893975,0.190000,0.222000,3099.00,0.0619100000,12.92063621000,0.000000,89.80000,,4.70000000,2.01000000
"TOI-375","TOI-375 b",396.21300000,47.1499034,-77.3833275,1.441000,2.900000,5259.90,0.0990000000,9.45469000000,0.087000,,9.1070,236.78216321,10.77183045
"TOI-5422","TOI-5422 b",346.14100000,86.8436173,25.6260342,1.066000,1.474000,5820.00,0.0619000000,5.37721900000,0.094000,88.71000,0.1000,8899.19539600,9.10169233
"HD 28185","HD 28185 b",39.38090000,66.6100461,-10.5510754,0.974000,1.048000,5602.00,1.0340000000,385.92000000000,0.063000,,355.1000,1859.29618095,12.80000000
"XO-3","XO-3 b",213.05300000,65.4695814,57.8172095,1.449000,1.523000,6970.00,0.0481500000,3.19152309000,0.279100,83.66000,-10.8400,4217.58296089,14.79585452
"DMPP-6","DMPP-6 c",54.63030000,120.3857827,-70.0234291,1.079000,1.270000,6182.09,0.2206000000,36.44100000000,0.310000,,178.0000,13.47000000,3.74000000
"TOI-7510","TOI-7510 b",249.00600000,273.7281880,-54.4340547,1.063000,1.035000,5720.00,0.1019000000,11.53086900000,0.057200,90.03000,95.9000,18.10000000,7.31000000
"TOI-5788","TOI-5788 c",97.61400000,287.4249017,31.7615284,0.870000,0.870000,5615.00,0.1197000000,16.21336200000,0.046000,89.60000,148.0000,6.40000000,2.27200000
"TOI-5788","TOI-5788 b",97.61400000,287.4249017,31.7615284,0.870000,0.870000,5615.00,0.0640000000,6.34075800000,0.061000,87.94000,96.0000,3.72000000,1.52800000
"DMPP-9","DMPP-9 b",109.53900000,316.3060007,-66.9581622,1.100000,1.260000,6092.00,0.1097000000,12.73300000000,0.250000,,152.7000,14.43000000,3.89000000
"HD 72659","HD 72659 c",51.89490000,128.5128072,-1.5686323,1.033000,1.360000,5929.00,21.5000000000,35500.00000000000,0.114000,40.00000,133.0000,6165.87109580,12.10000000
"KMT-2020-BLG-0202L","KMT-2020-BLG-0202L b",3840.00000000,267.0404583,-24.4744500,0.810000,,,4.1700000000,,,,,3902.93283796,12.40000000
"KMT-2022-BLG-1551L","KMT-2022-BLG-1551L b",6900.00000000,265.2537500,-27.5518806,0.540000,,,2.2900000000,,,,,940.77208472,13.20000000
"HD 95338","HD 95338 b",36.99410000,164.8563364,-56.6235564,0.848000,0.868000,5097.00,0.2620000000,55.08269400000,0.197000,89.65400,23.4200,42.90000000,4.27174254
"KMT-2022-BLG-1818L","KMT-2022-BLG-1818L b",5300.00000000,270.7986250,-27.4811111,0.790000,,,2.6000000000,,,,,1271.31362800,13.00000000
"TOI-1243","TOI-1243 b",43.18650000,135.7326412,71.6364158,0.515000,0.511000,3515.00,,4.65947790000,,88.24000,,7.70000000,2.33000000
"TOI-5938","TOI-5938 b",114.03500000,303.9088422,28.6592261,0.744000,0.712000,4650.00,0.0308000000,2.26042400000,,88.85000,,14.00000000,3.82000000
"TOI-7009","TOI-7009 b",184.12000000,299.5131334,55.6510291,0.583000,0.564000,4080.00,0.0287000000,2.32066120000,,86.10000,,13.30000000,3.71000000
"KMT-2025-BLG-0121L","KMT-2025-BLG-0121L b",6200.00000000,267.1583750,-23.9988000,0.610000,,,3.0500000000,,,,,2469.52672239,12.60000000
"HD 28109","HD 28109 b",139.61100000,65.2383065,-68.1026875,1.227000,1.425000,6189.00,0.1357000000,22.89105400000,0.007100,87.94000,-93.0000,6.20000000,2.69000000
"TOI-5388","TOI-5388.01",18.52260000,152.1765169,35.5475571,0.292000,0.300000,3440.00,0.0243358550,2.59467480000,,88.80000,,2.20000000,0.99000000
"KMT-2024-BLG-2087L","KMT-2024-BLG-2087L b",7190.00000000,268.4500417,-29.2631889,0.480000,,,3.0300000000,,,,,1395.26670673,12.90000000
"HD 100508","HD 100508 b",32.75480000,173.3014057,-67.0546386,0.940000,1.017900,5419.00,6.1100000000,5681.00000000000,0.420000,62.00000,99.1000,381.39408840,13.70000000
"HD 114386","HD 114386 c",27.92430000,197.6652124,-35.0561807,0.800000,0.760000,4895.00,1.0500000000,444.00000000000,0.100000,,123.0000,117.59651059,13.40000000
"HD 28109","HD 28109 d",139.61100000,65.2383065,-68.1026875,1.227000,1.425000,6189.00,0.4110000000,84.28990000000,0.005400,89.77000,-72.0000,5.80000000,3.11000000
"KMT-2020-BLG-0414L","KMT-2020-BLG-0414L b",1220.00000000,271.9150000,-28.4852222,0.490000,,,2.0700000000,,,,,1.87000000,1.20000000
"TOI-6716","TOI-6716 b",18.88730000,111.6570820,-30.5521801,0.223000,0.231000,3110.00,0.0319000000,4.71858980000,0.880000,89.45000,,0.91100000,0.98200000
"HD 154345","HD 154345 b",18.28400000,255.6524619,47.0855544,0.890000,0.850000,5468.00,4.1580000000,3280.00000000000,0.058000,88.00000,309.0000,376.94449070,13.70000000
"HD 217107","HD 217107 b",20.06190000,344.5647243,-2.3954489,1.045000,1.224500,5622.00,0.0735900000,7.12701660000,0.128400,93.00000,22.7800,459.57987652,13.60000000
"TOI-1472","TOI-1472 b",121.84000000,14.1142611,48.6375168,0.870000,0.840000,5100.00,0.0640000000,6.36338574000,0.041000,89.95400,50.5000,18.05000000,4.05800000
"TOI-1648","TOI-1648 b",69.83500000,45.4011794,69.2299235,0.830000,0.810000,4850.00,0.0694000000,7.33160200000,0.178000,88.29000,286.0000,7.40000000,2.54000000
"HD 164604","HD 164604 b",39.36330000,270.7787177,-28.5608343,0.770000,0.780000,4663.00,1.3620000000,653.90000000000,0.479000,10.60000,64.6000,4195.33497240,12.30000000
"HD 164604","HD 164604 c",39.36330000,270.7787177,-28.5608343,0.770000,0.780000,4663.00,5.5560000000,5387.00000000000,0.196000,8.60000,89.0000,3019.36986650,12.50000000
"HIP 54515","HIP 54515 b",82.81010000,167.3066308,-1.3332838,1.900000,1.649150,8100.00,24.8000000000,33000.00000000000,0.420000,129.60000,214.0000,5625.56280390,12.20000000
"TOI-1518","TOI-1518 b",225.88800000,352.2675207,67.0348062,1.880000,1.942000,7299.00,0.0371200000,1.90261131000,0.010000,77.62600,,581.62598481,21.05046575
"GJ 4274","GJ 4274 b",7.23556000,335.7805478,-17.6104078,0.180000,0.190000,3228.00,0.0153000000,1.63390000000,,,,2.97000000,1.53000000
"LHS 1903","LHS 1903 b",35.69170000,107.8658260,48.3279327,0.538000,0.539000,3664.00,0.0265600000,2.15550980000,0.015000,,216.0000,3.28000000,1.38200000
"LHS 1903","LHS 1903 c",35.69170000,107.8658260,48.3279327,0.538000,0.539000,3664.00,0.0538700000,6.22618500000,0.089000,,288.0000,4.55000000,2.04600000
"TOI-1080","TOI-1080 b",25.55900000,276.3683249,-52.2145730,0.166700,0.201900,3065.00,0.0272000000,3.96524820000,,89.26000,,10.70000000,1.20000000
"TOI-2145","TOI-2145 b",224.73100000,263.7580753,40.6950428,1.710000,2.750000,6206.00,0.1117000000,10.26112800000,0.214000,88.60000,96.2000,1805.26535176,12.24020692
"TIC 231949697","TIC 231949697 b",50.24080000,94.2576817,-43.3661845,0.490679,0.492584,3451.32,,0.90720448719,,80.06934,,2.95000000,1.52831855
"CWISEP J193518.59-154620.3","CWISEP J193518.59-154620.3 b",14.43000000,293.8262172,-15.7725727,0.024000,,,2.4800000000,,,,,4926.34030850,12.20000000
"HD 202772 A","HD 202772 A b",161.49800000,319.6995877,-26.6163743,1.721000,2.554000,6442.00,0.0520800000,3.30887750000,0.030000,84.90000,99.0000,323.54931833,18.23701160
"TOI-4588","TOI-4588 b",225.18100000,282.0004201,48.5422560,2.018000,1.574580,7746.12,0.1376000000,13.11881173651,0.000000,88.66116,,8.90000000,2.92922558
"TOI-4513","TOI-4513 b",102.60900000,18.0905179,13.7550796,0.979000,0.796628,5623.93,,9.76042253684,,89.18965,,6.11000000,2.34587608
"TIC 24750448","TIC 24750448 b",178.14600000,26.1958598,-68.6447552,0.690000,0.713599,4545.43,,3.59159193029,,87.65911,,6.51000000,2.43722231
"TOI-4127","TOI-4127 b",319.63200000,105.4045516,72.4149297,1.230000,1.293000,6096.00,0.3030000000,56.39870000000,0.748400,89.39000,128.9000,743.71847238,12.07000000
"TOI-697","TOI-697 b",93.77140000,69.7042208,-36.6813257,0.970000,0.968149,5681.95,,8.60788713593,,88.54166,,6.16000000,2.35859364
"TOI-4561","TOI-4561 b",179.00800000,60.9618951,-76.0214574,1.000000,0.851957,5537.93,,8.93547936706,,88.87819,,3.81000000,1.77789214
"TIC 24750448","TIC 24750448 c",178.14600000,26.1958598,-68.6447552,0.690000,0.713599,4545.43,,10.14385270726,,88.43480,,9.75000000,3.09028272
"HD 93083","GJ 1137 c",28.51590000,161.0866672,-33.5776794,0.836000,0.837000,5033.80,0.0835000000,9.64120000000,0.000000,,,5.12000000,2.11000000
"TIC 87422071","TIC 87422071 b",384.75800000,273.0346013,-44.2434042,1.239000,1.489000,6150.00,0.1060000000,11.36492900000,0.124000,87.32000,46.4000,409.99864503,10.86150230
"TOI-883","TOI-883 b",102.63700000,103.3690609,-6.5078349,1.003000,1.014770,5713.15,,10.05771848538,,88.73944,,40.70000000,7.17166228
"TOI-4640","TOI-4640 b",245.08900000,38.2053190,10.0724659,1.100000,1.067150,5743.01,,2.68566015238,,87.17393,,8.46000000,2.84326517
"TIC 38828280","TIC 38828280 b",286.41500000,68.3926457,-62.1697135,0.840000,0.741147,5046.63,,4.85558984762,,87.46260,,7.40000000,2.62701629
"TIC 147027702","TIC 147027702 b",457.18600000,161.7728559,-43.9317971,1.406000,2.136000,6410.00,0.2740000000,44.40523000000,0.127000,89.52000,223.7000,346.43296363,10.92875618
"TIC 245076932","TIC 245076932 b",303.96000000,198.0634857,-51.2144330,1.117000,1.288000,6130.00,0.1570000000,21.61389000000,0.428000,89.77000,295.0000,162.09248757,10.87271128
"TOI-921","TOI-921 b",294.01500000,99.6742038,-56.2205396,1.130000,1.141650,6011.66,,5.12871907628,,86.57555,,12.20000000,3.53409617
"TOI-4930","TOI-4930 b",413.75700000,208.6418883,-45.1544786,1.040000,1.159260,5624.72,,6.78130241498,,86.47959,,38.40000000,6.93277225
"TIC 62895484","TIC 62895484 b",294.85700000,116.6385519,22.5903733,0.980000,0.874291,5520.79,,2.83985434327,,86.91509,,12.00000000,3.49391667
"TOI-941","TOI-941 b",263.38600000,78.3005249,6.5459146,1.078000,1.184900,5745.88,,8.51460888787,,89.08482,,34.60000000,6.51165317
"TOI-5159","TOI-5159 b",55.17880000,142.7859562,20.0193431,0.900000,0.854084,5156.16,,5.83639428843,,88.27635,,3.01000000,1.54732112
"TIC 86380416","TIC 86380416 b",244.68000000,145.1603760,65.7327948,1.070000,0.989724,5723.74,,6.04086434610,,87.94298,,6.40000000,2.41236120
"K2-19","K2-19 b",289.82700000,174.9602543,0.6035960,0.880000,0.820000,5322.00,0.0748700000,7.91930000000,0.100000,90.00000,271.0000,30.80000000,7.00000000
"TOI-5335","TOI-5335 b",331.28900000,46.9523734,15.3590831,0.945000,0.916633,5528.92,,3.61365988443,,86.12380,,15.30000000,4.02422162
"TIC 88692598","TIC 88692598 b",73.52580000,149.2109097,47.7706699,0.529218,0.532473,3483.17,,2.64909436758,,88.13323,,3.94000000,1.81295951
"TOI-1752","TOI-1752 b",103.02100000,253.4614861,60.7096197,0.524000,0.530000,3762.00,0.0162400000,0.93518610000,,86.75000,,3.51000000,1.69300000
"TOI-1269","TOI-1269 c",172.13800000,249.6966397,64.5591810,0.902700,0.848906,5554.02,,9.23786144195,,88.74605,,5.60000000,2.22999162
"TOI-5486","TOI-5486 b",89.68110000,190.5495041,3.7886012,0.548138,0.553216,3750.17,,2.02470073205,,85.20792,,14.90000000,3.96824928
"TIC 139702105","TIC 139702105 b",91.78840000,66.4980340,-18.2145450,0.900000,1.254230,5742.35,,6.83601903383,,88.84021,,6.59000000,2.45316949
"TOI-5624","TOI-5624 c",101.91300000,180.8443476,49.2512257,0.858000,0.820000,5327.00,0.0737400000,7.88538500000,0.000000,89.58000,90.0000,4.80000000,2.47400000
"TOI-1718","TOI-1718 b",52.30440000,112.0180254,30.3217322,0.930000,0.939285,5304.91,,5.58703768615,,87.88296,,15.80000000,4.10824994
"TOI-5532","TOI-5532 b",90.99850000,41.3804035,5.1507331,0.636083,0.662052,4208.45,,5.65396594310,,85.15757,,6.93000000,2.52763693
"TIC 161045582","TIC 161045582 b",162.24600000,223.6258514,49.0977250,1.040000,1.079760,5683.87,,8.85577189959,,88.29234,,5.67000000,2.24566738
"TOI-1232","TOI-1232 c",328.60400000,116.5013990,-61.8797935,1.058000,1.072000,5823.00,0.1940000000,30.35600000000,0.027000,87.99000,59.0000,58.48042689,8.88000000
"TOI-1732","TOI-1732 b",74.75990000,111.8014509,53.0452684,0.613891,0.632571,4201.93,,4.11923678339,,88.22898,,6.78000000,2.49549787
"TOI-5605","TOI-5605 b",95.07350000,150.5380078,50.1453867,0.680000,0.736044,4583.79,,5.91340454843,,87.82608,,6.92000000,2.52611303
"TOI-1756","TOI-1756 b",86.71590000,306.3287741,77.6364119,0.556454,0.562607,3891.86,,2.78301736297,,87.43642,,4.43000000,1.94225664
"TOI-5630","TOI-5630 b",134.04700000,236.4538532,40.3748618,0.934000,0.933361,5385.64,,3.22118452536,,84.95769,,6.22000000,2.37117553
"TIC 206466666","TIC 206466666 b",127.83700000,56.7694828,-52.3667509,0.760000,0.667193,4620.30,,9.10486865159,,88.67499,,5.26000000,2.14817673
"TOI-198","TOI-198 b",23.72620000,2.2715087,-27.1217452,0.417000,0.418000,3801.00,0.0675000000,10.21521300000,0.150000,89.63000,90.0000,3.17000000,1.36000000
"KMT-2024-BLG-2005L","KMT-2024-BLG-2005L b",7720.00000000,268.4080833,-28.9009806,0.120000,,,1.1200000000,,,,,50.85254512,8.18000000
"TOI-1839","TOI-1839 b",116.08600000,196.8331106,5.8520458,0.934000,0.848099,5315.91,,1.42378440907,,85.13206,,5.56000000,2.21895097
"TOI-5926","TOI-5926 b",275.10300000,308.0784435,15.5030795,0.946000,0.890046,5388.92,,3.81122794237,,87.78678,,44.60000000,7.56807148
"TIC 290487717","TIC 290487717 b",395.57400000,139.0870563,2.5508053,0.920000,0.943767,5328.97,,3.40081822900,,84.38549,,35.70000000,6.63777941
"TOI-672","TOI-672 b",66.90710000,167.9908627,-39.3281151,0.540000,0.540000,3810.00,0.0376000000,3.63358100000,0.000000,88.00000,0.0000,50.90000000,5.31000000
"TOI-2071","TOI-2071 b",231.31100000,256.6011813,57.6610327,1.063000,1.002860,5755.41,,5.67395386982,,88.30859,,7.10000000,2.56484195
"TOI-4156","TOI-4156 c",213.71900000,230.7808336,76.3318816,1.100000,1.039630,5971.64,,12.82282706375,,88.73848,,8.87000000,2.92303762
"TIC 356227008","TIC 356227008 b",387.60900000,267.2508238,50.1308080,1.020000,0.959792,5731.86,,2.96147448702,,86.89858,,6.30000000,2.39024009
"TOI-2518","TOI-2518 b",160.82500000,105.4448495,-34.9196867,1.110000,0.993374,5751.20,,6.89797425216,,87.95748,,5.77000000,2.26838675
"TOI-6393","TOI-6393 b",186.22900000,141.2436918,68.7883127,0.835000,0.766023,5008.20,,9.53176110329,,88.49024,,8.04000000,2.75958542
"EPIC 220674823","EPIC 220674823 b",244.59000000,13.0800239,10.7947051,0.913000,0.990000,5578.00,0.0132000000,0.57130782000,0.000000,88.50000,,7.54000000,1.60600000
"EPIC 220674823","EPIC 220674823 c",244.59000000,13.0800239,10.7947051,0.913000,0.990000,5578.00,0.1078000000,13.34060300000,0.180000,89.34000,178.0000,7.90000000,2.71200000
"TOI-2654","TOI-2654 b",248.96400000,52.9815377,-47.9946912,0.690000,0.756095,4594.08,,2.96760425926,,87.79259,,48.40000000,7.94454164
"TOI-6699","TOI-6699 b",85.84630000,317.0695839,-63.2504996,0.750000,0.753090,4705.10,,5.32005926761,,87.96658,,6.02000000,2.32645266
"TOI-1839","TOI-1839 c",116.08600000,196.8331106,5.8520458,0.934000,0.848099,5315.91,,4.02393854207,,86.89580,,6.39000000,2.40867246
"K2-111","K2-111 c",200.39400000,59.8903081,21.2985263,0.840000,1.250000,5775.00,0.1156500000,15.67480000000,0.069000,,-79.6000,11.10000000,3.34000000
"TOI-4156","TOI-4156 b",213.71900000,230.7808336,76.3318816,1.100000,1.039630,5971.64,,4.46189034133,,87.09296,,6.98000000,2.53823825
"TOI-7333","TOI-7333 b",157.21700000,243.5319622,75.9166315,0.721000,0.666066,4586.87,,6.26449803661,,87.78022,,5.04000000,2.09469416
"rho CrB","rho CrB e",17.46710000,240.2600639,33.3001861,1.000000,1.361700,5817.00,0.1061000000,12.90400000000,0.082000,,330.8000,3.71000000,1.75000000
"MOA-2007-BLG-192L","MOA-2007-BLG-192L b",2160.00000000,272.0158333,-27.1500750,0.280000,,,2.0200000000,,,,,12.49000000,3.58000000
"K2-79","K2-79 b",256.01100000,55.2559307,13.5191871,1.060000,1.269000,5897.00,0.0987000000,10.99503900000,0.032000,88.42000,,5.90000000,4.15000000
"K2-111","K2-111 b",200.39400000,59.8903081,21.2985263,0.840000,1.250000,5775.00,0.0565000000,5.35189630000,0.134000,86.34000,-69.3000,5.35000000,1.83700000
"TOI-4363","TOI-4363 b",77.77510000,37.1105554,-12.5493631,0.620000,0.691320,4278.45,,2.11867592279,,86.43493,,3.77000000,1.76689273
"HD 5388","HD 5388 b",53.06610000,13.7990300,-47.4067326,1.210000,1.910000,6297.00,1.7570000000,772.50000000000,0.410000,38.70000,325.9000,1017.05090240,13.10000000
"Kepler-79","Kepler-79 b",1020.72000000,300.5171067,44.3815508,1.244000,1.316000,6389.00,0.1192900000,13.48451000000,0.022000,88.78000,182.0000,7.60000000,3.51000000
"Kepler-79","Kepler-79 c",1020.72000000,300.5171067,44.3815508,1.244000,1.316000,6389.00,0.1914400000,27.40260000000,0.038000,89.48000,223.0000,4.60000000,3.76000000
"HD 16760","HD 16760 b",50.17561000,40.5892123,38.6182163,0.930000,0.835000,5518.00,1.1560000000,466.08000000000,0.079000,43.30000,240.4000,6833.31075050,12.10000000
"TOI-3457","TOI-3457 b",370.66600000,183.2082686,-79.7572043,1.040000,1.474000,6300.00,0.2001000000,32.60026800000,0.590000,88.34000,128.1000,797.74930157,10.64000000
"TOI-6884","TOI-6884 b",562.37600000,193.0087935,26.6739510,1.410000,1.840000,6330.00,0.0629000000,4.80826400000,0.067000,82.46000,82.3000,8365.24367224,10.39072511
"TOI-4602","TOI-4602.01",63.06370000,60.6003316,31.3298354,0.900000,1.080000,5966.00,0.0474700000,3.98129990000,0.000000,88.93000,90.0000,5.53000000,2.45000000
"TOI-791","TOI-791 b",341.22100000,118.4347574,-69.7017359,1.280000,1.474000,6294.00,0.6020000000,139.29931000000,0.032000,89.79700,,9.50000000,11.13051784
"eps Eri","eps Eri b",3.20260000,53.2284306,-9.4581715,0.820000,0.759106,5020.38,3.5300000000,2680.00000000000,0.060000,40.00000,268.0000,317.82840700,13.80000000
"TOI-791","TOI-791 c",341.22100000,118.4347574,-69.7017359,1.280000,1.474000,6294.00,0.8630000000,232.01570000000,0.028000,89.69500,,18.60000000,12.94637271
"HD 190360","HD 190360 b",16.00690000,300.9092476,29.8945410,0.996000,1.140000,5560.00,3.9650000000,2887.50000000000,0.334200,71.00000,15.0000,537.00000000,13.50000000
"HD 190360","HD 190360 c",16.00690000,300.9092476,29.8945410,0.996000,1.140000,5560.00,0.1298000000,17.11625000000,0.163000,95.00000,320.5000,26.20000000,5.53000000
"HD 190360","HD 190360 d",16.00690000,300.9092476,29.8945410,0.996000,1.140000,5560.00,0.3886000000,88.69000000000,0.058000,88.00000,160.0000,11.90000000,3.48000000
"TOI-3664","TOI-3664 b",464.74800000,35.3084940,59.7118568,0.980000,1.110000,5593.00,0.0431000000,3.29748390000,0.159000,87.80000,93.0000,114.41822652,13.69737442
"TOI-4034","TOI-4034 b",745.14500000,335.1469845,71.7673462,1.190000,1.830000,5891.00,0.0328900000,1.80209320000,0.000000,80.76000,90.0000,276.51071409,17.71018951
"HD 126105","HD 126105 b",82.88110000,216.0016789,-19.8010960,1.200000,4.210000,4875.00,1.3600000000,524.00000000000,0.103000,,155.0000,530.77343969,13.50000000
"TIC 52059926","TIC 52059926 b",216.58100000,16.7726869,-68.3681031,0.730000,0.720000,4505.00,0.5530000000,175.53200000000,0.510000,89.68500,108.6000,5380.00000000,10.71000000
"TOI-4427","TOI-4427 b",198.25100000,135.0492615,72.1477473,0.900000,0.890000,5347.00,0.0538900000,4.61826210000,0.074000,87.40000,-75.0000,87.72064033,13.09208946
"TOI-2049","TOI-2049 b",571.48700000,346.9098199,56.6945130,1.570000,3.200000,6164.00,0.0691900000,5.30346800000,0.054000,78.85000,39.0000,486.27746271,16.64533634
"TOI-4458","TOI-4458 b",505.43200000,252.1259976,74.7637501,1.470000,1.960000,6151.00,0.0522000000,3.93937920000,0.030000,89.46000,-83.0000,552.06794296,12.40834163
"TOI-159","TOI-159 b",347.59300000,51.7822676,-78.5498308,1.661000,1.620000,7287.00,0.0560000000,3.76283960000,0.240000,88.50000,-176.0000,1110.00000000,18.18000000
"COCONUTS-2 A","COCONUTS-2 b",10.88640000,117.3009140,-76.7026960,0.400000,0.366000,3552.00,7506.0000000000,402000000.00000000000,,,,2383.71305250,12.57647635
"HD 30177","HD 30177 c",55.58670000,70.4770964,-58.0208085,0.980000,1.019000,5680.00,9.9000000000,11320.00000000000,0.210000,72.70000,19.0000,1484.25866069,12.90000000
"TOI-1710","TOI-1710 b",81.22710000,94.2838373,76.2110200,1.020000,0.930000,5775.00,0.1652000000,24.28336000000,0.050000,90.01000,-62.0000,19.10000000,5.06000000
"K2-370","K2-370 b",144.20200000,67.8205302,19.8316901,0.962000,0.945000,5662.00,0.0321000000,2.14080930000,0.000000,84.44000,90.0000,11.10000000,2.67000000
"HIP 8923","HIP 8923 b",65.99570000,28.7250931,-11.5113361,1.010000,1.321640,5980.00,5.9000000000,5160.00000000000,0.011000,24.80000,53.0000,3171.92750186,12.50000000
"TOI-201","TOI-201 c",113.82500000,87.4017825,-54.9104230,1.320000,1.310000,6423.00,4.3700000000,2890.00000000000,0.651000,89.92000,96.0000,4990.00000000,10.40000000
"KMT-2023-BLG-0332L","KMT-2023-BLG-0332L b",6500.00000000,270.8901250,-27.2223889,0.540000,,,3.2000000000,,,,,6992.22495400,12.00000000
"XO-2 S","XO-2 S d",151.39800000,117.0309753,50.2169068,0.980000,1.020000,5325.00,5.4600000000,4696.00000000000,0.091000,4.00000,115.0000,1179.14338997,13.00000000
"TOI-237","TOI-237 c",38.07490000,353.2435381,-29.4164870,0.169800,0.205600,3226.00,0.0160000000,1.74486147000,,89.14000,,1.90000000,1.20600000
"bet Pic","bet Pic b",19.74420000,86.8212337,-51.0661480,1.789000,1.544160,8038.68,10.0700000000,8682.00000000000,0.105000,88.99300,23.7000,2765.10714090,18.49485000
"bet Pic","bet Pic c",19.74420000,86.8212337,-51.0661480,1.789000,1.544160,8038.68,2.7000000000,1202.00000000000,0.307000,88.93000,-114.9000,2765.10714090,12.50000000
"bet Pic","bet Pic d",19.74420000,86.8212337,-51.0661480,1.789000,1.544160,8038.68,26.0000000000,33200.00000000000,0.440000,89.00000,191.0000,762.78817680,14.12331568
"Kepler-484","Kepler-484 b",382.13600000,284.3942844,46.2491109,0.960000,0.870000,5668.00,0.0903600000,10.04556931300,0.000000,89.82000,,5.82000000,2.28000000
"Kepler-758","Kepler-758 c",1502.32000000,293.0846115,41.1354049,1.160000,1.420000,6228.00,0.0576800000,4.75793986000,0.000000,84.31000,,3.50000000,1.69000000
"TOI-4311","TOI-4311 b",134.98800000,41.6855224,-31.1793201,0.816000,0.844100,5063.00,0.0181700000,0.99027380000,,85.40000,,4.50000000,1.37600000
"TOI-2147","TOI-2147 b",282.10800000,155.6415937,83.0837241,0.990000,1.390000,5983.00,0.1720000000,26.20518000000,0.290000,89.30000,121.0000,116.00000000,10.50000000
"TOI-6019","TOI-6019 b",260.34200000,355.0913498,35.9408402,1.130000,2.020000,5561.00,0.1212000000,14.54795200000,0.480000,86.80000,171.0000,149.00000000,12.30000000
"Kepler-929","Kepler-929 b",1311.23000000,298.4811022,41.6152603,1.010000,1.020000,5869.00,0.0198200000,0.92103213500,0.000000,89.49000,,1.41000000,1.11000000
"Kepler-1767","Kepler-1767 b",820.50600000,293.6441248,46.9896696,0.887000,0.831000,5243.00,0.2873000000,59.65829849000,0.000000,88.38000,,9.34000000,3.01299077
"Kepler-223","Kepler-223 e",1859.71000000,298.3183909,47.2794824,1.125000,1.720000,5803.00,0.1448100000,19.72567000000,0.051000,88.00000,,4.80000000,4.60000000
"Kepler-1127","Kepler-1127 b",842.45900000,293.2173563,42.7205846,0.970000,0.950000,5664.00,0.0556000000,5.12330347000,0.000000,88.72000,,4.50000000,1.96000000
"Kepler-1793","Kepler-1793 b",1189.88000000,291.9129477,40.9539265,0.850000,0.764000,5191.00,0.0787000000,8.77999973300,0.000000,88.54000,,13.80000000,3.79037518
"HD 141937","HD 141937 b",33.36220000,238.0735585,-18.4359716,1.090000,1.030000,5870.00,1.5400000000,662.37000000000,0.460000,90.00000,192.7000,3591.46099910,12.40000000
"Kepler-1367","Kepler-1367 b",401.48400000,288.4166786,47.8787308,0.620000,0.600000,4106.00,0.0236000000,1.57409027200,0.000000,89.48000,,0.72100000,0.92000000
"Kepler-1900","Kepler-1900 b",1540.43000000,291.8863206,44.4790319,1.104000,1.041000,6173.00,0.0420000000,2.98622989700,0.000000,88.11000,,3.27000000,1.62314676
"Kepler-1364","Kepler-1364 b",1056.90000000,295.1521334,49.5876179,1.490000,1.790000,6805.00,0.1284000000,13.32196237000,0.000000,85.72000,,5.27000000,2.15000000
"Kepler-482","Kepler-482 b",313.06800000,296.8229326,48.1077628,0.750000,0.720000,4871.00,0.2578700000,56.35418576000,0.000000,89.37000,,6.17000000,2.36000000
"Kepler-1646","Kepler-1646 b",127.59100000,287.5264859,42.9129356,0.240000,0.260000,3299.00,0.0295000000,4.48558383000,0.000000,89.36000,,2.04000000,1.23000000
"HD 6718","HD 6718 b",51.34440000,16.9536005,-8.2336165,0.960000,1.020000,5746.00,3.5300000000,2476.00000000000,0.060000,51.40000,129.0000,762.78817680,13.30000000
"Kepler-32","Kepler-32 c",323.84700000,297.8423073,46.5743595,0.580000,0.530000,3900.00,0.0900000000,8.75220000000,0.000000,89.97000,,158.90000000,2.00000000
"K2-177","K2-177 b",492.16700000,55.2296156,20.7360891,1.210525,1.213565,6063.00,,14.15518500000,,87.21955,,5.13000000,2.11620480
"Kepler-259","Kepler-259 c",1002.14000000,288.2119707,46.6150461,0.867000,0.898000,5938.00,0.2170000000,36.92493100000,0.000000,88.60000,,7.75000000,2.70000000
"K2-183","K2-183 b",329.04100000,125.0071770,14.0194586,0.942219,0.870000,5482.00,,0.46928500000,,90.10000,,1.37000000,1.10000000
"Kepler-222","Kepler-222 d",758.85400000,287.9060885,46.9377479,0.933000,0.869000,5433.00,0.1800000000,28.08191200000,0.000000,89.46000,,13.20000000,3.69000000
"Kepler-165","Kepler-165 c",560.88500000,280.6909200,47.8096702,0.746000,0.770000,5211.00,0.1100000000,15.31299000000,0.000000,88.89000,,5.60000000,2.23000000
"K2-263","K2-263 b",162.48100000,129.6821253,15.6806039,0.880000,0.850000,5368.00,0.2573000000,50.81917200000,0.080000,89.27100,,15.40000000,2.51300000
"Kepler-166","Kepler-166 d",603.53000000,293.1600977,48.8812074,0.880000,0.830000,5350.00,0.0244900000,1.55400392800,0.000000,89.87000,,3.64000000,1.73000000
"Kepler-52","Kepler-52 b",321.54200000,286.7380152,49.9757383,0.540000,0.520000,4075.00,0.0637000000,7.87735650000,0.000000,89.92000,,135.00000000,2.10000000
"K2-186","K2-186 b",330.73900000,135.3350487,18.8252879,1.018617,0.980830,5784.00,,41.47421900000,,89.52426,,10.20000000,3.17207779
"K2-195","K2-195 c",315.01400000,199.8315191,-8.5095364,0.963364,0.906367,5712.00,,28.48278600000,,88.53687,,7.16000000,2.57581891
"K2-187","K2-187 e",330.91600000,132.5235618,23.1924709,0.966999,0.830000,5438.00,0.1106000000,13.60662900000,,90.10000,,4.27000000,1.90000000
"K2-187","K2-187 c",330.91600000,132.5235618,23.1924709,0.966999,0.830000,5438.00,0.0392000000,2.87151200000,,90.40000,,2.54000000,1.40000000
"K2-189","K2-189 b",242.11300000,203.6214411,-15.0365158,0.850000,0.879000,5442.00,0.0361000000,2.58812000000,,88.11337,,2.55000000,1.40300000
"K2-280","K2-280 b",391.53700000,291.5953596,-22.2477071,1.030000,1.280000,5500.00,0.1461000000,19.89526000000,0.350000,89.53000,246.7700,37.10000000,7.50000000
"K2-381","K2-381 c",145.70100000,288.0267612,-21.0075789,0.754000,0.675000,4473.00,,16.03465600000,,88.79817,,4.66000000,2.00000000
"Kepler-229","Kepler-229 b",826.26500000,286.9994758,48.3757867,0.808000,0.728000,5120.00,0.0620000000,6.25297200000,0.000000,89.68000,,5.48000000,2.20000000
"K2-222","K2-222 b",101.32100000,16.4625203,11.7537171,0.940000,1.072000,5942.00,0.1186000000,15.38892740000,0.021000,88.91000,,7.50000000,2.27500000
"K2-220","K2-220 b",233.51400000,12.7700071,9.5167694,0.910000,1.026000,5612.00,0.1104000000,13.68186000000,,88.88347,,6.21000000,2.37000000
"Kepler-491","Kepler-491 b",630.78500000,287.1305782,42.3501533,1.040000,1.030000,5582.00,0.0519100000,4.22538451200,0.000000,89.66000,,59.00000000,8.92000000
"Kepler-197","Kepler-197 b",330.57500000,295.2264739,50.5592348,0.857000,1.120000,6004.00,0.0600000000,5.59930800000,0.020000,79.07000,,1.04000000,1.02000000
"Kepler-216","Kepler-216 b",1187.47000000,293.7280695,46.1291139,1.126000,1.260000,6091.00,0.0790000000,7.69364100000,0.000000,88.11000,,6.12000000,2.35000000
"K2-176","K2-176 b",247.30200000,58.2691796,17.9069486,0.938545,0.864160,5428.00,,5.32943900000,,88.06252,,2.83000000,1.49090097
"K2-223","K2-223 b",198.60400000,185.3061830,-10.2820915,1.060000,1.000000,5859.00,0.0127000000,0.50557000000,,89.70000,,0.64000000,0.89000000
"Kepler-1732","Kepler-1732 b",1289.41000000,292.2910129,37.5807686,1.043000,1.494000,5821.00,0.2015000000,32.31240082000,0.000000,86.72000,,15.70000000,4.09903273
"14 Her","14 Her b",17.93230000,242.6021014,43.8163621,0.970000,0.930000,5338.00,2.8390000000,1766.41000000000,0.368300,146.70000,23.2000,2828.67282230,12.50000000
"16 Cyg B","16 Cyg B b",21.13970000,295.4656422,50.5168243,1.080000,1.130000,5750.00,1.6600000000,798.50000000000,0.680000,,82.7400,565.73740000,13.50000000
"K2-368","K2-368 d",206.60800000,332.6357627,-11.1661157,0.746000,0.663000,4663.00,,20.20108500000,,,,4.45000000,1.94800000
"Kepler-261","Kepler-261 b",317.49900000,291.3647333,37.6092390,0.834000,0.794000,5098.00,0.0880000000,10.38122700000,0.000000,89.36000,,5.39000000,2.18000000
"1RXS J160929.1-210524","1RXS J160929.1-210524 b",139.13500000,242.3762343,-21.0831403,0.850000,1.313160,4060.00,330.0000000000,,,,,3000.00000000,18.64700000
"CoRoT-4","CoRoT-4 b",726.41200000,102.1946233,-0.6727861,1.160000,1.170000,6190.00,0.0900000000,9.20205000000,0.000000,90.00000,,228.83000000,13.34000000
"K2-224","K2-224 c",275.25500000,189.7041426,-10.0605942,0.910000,0.840000,5620.00,0.0886000000,10.09489000000,,88.67575,,6.39000000,2.41000000
"K2-368","K2-368 c",206.60800000,332.6357627,-11.1661157,0.746000,0.663000,4663.00,,9.66018600000,,,,2.42000000,1.36100000
"24 Sex","24 Sex c",72.06910000,155.8684866,-0.9023998,1.540000,4.900000,5098.00,2.0800000000,883.00000000000,0.290000,,220.5000,273.32000000,13.90000000
"CoRoT-7","CoRoT-7 b",159.90600000,100.9561682,-1.0630076,0.820000,0.830000,5275.00,0.0170160000,0.85359163000,0.000000,80.10000,160.0000,4.07660518,1.68135000
"K2-226","K2-226 b",211.26500000,183.6456643,-9.5626286,0.856000,0.889000,5288.00,0.0409500000,3.27109000000,0.220000,87.60000,-33.0000,2.98000000,1.53899305
"K2-227","K2-227 b",187.23400000,190.9484237,-8.4784159,0.950811,0.890666,5673.00,,13.62183200000,,88.37406,,3.41000000,1.66551298
"2MASS J12073346-3932539","2MASS J12073346-3932539 b",64.30800000,181.8890906,-39.5484399,0.188001,0.218870,2825.00,46.0000000000,,,,,1652.70771640,15.69257298
"CoRoT-7","CoRoT-7 c",159.90600000,100.9561682,-1.0630076,0.899000,0.864273,5256.00,0.0460000000,3.69800000000,0.000000,80.00000,180.0000,8.40000000,2.83000000
"eps Tau","eps Tau b",47.52852000,67.1546573,19.1802782,2.570000,12.350000,4877.00,1.8780000000,585.82000000000,0.076000,,107.9000,2285.18624633,12.70000000
"gam1 Leo","gam1 Leo b",39.88830000,154.9932080,19.8413890,1.230000,31.880000,4330.00,1.1900000000,428.50000000000,0.144000,,206.7000,2790.43000000,12.50000000
"K2-229","K2-229 b",102.56400000,186.8729195,-6.7218474,0.870000,0.790000,5315.00,0.0131000000,0.58421600000,0.000000,89.70000,,2.55000000,1.00000000
"Kepler-752","Kepler-752 b",1232.29000000,292.2681469,37.9556720,0.870000,0.830000,5373.00,0.1353000000,18.82747265000,0.000000,89.96000,,8.30000000,2.81000000
"CoRoT-9","CoRoT-9 b",412.98000000,280.7866461,6.2040783,0.960000,0.960000,5625.00,0.4021000000,95.27265600000,0.133000,89.90000,41.0000,266.97720000,11.94879400
"K2-343","K2-343 b",166.16900000,134.2021746,21.5026882,0.490000,0.460000,3804.00,,2.78717400000,,,,3.36000000,1.65000000
"51 Peg","51 Peg b",15.46140000,344.3675399,20.7690958,1.070000,1.190000,5761.00,0.0520000000,4.23079660000,0.006300,49.80000,0.0000,193.87532827,14.10000000
"K2-331","K2-331 c",211.43000000,132.7376431,13.1702690,1.100000,1.060000,5994.00,,22.99659100000,,,,7.85000000,2.72000000
"EPIC 212624936","EPIC 212624936 c",561.92900000,210.6376171,-10.0236852,1.000000,0.930000,5765.00,,11.81143700000,,90.00000,,5.90000000,2.30000000
"K2-334","K2-334 b",371.82300000,136.4894259,16.3255146,1.360000,1.490000,6502.00,,5.11398100000,,88.58000,,27.20000000,5.65000000
"K2-379","K2-379 b",182.20700000,283.0317641,-27.1807287,0.856000,0.751000,4603.00,,8.77724700000,,,,5.40000000,2.18100000
"61 Vir","61 Vir d",8.50332000,199.5964550,-18.3157745,0.942000,0.963000,5577.00,0.4760000000,123.01000000000,0.350000,,314.0000,22.90000000,5.11000000
"K2-202","K2-202 b",300.39700000,283.2643203,-22.4070553,0.971461,0.910685,5491.00,,3.40516400000,,87.67245,,5.91000000,2.30165603
"K2-343","K2-343 c",166.16900000,134.2021746,21.5026882,0.490000,0.460000,3804.00,,7.67697200000,,,,4.74000000,2.02000000
"K2-342","K2-342 b",208.35700000,133.1218996,21.2386816,1.010000,1.090000,5920.00,,11.56105200000,,,,4.78000000,2.03000000
"Kepler-260","Kepler-260 b",627.36500000,291.9259658,38.0140525,1.013000,0.862000,5250.00,0.0750000000,8.18739900000,0.000000,88.89000,,4.70000000,2.01000000
"K2-381","K2-381 d",145.70100000,288.0267612,-21.0075789,0.754000,0.675000,4473.00,,26.80302300000,,89.47797,,3.50000000,1.68900000
"K2-381","K2-381 b",145.70100000,288.0267612,-21.0075789,0.754000,0.675000,4473.00,,7.93893340000,,88.86250,,1.26000000,1.07500000
"K2-348","K2-348 b",201.85600000,130.8783479,24.4229559,0.830000,0.850000,5077.00,,4.68841800000,,,,10.70000000,3.26000000
"K2-384","K2-384 d",82.66030000,20.4998403,0.7509701,0.330000,0.348000,3623.00,,6.67958200000,,,,2.52000000,1.39200000
"81 Cet","81 Cet b",101.26000000,39.4243555,-3.3963607,1.230000,11.210000,4734.00,2.1040000000,1005.57000000000,0.037000,,-166.7000,1051.05854195,13.10000000
"K2-352","K2-352 c",176.05100000,140.4451478,18.4696280,0.980000,0.950000,5791.00,,8.23488500000,,,,4.35000000,1.92000000
"K2-384","K2-384 c",82.66030000,20.4998403,0.7509701,0.330000,0.348000,3623.00,,4.19476600000,,,,1.82000000,1.19100000
"BD+14 4559","BD+14 4559 b",49.35200000,318.4010002,14.6893834,0.490000,0.860000,4864.00,0.7800000000,268.94000000000,0.290000,,87.6400,330.54320000,13.80000000
"K2-204","K2-204 b",577.23500000,17.3825067,-0.5177539,1.076000,1.253000,5783.00,0.0738000000,7.05590800000,0.280000,88.76000,-88.0000,10.20000000,3.17214154
"Kepler-1736","Kepler-1736 b",1430.00000000,289.7766991,38.2622374,0.976000,0.973000,6085.00,0.2188000000,37.81029892000,0.000000,89.90000,,14.30000000,3.87658560
"K2-205","K2-205 b",405.30100000,15.2175909,0.4259660,0.951027,1.077574,5890.00,,26.67226300000,,89.09695,,4.64000000,1.99552771
"Kepler-8","Kepler-8 b",1021.87000000,281.2881335,42.4510975,1.213000,1.486000,6213.00,0.0474000000,3.52249910000,0.000000,83.97800,,187.51970000,15.87194400
"K2-209","K2-209 b",76.49860000,14.6903464,1.3828070,0.744790,0.712365,4720.00,,2.08061500000,,86.23126,,0.58600000,0.86850263
"Kepler-745","Kepler-745 b",1780.38000000,291.4994412,37.0592571,1.040000,1.040000,5849.00,0.0915000000,9.93143556000,0.000000,89.84000,,5.31000000,2.16000000
"K2-211","K2-211 b",272.29700000,21.1061587,1.7049101,0.851000,0.818000,5117.00,0.0141900000,0.66956100000,0.190000,84.10000,-150.0000,2.33000000,1.33162691
"Kepler-262","Kepler-262 c",613.12900000,290.7287168,37.2526575,0.816000,0.881000,5841.00,0.1520000000,21.85372200000,0.000000,88.95000,,3.33000000,1.64000000
"Kepler-119","Kepler-119 b",701.99600000,295.9463854,42.6588324,0.918000,0.839000,5595.00,0.0350000000,2.42208200000,0.000000,89.56000,,12.60000000,3.60000000
"K2-394","K2-394 b",98.01520000,71.1100020,16.5185817,0.478000,0.631000,4938.00,,5.09571700000,,,,3.51000000,1.69200000
"CoRoT-19","CoRoT-19 b",790.66300000,97.0335983,-0.1707293,1.210000,1.650000,6090.00,0.0518000000,3.89713000000,0.047000,88.00000,,352.78000000,14.46000000
"Kepler-748","Kepler-748 b",1705.99000000,292.2628779,37.2369732,1.070000,1.100000,5934.00,0.0745000000,7.40742793000,0.000000,89.89000,,6.90000000,2.52000000
"HD 113538","HD 113538 b",16.28170000,196.2339330,-52.4463502,0.585000,0.530000,4462.00,1.2400000000,663.20000000000,0.140000,,74.0000,114.41000000,13.20000000
"Kepler-112","Kepler-112 b",513.20600000,296.9811361,43.2097025,0.782000,0.841000,5544.00,0.0760000000,8.40887800000,0.000000,89.95000,,6.17000000,2.36000000
"HD 114386","HD 114386 b",27.92430000,197.6652124,-35.0561807,0.600000,0.760000,4836.00,1.7300000000,937.70001000000,0.230000,57.00000,273.0000,464.02947422,13.60000000
"HD 136418","HD 136418 b",105.16800000,229.7756438,41.7324230,1.480000,3.780000,4989.00,1.2900000000,464.29999000000,0.250000,,12.0000,680.15620000,13.30000000
"GJ 676 A","GJ 676 A b",16.02720000,262.5448903,-51.6377777,0.626000,0.690000,3734.00,1.7350000000,1051.44521000000,0.319000,48.91900,87.0730,1840.86213334,12.80000000
"HAT-P-31","HAT-P-31 b",344.05000000,271.5376722,26.4266061,1.310000,1.390000,6065.00,0.0610000000,5.00542000000,0.250000,87.10000,276.3000,721.47410000,12.21781000
"HD 11506","HD 11506 b",51.26100000,28.2106607,-19.5073960,1.220000,1.240000,6123.00,2.8850000000,1617.70000000000,0.379000,112.59800,-140.7000,1551.00262616,12.90000000
"HD 11506","HD 11506 c",51.26100000,28.2106607,-19.5073960,1.220000,1.240000,6123.00,0.7710000000,223.92000000000,0.228000,,-120.0000,127.13136280,14.00000000
"GJ 581","GJ 581 e",6.29810000,229.8564725,-7.7226935,0.295000,0.302000,3500.00,0.0279900000,3.14810000000,0.012000,47.00000,226.0000,2.48000000,1.38000000
"HAT-P-35","HAT-P-35 b",506.96500000,123.2507030,4.7870288,1.236000,1.435000,6096.00,0.0497800000,3.64670600000,0.020000,87.30000,248.0000,335.62848000,14.93038800
"HD 116029","HD 116029 b",123.24500000,200.1646905,24.6484725,0.830000,4.890000,4819.00,1.6500000000,670.00000000000,0.000000,,40.0000,444.96200000,13.60000000
"HD 142245","HD 142245 b",97.23050000,238.2342443,15.4306118,3.500000,4.630000,4922.00,2.7800000000,1299.00000000000,0.000000,,242.0000,975.73810000,13.10000000
"GJ 876","GJ 876 b",4.67517000,343.3239737,-14.2665958,0.320000,0.300000,3293.74,0.2083170000,61.11660000000,0.032400,59.00000,50.3000,723.22350000,13.30000000
"HD 118203","HD 118203 b",92.25890000,203.5099560,53.7281876,1.270000,2.040000,5742.00,0.0713000000,6.13497790000,0.313600,88.48000,155.5000,680.15279098,12.77823800
"HD 142","HD 142 b",26.18530000,1.5836771,-49.0753625,1.210000,1.470000,6245.00,1.0390000000,351.43394000000,0.158000,59.00000,279.5180,2256.58168970,12.70000000
"GJ 876","GJ 876 d",4.67517000,343.3239737,-14.2665958,0.320000,0.300000,3293.74,0.0208066500,1.93778000000,0.207000,59.00000,234.0000,6.83000000,2.51000000
"HD 125595","HD 125595 b",28.19890000,215.3434326,-40.3942443,0.290000,0.740000,4691.00,0.0800000000,9.67370000000,0.000000,0.22430,0.0000,3531.07360177,
"GQ Lup","GQ Lup b",151.16900000,237.3003643,-35.6515055,0.700000,1.941530,4360.00,100.0000000000,,,,,6356.00000000,33.60000000
"GJ 876","GJ 876 e",4.67517000,343.3239737,-14.2665958,0.320000,0.300000,3293.74,0.3343000000,124.26000000000,0.055000,59.00000,239.0000,14.60000000,3.92000000
"HD 100655","HD 100655 b",137.17800000,173.7653631,20.4415410,2.280000,10.060000,4891.00,0.6800000000,157.57001000000,0.090000,,132.0000,511.70630000,13.50000000
"Kepler-744","Kepler-744 b",449.96400000,296.4960493,47.1827848,0.940000,0.930000,5594.00,0.0973500000,12.06222443000,0.000000,89.47000,,3.26000000,1.62000000
"HD 10180","HD 10180 f",38.96070000,24.4731133,-60.5114881,1.060000,1.109000,5911.00,0.4929000000,122.74400000000,0.119000,90.00000,327.0000,23.90000000,5.24000000
"HD 126614","HD 126614 b",73.09610000,216.7005171,-5.1784093,0.960000,1.369794,5568.00,2.2490000000,1257.25303000000,0.548000,97.47700,304.9170,107.74382997,12.70000000
"HD 10180","HD 10180 g",38.96070000,24.4731133,-60.5114881,1.060000,1.109000,5911.00,1.4270000000,604.67000000000,0.263000,90.00000,327.0000,3375.33768234,
"HD 12661","HD 12661 b",37.84780000,31.1423525,25.4135632,1.200000,1.200000,5645.00,0.8400000000,262.70862000000,0.380000,86.00000,-60.6200,772.32690000,13.30000000
"HAT-P-15","HAT-P-15 b",192.51600000,66.2481420,39.4606020,1.000000,1.070000,5568.00,0.0965000000,10.86350000000,0.190000,89.10000,262.0000,616.59020000,11.88154000
"HAT-P-16","HAT-P-16 b",226.63700000,9.5730343,42.4630961,1.218000,1.158000,6140.00,0.0413000000,2.77596727000,0.046200,88.40000,213.0000,1341.56043000,14.68376472
"Kepler-764","Kepler-764 b",1047.84000000,297.3931183,47.1645814,0.920000,0.890000,5557.00,0.0724000000,7.33683936000,0.000000,89.93000,,3.33000000,1.64000000
"Kepler-123","Kepler-123 b",1021.66000000,296.9985853,42.7819633,1.079000,1.264000,6089.00,0.1350000000,17.23236600000,0.000000,89.17000,,55.30000000,2.94000000
"HD 104985","HD 104985 b",100.57600000,181.3157854,76.9053359,1.220000,11.120000,4738.00,0.7150000000,199.68000000000,0.047000,,133.8000,1766.80811451,12.80000000
"HD 104067","HD 104067 b",20.36320000,179.7923543,-20.3556058,0.820000,0.780000,4952.00,0.2674000000,55.85100000000,0.123000,,29.0000,62.10000000,9.20000000
"HD 13189","HD 13189 b",497.82300000,32.4173964,32.3164548,2.240000,38.410000,4175.00,1.2500000000,471.60001000000,0.270000,,160.7000,3480.23850000,12.40000000
"HD 106252","HD 106252 b",38.18500000,183.3730583,10.0404302,1.050000,1.050000,5874.00,2.6550000000,1535.00000000000,0.480000,46.00000,291.4000,3178.28407000,12.50000000
"HD 132406","HD 132406 b",70.78320000,224.2276121,53.3809615,0.973000,1.340000,5766.00,1.9800000000,908.00000000000,0.250000,122.00000,239.0000,1887.90073758,12.80000000
"HD 108874","HD 108874 c",59.51750000,187.6126029,22.8794399,0.950000,1.050000,5551.00,2.6590000000,1624.00000000000,0.239000,,27.0000,314.64000000,13.80000000
"HD 10647","HD 10647 b",17.33570000,25.6233526,-53.7412852,1.110000,1.100000,6218.00,2.0150000000,989.20000000000,0.150000,,212.0000,298.75000000,13.80000000
"HD 134060","HD 134060 b",24.01250000,227.6847587,-61.4223747,1.095000,1.164285,5966.00,0.0444000000,3.26960000000,0.450000,,-98.2300,10.10000000,3.16000000
"HAT-P-21","HAT-P-21 b",277.27800000,171.2749348,41.0280207,1.240000,1.210000,5588.00,0.0503700000,4.12448000000,0.230000,87.20000,305.8000,1547.83210000,12.44199000
"HD 215152","HD 215152 b",21.59740000,340.8380941,-6.4020685,0.770000,0.730000,4935.00,0.0576380000,5.75999000000,0.000000,0.18710,,565.41673605,
"HD 37124","HD 37124 c",31.66340000,84.2599947,20.7289784,0.850000,0.949168,5698.64,1.7100000000,885.50000000000,0.125000,,53.0000,207.22516000,14.10000000
"HD 159868","HD 159868 b",55.85030000,264.7466665,-43.1462347,1.190000,2.130000,5534.00,2.3200000000,1184.10000000000,0.024000,,63.0000,704.94694000,13.30000000
"HD 187085","HD 187085 b",45.89930000,297.3915731,-37.7809929,1.189000,1.270000,6117.00,2.1000000000,1019.74000000000,0.251000,,98.3150,265.70588000,13.90000000
"HD 216437","HD 216437 b",26.69020000,343.6639631,-70.0733957,1.220000,1.394000,5909.00,2.5700000000,1359.00000000000,0.310000,148.00000,65.0000,1334.87930940,13.00000000
"HD 187123","HD 187123 c",45.95480000,296.7428786,34.4189900,1.040000,1.150430,5790.00,4.8900000000,3810.00000000000,0.252000,137.20000,243.0000,912.16752809,13.20000000
"HD 216770","HD 216770 b",36.66250000,343.9748751,-26.6595286,0.740000,0.930000,5399.00,0.4600000000,118.45000000000,0.370000,,281.0000,181.16310000,14.10000000
"HD 18742","HD 18742 b",162.68500000,45.0443115,-20.8027024,1.360000,5.130000,4940.00,1.8200000000,766.00000000000,0.040000,,190.0000,1080.62200000,13.10000000
"HD 21693","HD 21693 c",33.25500000,51.8040469,-58.3232726,0.800000,0.914378,5430.00,0.2586000000,53.73570000000,0.070000,,-17.3400,17.37000000,4.34000000
"HD 162020","HD 162020 b",30.82480000,267.6599252,-40.3184646,0.420000,0.750000,4723.00,0.0800000000,8.42820000000,0.280000,,-27.3280,3127.44720000,12.50000000
"HD 190647","HD 190647 b",54.47380000,301.8318167,-35.5395236,1.069000,1.376000,5656.00,2.2310000000,1176.45000000000,0.224000,,219.5410,630.89255000,13.40000000
"HD 190984","HD 190984 b",148.18700000,302.8779827,-64.6202728,0.910000,1.530000,5988.00,5.5000000000,4885.00000000000,0.570000,64.00000,318.0000,1137.82569706,13.00000000
"HD 192263","HD 192263 b",19.63590000,303.4990864,-0.8657574,0.660000,0.740000,4976.00,0.1500000000,24.35560000000,0.050000,,20.0000,177.98480000,14.20000000
"HD 217786","HD 217786 b",55.48470000,345.7838088,-0.4303594,1.140000,1.270000,5966.00,2.4460000000,1301.36009000000,0.311000,69.76700,100.1670,4402.55909376,12.30000000
"HD 217107","HD 217107 c",20.06190000,344.5647243,-2.3954489,1.045000,1.224500,5622.00,5.9220000000,5138.70000000000,0.391800,88.00000,205.0000,1388.91013859,12.90000000
"HD 41004 B","HD 41004 B b",41.55040000,89.9565956,-48.2394114,0.400000,1.041370,5036.00,,1.32830000000,0.081000,,178.5000,5838.29000000,12.10000000
"HD 163607","HD 163607 c",67.78550000,268.4181383,56.3924701,1.120000,1.760000,5522.00,2.3900000000,1272.00000000000,0.080000,,274.0000,699.54383000,13.30000000
"HD 192310","HD 192310 c",8.79687000,303.8284712,-27.0337556,0.800000,0.857922,5166.00,1.1800000000,525.80000000000,0.320000,90.00000,110.0000,24.00000000,5.25000000
"HD 4208","HD 4208 b",34.19370000,11.1125532,-26.5150392,0.883000,0.846000,5717.00,1.6620000000,832.97000000000,0.042000,,217.6340,257.44230000,13.90000000
"HD 164922","HD 164922 b",22.00160000,270.6304652,26.3104077,0.926000,0.946000,5390.00,2.1600000000,1207.00000000000,0.080000,,116.0000,116.00000000,13.30000000
"HD 197037","HD 197037 b",33.19440000,309.8869681,42.2475930,1.110000,1.105000,6150.00,2.0700000000,1035.70000000000,0.220000,,298.0000,251.00000000,13.90000000
"HD 4308","HD 4308 b",22.01580000,11.1652594,-65.6527159,0.930000,1.020000,5686.00,0.1200000000,15.56000000000,0.000000,,359.0000,15.89150000,4.12000000
"Kepler-272","Kepler-272 c",889.60800000,299.1275257,47.5938319,0.910000,0.929000,5297.00,0.0610000000,6.05734200000,0.000000,88.98000,,97.80000000,1.79000000
"HD 4313","HD 4313 b",136.30800000,11.4181301,7.8450492,1.630000,5.140000,4943.00,1.1570000000,356.21000000000,0.147000,,102.0000,612.45841000,13.40000000
"HD 168746","HD 168746 b",41.56810000,275.4573269,-11.9229757,1.070000,1.090000,5570.00,0.0700000000,6.40400000000,0.110000,,62.5000,85.81410000,11.10000000
"HD 148156","HD 148156 b",57.12890000,247.0723035,-46.3175085,1.220000,1.210000,6308.00,2.4500000000,1027.00000000000,0.520000,,35.0000,270.14400000,13.90000000
"HD 17092","HD 17092 b",228.42200000,41.5924261,49.6530375,6.730000,13.580000,4326.00,1.3100000000,359.89999000000,0.170000,,347.4000,3219.61790000,12.50000000
"HD 27894","HD 27894 b",43.82140000,65.1975693,-59.4096776,0.810000,0.891767,4875.00,0.1250000000,18.01939000000,0.047000,89.00000,156.9830,196.73578393,14.10000000
"HD 28254","HD 28254 b",55.28840000,66.2108141,-50.6228081,1.100000,1.480000,5664.00,2.4500000000,1333.00000000000,0.950000,162.00000,289.0000,1207.74794660,13.00000000
"HD 148427","HD 148427 b",71.34990000,247.1171311,-13.3996231,1.640000,3.860000,5025.00,1.1100000000,331.90000000000,0.120000,90.20000,267.2000,381.39408840,13.70000000
"HD 171028","HD 171028 b",111.65900000,278.0643694,6.9456827,1.530000,2.470000,5671.00,1.3200000000,550.00000000000,0.590000,,304.0000,832.71460000,13.20000000
"HD 204313","HD 204313 c",47.79450000,322.0510568,-21.7274194,1.030000,1.100000,5767.00,0.2110000000,34.95875000000,0.059000,,309.0500,17.16273398,4.31000000
"HD 30177","HD 30177 b",55.58670000,70.4770964,-58.0208085,0.980000,1.019000,5680.00,3.4900000000,2539.00000000000,0.186000,65.50000,32.4220,2622.08435775,12.60000000
"HD 290327","HD 290327 b",56.43300000,80.8399887,-2.2780391,0.840000,0.950000,5505.00,3.4300000000,2443.00000000000,0.080000,,268.0000,772.32690000,13.30000000
"HD 152581","HD 152581 b",165.76000000,253.4316451,11.9736828,1.300000,5.140000,5027.00,1.6600000000,686.50000000000,0.040000,,181.0000,594.02427000,13.40000000
"HD 177830","HD 177830 b",62.76740000,286.3363574,25.9204327,1.700000,3.260000,4901.00,1.1400000000,410.10001000000,0.100000,,85.0000,537.13270000,13.50000000
"HD 20794","HD 20794 b",6.00278000,49.9997666,-43.0666533,0.790000,0.930000,5368.00,0.1257000000,18.31400000000,0.064000,90.00000,25.0000,2.70000000,1.45000000
"HD 31253","HD 31253 b",58.14380000,73.6822877,12.3520103,1.700000,1.750000,6130.00,1.2600000000,466.00000000000,0.300000,,244.0000,197.05460000,14.10000000
"HD 178911 B","HD 178911 B b",40.97270000,287.2632091,34.6006972,1.240000,1.080000,5588.00,0.3400000000,71.48400000000,0.110000,,-13.9000,2552.17490000,12.60000000
"HD 155358","HD 155358 b",43.61970000,257.3930947,33.3549277,1.150000,1.380000,5905.00,0.6300000000,194.30000000000,0.170000,,143.0000,314.65170000,13.80000000
"HD 154857","HD 154857 b",63.44820000,257.8161940,-56.6810380,1.960000,2.300000,5589.00,1.2900000000,408.60001000000,0.460000,,57.0000,778.68350000,13.30000000
"HD 155358","HD 155358 c",43.61970000,257.3930947,33.3549277,0.920000,1.380000,5900.00,1.0200000000,391.90000000000,0.160000,,180.0000,261.00000000,13.90000000
"HD 210702","HD 210702 b",54.19630000,332.9638643,16.0404806,1.330000,4.540000,4912.00,1.0790000000,355.50000000000,0.071000,,112.4000,481.51003660,13.60000000
"HD 3651","HD 3651 b",11.13360000,9.8387218,21.2488844,0.799000,0.871954,5221.00,0.2950000000,62.25000000000,0.645000,,243.0000,72.46524000,10.10000000
"HD 156668","HD 156668 b",24.33230000,259.4183491,29.2281610,0.772000,0.720000,4850.00,0.0500000000,4.64550000000,0.000000,,36.0000,4.15000000,1.87000000
"HD 156411","HD 156411 b",56.86550000,259.9639522,-48.5502313,1.250000,2.160000,5900.00,1.8800000000,842.20000000000,0.220000,,45.0000,235.18000000,14.00000000
"HD 183263","HD 183263 b",54.19550000,292.1022982,8.3579183,1.060000,1.230000,5948.00,1.4600000000,624.87404000000,0.383000,90.00000,232.0500,1103.18240070,13.10000000
"HD 63454","HD 63454 b",37.68940000,114.8406393,-78.2791464,0.420000,0.770000,4812.00,0.0400000000,2.81805000000,0.000000,,87.3000,79.45750000,12.31000000
"HD 89307","HD 89307 b",32.01040000,154.5874958,12.6209392,1.270000,1.100000,5955.00,3.2700000000,2166.00000000000,0.200000,72.00000,14.0000,642.01338214,13.40000000
"rho CrB","rho CrB b",17.46710000,240.2600639,33.3001861,1.000000,1.361700,5817.00,0.2245000000,39.84900000000,0.046000,,270.1000,347.99500000,13.70000000
"HD 66428","HD 66428 b",53.28170000,120.8691654,-1.1636019,1.010000,1.130000,5716.00,3.3950000000,2269.81726000000,0.471000,16.63900,185.6890,3478.94974302,12.40000000
"HD 93083","HD 93083 b",28.51590000,161.0866672,-33.5776794,0.836000,0.837000,5033.80,0.5080000000,144.72000000000,0.118000,,334.0000,143.34061156,14.30000000
"HD 69830","HD 69830 b",12.55910000,124.6010091,-12.6364246,0.860000,0.886947,5385.00,0.0785000000,8.66700000000,0.100000,,340.0000,10.20000000,3.17000000
"TrES-3","TrES-3 b",231.33700000,268.0291106,37.5463268,0.928000,0.829000,5650.00,0.0228200000,1.30618581000,0.000000,81.85000,270.5000,607.03000000,14.97500000
"WASP-50","WASP-50 b",184.84800000,43.6880738,-10.8980242,0.892000,0.843000,5400.00,0.0293000000,1.95510000000,0.009000,84.88000,44.0000,466.82870400,13.06969400
"HD 69830","HD 69830 d",12.55910000,124.6010091,-12.6364246,0.860000,0.886947,5385.00,0.6300000000,197.00000000000,0.070000,,224.0000,18.10000000,4.45000000
"HD 96127","HD 96127 b",587.65900000,166.4415020,44.3015500,0.910000,35.000000,3943.00,1.4100000000,638.90000000000,0.300000,89.90000,163.1000,1207.74794660,13.00000000
"HD 70573","HD 70573 b",59.18200000,125.7079153,1.8591088,1.000000,0.976919,5737.00,1.7600000000,851.80000000000,0.400000,,269.6000,1900.00000000,12.80000000
"HD 97658","HD 97658 b",21.56180000,168.6376584,25.7105962,0.850000,0.728000,5212.00,0.0805000000,9.48971160000,0.050000,89.05000,-10.0000,8.30000000,2.12000000
"V0391 Peg","V0391 Peg b",1195.98000000,331.0504119,26.4188227,0.500000,0.230000,29300.00,1.7000000000,1170.00000000000,0.000000,,,1017.05600000,13.10000000
"WASP-8","WASP-8 b",89.96060000,359.9008737,-35.0313349,1.340000,1.030000,5600.00,0.0801000000,8.15872000000,0.310000,88.55000,274.2150,807.28820000,12.66617000
"WASP-10","WASP-10 b",140.99800000,348.9930457,31.4627508,0.750000,0.698000,4675.00,0.0378100000,3.09276160000,0.047300,88.49000,165.6000,1001.12000000,12.10600000
"XO-2 N","XO-2 N b",154.27300000,117.0267691,50.2251472,0.960000,0.998000,5290.00,0.0366600000,2.61585906000,0.000000,88.01000,90.0000,199.91507000,11.13053700
"HD 74156","HD 74156 b",57.60300000,130.6047813,4.5772338,1.100000,1.510576,6068.00,0.2800000000,51.63564000000,0.636000,,174.4000,532.36258173,13.50000000
"HD 99706","HD 99706 b",146.60000000,172.1261621,43.9662025,1.460000,5.520000,4862.00,1.9800000000,841.00000000000,0.250000,,50.0000,390.93090000,13.70000000
"HIP 12961","HIP 12961 b",23.37100000,41.6800749,-23.0860048,0.690000,0.650000,3901.00,0.2500000000,57.43500000000,0.170000,,272.0000,114.41880000,13.20000000
"HD 45184","HD 45184 b",21.95320000,96.1820205,-28.7806402,1.030000,1.075139,5869.00,0.0644000000,5.88540000000,0.070000,,145.8000,12.19000000,3.52000000
"WASP-16","WASP-16 b",194.13400000,214.6830109,-20.2754374,1.780000,1.140000,5700.00,0.0415000000,3.11860000000,0.000000,85.22000,97.0000,394.10920000,13.67498000
"HD 45364","HD 45364 b",34.35400000,96.4105736,-31.4810037,0.820000,0.890000,5466.00,0.6793000000,225.79000000000,0.067000,,92.0000,60.16491745,9.03000000
"HD 75898","HD 75898 b",78.05050000,133.4611999,33.0566885,1.295000,1.550000,6122.00,1.2025000000,422.82000000000,0.105000,,-116.8000,810.46243785,13.20000000
"HD 7924","HD 7924 b",16.99220000,20.4956562,76.7101475,0.650000,0.780000,5131.00,0.0600000000,5.39792000000,0.060000,0.24720,-8.0000,2058.25676373,
"Kepler-746","Kepler-746 b",450.00000000,290.6822097,37.3551593,0.910000,0.930000,5418.00,0.0435000000,3.48159251000,0.000000,89.71000,,1.41000000,1.11000000
"HD 79498","HD 79498 b",48.94890000,138.7885794,23.3748792,1.080000,1.050000,5748.00,2.9800000000,1807.00000000000,0.575000,,226.8000,425.89220000,13.60000000
"HD 48265","HD 48265 b",90.54460000,100.0073683,-48.5418284,1.312000,1.901000,5733.00,1.8140000000,778.51000000000,0.211000,11.70000,308.3130,2351.93021180,12.60000000
"HD 49674","HD 49674 b",43.03990000,102.8773483,40.8672284,1.030000,1.020000,5602.00,0.0600000000,4.94737000000,0.090000,,17.0000,31.78300000,6.20000000
"HIP 57274","HIP 57274 c",25.86180000,176.1705487,30.9576484,0.730000,0.680000,4640.00,0.1780000000,32.03000000000,0.050000,,356.2000,130.00000000,14.20000000
"HD 52265","HD 52265 b",29.98030000,105.0746449,-5.3668142,1.204000,1.320000,6136.00,0.5200000000,119.27000000000,0.270000,,242.0000,384.57430000,13.70000000
"HR 8799","HR 8799 e",41.24410000,346.8701486,21.1340376,1.510000,1.493380,7400.00,16.4000000000,20815.60000000000,0.150000,25.00000,,3178.30000000,13.11453000
"HD 5891","HD 5891 b",283.50200000,15.1383168,20.2923139,1.930000,10.640000,4673.00,0.6400000000,177.11000000000,0.070000,,354.0000,2425.04290000,12.60000000
"HD 85390","HD 85390 b",33.52250000,147.5105663,-49.7905254,0.758000,0.800000,5186.00,1.3730000000,799.52000000000,0.500000,,250.0000,31.46517000,6.16000000
"xi Aql","xi Aql b",56.18580000,298.5624491,8.4611051,1.740000,10.860000,4841.00,0.6250000000,136.97000000000,0.059000,,0.0000,616.90493799,13.40000000
"WASP-35","WASP-35 b",202.21800000,76.0818912,-6.2297801,1.050000,1.080000,5990.00,0.0431700000,3.16158000000,0.000000,87.96000,,225.65930000,14.57170000
"TOI-1408","TOI-1408 b",139.48400000,313.5110469,72.5806455,1.312000,1.530000,6117.00,0.0577800000,4.42587000000,0.002300,82.40000,170.0000,593.00000000,25.00000000
"TOI-2524","TOI-2524 b",438.84200000,160.8868435,-1.9126984,1.007000,1.119000,5831.00,0.0730000000,7.18585000000,0.000000,89.40000,,203.41018048,11.20898070
"HD 219415","HD 219415 b",165.18400000,348.7243579,56.7303001,1.000000,2.900000,4820.00,3.2000000000,2093.30000000000,0.400000,,207.0000,317.83000000,13.80000000
"WD 0806-661","WD 0806-661 b",19.24440000,121.7275683,-66.3058835,0.605000,,10393.00,2500.0000000000,,,,,2224.79884900,12.10569916
"WASP-99","WASP-99 b",158.66000000,39.8976689,-50.0081934,1.210000,1.640000,6150.00,0.0717000000,5.75251000000,0.000000,88.80000,,772.32690000,11.43318000
"HD 32963","HD 32963 b",38.07860000,76.9820146,26.3276805,0.940000,1.111044,5727.00,3.4100000000,2372.00000000000,0.070000,19.30000,107.0000,657.90480249,13.40000000
"K2-133","K2-133 b",75.17030000,70.1493775,25.0098135,0.461000,0.455000,3655.00,0.0319400000,3.07133000000,,87.60000,,2.36000000,1.34000000
"HATS-53","HATS-53 b",585.77000000,176.6283230,-33.8600764,0.964000,1.101000,5644.00,0.0475300000,3.85377680000,0.330000,88.78000,,189.10885000,15.02006000
"Kepler-286","Kepler-286 b",1226.85000000,290.6761874,48.2942362,0.830000,0.863000,5580.00,0.0270000000,1.79630200000,0.000000,89.88000,,2.07000000,1.24000000
"TOI-283","TOI-283 b",82.70130000,118.5693065,-65.4414820,0.800000,0.850000,5213.00,0.1230000000,17.61745000000,0.000000,89.12000,90.0000,6.54000000,2.34000000
"Kepler-69","Kepler-69 b",730.62500000,293.2609013,44.8688656,0.810000,0.930000,5638.00,0.0940000000,13.72234100000,0.160000,89.62000,,5.65000000,2.24000000
"TOI-2525","TOI-2525 b",395.39800000,86.8509737,-60.5213081,0.849000,0.785000,5096.00,0.1511000000,23.28560000000,0.170000,89.50000,345.9000,26.69758619,8.67575106
"HD 169830","HD 169830 b",37.60480000,276.9561859,-29.8167919,1.170000,1.935709,6300.00,0.7650000000,225.67372000000,0.294000,,147.7430,804.42369812,13.20000000
"HD 192699","HD 192699 b",71.86270000,304.0248392,4.5805708,1.380000,4.410000,5041.00,1.0630000000,340.94000000000,0.082000,,87.0000,666.17168000,13.40000000
"Pr0211","Pr0211 b",182.71400000,130.5477440,19.2769570,0.935000,0.827000,5300.00,0.0317600000,2.14610000000,0.011000,,17.0000,597.52040000,13.40000000
"HATS-3","HATS-3 b",411.21100000,312.4574879,-24.4286938,1.209000,1.404000,6351.00,0.0485000000,3.54785100000,0.000000,86.20000,155.0000,340.38200000,15.48000000
"HD 33844","HD 33844 c",105.77900000,78.1505649,-14.9509775,1.780000,5.290000,4861.00,2.2400000000,916.00000000000,0.130000,,71.0000,556.20250000,13.50000000
"HATS-29","HATS-29 b",353.89100000,285.0965172,-54.8933408,1.032000,1.073000,5670.00,0.0547500000,4.60587490000,0.158000,87.37000,,207.54299000,14.02245900
"K2-138","K2-138 b",202.58500000,348.9490311,-10.8497391,0.935000,0.863000,5356.30,0.0338500000,2.35309000000,0.048000,87.20000,244.0000,3.10000000,1.51000000
"gam Lib","gam Lib c",47.40170000,233.8818636,-14.7895020,1.780000,12.380000,4879.00,2.3180000000,966.49000000000,0.065000,,152.6000,1662.56039702,12.80000000
"TOI-406","TOI-406.01",31.05970000,49.2626428,-42.2441492,0.408000,0.410000,3392.00,0.0809000000,13.17568200000,0.056000,89.40000,169.0000,6.57000000,2.08000000
"Kepler-282","Kepler-282 d",1337.61000000,284.6772402,44.7976401,0.970000,0.890000,5656.00,0.1583700000,24.80600000000,0.000000,89.99000,,61.00000000,2.46000000
"TOI-663","TOI-663 b",64.23080000,160.0658525,-8.5110827,0.514000,0.512000,3681.00,0.0295000000,2.59890200000,,89.14000,,4.45000000,2.27000000
"Kepler-283","Kepler-283 b",468.09400000,293.6137413,47.8389380,0.596000,0.566000,4351.00,0.0820000000,11.00815100000,0.000000,89.97000,,5.18000000,2.13000000
"HD 195019","HD 195019 b",37.66810000,307.0792427,18.7692509,1.210000,1.480000,5751.00,0.1400000000,18.20132000000,0.010000,,52.0000,1264.96340000,13.00000000
"BD-06 1339","BD-06 1339 c",20.26950000,88.2511811,-5.9963378,0.700000,0.686355,4324.00,0.4350000000,125.94000000000,0.310000,,41.0000,53.00000000,8.38000000
"CoRoT-25","CoRoT-25 b",1103.48000000,280.6296561,6.5138223,1.090000,1.190000,6040.00,0.0578000000,4.86069000000,0.000000,84.50000,,85.81000000,12.11000000
"HD 564","HD 564 b",51.16590000,2.4694459,-50.2678998,0.961000,1.010000,5902.00,1.2000000000,492.30000000000,0.096000,,314.0000,104.88000000,12.50000000
"HATS-45","HATS-45 b",772.11000000,101.9942455,-21.9107112,1.272000,1.315000,6450.00,0.0551100000,4.18762440000,0.240000,85.61000,,222.48100000,14.41477400
"Kepler-421","Kepler-421 b",348.55800000,283.2568116,45.0876823,0.794000,0.757000,5308.00,1.2190000000,704.19840000000,0.041000,89.96500,160.0000,16.10000000,4.16000000
"TOI-663","TOI-663 d",64.23080000,160.0658525,-8.5110827,0.514000,0.512000,3681.00,0.0576000000,7.10272680000,,89.60000,,5.20000000,1.92000000
"TOI-1443","TOI-1443 b",85.80340000,297.3986780,76.1391776,0.766300,0.751100,5224.00,0.1470000000,23.54067800000,0.000000,,90.0000,30.00000000,2.30381001
"HAT-P-41","HAT-P-41 b",348.18500000,297.3226523,4.6724124,2.560000,2.050000,6390.00,0.0425800000,2.69405000000,0.000000,87.70000,,378.21770000,22.97845000
"HD 5608","HD 5608 b",58.11050000,14.5594349,33.9505774,1.290000,5.430000,4807.00,1.7900000000,768.70000000000,0.110000,,-91.9000,371.22357938,13.70000000
"HD 13908","HD 13908 b",79.55150000,34.5609102,65.5941901,1.290000,1.670000,6255.00,0.1540000000,19.38200000000,0.020000,,185.0000,274.91000000,13.90000000
"HD 108341","HD 108341 b",48.91020000,186.8791724,-71.4224896,0.843000,0.790000,5122.00,2.0000000000,1129.00000000000,0.850000,65.00000,190.0000,715.11391575,13.30000000
"KELT-12","KELT-12 b",368.03000000,267.6404906,36.5701761,1.591000,2.370000,6279.00,0.0670800000,5.03162300000,0.000000,84.47000,,301.93850000,19.95202000
"HD 34445","HD 34445 f",46.09070000,79.4207483,7.3527156,1.070000,1.380000,5836.00,1.5430000000,676.80000000000,0.031000,,212.0000,37.90000000,6.88000000
"HD 34445","HD 34445 e",46.09070000,79.4207483,7.3527156,1.070000,1.380000,5836.00,0.2687000000,49.17500000000,0.090000,,303.7000,16.80000000,4.26000000
"KELT-19 A","KELT-19 A b",300.27600000,111.5095293,7.6157759,1.620000,1.830000,7500.00,0.0637000000,4.61170930000,,85.41000,,1293.56810000,21.40919000
"KOI-1257","KOI-1257 b",656.00000000,291.2250888,44.9272918,0.990000,1.130000,5520.00,0.3820000000,86.64766100000,0.772000,89.66000,141.3000,460.83000000,10.54000000
"TOI-1226","TOI-1226 b",257.93000000,103.7548364,-69.8671293,1.010000,0.986943,5434.91,,3.92880881576,,88.20342,,6.39000000,2.41011120
"K2-219","K2-219 d",325.40000000,12.8452963,8.8675474,1.021545,1.189232,5753.00,,11.13727800000,,88.28659,,7.16000000,2.57634456
"HD 216435","HD 216435 b",32.98340000,343.4094703,-48.5986332,1.300000,1.800029,5999.00,2.5600000000,1311.00000000000,0.070000,,100.0000,400.40000000,13.70000000
"HD 23079","HD 23079 b",33.45910000,54.9281897,-52.9162344,1.160000,1.080000,5994.00,1.6000000000,735.74000000000,0.073480,,33.2000,845.42356262,13.20000000
"BD+49 828","BD+49 828 b",442.04200000,45.6406187,49.7299481,1.520000,7.600000,4943.00,4.2000000000,2590.00000000000,0.350000,,170.0000,508.50000000,13.50000000
"HD 20794","HD 20794 e",6.00278000,49.9997666,-43.0666533,0.813000,0.930000,5401.00,0.5090000000,147.02000000000,0.290000,,268.1400,4.77000000,2.03000000
"K2-239","K2-239 b",31.08490000,160.5941265,4.4413751,0.400000,0.360000,3420.00,0.0441000000,5.24000000000,,88.99000,,1.37000000,1.10000000
"TOI-880","TOI-880.02",60.66790000,94.1644734,-13.9873370,0.870000,0.830000,5050.00,0.0349000000,2.57571000000,,87.80000,,5.43000000,2.19000000
"TOI-1232","TOI-1232 b",328.60400000,116.5013990,-61.8797935,1.058000,1.072000,5823.00,0.1170000000,14.25600000000,0.065000,89.44000,97.4000,220.57291446,10.92875618
"WASP-71","WASP-71 b",362.71500000,29.2634506,0.7588247,0.760000,1.820000,6050.00,0.0460000000,2.90367000000,0.000000,84.20000,,441.78370000,13.22662000
"HD 159243","HD 159243 c",73.30550000,263.3395365,5.7008254,1.125000,1.120000,6123.00,0.8000000000,248.40000000000,0.075000,,69.0000,603.90000000,13.40000000
"HIP 91258","HIP 91258 b",45.88460000,279.2211173,61.7015065,0.970000,0.890000,5519.00,0.0600000000,5.05050000000,0.020000,,276.0000,346.43470000,13.70000000
"HIP 109384","HIP 109384 b",58.95820000,332.4089720,71.3139560,0.780000,0.831075,5180.00,1.1340000000,499.48000000000,0.549000,,104.4900,495.81480000,13.50000000
"HD 27894","HD 27894 c",43.82140000,65.1975693,-59.4096776,0.800000,0.891767,4875.00,0.1980000000,36.07000000000,0.015000,,44.2000,51.48846000,8.24000000
"K2-239","K2-239 d",31.08490000,160.5941265,4.4413751,0.400000,0.360000,3420.00,0.0685000000,10.11500000000,,89.43000,,1.37000000,1.10000000
"Kepler-778","Kepler-778 b",938.16800000,287.4774867,44.2374702,0.810000,0.770000,5102.00,0.0453000000,3.75574426000,0.000000,89.43000,,3.46000000,1.68000000
"TOI-1244","TOI-1244 b",102.55100000,256.2795590,69.5190930,0.730000,0.721000,4599.00,0.0606940000,6.40031648300,0.000000,88.74831,90.0000,6.60000000,2.46700000
"TOI-1466","TOI-1466 b",86.57830000,307.3965319,61.5507253,0.660000,0.749646,4435.39,,1.87190602231,,86.22085,,6.65000000,2.46741991
"K2-157","K2-157 b",298.37300000,183.7514959,-5.7820178,0.890000,0.860000,5334.00,0.0096200000,0.36525750000,,89.20000,,1.14000000,0.93500000
"HD 33564","HD 33564 b",20.95310000,80.6378979,79.2318488,1.250000,1.436700,6250.00,1.1000000000,388.00000000000,0.340000,,205.0000,2892.10000000,12.50000000
"WASP-55","WASP-55 b",297.46200000,203.7581951,-17.5034961,1.071000,1.090000,6096.00,0.0558000000,4.46563100000,0.000000,88.74000,,186.24744650,14.72860064
"ROXs 12","ROXs 12 b",136.65000000,246.6167993,-25.4466950,0.870000,1.066270,3850.00,210.0000000000,,0.830000,,,5085.00000000,12.20000000
"bet UMi","bet UMi b",38.77472000,222.6764950,74.1555480,1.400000,38.300000,4126.00,1.4000000000,522.30000000000,0.190000,,307.4000,1938.70000000,12.70000000
"HD 216536","HD 216536 b",376.23300000,343.2665641,44.4777303,0.810000,9.830000,4639.00,0.6100000000,148.60001000000,0.380000,,270.0000,333.72150000,13.80000000
"HIP 65407","HIP 65407 b",61.78040000,201.0876630,48.8847322,0.930000,0.952252,5460.00,0.1770000000,28.12500000000,0.140000,,50.0000,136.03124000,14.30000000
"HD 12484","HD 12484 b",48.33670000,30.6115322,2.8158078,1.010000,1.001848,5920.00,0.2970000000,58.83000000000,0.070000,,-35.0000,947.13340000,13.20000000
"NGTS-1","NGTS-1 b",218.12100000,82.7142134,-36.6309812,0.617000,0.573000,3916.00,0.0326000000,2.64729800000,0.016000,85.27000,,258.07796000,14.90797000
"K2-148","K2-148 b",124.45800000,14.5176494,-0.1932580,0.650000,0.632000,4079.00,0.0454000000,4.38395000000,,,,2.33000000,1.33000000
"K2-158","K2-158 b",197.29900000,179.9397081,-5.7216879,0.920000,0.950000,5503.00,0.0887000000,10.06049000000,,88.40454,,7.46000000,2.64000000
"HD 86081","HD 86081 b",103.93600000,149.0243714,-3.8083543,1.210000,1.460000,5939.00,0.0346000000,2.13784310000,0.011900,,3.0000,470.38840000,13.60000000
"HD 45652","HD 45652 b",34.85410000,97.3058709,10.9336212,0.920000,0.940000,5294.00,0.2370000000,44.07300000000,0.607000,,227.7000,137.62039000,14.30000000
"WASP-62","WASP-62 b",175.63100000,87.1398205,-63.9883286,1.110000,1.230000,6230.00,0.0571000000,4.41195000000,0.000000,88.30000,,165.27160000,14.79588000
"TOI-1422","TOI-1422 b",155.14100000,354.2408290,39.6392793,0.990300,1.019000,5840.00,0.1070000000,12.99894000000,0.200000,89.53000,90.0000,9.50000000,3.83000000
"HIP 65426","HIP 65426 b",108.87500000,201.1501727,-51.5045384,1.960000,1.770000,8840.00,92.0000000000,,,,,2860.47000000,16.81350000
"K2-148","K2-148 d",124.45800000,14.5176494,-0.1932580,0.650000,0.632000,4079.00,0.0774000000,9.75790000000,,,,3.33000000,1.64000000
"GJ 1265","GJ 1265 b",10.25250000,333.4324675,-17.6870623,0.178000,0.192000,3236.00,0.0260000000,3.65110000000,0.040000,,282.0000,7.40000000,2.63000000
"HD 6061","HD 6061 b",67.62030000,15.5981441,37.1854394,1.026900,1.007200,5934.00,0.0600000000,5.25490000000,0.000000,,90.0000,10.00000000,2.42763557
"FU Tau","FU Tau b",133.49504660,65.8974962,25.0506711,0.050000,,2838.00,800.0000000000,,,,,5085.28000000,12.20000000
"Kepler-19","Kepler-19 c",218.56200000,290.4209694,37.8516556,0.936000,0.859000,5544.00,0.1765736996,28.73100000000,0.210000,,23.8000,13.10000000,3.68000000
"Kepler-25","Kepler-25 d",243.24900000,286.6383905,39.4879038,1.165000,1.316000,6354.00,0.4164221832,122.40000000000,0.130000,,,71.90000000,10.00000000
"HIP 8541","HIP 8541 b",155.12100000,27.5271962,-54.4651633,2.009000,6.840000,4672.00,3.7290000000,1852.14387000000,0.360000,90.90400,328.1150,2451.72833160,12.60000000
"K2-113","K2-113 b",635.72200000,19.4493823,6.8688469,1.040000,1.240000,5660.00,0.0642000000,5.81768500000,0.000000,86.21000,,410.00070000,12.14000000
"K2-152","K2-152 b",108.44900000,181.6324078,-5.8274311,0.630000,0.610000,4044.00,0.1716000000,32.64790000000,,,,5.86000000,2.29000000
"K2-243","K2-243 c",266.86400000,181.1211419,-4.8991358,1.290000,1.390000,6570.00,0.1817000000,24.94598000000,,,,4.70000000,2.01000000
"HD 13167","HD 13167 b",148.93400000,32.0576350,-24.6955750,1.350000,2.390000,5671.00,4.1000000000,2613.00000000000,0.563000,,265.0000,1052.01730000,13.10000000
"TOI-929","TOI-929 b",114.42100000,45.9071657,-39.9307758,0.700000,0.717414,4457.16,,5.83015366944,,88.19577,,7.70000000,2.68983343
"K2-162","K2-162 b",124.43300000,186.0383865,-1.1114790,0.750000,0.690000,4842.00,0.0795000000,9.45889000000,,88.76118,,2.67000000,1.44000000
"K2-161","K2-161 b",916.31900000,183.7938491,-3.4956913,0.986876,2.568173,4972.00,,9.28318800000,,87.25087,,31.10000000,6.11721229
"KELT-3","KELT-3 b",210.25200000,148.6431193,40.3879446,1.960000,1.700000,6304.00,0.0412300000,2.70339000000,0.000000,84.14000,90.0000,616.59020000,17.48604000
"Kepler-97","Kepler-97 c",400.90700000,287.3265292,48.6733443,0.940000,0.980000,5779.00,,789.00000000000,,,,344.00000000,
"KELT-14","KELT-14 b",250.12100000,108.3014090,-42.4097623,1.239000,1.520000,5720.00,0.0300500000,1.71005660000,0.000000,78.30000,,408.09372000,19.53728700
"tau Cet","tau Cet h",3.60304000,26.0093029,-15.9337987,0.783000,0.830000,5310.00,0.2430000000,49.41000000000,0.230000,,7.4500,1.83000000,1.19000000
"K2-154","K2-154 c",129.35600000,189.0015173,-2.6696217,0.650000,0.630000,4097.00,0.0677000000,7.95486000000,,,,4.94000000,2.07000000
"K2-246","K2-246 b",703.61600000,181.6296115,-1.1606000,0.870000,0.940000,5610.00,0.0602000000,5.76918000000,,,,12.00000000,3.49000000
"TOI-969","TOI-969 b",77.25540000,115.1366858,2.0985879,0.734000,0.671000,4435.00,0.0263600000,1.82373050000,,86.75000,,9.10000000,2.76500000
"TOI-1291","TOI-1291 b",428.12300000,245.8180089,62.9251213,1.200000,1.810900,6139.95,,7.16200975510,,88.38393,,27.10000000,5.63826391
"HD 220689","HD 220689 b",46.87780000,351.4707282,-20.6167923,1.016000,1.068000,5921.00,3.3960000000,2266.40000000000,0.054000,71.00000,112.8340,381.39408840,13.70000000
"GJ 163","GJ 163 b",15.12850000,62.3228353,-53.3711768,0.400000,0.409738,3500.00,0.0607000000,8.63182000000,0.073000,,70.7000,10.60000000,3.25000000
"WASP-104","WASP-104 b",185.93200000,160.6023689,7.4350768,1.076000,0.963000,5475.00,0.0291800000,1.75541370000,0.000000,83.63000,,404.26300000,12.74500000
"HAT-P-53","HAT-P-53 b",666.80200000,21.8711012,38.9681137,1.093000,1.209000,5956.00,0.0315900000,1.96162410000,0.134000,86.20000,,471.65972000,14.77346200
"HD 111591","HD 111591 b",114.16600000,192.5725483,22.8631285,1.940000,8.030000,4884.00,2.5000000000,1056.40000000000,0.260000,,78.7200,1398.45200000,12.90000000
"K2-155","K2-155 b",72.79980000,65.4696140,21.3532633,0.650000,0.580000,4258.00,0.0562000000,6.34200000000,,88.30000,,3.89000000,1.80000000
"HD 180053","HD 180053 b",137.04300000,288.4008374,34.9146658,1.750000,4.060000,5131.00,0.8430000000,213.72000000000,0.081000,,76.0000,697.31902000,13.30000000
"TOI-1669","TOI-1669 c",111.27600000,45.9564744,83.5874273,0.986700,1.056100,5497.00,0.0376000000,2.68005350000,0.000000,,90.0000,13.00000000,2.29639770
"K2-165","K2-165 d",134.59100000,184.9004881,0.9683270,0.834847,0.803827,5185.00,,14.10136100000,,89.00190,,7.50000000,2.64809498
"DENIS-P J082303.1-491201","DENIS-P J082303.1-491201 b",20.77000000,125.7620668,-49.2003008,0.075000,,,0.3600000000,246.36000000000,0.345000,56.60000,36.3000,9057.77000000,11.90000000
"NGC 2682 YBP 1514","NGC 2682 YBP 1514 b",914.22100000,132.7531307,11.8865128,0.960000,0.890000,5725.00,,5.11800000000,0.280000,,327.3300,127.13200000,14.00000000
"HD 14067","HD 14067 b",142.02400000,34.2933480,23.7676546,2.400000,12.400000,4815.00,5.1500000000,2744.00000000000,0.650000,39.00000,105.9000,4862.77462710,12.20000000
"K2-30","K2-30 b",333.04200000,52.3420548,22.2993491,0.900000,0.844000,5425.00,0.0483900000,4.09850300000,0.000000,86.92000,120.0000,184.02357000,11.64615100
"YZ Cet","YZ Cet d",3.71207000,18.1330792,-16.9962434,0.142000,0.157000,3151.00,0.0285100000,4.65626000000,0.070000,,200.0000,1.09000000,1.03000000
"KOI-351","Kepler-90 i",848.25400000,284.4334642,49.3051239,1.120000,1.290000,6015.00,0.1201380843,14.44912000000,0.000000,89.20000,,2.30000000,1.32000000
"HD 75784","HD 75784 c",85.43210000,133.0992289,13.2330548,1.260000,3.400000,4867.00,8.4000000000,7900.00000000000,0.489000,,325.0000,1792.56120000,12.80000000
"WASP-56","WASP-56 b",321.08400000,183.3660401,23.0556870,0.710000,0.960000,5600.00,0.0561400000,4.61710000000,0.000000,88.50000,,143.02350000,10.53646000
"GJ 667 C","GJ 667 C g",7.24396000,259.7510609,-34.9977651,0.330000,,3350.00,0.5490000000,256.20000000000,0.080000,,51.6000,4.60000000,1.99000000
"WASP-135","WASP-135 b",298.21400000,267.2848846,29.8790428,0.980000,0.960000,5675.00,0.0243000000,1.40137940000,0.000000,82.00000,,603.87700000,14.57170000
"CoRoT-32","CoRoT-32 b",576.68300000,100.1951714,9.2573953,1.080000,0.790000,5970.00,0.0710000000,6.71837000000,,89.00000,,47.67450000,6.38913000
"TOI-1054","TOI-1054.01",88.43430000,302.1141738,-54.3175014,1.140000,1.170000,6122.00,,15.50778550000,,,,6.50000000,2.43432000
"Kepler-504","Kepler-504 b",99.06880000,284.9219608,45.9723265,0.330000,0.330000,3519.00,0.0646000000,9.54927542200,0.000000,89.92000,,3.15000000,1.59000000
"KMT-2025-BLG-0975L","KMT-2025-BLG-0975L b",7923.00000000,267.5743333,-30.5875000,0.100000,,,0.8100000000,,,,,29.80000000,5.97000000
"TOI-1691","TOI-1691 b",111.44500000,272.4041179,86.8603430,1.030000,1.000000,5759.00,0.1293650000,16.73688893500,0.000000,,90.0000,14.60000000,3.66000000
"K2-221","K2-221 b",318.81000000,16.6550286,10.1897385,1.010842,0.947599,5716.00,,2.39909400000,,85.44711,,3.46000000,1.67890272
"GJ 504","GJ 504 b",17.52990000,199.1923480,9.4249781,1.220000,1.260000,6234.00,43.5000000000,,,,,1271.30000000,12.10569916
"WASP-68","WASP-68 b",226.39900000,305.0957239,-19.3147271,1.490000,1.790000,5910.00,0.0620600000,5.08430000000,0.000000,88.10000,,343.25640000,14.79588000
"psi1 Dra B","psi1 Dra B b",22.71880000,265.4925754,72.1557114,1.190000,1.255735,6212.00,4.4300000000,3117.00000000000,0.400000,,64.0000,486.27990000,13.50000000
"K2-118","K2-118 b",321.72200000,132.1268608,15.6558964,0.756446,0.734626,4726.29,0.2450000000,50.92092000000,0.200000,89.50000,58.6700,6.99000000,2.54000000
"GJ 3942","GJ 3942 b",16.92870000,242.2645452,52.9441443,0.630000,0.610000,3867.00,0.0608000000,6.90500000000,0.121000,,112.7000,7.14000000,2.57000000
"Kepler-1654","Kepler-1654 b",568.11700000,282.1856949,44.4344617,1.011000,1.179000,5597.00,2.0260000000,1047.83560000000,0.260000,89.98200,81.0000,158.91500000,9.18017100
"TOI-1695","TOI-1695 b",45.13090000,21.9217346,72.2966148,0.513000,0.515000,3690.00,0.0335480000,3.13427910000,0.097000,87.20000,90.0000,6.36000000,1.90000000
"Kepler-750","Kepler-750 b",1296.02000000,289.0968274,44.0043640,1.150000,1.230000,6160.00,0.0874200000,9.42887179000,0.000000,89.96000,,9.64000000,3.07000000
"WASP-78","WASP-78 b",754.25800000,63.7562662,-22.1163901,1.870000,2.460000,6100.00,0.0348800000,2.17518000000,0.000000,83.20000,,352.79130000,21.63337000
"HD 66141","HD 66141 b",68.15090000,120.5662825,2.3350265,1.100000,21.400000,4323.00,1.2000000000,480.50000000000,0.070000,,22.1000,1906.90000000,12.80000000
"HD 203030","HD 203030 b",39.25030000,319.7432238,26.2305846,0.940000,0.856458,5603.00,487.1000000000,,,,,3496.11247700,14.45958510
"WASP-88","WASP-88 b",523.75600000,309.5112337,-48.4620833,0.940000,1.800000,6430.00,0.0643100000,4.95400000000,0.000000,88.00000,,133.48860000,16.36514000
"KIC 10001893","KIC 10001893 c",1672.94000000,287.3892308,46.9844491,0.470000,0.180000,27500.00,,0.32528000000,,,,,
"Wolf 1061","Wolf 1061 d",4.30592000,247.5748276,-12.6676866,0.294000,0.307000,3342.00,0.4700000000,217.21000000000,0.550000,,102.0000,7.70000000,2.69000000
"K2-130","K2-130 b",118.01100000,290.2705419,-19.6908744,0.695630,0.744261,4356.47,0.0320000000,2.49412000000,0.170000,86.53000,49.8000,2.10000000,1.25000000
"K2-129","K2-129 b",27.79570000,289.1485491,-25.6463233,0.360031,0.360010,3459.09,0.0570000000,8.23949300000,0.130000,89.21000,39.8900,1.12000000,1.04000000
"HD 147379","HD 147379 b",10.76430000,244.1725686,67.2392041,0.580000,0.628304,4090.00,0.3193000000,86.58000000000,0.063000,,130.1000,21.60000000,4.94000000
"HATS-42","HATS-42 b",800.37700000,108.4523991,-33.4373462,1.273000,1.480000,6060.00,0.0368900000,2.29210200000,0.229000,85.10000,,597.52040000,15.69260000
"WASP-144","WASP-144 b",355.51300000,320.7628761,-40.0484393,0.810000,0.810000,5200.00,0.0316000000,2.27831520000,0.000000,86.90000,,139.84520000,9.52765000
"HD 83443","HD 83443 c",40.89910000,144.2994103,-43.2727210,1.000000,0.940000,5442.00,8.0000000000,8241.00000000000,0.760000,,118.2000,476.74261050,13.60000000
"TOI-1347","TOI-1347 c",147.47600000,280.3266806,70.2900536,0.913000,0.830000,5464.00,0.0546000000,4.84196200000,0.000000,87.50000,90.0000,6.40000000,1.60000000
"HD 108147","HD 108147 b",38.92000000,186.4409852,-64.0223492,1.220000,1.206640,6255.73,0.1020000000,10.89850000000,0.530000,,308.0000,82.95000000,10.90000000
"CHXR 73","CHXR 73 b",190.37400000,166.6193985,-77.6258725,0.350000,,3099.00,210.0000000000,,,,,3994.48600000,12.30000000
"KOI-7892","KIC 8540376 b",1072.30000000,282.3775397,44.6945690,1.040000,1.260000,6474.00,,31.80990000000,,89.30000,,15.80000000,4.10000000
"HATS-51","HATS-51 b",389.57000000,102.8474248,-29.0586551,1.187000,1.440000,5758.00,0.0463900000,3.34887020000,0.330000,87.10000,,244.09344000,15.80469000
"K2-233","K2-233 b",67.50620000,230.4799011,-20.2317975,0.790000,0.710000,4796.00,0.0329300000,2.46758300000,0.000000,88.86000,90.0000,2.40000000,1.31500000
"Kepler-814","Kepler-814 b",2055.77000000,284.9105256,48.4315896,1.150000,1.220000,6162.00,0.0695000000,6.14698510000,0.000000,89.67000,,5.14000000,2.12000000
"HD 18599","HD 18599 b",38.56530000,44.2620144,-56.1918694,0.863000,0.767000,5145.00,0.0480000000,4.13743540000,0.340000,87.60000,-2.5000,24.10000000,2.60000000
"Kepler-127","Kepler-127 c",352.79400000,285.1899439,46.0280596,1.248000,1.359000,6106.00,0.2000000000,29.39319500000,0.030000,88.95000,,7.56000000,2.66000000
"HIP 55507","HIP 55507 b",25.48930000,170.5227246,46.9078030,0.650000,0.723643,4171.00,5.0620000000,5138.43727000000,0.362000,135.02200,65.5710,2585.53409095,12.60000000
"NGC 2682 Sand 1429","NGC 2682 Sand 1429 b",852.79300000,133.0147781,11.6899626,1.260000,2.130000,6000.00,0.3840000000,77.48000000000,0.000000,,90.0000,572.09113260,13.40000000
"Kepler-955","Kepler-955 b",550.38300000,288.4714969,40.2698157,0.890000,0.840000,5350.00,0.1083000000,14.53244172000,0.000000,90.00000,,9.96000000,3.13000000
"Kepler-962","Kepler-962 b",411.48600000,295.3131906,46.2375024,0.930000,0.860000,5478.00,0.0987400000,12.05707239000,0.000000,89.07000,,4.54000000,1.97000000
"TOI-5678","TOI-5678 b",165.39300000,47.3841872,-34.1984808,0.905000,0.938000,5485.00,0.2490000000,47.73022000000,0.140000,89.83000,208.0000,20.00000000,4.91000000
"HD 155918","HD 155918 c",27.56100000,260.5364025,-75.3492390,1.030000,1.019060,5771.84,13.1830000000,17202.19446000000,0.071000,31.77100,182.6870,1878.04805696,12.80000000
"TOI-6034","TOI-6034 b",117.99200000,317.9001392,68.4020762,0.514000,0.489000,3635.00,0.0294900000,2.57618400000,0.040000,87.06000,-34.0000,254.00000000,11.92000000
"HIP 56998","HD 101581 b",12.77810000,175.2563039,-44.4041485,0.653000,0.630000,4675.00,0.0460000000,4.46569000000,,87.78000,,0.82700000,0.95600000
"Kepler-922","Kepler-922 b",536.32300000,284.7316084,49.5331490,0.950000,0.930000,5671.00,0.0179500000,0.93846683200,0.000000,89.45000,,2.60000000,1.42000000
"Barnard's star","Barnard c",1.82655000,269.4486144,4.7379808,0.162000,0.185000,3195.00,0.0274000000,4.12440000000,0.080000,,90.8000,0.33500000,0.74300000
"TIC 32032563","TIC 32032563 b",507.85800000,56.0905221,-68.8580554,1.050000,1.001880,5567.93,,13.83460487791,,88.98178,,11.90000000,3.47739942
"Kepler-911","Kepler-911 b",556.16800000,298.5891948,40.7506921,1.340000,1.990000,6112.00,0.1559400000,20.31050100000,0.000000,89.90000,,7.27000000,2.60000000
"HD 16905","HD 16905 b",39.74010000,40.0136203,-61.3550396,0.850000,0.774940,4866.12,8.8000000000,10256.00000000000,0.680000,43.00000,248.0000,3591.46099910,12.40000000
"HD 184010","HD 184010 b",60.79930000,292.8401421,26.6172796,1.350000,4.860000,4971.00,0.9400000000,286.60000000000,0.000000,,0.0000,98.52680617,12.10000000
"TOI-6041","TOI-6041 b",72.47310000,46.0610334,43.5576668,0.885000,0.879000,5445.00,0.1651000000,26.04945000000,,88.95500,,28.90000000,4.55000000
"TOI-6281","TOI-6281 b",57.74510000,172.3785238,-40.6094246,0.650000,0.874219,4533.23,,1.05426244177,,85.04992,,4.36000000,1.92416074
"TOI-4600","TOI-4600 c",216.05600000,258.4503674,64.5661727,0.890000,0.810000,5170.00,1.1520000000,482.81910000000,0.210000,89.90000,142.0000,2946.26933289,9.42000000
"Barnard's star","Barnard b",1.82655000,269.4486144,4.7379808,0.162000,0.185000,3195.00,0.0229000000,3.15420000000,0.030000,,3.8000,0.29900000,0.72000000
"Barnard's star","Barnard e",1.82655000,269.4486144,4.7379808,0.162000,0.185000,3195.00,0.0381000000,6.73920000000,0.040000,,-27.5000,0.19300000,0.63700000
"HD 224018","HD 224018 c",105.48000000,358.6390056,-4.7233362,1.013000,1.147000,5784.00,0.2170000000,36.57669000000,0.020000,89.80000,230.0000,10.40000000,2.42000000
"TIC 38825265","TIC 38825265 b",165.63800000,68.2492759,-65.2039666,0.640000,0.664503,4375.52,,3.31336980985,,86.67564,,5.43000000,2.18869476
"Kepler-1012","Kepler-1012 b",411.07700000,289.2962253,46.4579889,0.950000,0.910000,5556.00,0.0606600000,5.50860439000,0.000000,82.78000,,2.21000000,1.29000000
"Kepler-1754","Kepler-1754 b",718.94500000,295.4570818,50.0771838,0.734000,0.747000,4723.00,0.0718000000,8.19594955400,0.000000,89.34000,,6.53000000,2.43996509
"LHS 1678","LHS 1678 d",19.87820000,68.1789866,-39.7908744,0.345000,0.329000,3490.00,0.0400000000,4.96522290000,0.036000,88.31000,23.0000,0.90700000,0.98100000
"HD 18143","HD 18143 c",22.52430000,43.9140248,26.8723829,0.850000,0.870000,5078.00,17.5300000000,28982.41764000000,0.194000,35.98000,313.3180,3177.64841319,12.50000000
"Kepler-935","Kepler-935 b",471.78200000,295.0217193,46.6192011,0.780000,0.730000,4830.00,0.0527000000,4.88083852000,0.000000,89.10000,,2.39000000,1.35000000
"Kepler-879","Kepler-879 c",802.67200000,295.8065515,50.9097521,0.974000,1.022000,5456.75,,0.64671600000,,,,0.03640000,0.40000000
"ZTF J1230-2655","ZTF J1230-2655 b",186.69000000,187.5689308,-26.9309608,0.646000,0.012300,10000.00,,0.23597766000,,86.70000,,7024.00779470,13.78704626
"TIC 270471727","TIC 270471727 b",182.10400000,97.2114071,-78.4730589,0.900000,0.997091,5271.39,,10.45623256647,,88.81091,,8.00000000,2.75029559
"TIC 65612701","TIC 65612701 b",151.62400000,310.4738195,36.3388288,1.060000,1.737090,5692.29,,10.22467974953,,88.26641,,22.70000000,5.07802804
"Kepler-1014","Kepler-1014 b",624.80000000,285.1219875,44.1105331,0.880000,0.840000,5388.00,0.1210000000,16.57110363000,0.000000,89.16000,,6.30000000,2.39000000
"Kepler-1044","Kepler-1044 b",1278.96000000,293.1444017,46.6662155,1.080000,1.110000,5985.00,0.0741000000,6.77408868000,0.000000,89.92000,,7.61000000,2.67000000
"Kepler-66","Kepler-66 b",1202.96000000,293.9815378,46.6877280,1.038000,0.966000,5962.00,0.1352000000,17.81581500000,0.000000,87.08000,,8.25000000,2.80000000
"Kepler-857","Kepler-857 b",983.50200000,294.6323978,43.4004526,0.990000,0.990000,5773.00,0.3751000000,85.35129427000,0.000000,89.97000,,37.20000000,6.80000000
"TOI-6080","TOI-6080 b",188.18300000,266.6044226,38.0787076,1.010000,1.062210,5775.46,,8.05562348084,,88.08350,,11.00000000,3.32424168
"Wolf 1069","Wolf 1069 b",9.58341000,306.5242477,58.5753044,0.167000,0.181300,3158.00,0.0672000000,15.56400000000,,,,1.26000000,1.08000000
"TOI-6330","TOI-6330 b",139.04200000,22.1679816,53.6860778,0.531000,0.490000,3539.00,0.0576300000,6.85002460000,0.340000,88.41000,37.0000,3179.00000000,10.89000000
"ITG 15 A","ITG 15 b",136.37000000,69.9370379,26.0312128,,,,435.0000000000,,,,,6674.39654700,12.10000000
"WISPIT 2","WISPIT 2 b",134.90700000,290.8209991,-7.6820823,1.080000,1.418000,4400.00,57.0000000000,,,,,1541.46777395,17.93436912
"NGTS-38","NGTS-38 b",268.63700000,108.7147541,-29.4306223,1.460000,1.880000,6310.00,0.6970000000,180.52797000000,0.308600,,278.1600,1516.04150139,12.11690814
"TOI-5210","TOI-5210 b",302.08600000,314.3169230,21.9502055,1.105000,1.209000,5723.00,0.0557000000,4.56610610000,0.066000,88.59000,,81.99972901,10.72699453
"TOI-5726","TOI-5726.01",108.84800000,123.3950504,68.5745899,1.060000,1.106000,5874.00,0.0621860000,5.49112521500,,,,7.05000000,2.55400000
"HD 194490","HD 194490 b",80.23490000,306.9980087,-51.6644646,1.060000,1.149110,5861.32,11.1160000000,13092.18348000000,0.251000,57.99000,261.1060,3561.90295725,12.40000000
"HD 190228","HD 190228 b",62.71460000,300.7537294,28.3065564,1.415000,2.586580,5360.00,2.4060000000,1143.59858000000,0.559000,94.98700,97.2110,1598.67688721,12.90000000
"HD 206893","HD 206893 b",40.75830000,326.3416874,-12.7833522,1.310000,1.311160,6500.00,10.7500000000,11100.00000000000,0.069000,142.00000,102.0000,6197.65393650,14.01122587
"HD 112570","HD 112570 b",101.16600000,194.2824262,46.1765638,1.150000,9.850000,4750.00,3.9000000000,2615.00000000000,0.200000,54.00000,301.0000,1086.97315194,13.10000000
"HD 154391","HD 154391 b",100.94700000,255.3201345,60.6489226,2.070000,8.560000,4909.00,7.4600000000,5163.00000000000,0.200000,47.00000,310.0000,2892.23850370,12.50000000
"G 196-3","G 196-3 b",21.79120000,151.0884754,50.3861806,0.519782,0.522432,3517.00,350.0000000000,,,,,8263.53858200,12.00000000
"Kepler-1026","Kepler-1026 b",351.23900000,283.6053012,39.9979286,0.790000,0.750000,4948.00,0.1977000000,36.51560530000,0.000000,89.11000,,5.52000000,2.21000000
"G 261-6","G 261-6 b",10.62670000,291.0743200,75.5558405,0.118000,0.153162,2907.00,0.0297100000,5.45360000000,0.000000,,,1.37000000,1.10000000
"TOI-5789","TOI-5789 d",20.45810000,302.7734475,16.1897138,0.821000,0.833000,5185.00,0.1756000000,29.65000000000,0.096000,,,4.29000000,1.91000000
"TOI-5789","TOI-5789 b",20.45810000,302.7734475,16.1897138,0.821000,0.833000,5185.00,0.0360800000,2.76369000000,0.000000,,,2.12000000,1.26000000
"TIC 142589416","TIC 142589416 b",168.93300000,168.2439697,73.8301439,0.641000,0.713832,4396.27,,2.09518466313,,86.70598,,7.65000000,2.67899519
"NGTS-39","NGTS-39 b",278.40200000,109.9386973,9.9412647,1.160000,1.160000,6053.00,0.3077000000,58.20472000000,0.386000,,98.3000,466.25427307,12.19537100
"Gliese 48","Gliese 48 b",8.23366000,15.6582402,71.6781735,0.470000,0.463000,3450.00,0.1752000000,39.62990000000,0.000000,89.30000,,8.11000000,2.77000000
"Kepler-993","Kepler-993 b",324.42300000,292.6141076,44.3946644,0.570000,0.540000,3843.00,0.1300000000,22.08557563000,0.000000,89.41000,,9.11000000,2.97000000
"Kepler-80","Kepler-80 d",369.45100000,296.1125759,39.9787451,0.730000,0.678000,4540.00,0.0372000000,3.07222000000,0.004100,88.35000,260.0000,6.75000000,1.53000000
"K2-411","K2-411 b",298.21900000,58.0036310,19.3909877,1.018000,1.375000,5711.00,0.0511000000,3.21410000000,,90.00080,,0.93700000,0.98980000
"HD 169142","HD 169142 b",113.60000000,276.1240717,-29.7805318,1.850000,1.537020,7246.00,37.2000000000,,,13.00000,,953.48522100,13.10000000
"TOI-6383 A","TOI-6383 A b",171.31900000,60.4246951,60.8913677,0.458000,0.457000,3444.00,0.0229200000,1.79058695000,0.050000,88.80000,23.8000,331.00000000,11.29000000
"TIC 139270665","TIC 139270665 b",189.87500000,124.0338967,33.2914532,1.035000,1.016000,5844.00,0.1630000000,23.62400000000,0.105000,89.76000,-62.0000,147.15455244,7.22979255
"TOI-7149","TOI-7149 b",126.12600000,244.7384657,19.1758116,0.344000,0.351000,3363.00,0.0260300000,2.65206166000,0.078000,89.25000,-16.4000,224.00000000,13.20000000
"Kepler-348","Kepler-348 b",570.78300000,297.2550814,40.5483883,1.189000,1.359000,6177.00,0.0760000000,7.05677000000,0.000000,88.28000,,2.92000000,1.52000000
"TOI-5789","TOI-5789 e",20.45810000,302.7734475,16.1897138,0.821000,0.833000,5185.00,0.2901000000,62.98000000000,0.071000,,,11.61000000,3.43000000
"TIC 154870955","TIC 154870955 b",226.46300000,191.7456685,88.8298759,0.828000,0.724328,4739.58,,7.96987471280,,88.18504,,9.77000000,3.09467466
"Kepler-332","Kepler-332 b",344.19000000,286.6627811,47.4136938,0.743000,0.720000,4955.00,0.0700000000,7.62632400000,0.000000,89.43000,,1.71000000,1.17000000
"TOI-5238","TOI-5238 b",290.64600000,223.3588909,68.8594720,1.000000,1.022830,5631.00,,4.87217100000,,,,23.70000000,5.22000000
"Kepler-914","Kepler-914 b",753.72300000,290.4120774,44.8993227,1.100000,1.150000,5877.00,0.0545400000,4.40966548000,0.000000,85.07000,,2.48000000,1.38000000
"K2-413","K2-413 c",285.16200000,353.4175668,-7.6120272,0.808000,0.700000,4116.00,0.0426000000,5.33010000000,,89.99850,,2.05000000,1.23270000
"TOI-6086","TOI-6086 b",31.45660000,265.3704236,30.3037755,0.254000,0.259000,3200.00,0.0154100000,1.38887250000,,87.30000,,1.76000000,1.18000000
"Kepler-314","Kepler-314 c",268.88100000,294.6741507,42.0756037,0.990000,0.950000,5378.00,0.0640000000,5.96039200000,0.000000,85.57000,,8.75000000,2.90000000
"TOI-469","HIP 29442 c",68.19200000,93.0578446,-14.6493167,0.901000,0.980000,5289.00,0.0451800000,3.53795590000,,86.30000,,4.50000000,1.55100000
"HD 63433","HD 63433 d",22.40350000,117.4793699,27.3631342,0.990000,0.912000,5688.00,0.0503000000,4.20907500000,0.160000,88.73000,,1.25000000,1.07300000
"Kepler-317","Kepler-317 b",940.58400000,294.9438822,39.0320499,0.865000,0.941000,5497.00,0.0610000000,5.52424200000,0.000000,87.89000,,109.80000000,2.09000000
"TOI-7384","TOI-7384 b",66.79020000,83.1031834,-39.8342501,0.318000,0.319000,3185.00,0.0439000000,6.23402580000,0.400000,88.79000,,12.40000000,3.56000000
"Kepler-1768","Kepler-1768 b",632.76600000,299.9572335,44.7718851,1.240000,1.572000,6050.00,0.1286000000,15.13589954000,0.000000,89.44000,,5.62000000,2.23346338
"Kepler-981","Kepler-981 b",878.08200000,289.2489051,47.6501141,0.980000,0.960000,5718.00,0.0535000000,4.46975773600,0.000000,88.32000,,5.95000000,2.31000000
"Kepler-1043","Kepler-1043 b",903.33200000,281.6629579,47.5685927,0.920000,0.900000,5629.00,0.2159000000,38.50533980000,0.000000,89.04000,,7.04000000,2.55000000
"TOI-5777","TOI-5777 b",114.27700000,141.0022390,82.8586961,0.658000,0.671912,4408.03,,6.91716177373,,84.30761,,9.78000000,3.09551273
"HIP 113103","HIP 113103 b",46.21220000,343.5723794,-43.0102291,0.761000,0.742000,4930.00,0.0689900000,7.61030300000,0.170000,88.23000,-10.0000,4.00000000,1.82900000
"UCAC3 113-933","UCAC3 113-933 b",52.58290000,5.2758121,-33.8031679,0.610000,0.564484,3864.00,6100.0000000000,,,,,6674.39654700,12.10000000
"HD 73344","HD 73344 c",35.26000000,129.6894456,23.6852651,1.190000,1.220000,6148.00,0.3388000000,65.94000000000,0.124000,,112.0000,118.54999581,13.50000000
"Kepler-139","Kepler-139 f",391.03800000,282.3919451,43.8894167,1.078000,1.045000,5630.00,,355.00000000000,,,,36.00000000,6.67000000
"TIC 249022743","TIC 249022743 b",396.46000000,78.5762192,-3.4466123,1.000000,1.208400,5567.58,,2.25719681538,,86.41999,,20.60000000,4.79568155
"TIC 260969020","TIC 260969020 b",121.22200000,74.9407148,-79.5859489,0.750000,0.689880,4572.94,,8.48584501953,,88.75946,,5.59000000,2.22686612
"Kepler-62","Kepler-62 e",300.87400000,283.2125621,45.3496992,0.690000,0.640000,4925.00,0.4270000000,122.38740000000,0.000000,89.98000,,36.00000000,1.61000000
"HD 105618","HD 105618 c",70.08370000,182.4021288,11.2115695,1.010000,1.273990,5671.00,35.7310000000,77114.07158000000,0.126000,31.96800,255.0040,8419.59232984,11.90000000
"HIP 113103","HIP 113103 c",46.21220000,343.5723794,-43.0102291,0.761000,0.742000,4930.00,0.1047900000,14.24564800000,0.170000,89.24000,-70.0000,6.35000000,2.40000000
"Kepler-1053","Kepler-1053 b",151.12900000,291.4186349,39.1273664,0.740000,0.690000,4529.00,0.0315000000,2.41435165400,0.000000,89.12000,,0.90400000,0.98000000
"Kepler-102","Kepler-102 d",107.79600000,281.4824731,47.2078263,0.803000,0.724000,4909.00,0.0861800000,10.31176700000,0.092000,89.49000,,3.00000000,1.15400000
"HD 196067","HD 196067 c",39.93460000,310.4364195,-75.3514992,1.160000,1.710000,6072.00,,4.60108800000,0.235000,,295.5000,10.40000000,3.21000000
"GJ 887","GJ 887 d",3.28679000,346.5027573,-35.8473489,0.495000,0.468000,3688.00,0.2120000000,50.77000000000,,,,6.10000000,2.34000000
"Kepler-347","Kepler-347 b",1298.88000000,289.1995995,49.3056404,0.922000,1.005000,6088.00,0.1100000000,12.79836000000,0.000000,86.06000,,4.54000000,1.97000000
"HD 11112","HD 11112 b",44.38040000,27.0881399,-41.4944106,1.070000,1.473680,5905.64,13.3800000000,17244.90764000000,0.285000,144.87600,289.0630,2598.56505563,12.60000000
"Kepler-485","Kepler-485 b",1140.95000000,294.9963415,50.4700458,1.070000,1.090000,5958.00,0.0440100000,3.24325979600,0.000000,89.27000,,,14.41000000
"TIC 393818343","TIC 393818343 b",93.73450000,310.2917002,3.6382967,1.082000,1.086000,5756.00,0.1291000000,16.24921000000,0.605800,89.57000,1.6900,1379.37528638,12.18416202
"Kepler-1032","Kepler-1032 b",673.01000000,289.9308779,40.0977109,0.770000,0.710000,4647.00,0.0361000000,3.29011795300,0.000000,89.30000,,4.16000000,1.87000000
"HD 284149 A","HD 284149 AB b",117.80700000,61.6616887,20.3030344,1.130000,1.360000,6035.00,431.1600000000,,,,,8352.53053596,12.00000000
"WASP-132","WASP-132 d",122.91000000,217.6091998,-46.1595160,0.789000,0.758000,4686.00,2.7100000000,1816.60000000000,0.120000,,131.0000,1639.99458012,12.80000000
"K2-157","K2-157 c",298.37300000,183.7514959,-5.7820178,0.890000,0.860000,5334.00,0.1650000000,25.94200000000,0.200000,,,30.80000000,6.08000000
"2MASS J16262785-2625152","KOINTREAU-4 b",145.43400000,246.6160467,-26.4209954,,,3252.00,182.0000000000,,,,,4862.77462710,12.20000000
"TIC 390586021","TIC 390586021 b",114.55800000,199.8225789,-31.4655097,0.648000,0.726565,4434.81,,2.74703755819,,88.01119,,8.55000000,2.86009388
"HD 113337","HD 113337 c",36.18000000,195.4438496,63.6103280,1.410000,1.500000,6774.00,6.8050000000,5429.93477000000,0.164000,57.47800,20.2150,6299.67685515,12.10000000
"HD 94771","HD 94771 b",57.78070000,163.9746776,-35.1145225,1.200000,1.903000,5631.00,3.4800000000,2164.00000000000,0.390000,,90.0000,169.00000000,14.20000000
"TOI-6695","TOI-6695 b",282.53600000,129.5720221,-23.5502170,1.338000,1.517000,6400.00,0.4020000000,80.38900000000,0.040000,90.62000,137.0000,66.74396547,9.52763359
"Gaia-5","Gaia-5 b",41.18130000,302.0408173,41.9415455,0.339000,0.345000,3447.00,,358.62000000000,0.642300,129.70000,271.5400,6633.07885409,12.10000000
"DMPP-2","DMPP-2 d",137.94000000,27.4077310,-34.4590985,1.410000,1.780000,6500.00,0.1432000000,16.49100000000,0.100000,,267.0000,91.79000000,11.60000000
"TIC 423703298","TIC 423703298 b",136.19100000,22.9360486,-17.0135676,0.691000,0.729825,4540.37,,4.03712711976,,88.37961,,8.11000000,2.77230429
"Kepler-335","Kepler-335 b",1278.97000000,296.0642944,45.4285986,1.367000,1.854000,5877.00,0.0750000000,6.56233100000,0.000000,86.26000,,11.40000000,3.39000000
"Kepler-1023","Kepler-1023 b",694.17500000,289.0297232,49.7697034,0.930000,0.890000,5494.00,0.3028400000,62.13877140000,0.000000,89.52000,,7.41000000,2.63000000
"TOI-5592","TOI-5592 b",597.02600000,106.6800684,65.8572490,1.194000,1.393000,6237.00,0.0393500000,2.60858460000,0.062000,81.14000,,285.72773789,17.14974047
"HD 122562","HD 122562 c",53.25280000,210.5886904,20.8810286,1.241000,2.166270,4956.00,0.4060000000,84.96276000000,0.228000,,194.6730,73.10053361,10.10000000
"HD 115404 A","HD 115404 A c",10.98160000,199.2155793,17.0160384,0.830000,0.727007,5019.17,11.3640000000,15319.22517000000,0.211000,25.79100,312.0560,3279.67133183,12.50000000
"GJ 1002","GJ 1002 c",4.84867000,1.6764641,-7.5462123,0.120000,0.137000,3024.00,0.0738000000,21.20200000000,,,,1.36000000,1.10000000
"Kepler-932","Kepler-932 b",465.61200000,296.9520797,43.2720233,0.870000,0.840000,5331.00,0.0287600000,1.92143739600,0.000000,74.86000,,2.45000000,1.37000000
"TOI-6707","TOI-6707 b",641.46700000,109.7634707,-58.1155263,1.140000,1.582020,6289.49,,3.83479363758,,87.16688,,27.80000000,5.72673066
"Kepler-139","Kepler-139 e",391.03800000,282.3919451,43.8894167,1.078000,1.045000,5622.00,3.2357963900,2047.63537300000,0.013121,,,378.00000000,13.70000000
"Kepler-328","Kepler-328 c",2213.19000000,295.8092756,40.0084866,1.150000,1.060000,6064.00,0.3540000000,71.31200000000,0.000000,89.97000,,39.40000000,5.40000000
"TOI-7510","TOI-7510 d",249.00600000,273.7281880,-54.4340547,1.063000,1.035000,5720.00,0.2672000000,48.86446800000,0.040000,89.31200,338.0000,190.00000000,10.52000000
"Kepler-138","Kepler-138 d",66.86240000,290.3814122,43.2930645,0.535000,0.535000,3841.00,0.1288000000,23.09230000000,0.010000,89.04000,250.0000,2.10000000,1.51000000
"Kepler-1779","Kepler-1779 b",908.50100000,300.4174607,45.6054854,1.008000,1.056000,5730.00,0.1264000000,16.34359932000,0.000000,87.56000,,9.44000000,3.03295685
"Kepler-973","Kepler-973 b",328.52000000,290.1653203,49.9238126,0.860000,0.780000,5213.00,0.2489000000,49.60773310000,0.000000,89.50000,,4.50000000,1.96000000
"TOI-5595","TOI-5595 b",136.95500000,110.4601649,35.2219829,0.645000,0.743344,4417.30,,5.99002553853,,89.07971,,20.10000000,4.73740402
"HD 203387","HD 203387 b",61.74770000,320.5617820,-16.8345229,2.817000,10.585200,5174.32,1.7710000000,512.53520000000,0.732000,,350.0680,1106.04285636,13.10000000
"TOI-6016","TOI-6016 b",364.71500000,4.5239602,59.7661983,1.310000,1.510000,6110.00,0.0550000000,4.02368700000,0.000000,,90.0000,371.85923619,13.67495645
"HIP 99770","HIP 99770 b",40.07650000,303.6338344,36.8066046,1.900000,1.939860,8000.00,15.8000000000,18600.00000000000,0.310000,152.00000,210.0000,5403.08291900,12.20000000
"Kepler-1772","Kepler-1772 b",871.56400000,289.4381201,39.2703594,0.942000,0.934000,5541.00,0.0439100000,3.21509003600,0.000000,63.99000,,7.68000000,2.68609988
"GJ 2126","GJ 2126 b",38.12900000,257.3606793,-35.3917190,0.650000,0.728000,4159.00,0.7100000000,272.70000000000,0.850000,,10.0000,413.17692910,13.60000000
"TOI-5616","TOI-5616 b",390.41500000,184.9016378,48.6832895,0.666000,0.646000,3996.00,0.0272000000,2.00284900000,0.000000,88.13000,90.0000,624.00000000,10.78000000
"Kepler-408","Kepler-408 b",88.78320000,284.7862158,48.4232622,1.080000,1.230000,6104.00,0.0359200000,2.46502000000,0.000000,87.51000,,5.00000000,0.82000000
"Gaia23braL","Gaia23braL b",4330.00000000,155.6294583,-63.2639167,0.774000,1.361810,5055.00,4.8470000000,,,,,518.06030341,13.50000000
"Kepler-10","Kepler-10 d",185.50600000,285.6792980,50.2414842,0.910000,1.065000,5708.00,0.5379000000,151.06000000000,0.190000,,150.0000,12.00000000,3.49000000
"GJ 3988","GJ 3988 b",9.91050000,255.8503747,51.4089795,0.184200,0.197340,3273.00,0.0405000000,6.94420000000,0.000000,,0.0000,3.69000000,1.74000000
"TOI-1408","TOI-1408 c",139.48400000,313.5110469,72.5806455,1.312000,1.530000,6117.00,0.0358700000,2.16640000000,0.135300,82.60000,286.3000,7.60000000,2.22000000
"HD 68475","HD 68475 b",33.42970000,122.7192621,-42.8128841,0.830000,0.790990,5022.00,7.2700000000,7832.00000000000,0.620000,87.00000,195.6000,1639.99458012,12.80000000
"HD 48265","HD 48265 c",90.54460000,100.0073683,-48.5418284,1.380000,2.050000,5805.00,10.4000000000,10418.00000000000,0.410000,89.00000,24.0000,1414.33641115,12.90000000
"Kepler-958","Kepler-958 b",449.77300000,287.2566578,46.0667247,0.910000,0.860000,5421.00,0.0863100000,9.76788050000,0.000000,86.73000,,4.90000000,2.06000000
"TOI-5624","TOI-5624 d",101.91300000,180.8443476,49.2512257,0.858000,0.820000,5327.00,0.1067000000,13.73146800000,0.000000,89.69000,90.0000,4.90000000,3.58400000
"KOI-351","KOI-351 d",848.25400000,284.4334642,49.3051239,1.200000,1.200000,6080.00,0.3200000000,59.73667000000,0.000000,89.71000,,8.60000000,2.87000000
"Kepler-20","Kepler-20 e",282.56300000,287.6979913,42.3385782,0.929000,0.916400,5495.00,0.0637000000,6.09848820000,0.092000,87.63000,,0.76000000,0.82100000
"nu Oct A","nu Oct A b",21.19990000,325.3702792,-77.3910853,1.570000,5.040000,4910.00,1.2400000000,402.40000000000,0.195000,108.20000,100.0000,696.04421133,13.30000000
"TOI-1288","TOI-1288 c",114.86500000,313.1670294,65.6087833,0.955200,0.958300,5388.00,1.0700000000,416.00000000000,0.000000,,90.0000,85.70000000,11.10000000
"Kepler-104","Kepler-104 c",400.78500000,287.6046621,42.1665104,0.818000,1.349000,5711.00,0.1530000000,23.66820500000,0.000000,87.95000,,7.14430805,3.13000000
"Kepler-507","Kepler-507 b",391.64400000,297.0188074,50.4090460,1.160000,1.320000,6113.00,0.0478100000,3.56809692600,0.000000,85.83000,,5.69692195,1.30000000
"HN Lib","HN Lib b",6.24442000,218.5684823,-12.5170062,0.291000,0.299000,3347.00,0.1417000000,36.11600000000,0.079000,,,5.46000000,2.20000000
"Kepler-49","Kepler-49 d",311.22200000,292.2945208,40.5918123,0.549000,0.559000,4252.00,0.0310000000,2.57654900000,0.000000,89.14000,,235.98200000,1.60000000
"HIP 10090","HIP 10090 b",82.39370000,32.4351198,-30.7470844,0.940000,1.382680,5661.00,3.8700000000,2960.00000000000,0.115000,156.50000,104.0000,1229.99593509,13.00000000
"Kepler-346","Kepler-346 b",984.10500000,288.0119248,46.1176003,0.943000,1.021000,6033.00,0.0710000000,6.51112700000,0.000000,86.75000,,7.56000000,2.66000000
"Kepler-265","Kepler-265 d",1280.25000000,290.5104788,41.2447430,0.970000,1.103000,5835.00,0.2360000000,43.13061700000,0.000000,89.52000,,6.76000000,2.49000000
"Kepler-399","Kepler-399 b",740.53700000,299.5017242,40.6707669,0.902000,0.680000,5502.00,0.1030000000,14.42528100000,0.000000,89.98000,,0.84000000,0.96000000
"Kepler-110","Kepler-110 c",586.53100000,292.9291693,48.6028303,0.989000,1.149000,5960.00,0.1980000000,31.71977500000,0.000000,89.86000,,5.52000000,2.21000000
"Kepler-1248","Kepler-1248 b",593.02600000,288.0592191,51.3544564,1.210000,1.210000,6149.00,0.0806000000,7.46725407000,0.000000,87.99000,,1.76000000,1.18000000
"Kepler-1269","Kepler-1269 b",1097.23000000,287.8055442,45.3405371,1.100000,1.150000,5998.00,0.2361100000,37.33315360000,0.000000,87.64000,,3.29000000,1.63000000
"Kepler-1314","Kepler-1314 b",141.98685057,294.2373599,45.1968274,0.600000,0.590000,4188.00,0.0504000000,5.42474928100,0.000000,89.98000,,22.90000000,5.11000000
"Kepler-1870","Kepler-1870 b",407.21600000,293.9335076,40.5907040,0.955000,0.840000,5508.00,0.0452000000,3.60694003100,0.000000,86.68000,,5.07000000,2.10143764
"Kepler-236","Kepler-236 b",288.76300000,283.8664285,39.8981928,0.596005,0.510000,3750.00,0.0650000000,8.29561100000,0.000000,87.95000,,3.09000000,1.57000000
"Kepler-125","Kepler-125 c",183.36500000,298.2581101,47.6050031,0.542101,0.512000,3810.00,0.0510000000,5.77446400000,0.000000,88.94000,,0.33000000,0.74000000
"Kepler-304","Kepler-304 d",434.68400000,294.4418031,40.5575408,0.737000,0.687000,4731.00,0.0800000000,9.65347100000,0.000000,89.67000,,8.00000000,2.75000000
"Kepler-326","Kepler-326 d",487.67500000,294.3255898,46.0022646,0.910000,0.801000,5105.00,0.0660000000,6.76688800000,0.000000,88.43000,,6.90000000,1.21000000
"Kepler-126","Kepler-126 c",237.40100000,289.3473634,44.2084445,1.108000,1.358000,6239.00,0.1620000000,21.86974100000,0.190000,88.75000,,1.27942148,1.58000000
"Kepler-400","Kepler-400 c",845.97000000,290.9444679,40.4800528,1.080000,1.145000,5886.00,0.1340000000,17.34082400000,0.000000,89.19000,,2.83000000,1.49000000
"Kepler-1089","Kepler-1089 b",259.32800000,291.0926509,49.1901729,0.520000,0.490000,3753.00,0.0497000000,5.13248561800,0.000000,89.54000,,4.01000000,1.83000000
"Kepler-102","Kepler-102 f",107.79600000,281.4824731,47.2078263,0.803000,0.724000,4909.00,0.1656000000,27.45359200000,0.100000,89.32000,,4.30000000,0.86100000
"Kepler-1223","Kepler-1223 b",459.95700000,285.2956462,44.5527542,0.800000,0.750000,4870.00,0.1186000000,16.30125900000,0.000000,86.86000,,1.98000000,1.22000000
"Kepler-1853","Kepler-1853 b",562.34800000,284.7478834,46.3735415,0.765000,0.788000,4821.00,0.2395000000,48.88819885000,0.000000,86.81000,,2.92000000,1.51862272
"Kepler-512","Kepler-512 b",467.37500000,298.2689217,48.9167391,1.170000,1.300000,5997.00,0.2139500000,34.43587975000,0.000000,89.98000,,7.70000000,2.69000000
"Kepler-369","Kepler-369 b",214.00000000,293.6743322,47.9084727,0.500000,0.471000,3591.00,0.0300000000,2.73275600000,0.000000,86.76000,,1.51000000,1.13000000
"Kepler-305","Kepler-305 c",868.47700000,299.2242557,40.3431670,0.760000,0.800000,5080.00,0.0756800000,8.29100000000,0.000000,83.45000,,6.00000000,3.30000000
"Kepler-975","Kepler-975 c",426.08800000,290.5485100,38.4952415,0.951000,1.667000,4883.00,0.0567000000,5.05821338000,0.000000,85.01000,,80.20000000,10.69000000
"Kepler-22","Kepler-22 b",194.64200000,289.2172051,47.8841427,0.857000,0.869000,5596.00,0.8120000000,289.86387600000,0.720000,89.76400,,9.10000000,2.10000000
"Kepler-1995","Kepler-1995 b",595.33100000,284.3427250,46.3165907,0.847000,0.930000,5029.00,0.3259000000,73.75788750000,0.000000,89.74000,,16.90000000,4.28000000
"Kepler-1227","Kepler-1227 b",623.70600000,287.0664109,41.8749712,0.970000,0.950000,5747.00,0.3855500000,94.28875770000,0.000000,89.75000,,5.86000000,2.29000000
"Kepler-1272","Kepler-1272 b",1206.37000000,285.2197605,38.8058393,1.060000,1.090000,5926.00,0.2705000000,51.13097040000,0.000000,88.77000,,6.21000000,2.37000000
"Kepler-201","Kepler-201 c",636.44500000,293.6260590,41.2728004,1.098000,1.229000,6065.00,0.5730000000,151.88405800000,0.000000,89.27000,,8.50000000,2.85000000
"Kepler-215","Kepler-215 c",485.99700000,294.9735313,45.2136867,0.788000,1.027000,5739.00,0.1130000000,14.66710800000,0.000000,88.61000,,3.78000000,1.77000000
"Kepler-267","Kepler-267 c",264.99300000,299.8305655,47.1575741,0.541571,0.555000,4258.00,0.0600000000,6.87745000000,0.000000,88.26000,,5.18000000,2.13000000
"Kepler-373","Kepler-373 c",1090.45000000,289.3879904,50.5970115,0.981000,0.845000,5787.00,0.1260000000,16.72594800000,0.000000,89.32000,,2.07000000,1.24000000
"Kepler-54","Kepler-54 d",271.70100000,294.7739245,43.0561976,0.518000,0.554000,4252.00,0.1260000000,20.99569400000,0.000000,89.79000,,12.09460000,1.53000000
"Kepler-329","Kepler-329 b",439.71900000,299.2681646,45.2272852,0.602000,0.523000,4257.00,0.0610000000,7.41639700000,0.000000,88.86000,,2.54000000,1.40000000
"Kepler-279","Kepler-279 d",1037.40000000,287.3912950,42.1948220,1.100000,1.070000,6689.45,0.2901000000,54.41400000000,0.000000,87.09000,,37.50000000,3.10000000
"HD 219134","HD 219134 c",6.53127000,348.3372026,57.1696255,0.810000,0.778000,4699.00,0.0653000000,6.76458000000,0.062000,87.28000,70.0000,4.36000000,1.51100000
"Kepler-1198","Kepler-1198 b",743.03000000,288.8339659,44.8381980,0.930000,0.900000,5517.00,0.0732000000,7.68477160000,0.000000,89.89000,,2.76000000,1.47000000
"Kepler-161","Kepler-161 c",434.63200000,290.5164698,43.0838642,0.853000,0.806000,5078.00,0.0680000000,7.06424000000,0.000000,88.42000,,3.61000000,2.05000000
"Kepler-1294","Kepler-1294 b",1855.70000000,291.2681037,44.4881624,0.990000,0.970000,5776.00,0.4684000000,115.68622580000,0.000000,89.93000,,10.30000000,3.19000000
"Kepler-1319","Kepler-1319 b",103.91700000,290.9564463,49.3667933,0.560000,0.540000,3655.00,0.0296000000,2.88676264500,0.330000,84.91000,,2.36000000,1.34000000
"Kepler-275","Kepler-275 d",2034.25000000,292.4797004,38.5149018,1.189000,1.383000,6165.00,0.2240000000,35.67606200000,0.000000,88.84000,,11.10000000,3.33000000
"Kepler-374","Kepler-374 b",1265.61000000,294.1378921,42.3704075,1.033000,0.911000,5977.00,0.0290000000,1.89780600000,0.000000,87.55000,,1.08000000,1.03000000
"Kepler-306","Kepler-306 d",775.67900000,288.5387145,40.6160545,0.750000,0.719000,4954.00,0.1200000000,17.32664400000,0.000000,88.00000,,6.66000000,2.47000000
"Kepler-305","Kepler-305 e",868.47700000,299.2242557,40.3431670,0.820000,0.827279,4974.00,0.0401700000,3.20538000000,0.000000,87.10000,,3.87000000,1.79381530
"Kepler-11","Kepler-11 f",646.34600000,297.1150949,41.9091092,0.961000,1.065000,5663.00,0.2500000000,46.68880000000,0.013000,89.47000,8.5800,2.00000000,2.49000000
"Kepler-276","Kepler-276 d",1144.86000000,293.5681970,39.0363123,1.100000,1.030000,5693.00,0.2466600000,48.64800000000,0.000000,87.42000,,16.30000000,2.80000000
"Kepler-36","Kepler-36 c",527.95600000,291.2501859,49.2318073,1.034000,1.634000,5979.00,0.1269200000,16.21865000000,0.000000,89.36000,,7.13000000,3.67900000
"Kepler-1251","Kepler-1251 b",902.20400000,292.1151093,49.2563792,0.920000,0.890000,5545.00,0.2478000000,45.09046430000,0.000000,88.01000,,4.04000000,1.84000000
"Kepler-1843","Kepler-1843 b",784.62500000,292.8852302,41.2791690,1.020000,1.782000,5422.00,0.1787100000,25.54339981000,0.000000,88.78000,,7.80000000,2.70909809
"Kepler-1857","Kepler-1857 b",853.27500000,296.4557129,39.5985370,0.873000,1.005000,6074.00,0.0830800000,8.94340992000,0.000000,89.66000,,4.50000000,1.96065412
"Kepler-190","Kepler-190 c",433.38700000,288.5839761,44.7337701,0.834000,0.795000,5106.00,0.0450000000,3.76302400000,0.000000,86.43000,,2.73000000,1.46000000
"Kepler-123","Kepler-123 c",1021.66000000,296.9985853,42.7819633,1.079000,1.264000,6089.00,0.1810000000,26.69507400000,0.000000,89.83000,,2.79000000,1.48000000
"Kepler-380","Kepler-380 c",813.71300000,282.3947017,48.7591334,0.990000,1.224000,6045.00,0.0780000000,7.63000400000,0.000000,87.84000,,2.15000000,1.27000000
"Kepler-283","Kepler-283 c",468.09400000,293.6137413,47.8389380,0.596000,0.566000,4351.00,0.3410000000,92.74371100000,0.000000,89.99000,,3.97000000,1.82000000
"KELT-6","KELT-6 c",240.72600000,195.9818362,30.6401450,1.126000,1.529000,6272.00,2.3900000000,1276.00000000000,0.210000,,268.7000,1179.14930000,13.00000000
"Kepler-85","Kepler-85 b",765.02500000,290.9734395,45.2902761,0.928000,0.875000,5505.20,0.0788500000,8.30000000000,0.020000,88.14000,,1.84000000,1.77800000
"Kepler-799","Kepler-799 c",1509.08400000,287.1748966,44.8784754,1.031000,1.593000,5588.00,0.1214000000,15.19419956000,0.000000,87.06000,,8.15000000,2.78068551
"Kepler-1884","Kepler-1884 b",1443.09000000,296.7463986,43.0454207,0.993000,0.906000,5984.00,0.0845000000,8.98832035100,0.000000,81.14000,,3.95000000,1.81406781
"Kepler-381","Kepler-381 b",267.32300000,285.1828685,43.8310283,1.144000,1.568000,6152.00,0.0660000000,5.62902100000,0.000000,88.80000,,0.93700000,0.99000000
"Kepler-84","Kepler-84 d",1023.90000000,298.2520208,40.4960842,1.060000,1.169000,6031.00,0.0520000000,4.22453700000,0.000000,82.31000,,2.48000000,1.38000000
"Kepler-334","Kepler-334 b",426.59000000,287.1406177,47.1151153,1.022000,1.068000,5828.00,0.0610000000,5.47031900000,0.000000,89.68000,,1.46000000,1.12000000
"Kepler-285","Kepler-285 c",824.31000000,291.3908469,48.0655392,0.915000,0.808000,5411.00,0.0640000000,6.18667600000,0.000000,89.95000,,1.46000000,1.12000000
"Kepler-1232","Kepler-1232 b",632.86500000,296.5500966,49.1023070,0.920000,0.890000,5471.00,0.1654500000,26.78391830000,0.000000,89.95000,,4.38000000,1.93000000
"Kepler-1858","Kepler-1858 b",833.05500000,292.3074315,46.6265790,0.785000,0.819000,4939.00,0.3575000000,88.07160187000,0.000000,89.79000,,6.44000000,2.42168247
"Kepler-204","Kepler-204 c",686.72300000,285.3471620,41.7618450,1.038000,1.238000,5812.00,0.1730000000,25.66059300000,0.000000,87.88000,,3.86000000,1.79000000
"Kepler-515","Kepler-515 b",255.00000000,290.4939130,52.0556110,0.900000,0.830000,5293.00,0.1333000000,19.96371318000,0.000000,88.51000,,2.73000000,1.46000000
"Kepler-221","Kepler-221 e",385.23100000,296.6547477,46.8352242,0.854000,0.821000,5243.00,0.1300000000,18.36991700000,0.000000,87.37000,,7.86706000,2.63000000
"Kepler-1877","Kepler-1877 b",285.31200000,294.8669240,46.7904816,1.022000,0.936000,5615.00,0.0347200000,2.37756991400,0.000000,88.09000,,0.17900000,0.62408600
"Kepler-350","Kepler-350 d",956.85900000,285.4195845,39.7061009,1.000000,1.250000,6492.30,0.1786000000,26.13600000000,0.000000,89.65000,,14.90000000,2.80000000
"Kepler-58","Kepler-58 e",969.25200000,296.3586251,39.1152033,1.017000,1.083000,6100.00,0.0533000000,4.45814897000,0.000000,84.65000,,597.79600000,1.61000000
"Kepler-1679","Kepler-1679 b",909.28000000,293.9005786,50.4270507,0.960000,0.873196,5501.00,0.0892000000,9.75376000000,0.000000,89.45000,,4.93000000,2.06920360
"Kepler-58","Kepler-58 c",969.25200000,296.3586251,39.1152033,0.950000,1.030000,5843.00,0.1230700000,15.57415680000,0.000000,83.89000,,53.00000000,2.86000000
"Kepler-1844","Kepler-1844 b",1804.36000000,292.6903973,37.9345682,0.939000,0.849000,5776.00,0.0478000000,3.92451000200,0.000000,89.22000,,9.46000000,3.03648191
"Kepler-1278","Kepler-1278 b",889.42600000,282.9569197,42.8255589,1.110000,1.160000,6074.00,0.0441700000,3.23941344000,0.000000,87.54000,,1.01000000,1.01000000
"Kepler-1864","Kepler-1864 b",298.89400000,289.6867653,41.5889178,1.030000,0.979000,5854.00,0.0490000000,3.88151001900,0.000000,88.66000,,0.35300000,0.75408365
"Kepler-1324","Kepler-1324 b",481.66700000,291.1849503,40.3112023,0.780000,0.730000,4776.00,0.0466000000,4.11584467900,0.000000,86.52000,,2.89000000,1.51000000
"Kepler-462","Kepler-462 c",596.62500000,299.8211502,43.8142793,1.590000,1.570000,7500.00,0.7584000000,207.62000000000,0.110000,89.63000,14.9000,6.00000000,4.00000000
"Kepler-226","Kepler-226 d",980.13800000,292.3760942,47.8809596,0.904000,0.802000,5571.00,0.0760000000,8.10904400000,0.000000,89.92000,,1.98000000,1.22000000
"Kepler-221","Kepler-221 b",385.23100000,296.6547477,46.8352242,0.854000,0.821000,5243.00,0.0370000000,2.79590600000,0.000000,85.58000,,5.95575000,1.71000000
"Kepler-245","Kepler-245 c",861.52700000,291.6389972,42.4363482,0.856000,0.795000,5100.00,0.1240000000,17.46081200000,0.000000,89.31000,,26.70000000,2.18000000
"Kepler-352","Kepler-352 b",252.73300000,299.8966237,46.0519022,0.798000,0.781000,5212.00,0.0850000000,10.05537000000,0.000000,89.87000,,0.56600000,0.86000000
"Kepler-382","Kepler-382 c",935.44600000,299.1362435,45.8699582,1.002000,0.945000,5600.00,0.0970000000,12.16270100000,0.000000,85.65000,,3.15000000,1.59000000
"Kepler-336","Kepler-336 b",768.86000000,290.2376224,41.3313637,1.090000,1.304000,5867.00,0.0330000000,2.02482300000,0.000000,87.61000,,1.04000000,1.02000000
"HD 11755","HD 11755 b",235.04500000,29.7078360,73.1521372,0.720000,20.580000,4312.00,1.0900000000,433.70001000000,0.190000,,155.3000,1789.38290000,12.80000000
"Kepler-385","Kepler-385 c",1432.61000000,294.3385109,50.3365178,0.992000,1.126000,6326.00,0.1270000000,15.16316100000,0.000000,80.54000,,13.20000000,3.04000000
"Kepler-267","Kepler-267 d",264.99300000,299.8305655,47.1575741,0.541571,0.555000,4258.00,0.1540000000,28.46451500000,0.000000,89.98000,,5.77000000,2.27000000
"Kepler-384","Kepler-384 c",895.67800000,286.0261113,44.7828571,0.882000,0.882000,5577.00,0.2360000000,45.34826900000,0.000000,88.78000,,1.51000000,1.13000000
"Kepler-299","Kepler-299 e",1052.24000000,283.2070156,48.5805222,1.004000,1.032000,5617.00,0.2200000000,38.28548900000,0.000000,89.85000,,4.16000000,1.87000000
"8 UMi","8 UMi b",162.55200000,224.2016850,74.9009379,1.510000,10.730000,4847.00,0.4620000000,93.31000000000,0.062000,,54.0000,524.41687155,13.50000000
"Kepler-1104","Kepler-1104 b",530.65800000,294.4685197,49.3309789,1.300000,1.410000,6417.00,0.0632100000,5.03728015000,0.000000,80.72000,,2.04000000,1.23000000
"Kepler-1987","Kepler-1987 e",595.68300000,295.8254663,42.9433716,0.799000,0.714000,4769.00,0.0765000000,8.74292005000,0.000000,89.95000,,4.35000000,1.92000000
"Kepler-1830","Kepler-1830 b",1056.88000000,295.1390408,40.9790527,1.443000,2.046000,6160.00,0.3176900000,56.49330139000,0.000000,88.89000,,11.10000000,3.32992941
"Kepler-182","Kepler-182 b",1549.09000000,289.8301128,50.5862025,1.114000,1.146000,6250.00,0.0960000000,9.82579200000,0.000000,83.03000,,7.18000000,2.58000000
"Kepler-1688","Kepler-1688 b",567.44687087,289.5530051,41.2978532,0.814000,0.746000,4632.11,0.0577000000,5.62012000000,0.000000,78.72000,,2.13000000,1.26174569
"Kepler-385","Kepler-385 b",1432.61000000,294.3385109,50.3365178,0.992000,1.126000,6326.00,0.0970000000,10.04368600000,0.000000,79.64000,,12.80000000,2.73000000
"Kepler-55","Kepler-55 f",578.79600000,285.1683291,44.0264898,0.631000,0.619000,4503.00,0.0810000000,10.19854500000,0.000000,88.27000,,3.15000000,1.59000000
"Kepler-339","Kepler-339 d",616.63700000,293.3517010,48.4445922,0.870000,0.802000,5631.00,0.0910000000,10.55834500000,0.000000,89.23000,,14.70000000,1.17000000
"Kepler-1669","Kepler-1669 d",543.44400000,297.4303826,39.8478795,0.609000,0.603000,4224.00,0.0468000000,4.72941177000,0.000000,89.16000,,1.98000000,1.22000000
"Kepler-69","Kepler-69 c",730.62500000,293.2609013,44.8688656,0.810000,0.930000,5638.00,0.6400000000,242.46130000000,0.140000,89.85000,,3.57000000,1.71000000
"HAT-P-57","HAT-P-57 b",279.86000000,274.7434180,10.5971968,2.770000,1.850000,6330.00,0.0406000000,2.46530000000,0.000000,88.26000,,448.14030000,19.50366000
"Kepler-1067","Kepler-1067 c",667.69300000,285.3873706,45.0490265,0.981000,0.934000,5594.00,0.0606900000,5.42583990100,0.000000,89.65000,,3.70000000,1.74682428
"Kepler-299","Kepler-299 d",1052.24000000,283.2070156,48.5805222,1.004000,1.032000,5617.00,0.1180000000,15.05478600000,0.000000,89.20000,,4.12000000,1.86000000
"Kepler-208","Kepler-208 c",775.32800000,293.8901979,42.5279413,1.082000,1.314000,6092.00,0.0790000000,7.46662300000,0.000000,88.98000,,2.51000000,1.39000000
"Kepler-530","Kepler-530 b",457.70900000,283.3402948,48.5490620,0.970000,0.890000,5697.00,0.2149100000,39.30941904000,0.000000,89.97000,,9.32000000,3.01000000
"Kepler-354","Kepler-354 d",554.06400000,285.7515347,41.3356739,0.652000,0.674000,4648.00,0.1460000000,24.20984200000,0.000000,89.38000,,2.07000000,1.24000000
"Kepler-339","Kepler-339 c",616.63700000,293.3517010,48.4445922,0.870000,0.802000,5631.00,0.0690000000,6.98805500000,0.000000,89.92000,,7.30000000,1.15000000
"Kepler-1114","Kepler-1114 b",418.41700000,299.2370531,45.8347781,0.870000,0.830000,5374.00,0.1105600000,14.97435694000,0.000000,89.89000,,2.39000000,1.35000000
"Kepler-114","Kepler-114 d",259.53300000,294.1214820,48.3497977,0.560000,0.540000,4660.00,0.0835800000,11.77600000000,0.000000,88.87000,,3.90000000,2.53000000
"Kepler-303","Kepler-303 c",209.73800000,283.1354742,43.6567036,0.575000,0.485000,3944.00,0.0570000000,7.06114900000,0.000000,88.38000,,1.55000000,1.14000000
"Kepler-1212","Kepler-1212 b",1316.57000000,296.8534096,50.0373196,1.100000,1.150000,6051.00,0.1082000000,12.94130146000,0.000000,89.93000,,5.22000000,2.14000000
"Kepler-394","Kepler-394 c",1058.72000000,296.3019792,50.6723115,0.870000,1.132000,6402.00,0.1100000000,12.13068600000,0.000000,89.80000,,3.39000000,1.66000000
"Kepler-393","Kepler-393 c",881.40400000,290.9952050,45.1921880,1.256000,1.382000,6189.00,0.1240000000,14.61361200000,0.000000,89.77000,,2.33000000,1.33000000
"Kepler-318","Kepler-318 c",489.14100000,298.4828337,46.7936357,1.073000,1.189000,5746.00,0.1050000000,11.81500700000,0.000000,87.15000,,13.10000000,3.68000000
"Kepler-1241","Kepler-1241 b",968.72200000,294.5762033,38.4569588,0.840000,0.800000,5261.00,0.1336000000,18.55257010000,0.000000,87.94000,,7.41000000,2.63000000
"Kepler-185","Kepler-185 b",466.73500000,282.4681674,43.8899464,0.763000,0.806000,5208.00,0.0260000000,1.63290000000,0.000000,89.04000,,1.71000000,1.17000000
"Kepler-1283","Kepler-1283 b",2921.99000000,295.4623336,40.7769335,1.160000,1.250000,6175.00,0.1062000000,12.94609780000,0.000000,89.40000,,4.31000000,1.91000000
"Kepler-1714","Kepler-1714 b",409.46000000,293.7164655,46.2266878,1.448000,2.086000,6150.00,0.1054900000,10.27530003000,0.000000,88.49000,,10.70000000,3.26437302
"Kepler-1331","Kepler-1331 b",319.19700000,297.0737928,41.2244613,0.720000,0.690000,4508.00,0.0142000000,0.78916165300,0.000000,86.50000,,1.16000000,1.05000000
"Kepler-319","Kepler-319 b",503.43600000,288.8119782,39.7706431,0.933000,0.903000,5526.00,0.0510000000,4.36270500000,0.000000,86.03000,,3.29000000,1.63000000
"Kepler-396","Kepler-396 b",223.75700000,296.1328135,48.9773095,0.850000,1.060000,5656.00,0.2406700000,42.99400000000,0.000000,89.34000,,75.50000000,3.50000000
"Kepler-1085","Kepler-1085 c",1364.53000000,287.4776359,46.1411685,1.050000,1.078300,5816.00,0.2979800000,56.77710000000,0.000000,89.15000,,10.70000000,3.26817741
"Kepler-1084","Kepler-1084 b",405.53300000,290.1019809,48.2511460,1.120000,1.280000,6113.00,0.0324000000,2.05333679000,0.000000,61.50000,,1.41000000,1.11000000
"Kepler-1108","Kepler-1108 b",767.70100000,296.0422962,45.9851400,0.880000,0.840000,5406.00,0.0511000000,4.51005748000,0.000000,89.59000,,2.73000000,1.46000000
"Kepler-1214","Kepler-1214 b",729.22700000,285.1427113,49.8006565,0.850000,0.800000,5130.00,0.1280000000,18.82634264000,0.000000,89.82000,,6.17000000,2.36000000
"Kepler-155","Kepler-155 c",293.49900000,288.4957831,51.0819286,0.635000,0.620000,4508.00,0.2420000000,52.66179300000,0.000000,89.49500,,5.65000000,2.24000000
"Kepler-396","Kepler-396 c",223.75700000,296.1328135,48.9773095,0.850000,1.060000,5656.00,0.3894600000,88.50500000000,0.000000,90.00000,,17.90000000,5.30000000
"Kepler-1369","Kepler-1369 b",1236.56000000,285.7972604,40.9361923,0.990000,0.990000,5761.00,0.1741000000,25.87314800000,0.000000,89.71000,,7.70000000,2.69000000
"Kepler-1370","Kepler-1370 b",1004.10000000,284.5656897,41.7784781,1.190000,1.290000,6202.00,0.1576300000,20.26416840000,0.000000,86.42000,,4.04000000,1.84000000
"Kepler-252","Kepler-252 b",379.42400000,295.5793290,44.5459052,0.610000,0.549000,4208.00,0.0580000000,6.66839100000,0.000000,88.24000,,2.04000000,1.23000000
"Kepler-360","Kepler-360 c",876.04400000,286.2847077,44.7815817,0.994000,1.058000,6053.00,0.0750000000,7.18643400000,0.000000,87.20000,,5.06000000,2.10000000
"Kepler-245","Kepler-245 e",861.52700000,291.6389972,42.4363482,0.860000,0.800000,5174.00,0.0405300000,3.21982105600,0.000000,89.72000,,1806.36000000,1.75000000
"Kepler-298","Kepler-298 d",518.20400000,283.0398448,48.8253303,0.660000,0.582000,4465.00,0.3050000000,77.47363300000,0.000000,89.57000,,6.80000000,2.50000000
"Kepler-324","Kepler-324 b",501.57400000,286.4714473,49.6490933,0.901000,0.840000,5194.00,0.0500000000,4.38531500000,0.000000,88.50000,,2414.40000000,1.14000000
"Kepler-1796","Kepler-1796 b",825.88300000,301.5430397,44.6056251,1.018000,0.949000,6036.00,0.1879000000,29.45579910000,0.000000,89.98000,,8.00000000,2.75047868
"Kepler-520","Kepler-520 c",623.90100000,293.1802903,41.6177408,1.100000,1.090000,6112.00,0.0603500000,5.21104261000,0.000000,83.02000,,1.24000000,1.07000000
"Kepler-1244","Kepler-1244 b",1075.81000000,282.3012505,46.5161814,1.460000,1.770000,6680.00,0.0502000000,3.70428172000,0.000000,90.00000,,2.39000000,1.35000000
"Kepler-169","Kepler-169 c",406.52900000,285.9999204,40.9193822,0.825000,0.763000,4997.00,0.0620000000,6.19546900000,0.000000,87.06000,,1.92000000,1.21000000
"Kepler-97","Kepler-97 b",400.90700000,287.3265292,48.6733443,0.940000,0.980000,5779.00,0.0356300000,2.58664000000,0.000000,87.61000,,3.51000000,1.48000000
"Kepler-1336","Kepler-1336 b",1126.64000000,296.2776587,46.8998006,0.940000,1.300000,5512.00,0.1584500000,23.19868100000,0.000000,89.00000,,4.58000000,1.98000000
"KOI-142","Kepler-88 d",376.86300000,291.1481028,40.6694130,0.990000,0.897000,5466.00,2.4663298660,1403.00000000000,0.410000,89.00000,,965.14699656,13.10000000
"Kepler-301","Kepler-301 d",719.16600000,283.9829040,49.2329512,1.022000,0.900000,5815.00,0.1120000000,13.75124300000,0.000000,89.21000,,3.71000000,1.75000000
"Kepler-104","Kepler-104 d",400.78500000,287.6046621,42.1665104,0.818000,1.349000,5711.00,0.2570000000,51.75539400000,0.000000,89.14000,,5.54022107,3.58000000
"Kepler-1192","Kepler-1192 b",1304.19000000,282.1405603,43.8964934,0.860000,0.830000,5438.00,0.1693000000,25.20347870000,0.000000,89.78000,,6.17000000,2.36000000
"Kepler-516","Kepler-516 b",687.09400000,295.6087625,38.7357368,1.620000,2.020000,7099.00,0.1992000000,24.85462415000,0.000000,87.08000,,27.90000000,5.74000000
"Kepler-1851","Kepler-1851 b",1589.81000000,285.6737597,45.6398375,0.967000,0.879000,5982.00,0.1016000000,12.02289963000,0.000000,87.95000,,14.50000000,3.90012032
"Kepler-212","Kepler-212 b",687.19400000,287.6208165,43.1416239,1.166000,1.455000,5852.00,0.1330000000,16.25758200000,0.000000,89.61000,,1.32000000,1.09000000
"Kepler-1372","Kepler-1372 b",1303.22000000,288.8865895,44.8394672,0.980000,0.970000,5677.00,0.0240000000,1.31155556800,0.000000,87.60000,,2.15000000,1.27000000
"Kepler-364","Kepler-364 b",891.46200000,281.5699998,47.3986233,1.076000,1.284000,6108.00,0.1780000000,25.74571800000,0.000000,88.22000,,3.02000000,1.55000000
"KELT-23 A","KELT-23 A b",126.26100000,232.1466406,66.3587097,0.944000,0.996000,5899.00,0.0330200000,2.25525100000,0.000000,85.37000,,298.12454000,14.82950700
"HD 191939","HD 191939 d",53.60890000,302.0256247,66.8503014,0.810000,0.940000,5348.00,0.2132000000,38.35303700000,0.031000,89.49000,15.0000,2.80000000,2.99500000
"HATS-77","HATS-77 b",436.17600000,149.8236672,-27.3928174,0.655000,0.642800,4071.00,0.0360700000,3.08762620000,0.045000,88.44000,,436.69623122,13.05846252
"TOI-4479","TOI-4479 b",80.65320000,316.0969388,24.6536739,0.452000,0.451000,3400.00,0.0164000000,1.15890000000,,86.36000,,8.35000000,2.82000000
"TOI-1752","TOI-1752 c",103.02100000,253.4614861,60.7096197,0.524000,0.530000,3762.00,0.1614000000,32.71443000000,,89.63000,,5.86000000,2.29000000
"Kepler-1705","Kepler-1705 c",1633.49000000,301.5785316,44.3121639,1.139000,1.259000,6312.00,,11.28000000000,0.028000,88.89000,-38.0000,5.42000000,2.05000000
"TOI-1753","TOI-1753 b",226.67100000,252.4698351,61.1735768,0.948300,0.971500,5621.00,0.0590000000,5.38461040000,0.000000,,90.0000,16.60000000,2.47852533
"TOI-2274","TOI-2274 b",48.87600000,277.4593110,40.5414117,0.612000,0.631000,3943.00,0.0500000000,2.67963000000,,87.37000,,6.57000000,2.45000000
"Kepler-43","Kepler-43 b",1005.84000000,285.2408288,46.6682411,1.320000,1.420000,6041.00,0.0460000000,3.02409490000,0.017000,84.64600,52.0000,1026.59090000,13.66377100
"Kepler-858","Kepler-858 b",298.53200000,288.8488552,51.2090375,0.960000,0.910000,5653.00,0.3393900000,76.13602028000,0.000000,89.97000,,21.10000000,4.87000000
"TOI-3023","TOI-3023 b",389.91600000,165.3158231,-72.3567044,1.120000,1.668000,5760.00,0.0505000000,3.90149710000,0.000000,88.90000,,197.05361234,16.43236571
"Kepler-1752","Kepler-1752 b",962.88800000,290.8541401,51.2227435,0.824000,0.821000,5446.00,0.2698000000,56.35850143000,0.000000,88.46000,,18.70000000,4.54060463
"Kepler-1408","Kepler-1408 b",535.04800000,282.6998783,45.4257884,1.210000,1.350000,6170.00,0.0421800000,2.99793191000,0.000000,85.24000,,0.64000000,0.89000000
"HIP 54373","HIP 54373 b",18.71680000,166.8643532,-19.2916857,0.570000,0.564998,4021.00,0.0630000000,7.76000000000,0.200000,,72.3400,8.62000000,2.87000000
"Teegarden's Star","Teegarden's Star b",3.83078000,43.2691449,16.8649024,0.097000,0.120000,3034.00,0.0259000000,4.90634000000,0.030000,,338.0000,1.16000000,1.05000000
"BD+60 1417","BD+60 1417 b",44.95430000,190.8875453,60.0143636,1.000000,0.797000,4993.00,1662.0000000000,,,,,4767.42610500,14.68376472
"TOI-1227","TOI-1227 b",100.64100000,186.7673635,-72.4518501,0.170000,0.560000,3072.00,0.0886000000,27.36397000000,,88.57100,,66.50000000,9.57246952
"CoRoT-7","CoRoT-7 d",159.90600000,100.9561682,-1.0630076,0.915000,0.838900,5250.00,,8.96600000000,,,,17.14200000,4.31000000
"TOI-1758","TOI-1758 b",96.62150000,354.7415810,75.6852317,0.880000,0.810000,5169.00,0.1414090000,20.70507468500,0.000000,,90.0000,6.90000000,3.62000000
"TOI-2567","TOI-2567 b",504.77500000,288.4656683,66.3479375,1.130000,1.686000,5611.00,0.0672000000,5.98394400000,0.000000,88.30000,,63.88350981,10.92875618
"Kepler-1410","Kepler-1410 b",367.00000000,290.5102933,38.7435010,0.630000,0.600000,4092.00,0.2543000000,60.86616800000,0.000000,89.75000,,3.82000000,1.78000000
"HD 24085","HD 24085 b",54.90040000,56.2563447,-70.0245193,1.220000,1.412551,6034.00,0.0340000000,2.04550000000,0.220000,,8.9200,11.80000000,3.46000000
"WASP-87","WASP-87 b",298.39200000,185.3246821,-52.8408163,1.204000,1.627000,6450.00,0.0294600000,1.68279500000,0.000000,81.07000,,692.86940000,15.52446500
"TOI-163","TOI-163 b",411.71900000,79.7682532,-71.8955269,1.435200,1.648000,6495.00,0.0580000000,4.23130600000,0.000000,87.24000,,387.75260000,16.69020100
"K2-315","K2-315 b",56.96860000,228.0210932,-20.1081634,0.174000,0.196000,3300.00,,3.14431890000,,88.74000,,0.80900000,0.95000000
"HD 216520","HD 216520 b",19.55200000,341.8768719,83.6975307,0.820000,0.760000,5103.00,0.1980000000,35.45000000000,0.090000,,220.9500,10.26000000,3.18000000
"TOI-1775","TOI-1775 b",149.23400000,150.1151015,39.4577506,0.921800,0.828800,5284.00,0.0800000000,10.24055490000,0.000000,,90.0000,96.00000000,8.04728896
"Kepler-296","Kepler-296 c",167.00000000,286.5400278,49.4372614,0.498000,0.480000,3740.00,0.0521000000,5.84163660000,0.330000,89.94000,,4.66000000,2.00000000
"WASP-187","WASP-187 b",371.41400000,17.4747400,25.6816494,1.540000,2.830000,6150.00,0.0653000000,5.14787800000,0.000000,,0.0000,254.26400000,18.38276000
"HD 161178","HD 161178 b",107.18800000,264.2873565,72.4558590,1.060000,10.950000,4786.00,0.8500000000,279.30000000000,0.044000,,300.0000,181.16219199,14.10000000
"GJ 514","GJ 514 b",7.61778000,202.5040424,10.3725387,0.510000,0.500000,3728.00,0.4220000000,140.43000000000,0.450000,,-143.0000,5.20000000,2.13000000
"HD 77946","HD 77946 b",99.45100000,136.7776440,46.6724251,1.197300,1.317400,6007.00,0.0730000000,6.52736300000,0.211000,87.79000,9.2000,10.90000000,2.89646124
"TOI-2345","TOI-2345 c",81.65410000,43.8847940,-34.9779745,0.727000,0.729000,4687.00,0.1257000000,21.06430200000,,89.91400,,7.27000000,2.45100000
"Kepler-876","Kepler-876 b",820.91300000,283.4781717,43.3837235,0.810000,0.770000,5060.00,0.0549000000,5.14438011000,0.000000,89.88000,,2.63000000,1.43000000
"Kepler-1894","Kepler-1894 c",935.19100000,295.5864604,49.6668523,0.999000,0.901000,5772.00,0.0576000000,5.05368985000,0.000000,87.71000,,1.92000000,1.21000000
"HD 233832","HD 233832 b",58.74200000,171.5196515,50.3763099,0.710000,0.680000,4981.00,2.8270000000,2058.00000000000,0.359000,,283.9030,565.73740000,13.50000000
"GJ 687","GJ 687 c",4.54939000,264.1041731,68.3336741,0.400000,0.418300,3413.00,1.1650000000,727.56200000000,0.400000,,176.0000,16.00000000,4.14000000
"HIP 5763","HIP 5763 b",31.90430000,18.4953430,16.4942738,0.720000,0.750378,4352.00,0.1700000000,30.01400000000,0.054000,,271.0800,162.09248757,14.20000000
"TOI-712","TOI-712 b",58.62120000,92.9361063,-65.8258386,0.732000,0.674000,4622.00,0.0792800000,9.53136100000,0.540000,88.22000,68.0000,4.85000000,2.04900000
"TOI-1782","TOI-1782.01",95.26490000,213.0787718,74.4117909,0.680000,0.669000,4336.00,0.0502400000,4.98764102800,,87.93861,,6.20000000,2.36800000
"TOI-2092","TOI-2092 b",176.75900000,212.5474866,45.5638685,0.956000,1.051900,5842.06,,4.30325528074,,87.00941,,9.00000000,2.94892961
"Kepler-303","Kepler-303 b",209.73800000,283.1354742,43.6567036,0.575000,0.485000,3944.00,0.0240000000,1.93705500000,0.000000,89.41000,,0.64000000,0.89000000
"Kepler-271","Kepler-271 c",404.54200000,283.0029316,44.2841080,0.900000,0.870000,5555.00,0.0699300000,7.41086267000,0.000000,89.79000,,0.80900000,0.95000000
"KOI-142","KOI-142 b",376.86300000,291.1481028,40.6694130,0.990000,0.897000,5466.00,0.0958600000,10.91647000000,0.055610,90.97000,90.5900,9.50000000,3.43800000
"Qatar-6","Qatar-6 b",100.84800000,222.2100773,22.1526136,0.822000,0.722000,5052.00,0.0423000000,3.50619500000,0.000000,86.01000,58.0000,212.31044000,11.90395800
"GJ 9066","GJ 9066 c",4.47100000,30.0588307,13.0443172,0.150000,0.164000,3154.00,0.8800000000,771.36000000000,0.460000,,321.7900,66.74396547,9.60000000
"K2-400","K2-400 b",62.38040000,154.5110307,3.6969271,0.374000,0.382000,3578.00,,3.86505300000,,,,1.67000000,1.16300000
"TOI-2094","TOI-2094 b",50.02480000,254.1425333,70.0273157,0.425000,0.384000,3435.00,0.1360000000,18.79319300000,,89.38700,,4.27000000,1.90000000
"TOI-2714","TOI-2714 b",597.87300000,61.4012482,-14.9267458,1.070000,1.250000,5665.00,0.0360000000,2.49938700000,0.164000,86.30000,-146.0000,228.00000000,13.72000000
"HD 164922","HD 164922 d",22.00160000,270.6304652,26.3104077,0.926000,0.946000,5390.00,0.1030000000,12.45800000000,0.120000,,-48.0000,4.00000000,1.83000000
"2MASS J01033563-5515561 A","2MASS J01033563-5515561 AB b",47.20000000,15.8992489,-55.2658291,0.190000,,,84.0000000000,,,,,4131.79000000,12.30000000
"TOI-2382","TOI-2382 b",434.92000000,356.3751852,-16.1141240,1.260000,1.417000,6033.00,0.0590000000,4.66120610000,0.180000,84.11000,,235.19302118,12.25141591
"Kepler-402","Kepler-402 b",625.33900000,288.3701976,43.3546109,1.072000,1.264000,6090.00,0.0510000000,4.02875100000,0.000000,88.85000,,1.98000000,1.22000000
"EPIC 201841433","EPIC 201841433 b",436.48800000,175.2067520,6.1348146,0.802000,0.628461,5053.00,0.0350000000,4.16980000000,,89.00100,,1.12000000,1.04000000
"USco1621 A","USco1621 b",137.90100000,245.3730855,-25.4954265,0.360000,0.710071,3460.00,2880.0000000000,,,,,5085.28000000,12.20000000
"K2-318","K2-318 b",147.86600000,232.4461375,-17.5574630,0.561000,0.552000,3851.00,0.0911000000,7.01000000000,,89.38000,,3.39000000,1.66000000
"K2-405","K2-405 b",197.23400000,164.3759959,12.5356140,1.034000,0.765000,4927.00,,3.43547100000,,87.66474,,18.90000000,4.56900000
"HD 307842","TOI-784 b",64.59970000,159.3412205,-63.6556923,0.910000,0.907000,5558.00,0.0380000000,2.79703650000,0.000000,88.60000,90.0000,9.67000000,1.93000000
"TOI-1814","TOI-1814 b",362.52200000,236.8168817,77.2326429,,2.389500,4872.84,,6.36861010462,,87.45512,,23.50000000,5.18536642
"Kepler-1419","Kepler-1419 b",1498.58000000,292.2545917,37.9713760,1.010000,1.010000,5796.00,0.2391000000,42.52158950000,0.000000,89.44000,,8.55000000,2.86000000
"EPIC 206215704","EPIC 206215704 b",109.88800000,335.0949721,-9.5097112,0.407000,0.250000,3297.00,,2.25543600000,,89.90000,,0.97200000,1.00000000
"Kepler-848","Kepler-848 b",1378.47000000,293.2882949,48.8116114,1.010000,1.200000,5695.00,0.0758600000,6.91134416000,0.000000,88.37000,,3.53000000,1.70000000
"Kepler-819","Kepler-819 b",664.30600000,295.3708312,39.1772925,0.860000,0.810000,5279.00,0.1894000000,33.19956480000,0.000000,89.98000,,8.05000000,2.76000000
"TOI-799","TOI-799 b",158.52600000,98.4691249,-52.4602958,1.000000,0.915519,5662.81,,5.54519139676,,87.76971,,4.92000000,2.06631784
"K2-146","K2-146 c",79.30020000,130.0266951,19.0923416,0.331000,0.330000,3385.00,0.0327000000,4.00498000000,0.075000,87.54000,130.0000,7.49000000,2.19000000
"K2-324","K2-324 b",136.66700000,157.6222171,6.8636732,0.517000,0.505000,3752.00,0.0331000000,3.26200000000,,88.33000,,6.48000000,2.43000000
"Kepler-822","Kepler-822 b",860.39100000,292.2760929,39.5501136,1.060000,1.080000,5928.00,0.0407800000,3.22296927300,0.000000,87.67000,,3.78000000,1.77000000
"TOI-1181","TOI-1181 b",302.81900000,297.2158166,64.3543506,1.467000,1.961000,6054.00,0.0364000000,2.10318900000,0.011000,87.00000,90.0000,374.71969185,17.02644168
"TOI-808","TOI-808 b",98.18480000,133.7485497,-44.2886304,0.870000,0.833198,5078.20,,9.73944854026,,88.42319,,5.49000000,2.20344362
"TOI-815","TOI-815 b",59.71170000,155.8719377,-43.8349248,0.776000,0.770000,4869.00,0.0903000000,11.19725900000,0.200000,89.36000,,7.60000000,2.94000000
"TOI-2141","TOI-2141 b",77.68200000,258.7623456,18.3403449,0.896000,0.950000,5635.00,0.1322000000,18.26160800000,0.210000,88.75500,90.0000,20.10000000,3.14700000
"TOI-2447","TOI-2447 b",148.98700000,70.9975864,-31.9066369,1.034000,1.006000,5730.00,0.3470000000,69.33684000000,0.170000,,-105.0000,124.90656395,9.60609646
"TOI-2818","TOI-2818 b",312.67400000,119.0598183,-35.1167104,0.977000,1.229000,5721.00,0.0493000000,4.03970900000,0.000000,87.73000,,225.65816897,15.27784069
"Kepler-1371","Kepler-1371 c",515.33400000,288.8314251,47.5519753,0.870000,0.830000,5361.00,0.0293700000,2.00541269000,0.000000,77.66000,,0.19600000,0.64000000
"EPIC 212587672","EPIC 212587672 b",320.07000000,205.4445125,-10.8625468,0.990000,0.980000,6004.00,,15.28078000000,,,,2.13000000,1.26000000
"Kepler-843","Kepler-843 b",1165.66000000,296.3219786,48.9714373,1.020000,1.030000,5830.00,0.0313000000,2.05387982100,0.000000,87.74000,,7.22000000,2.59000000
"K2-408","K2-408 b",162.30600000,227.9168555,-17.6842698,0.813000,0.784000,5335.00,,20.97895900000,,,,3.45000000,1.67700000
"TOI-1516","TOI-1516 b",247.05400000,340.0846204,69.5037313,1.140000,1.140000,6520.00,,2.05601400000,,90.00000,,1004.33776612,15.24421375
"TOI-2458","TOI-2458 b",112.95800000,79.6215290,1.2534390,1.050000,1.310000,6005.00,0.0482000000,3.73659000000,0.087000,84.03000,-26.0000,13.31000000,2.83000000
"Kepler-1423","Kepler-1423 b",449.00000000,288.2437481,41.1100655,0.790000,0.750000,4939.00,0.1586000000,23.95537800000,0.000000,89.12000,,1.20000000,1.06000000
"HATS-57","HATS-57 b",279.48500000,60.9482779,-19.0568182,1.026000,0.960000,5587.00,0.0349300000,2.35062100000,0.028000,87.88000,,1000.21101000,12.76705100
"HATS-56","HATS-56 b",564.40900000,180.1650720,-45.7994559,1.573000,2.201000,6536.00,0.0604300000,4.32479900000,0.019000,83.29000,,191.33366000,18.92079200
"TOI-763","TOI-763 b",95.12740000,194.4680980,-39.7580613,0.917000,0.897000,5450.00,0.0600000000,5.60570000000,0.040000,87.95510,42.0000,9.79000000,2.28000000
"K2-409","K2-409 b",431.03100000,228.4551125,-16.3512966,0.886000,1.228000,5742.00,,1.90808400000,,,,6.72000000,2.48200000
"TOI-1722","TOI-1722 b",136.41900000,114.3452126,61.1539249,1.162000,1.094140,5999.55,,9.60523206943,,87.87820,,17.60000000,4.38298108
"TOI-1873","TOI-1873 b",182.01400000,212.5684755,84.3718582,1.015000,0.971675,5597.99,,7.00572708834,,87.74915,,8.57000000,2.86356397
"TOI-2158","TOI-2158 b",198.47300000,276.8100527,20.5268868,1.120000,1.410000,5673.00,0.0750000000,8.60077000000,0.070000,85.70000,52.0000,260.61929374,10.76062147
"Kepler-1888","Kepler-1888 b",402.94700000,289.3945523,41.7822597,0.897000,1.249000,5557.00,0.0956000000,11.39169979000,0.000000,84.87000,,2.32000000,1.32578716
"Kepler-1901","Kepler-1901 b",1028.37000000,291.1643587,45.3183061,1.022000,0.921000,5696.00,0.0453000000,3.48412990600,0.000000,89.68000,,2.77000000,1.47418907
"GJ 433","GJ 433 c",9.06456000,173.8619194,-32.5436302,0.480000,0.500000,3461.00,4.8190000000,5094.10500000000,0.120000,,242.0000,32.42200000,6.27000000
"K2-374","K2-374 c",359.43900000,137.3794986,16.3558324,0.731000,0.907000,5789.00,,16.43445000000,,,,5.53000000,2.21300000
"TOI-1860","TOI-1860 b",45.86400000,226.4567308,64.0476821,0.990000,0.940000,5752.00,0.0204000000,1.06621070000,,,,2.27000000,1.31000000
"TOI-1723","TOI-1723 b",100.72700000,116.7971978,68.4766845,1.040000,1.090000,5777.00,0.1134960000,13.72701264300,0.000000,,90.0000,10.40000000,3.43500000
"TOI-1937 A","TOI-1937 A b",415.13500000,116.3707214,-52.3832587,1.072000,1.080000,5814.00,0.0193200000,0.94667944000,0.000000,77.00000,,638.83509807,13.97759893
"Kepler-292","Kepler-292 f",1056.48000000,295.7661979,42.4242822,0.865000,0.826000,5299.00,0.1410000000,20.83423700000,0.000000,89.56000,,6.12000000,2.35000000
"Kepler-1395","Kepler-1395 b",492.89400000,292.3374945,47.6641732,1.170000,1.230000,6138.00,0.0497400000,3.78470649000,0.000000,89.88000,,0.43700000,0.80000000
"Kepler-1905","Kepler-1905 b",1051.53000000,292.5733475,46.3668273,1.038000,1.015000,5788.00,0.0451000000,3.42392993000,0.000000,89.16000,,2.69000000,1.44607340
"Kepler-65","Kepler-65 e",303.72800000,288.6887221,41.1511076,1.248000,1.437000,6220.00,0.8539307544,258.80000000000,0.283000,127.00000,,260.00000000,13.90000000
"GJ 682","GJ 682 b",5.00671000,264.2610245,-44.3232519,0.270000,0.298255,3028.00,0.0800000000,17.47800000000,0.080000,,86.0000,4.40000000,1.93000000
"TOI-132","TOI-132 b",163.67800000,338.3996623,-43.4368720,0.970000,0.900000,5397.00,0.0260000000,2.10970190000,0.059000,85.03000,125.8800,22.40000000,3.42000000
"TOI-2000","TOI-2000 c",175.71300000,146.3970631,-66.6866307,1.082000,1.134000,5611.00,0.0878000000,9.12705500000,0.063000,87.86000,196.0000,81.70000000,8.14000000
"TOI-2000","TOI-2000 b",175.71300000,146.3970631,-66.6866307,1.082000,1.134000,5611.00,0.0427100000,3.09833000000,0.000000,84.59000,,11.00000000,2.70000000
"TOI-2194","TOI-2194 b",19.57110000,299.1563393,-31.3351812,0.740000,0.690900,4756.00,,15.33759700000,,89.27000,,4.61000000,1.98920000
"TOI-2498","TOI-2498 b",275.26500000,95.4162204,11.2516477,1.120000,1.260000,5905.00,0.0491000000,3.73825200000,0.089000,87.12000,89.9900,34.62000000,6.06000000
"Kepler-102","Kepler-102 e",107.79600000,281.4824731,47.2078263,0.803000,0.724000,4909.00,0.1162000000,16.14569940000,0.089000,89.48800,,4.70000000,2.17000000
"HD 2685","HD 2685 b",196.85200000,7.3289156,-76.3040320,1.430000,1.560000,6801.00,0.0568000000,4.12688000000,0.091000,89.25200,184.3600,371.86110000,16.14096000
"Kepler-95","Kepler-95 b",445.65600000,284.4824281,44.3978910,1.080000,1.410000,5699.00,0.1023200000,11.52310000000,0.000000,90.00000,,13.00000000,3.42000000
"Wendelstein-2","Wendelstein-2 b",565.54100000,297.7909214,16.9125679,0.730000,0.660000,4591.00,0.0234000000,1.75222390000,0.057000,87.87000,,232.33373000,12.99347280
"K2-384","K2-384 b",82.66030000,20.4998403,0.7509701,0.330000,0.348000,3623.00,,2.23152700000,,,,1.26000000,1.07600000
"HD 174205","HD 174205 b",234.02700000,280.7932014,70.7928237,1.800000,26.600000,4308.00,1.7000000000,582.00000000000,0.400000,,94.0000,1334.87930940,13.00000000
"Kepler-430","Kepler-430 c",917.47700000,292.8085984,49.5794242,1.166000,1.485000,5884.00,0.4757000000,110.97900000000,0.000000,89.94000,,3.71000000,1.75000000
"Kepler-1656","Kepler-1656 b",185.87500000,284.4722473,39.9118890,1.030000,1.100000,5569.00,0.1974000000,31.56200000000,0.838000,89.31000,52.8000,47.80000000,4.57400000
"Kepler-647","Kepler-647 c",1087.87000000,284.7882977,44.5916225,1.070000,1.545710,5906.74,0.1829100000,29.66630000000,0.000000,89.96000,,15.10000000,4.00135002
"Kepler-210","Kepler-210 b",232.75000000,292.5034196,43.0832188,0.770000,0.650000,4559.00,0.0320000000,2.45323400000,0.000000,77.86000,,8.96000000,2.94000000
"OGLE-2006-BLG-109L","OGLE-2006-BLG-109L c",1510.00000000,268.1437920,-30.0877778,0.510000,,,4.5000000000,4927.50000000000,0.150000,64.00000,,86.00000000,11.10000000
"KMT-2016-BLG-1397L","KMT-2016-BLG-1397L b",6600.00000000,272.6646120,-24.8577385,0.450000,,,5.1000000000,,,,,2200.00000000,12.70000000
"KMT-2019-BLG-0253L","KMT-2019-BLG-0253L b",4900.00000000,267.8825833,-29.5654722,0.700000,,,3.1000000000,,,,,9.20000000,2.99000000
"KMT-2023-BLG-0548L","KMT-2023-BLG-0548L b",6830.00000000,270.3476250,-27.1067500,0.720000,,,6.8500000000,,,,,1086.97315194,13.10000000
"Kepler-1963","Kepler-1963 b",492.84700000,296.5875182,47.2071290,0.915000,0.979000,5726.00,0.0291500000,1.96226000800,0.000000,89.06000,,0.33700000,0.74437023
"Kepler-1517","Kepler-1517 b",847.29900000,287.8072115,43.1888008,1.580000,1.950000,7010.00,0.0780000000,5.54608366500,0.000000,83.88000,,68.70000000,9.76000000
"Kepler-1711","Kepler-1711 b",590.26800000,298.1772916,42.2370289,0.940000,1.034000,5706.00,0.1463000000,21.06080055000,0.000000,89.67000,,4.36000000,1.92300000
"MOA-2010-BLG-328L","MOA-2010-BLG-328L b",810.00000000,269.4963330,-30.7151750,0.110000,,,0.9200000000,,,,,9.20000000,2.99000000
"MOA-2011-BLG-291L","MOA-2011-BLG-291L b",4400.00000000,268.8678890,-29.1706657,0.150000,,,0.6900000000,,,,,18.00000000,4.43000000
"KMT-2018-BLG-1743L","KMT-2018-BLG-1743L b",6483.00000000,274.2833750,-26.3596389,0.193000,,,1.4490000000,,,,,77.86795971,10.50000000
"OGLE-2018-BLG-0516L","OGLE-2018-BLG-0516L b",7000.00000000,269.6401250,-31.2623889,0.470000,,,2.2000000000,,,,,20.10000000,4.73000000
"KMT-2023-BLG-0949L","KMT-2023-BLG-0949L b",6060.00000000,263.4194167,-28.0914611,0.480000,,,2.0300000000,,,,,1900.61387386,12.80000000
"KMT-2024-BLG-2059L","KMT-2024-BLG-2059L b",6070.00000000,270.9297500,-28.5681889,0.510000,,,2.5500000000,,,,,6.99222495,2.54000000
"Kepler-146","Kepler-146 b",716.79700000,294.1107631,38.7102222,1.079000,1.208000,5948.00,0.2000000000,31.15879900000,0.000000,89.97000,,13.30000000,3.71000000
"Kepler-1468","Kepler-1468 d",1899.24000000,293.5198289,41.2773671,1.072000,1.496000,5794.00,0.1456000000,19.59059906000,0.000000,88.43000,,11.10000000,3.33187146
"Kepler-348","Kepler-348 c",570.78300000,297.2550814,40.5483883,1.189000,1.359000,6177.00,0.1380000000,17.26542700000,0.000000,89.99000,,2.33000000,1.33000000
"Kepler-1641","Kepler-1641 c",860.37000000,296.3594560,41.5745321,1.120000,1.190000,6152.00,0.2065000000,32.65721200000,0.000000,89.99000,,9.01000000,2.95000000
"Kepler-1641","Kepler-1641 b",860.37000000,296.3594560,41.5745321,1.120000,1.190000,6152.00,0.1473000000,19.67226600000,0.000000,88.19000,,9.85000000,3.11000000
"Kepler-39","Kepler-39 b",1057.41000000,296.9603348,46.0342954,1.290000,1.400000,6350.00,0.1640000000,21.08721000000,0.112000,89.07000,99.0000,6388.10000000,13.90000000
"Kepler-174","Kepler-174 c",384.75700000,287.4389454,43.8320052,0.602000,0.622000,4880.00,0.2140000000,44.00052900000,0.000000,89.97000,,2.83000000,1.49000000
"KMT-2023-BLG-1642L","KMT-2023-BLG-1642L b",6980.00000000,261.3660000,-29.0584694,0.170000,,,1.4100000000,,,,,343.25467956,13.80000000
"Kepler-1468","Kepler-1468 b",1899.24000000,293.5198289,41.2773671,1.040000,1.050000,5893.00,0.0817000000,8.23984869000,0.000000,89.94000,,3.64000000,1.73000000
"Kepler-203","Kepler-203 b",703.30200000,297.0899590,41.3880686,1.060000,1.114000,5821.00,0.0430000000,3.16269700000,0.000000,85.47000,,7.13000000,2.57000000
"Kepler-152","Kepler-152 b",441.09000000,286.8653826,41.9889571,0.779000,0.724000,5088.00,0.1240000000,18.20797300000,0.000000,88.77000,,8.20000000,2.79000000
"OGLE-2015-BLG-0966L","OGLE-2015-BLG-0966L b",3300.00000000,268.7542500,-29.0471111,0.380000,,,2.7000000000,,,,,21.00000000,4.86000000
"MOA-2011-BLG-028L","MOA-2011-BLG-028L b",7380.00000000,270.8540000,-29.2134167,0.750000,,,4.1400000000,,,,,30.00000000,5.99000000
"OGLE-2018-BLG-0383L","OGLE-2018-BLG-0383L b",7700.00000000,268.6807500,-28.7392778,0.100000,,,1.8000000000,,,,,6.40000000,2.41000000
"KMT-2021-BLG-1391L","KMT-2021-BLG-1391L b",5720.00000000,270.6835833,-28.0605000,0.370000,,,2.2900000000,,,,,4.55000000,1.97000000
"Kepler-195","Kepler-195 c",652.05100000,288.1209339,47.9666141,0.867000,0.775000,5329.00,0.1970000000,34.09686300000,0.000000,89.65000,,3.02000000,1.55000000
"Kepler-880","Kepler-880 c",601.32400000,281.9712347,43.6727839,1.714000,2.599000,6900.00,0.1216000000,11.80617370000,0.000000,84.28000,,8.60000000,2.87000000
"Kepler-608","Kepler-608 b",946.68300000,293.8829010,44.6380717,1.000000,1.010000,5820.00,0.0685000000,6.41251503700,0.000000,86.11000,,12.90000000,3.64000000
"Kepler-1704","Kepler-1704 b",835.45500000,291.2012559,51.1442437,1.132000,1.697000,5746.00,2.0270000000,988.88112000000,0.920000,89.00000,82.4000,1322.16617312,11.94877343
"Kepler-561","Kepler-561 c",621.37800000,293.7471107,45.1071981,0.960000,0.940000,5646.00,0.0594700000,5.35016198300,0.000000,89.98000,,7.65000000,2.68000000
"OGLE-2015-BLG-0051L","OGLE-2015-BLG-0051L b",8200.00000000,269.6625370,-28.0316944,0.100000,,,0.7300000000,,,,,230.00000000,14.00000000
"OGLE-2018-BLG-0740L","OGLE-2018-BLG-0740L b",3200.00000000,272.1769583,-29.8358056,1.000000,,5912.00,5.0000000000,5480.00000000000,0.000000,,,1500.00000000,12.90000000
"OGLE-2017-BLG-1099L","OGLE-2017-BLG-1099L b",7250.00000000,263.9642500,-29.5858611,0.450000,,,2.7300000000,,,,,959.84178914,13.10000000
"KMT-2021-BLG-0748L","KMT-2021-BLG-0748L b",6090.00000000,272.4213333,-25.7465806,0.360000,,,2.4300000000,,,,,143.02278315,14.30000000
"TOI-2267 B","TOI-2267 d",22.55000000,65.0615000,84.9008250,0.098900,0.130000,3022.00,0.0145000000,2.03446710000,,89.00000,,3.78000000,1.77000000
"Kepler-1719","Kepler-1719 b",905.40600000,284.7068546,38.9367566,1.080000,1.775000,5687.00,0.0686800000,6.14955997500,0.000000,87.37000,,14.80000000,3.95000623
"Kepler-1254","Kepler-1254 c",622.81800000,285.1733174,48.7700099,0.780000,0.750000,4985.00,0.0422000000,3.60084276000,0.000000,88.30000,,2.24000000,1.30000000
"Kepler-639","Kepler-639 b",850.24200000,292.1868271,41.7269440,1.140000,1.290000,5896.00,0.0935800000,10.21420496000,0.000000,89.93000,,6.26000000,2.38000000
"KMT-2016-BLG-0212L","KMT-2016-BLG-0212L b",6300.00000000,268.4392500,-29.0868889,0.480000,,,2.2000000000,,,,,5700.00000000,12.20000000
"KMT-2019-BLG-1552L","KMT-2019-BLG-1552L b",4600.00000000,269.5957917,-27.5669389,0.790000,,,2.6000000000,,,,,1287.20504835,13.00000000
"KMT-2024-BLG-0349L","KMT-2024-BLG-0349L b",5750.00000000,261.3715417,-30.2470194,0.680000,,,6.4600000000,,,,,3769.44490702,12.40000000
"Kepler-208","Kepler-208 d",775.32800000,293.8901979,42.5279413,1.082000,1.314000,6092.00,0.1030000000,11.13178600000,0.000000,89.02000,,1.87000000,1.20000000
"Kepler-171","Kepler-171 b",863.85500000,296.7719082,41.7555958,0.978000,0.839000,5642.00,0.0500000000,4.16697200000,0.000000,89.89000,,6.08000000,2.34000000
"Kepler-1525","Kepler-1525 b",382.98900000,290.5594479,49.9428629,1.070000,1.040000,5748.00,0.0355700000,2.41660118300,0.000000,89.79000,,0.69300000,0.91000000
"Kepler-1645","Kepler-1645 b",1202.47000000,297.4795142,48.4185820,1.020000,1.020000,5812.00,0.1285000000,16.17795610000,0.000000,89.81000,,3.82000000,1.78000000
"KMT-2018-BLG-1990L","KMT-2018-BLG-1990L b",967.00000000,268.4353750,-22.1525389,0.094000,,,0.7630000000,,,,,111.00000000,12.90000000
"KMT-2018-BLG-0247L","KMT-2018-BLG-0247L b",6760.00000000,264.5600417,-27.1504111,0.290000,,,2.4600000000,,,,,670.61793877,13.40000000
"Kepler-30","Kepler-30 d",914.22100000,285.2836483,38.9472625,0.990000,0.950000,5498.00,0.5000000000,143.34394000000,0.022000,89.84060,-163.0000,23.10000000,8.80000000
"PSR B1257+12","PSR B1257+12 d",600.00000000,195.0149029,12.6823534,1.400000,,,0.4600000000,98.21140000000,0.026400,47.00000,108.3000,3.90000000,1.80000000
"OGLE-2016-BLG-0263L","OGLE-2016-BLG-0263L b",6500.00000000,269.8954160,-31.8186111,0.130000,,,5.4000000000,,,,,1300.00000000,13.00000000
"OGLE-2012-BLG-0026L","OGLE-2012-BLG-0026L c",4019.00000000,263.5779170,-27.1427500,1.060000,,,4.8000000000,,,,,270.00000000,13.90000000
"KMT-2018-BLG-2602L","KMT-2018-BLG-2602L b",4310.00000000,267.3970417,-21.9762000,0.660000,,,3.8100000000,,,,,365.50266805,13.70000000
"KMT-2016-BLG-1337L","KMT-2016-BLG-1337L b",6920.00000000,269.1300417,-33.0341889,0.540000,,,3.9700000000,,,,,88.99195396,11.40000000
"Kepler-220","Kepler-220 d",171.10900000,291.5060432,46.8956262,0.729000,0.666000,4632.00,0.1630000000,28.12239700000,0.000000,89.34000,,0.90400000,0.98000000
"Kepler-1949","Kepler-1949 b",2617.35000000,293.5422586,43.0260555,1.194000,1.454000,6028.00,0.0352000000,2.20828008700,0.000000,88.00000,,5.56000000,2.21964541
"Kepler-695","Kepler-695 b",842.94700000,299.3160934,40.8223815,0.840000,0.800000,5181.00,0.0374000000,3.04033042400,0.000000,85.95000,,62.30000000,9.21000000
"Kepler-529","Kepler-529 d",799.00800000,285.8884067,47.8803640,1.005000,1.189000,6078.00,0.2134000000,35.86619949000,0.000000,85.14000,,8.22000000,2.79502603
"OGLE-2005-BLG-390L","OGLE-2005-BLG-390L b",6600.00000000,268.5799580,-30.3773056,0.220000,,,2.6000000000,3285.00000000000,,,,5.50000000,2.21000000
"Kepler-220","Kepler-220 b",171.10900000,291.5060432,46.8956262,0.729000,0.666000,4632.00,0.0460000000,4.15980700000,0.000000,87.37000,,0.45700000,0.81000000
"Kepler-1993","Kepler-1993 b",1031.91000000,293.7968548,45.1607261,1.373000,3.062000,5159.00,0.1943000000,26.65657370000,0.000000,88.72000,,16.10000000,4.15000000
"Kepler-154","Kepler-154 e",915.21200000,289.7805393,49.8965624,0.980000,0.980000,5769.00,0.0476600000,3.93276465000,0.000000,87.81000,,2.86000000,1.50000000
"MOA-2009-BLG-387L","MOA-2009-BLG-387L b",5690.00000000,268.4616250,-33.9903333,0.190000,,,1.8000000000,1980.00000000000,,52.00000,,830.00000000,13.20000000
"OGLE-2018-BLG-1647L","OGLE-2018-BLG-1647L b",7880.00000000,268.9623750,-31.8170000,0.092000,,,1.3600000000,,,,,308.29355479,13.80000000
"Kepler-154","Kepler-154 c",915.21200000,289.7805393,49.8965624,0.933000,1.001000,5690.00,0.3030000000,62.30327600000,0.000000,89.13000,,9.01000000,2.95000000
"Kepler-390","Kepler-390 c",435.27700000,291.6288086,41.2088351,0.787000,0.776000,5166.00,0.1010000000,13.06002200000,0.000000,89.08000,,0.41800000,0.79000000
"Kepler-967","Kepler-967 c",568.54600000,286.5580128,38.4052418,0.840000,0.800000,5178.00,0.6253000000,198.71125020000,0.000000,89.99000,,12.90000000,3.65000000
"Kepler-248","Kepler-248 c",738.79200000,293.0613138,43.5813577,0.838000,0.831000,5190.00,0.1230000000,16.23949400000,0.000000,89.92000,,15.60000000,4.07000000
"Kepler-648","Kepler-648 b",636.03000000,283.8996207,45.0169137,1.050000,0.980000,5741.00,0.1332400000,17.42117490000,0.000000,88.24000,,10.50000000,3.22000000
"OGLE-2017-BLG-0406L","OGLE-2017-BLG-0406L b",5200.00000000,268.9996670,-29.8631389,0.560000,,,3.5000000000,,,,,130.00000000,14.20000000
"OGLE-2018-BLG-1367L","OGLE-2018-BLG-1367L b",5370.00000000,269.7556250,-29.1683611,0.280000,,,1.2100000000,,,,,301.93698665,13.80000000
"OGLE-2018-BLG-0932L","OGLE-2018-BLG-0932L b",6620.00000000,268.3512083,-29.0218056,0.720000,,,1.7500000000,,,,,282.86728223,13.90000000
"OGLE-2017-BLG-0364L","OGLE-2017-BLG-0364L b",7860.00000000,265.2278750,-34.6175833,0.490000,,,3.7900000000,,,,,75.80000000,10.30000000
"Kepler-1814","Kepler-1814 c",726.34600000,285.2166767,41.2824449,0.790000,0.823000,4922.00,0.0133000000,0.62628176600,0.000000,81.02000,,3.75000000,1.76000000
"Kepler-1588","Kepler-1588 b",924.14100000,288.2327232,48.0021967,0.960000,0.990000,5817.00,0.0741900000,7.84931739000,0.000000,89.62000,,0.36300000,0.76000000
"Kepler-436","Kepler-436 b",588.86700000,301.7207775,44.4120856,0.729000,0.697000,4651.00,0.3390000000,64.00205000000,0.190000,89.93000,,7.90000000,2.73000000
"KOI-3503","KOI-3503 c",887.06400000,293.1507654,41.7291532,0.858000,1.255000,6001.00,0.1868800000,31.82800000000,0.000000,89.38000,,10.36000000,1.21000000
"Kepler-1491","Kepler-1491 c",2065.59000000,293.6297645,45.7406293,0.991000,1.389000,5626.00,0.3045000000,61.56976500000,0.000000,89.35000,,6.53000000,2.44000000
"Kepler-158","Kepler-158 c",315.17700000,284.0323723,39.7815365,0.655000,0.624000,4623.00,0.1580000000,28.55138300000,0.000000,89.17000,,4.27000000,1.90000000
"MOA-2011-BLG-293L","MOA-2011-BLG-293L b",7720.00000000,268.9139580,-28.4768472,0.860000,,,1.1000000000,3000.00000000000,,,,1500.00000000,12.90000000
"OGLE-2017-BLG-0173L","OGLE-2017-BLG-0173L b",4705.00000000,267.9706120,-29.2713604,0.396000,,,3.9130000000,,,,,3.26900000,1.62000000
"OGLE-2018-BLG-1269L","OGLE-2018-BLG-1269L b",2510.00000000,269.6934170,-27.6179444,1.110000,,,4.5100000000,,,,,210.00000000,14.10000000
"KMT-2021-BLG-0119L","KMT-2021-BLG-0119L b",3130.00000000,274.0005417,-29.7438889,0.560000,,,2.9200000000,,,,,1754.41280664,12.80000000
"Kepler-968","Kepler-968 c",290.32400000,285.6025889,50.1120401,0.760000,0.700000,4598.00,0.0520000000,5.70940491800,0.000000,87.70000,,3.50000000,1.69000000
"Kepler-28","Kepler-28 b",438.35900000,292.1370409,42.4294835,0.684000,0.664000,4499.30,0.0568700000,5.91000000000,0.000000,89.51000,,1.63000000,1.95900000
"MOA-2008-BLG-379L","MOA-2008-BLG-379L b",3300.00000000,269.7060000,-30.1969306,0.560000,,,2.7000000000,,,,,1300.00000000,13.00000000
"MOA-2022-BLG-091L","MOA-2022-BLG-091L b",4250.00000000,268.9422083,-32.3414389,0.750000,,,3.4400000000,,,,,1141.00398113,13.00000000
"KMT-2023-BLG-2209L","KMT-2023-BLG-2209L b",5570.00000000,268.9942083,-29.3056694,0.730000,,,3.5100000000,,,,,254.26272560,13.90000000
"Kepler-1533","Kepler-1533 b",966.80100000,295.9755645,44.7133739,1.310000,1.510000,6431.00,0.9341600000,308.54710000000,0.000000,89.99000,,11.80000000,3.46000000
"Kepler-558","Kepler-558 b",661.87600000,284.6579709,42.6526751,0.850000,0.810000,5242.00,0.1759000000,29.00790538000,0.000000,88.57000,,6.21000000,2.37000000
"Kepler-177","Kepler-177 c",1435.44000000,286.0471442,45.0532038,0.921000,1.324000,5732.00,0.2565500000,49.40926000000,0.000000,88.79500,,14.70000000,8.73000000
"OGLE-2014-BLG-1722L","OGLE-2014-BLG-1722L b",6400.00000000,268.7523800,-31.4690552,0.400000,,,1.5000000000,,,,,55.30000000,8.59000000
"OGLE-2015-BLG-1609L","OGLE-2015-BLG-1609L b",3300.00000000,270.8237917,-26.9071111,0.170000,,,,,,,,76.27881768,10.40000000
"Kepler-690","Kepler-690 b",1665.31000000,294.4899225,39.7714758,1.110000,1.160000,5913.00,0.0810000000,7.74809437400,0.000000,88.02000,,29.60000000,5.95000000
"KMT-2025-BLG-1160L","KMT-2025-BLG-1160L b",6580.00000000,268.8604583,-30.7249194,0.580000,,,2.5600000000,,,,,25.36000000,5.43000000
"Kepler-46","Kepler-46 b",777.06000000,289.2687388,42.6041819,0.902000,0.938000,5155.00,0.1968000000,33.60134000000,0.010000,89.03800,264.2000,1907.00000000,9.05700000
"Kepler-188","Kepler-188 c",968.54400000,281.2797173,44.3154743,1.021000,1.141000,6021.00,0.0660000000,5.99655300000,0.000000,87.63000,,10.30000000,3.19000000
"Kepler-586","Kepler-586 b",693.76600000,293.0571982,45.5511266,0.940000,0.920000,5575.00,0.0331000000,2.10472218400,0.000000,89.99000,,8.20000000,2.79000000
"Kepler-245","Kepler-245 d",861.52700000,291.6389972,42.4363482,0.856000,0.795000,5100.00,0.2020000000,36.27710800000,0.000000,89.97000,,21.60000000,3.03000000
"OGLE-2013-BLG-0341L B","OGLE-2013-BLG-0341L B b",911.00000000,268.0312080,-29.8461111,0.112700,,,0.7020000000,,,,,1.66000000,1.16000000
"KMT-2018-BLG-1976L","KMT-2018-BLG-1976L b",5840.00000000,266.3546667,-35.7003306,0.650000,,,3.5400000000,,,,,705.57906354,13.30000000
"KMT-2017-BLG-0428L","KMT-2017-BLG-0428L b",5400.00000000,271.3852500,-28.4902806,0.340000,,,1.8100000000,,,,,5.59000000,2.23000000
"KMT-2019-BLG-1806L","KMT-2019-BLG-1806L b",6640.00000000,270.5375417,-29.4148889,0.740000,,,3.0200000000,,,,,4.67000000,2.00000000
"OGLE-2014-BLG-0124L","OGLE-2014-BLG-0124L b",3500.00000000,270.6217083,-28.3962500,0.900000,,,3.4800000000,,,,,206.58846455,14.10000000
"Kepler-1616","Kepler-1616 b",1137.81000000,286.5436691,45.3048716,1.210000,1.340000,6266.00,0.0731800000,6.76284377000,0.000000,85.50000,,1.04000000,1.02000000
"Kepler-362","Kepler-362 b",1090.51000000,291.7716030,47.5299192,0.904000,0.722000,5788.00,0.0870000000,10.32718600000,0.000000,88.47000,,0.61500000,0.88000000
"Kepler-612","Kepler-612 b",1445.53000000,291.3546278,45.7478551,0.980000,0.960000,5693.00,0.0452000000,3.72215641300,0.000000,86.76000,,8.45000000,2.84000000
"Kepler-81","Kepler-81 c",348.29100000,293.6369437,42.8248275,0.640000,0.590000,4385.00,0.0834700000,12.04000000000,0.000000,89.51000,,4.30000000,2.37000000
"OGLE-2013-BLG-1761L","OGLE-2013-BLG-1761L b",6900.00000000,268.4094850,-28.8952713,0.330000,,,1.8000000000,,,,,860.00000000,13.20000000
"KMT-2016-BLG-1105L","KMT-2016-BLG-1105L b",5080.00000000,266.4472500,-26.2663694,0.410000,,,2.4400000000,,,,,2.32000000,1.33000000
"TOI-5573","TOI-5573 b",186.56200000,136.4259999,55.3071309,0.619000,0.594000,3790.00,0.0712000000,8.79758977000,0.072000,89.01000,32.8000,112.00000000,9.75000000
"Kepler-1144","Kepler-1144 b",1140.57000000,290.0432936,47.2578857,0.980000,0.960000,5753.00,0.1291000000,17.14647302000,0.000000,86.25000,,4.62000000,1.99000000
"Kepler-172","Kepler-172 e",828.59200000,283.3684093,41.8218390,1.081000,1.085000,5526.00,0.2110000000,35.11873600000,0.000000,87.49000,,8.05000000,2.76000000
"Kepler-694","Kepler-694 b",1023.06000000,291.1495269,40.4204569,0.970000,0.950000,5700.00,0.0659000000,6.36584161200,0.000000,87.92000,,8.25000000,2.80000000
"K2-108","K2-108 b",477.29500000,123.3818484,16.4195160,1.170000,1.760000,5599.00,0.0581000000,4.73399900000,0.180000,86.13513,,59.40000000,5.33000000
"TOI-201","TOI-201 d",113.82500000,87.4017825,-54.9104230,1.320000,1.310000,6423.00,0.0698000000,5.84889000000,0.300000,91.70000,340.0000,5.80000000,1.39000000
"Kepler-373","Kepler-373 b",1090.45000000,289.3879904,50.5970115,0.981000,0.845000,5787.00,0.0600000000,5.53530900000,0.000000,89.81000,,2.42000000,1.36000000
"Kepler-377","Kepler-377 c",823.80400000,295.4220717,38.7356737,1.043000,1.224000,5949.00,0.1820000000,27.01497600000,0.000000,89.99000,,4.90000000,2.06000000
"Kepler-444","Kepler-444 d",36.43960000,289.7528323,41.6318840,0.758000,0.752000,5046.00,0.0600000000,6.18939200000,0.180000,88.16000,,0.20000000,0.53000000
"Kepler-1649","Kepler-1649 b",92.19130000,292.5029676,41.8299933,0.197700,0.231700,3240.00,0.0514000000,8.68909900000,0.000000,89.15000,,1.03000000,1.01700000
"Kepler-179","Kepler-179 c",605.68000000,298.6636163,47.7619329,0.893000,0.759000,5302.00,0.0640000000,6.40013000000,0.000000,85.83000,,4.66000000,2.00000000
"K2-179","K2-179 b",190.81000000,58.7967878,23.7567524,0.824345,0.768067,5015.00,,5.17219100000,,88.75496,,6.86000000,2.51267885
"Kepler-219","Kepler-219 d",787.07000000,288.7389481,46.7625929,1.164000,1.491000,5786.00,0.2720000000,47.90364500000,0.000000,88.02000,,19.10000000,2.81000000
"Kepler-50","Kepler-50 b",250.11000000,288.1009312,50.0336844,1.240000,1.580000,6225.00,0.0770000000,7.81254000000,0.000000,89.88000,,8.90000000,1.71000000
"Kepler-1787","Kepler-1787 b",778.60200000,289.0643042,47.1174041,1.008000,0.925000,6060.00,0.2270000000,39.31370163000,0.000000,89.99000,,5.99000000,2.31898181
"Kepler-1542","Kepler-1542 b",399.11400000,285.7284757,42.6544651,0.940000,0.990000,5564.00,0.0476500000,3.95116882000,0.000000,88.05000,,0.36300000,0.76000000
"Kepler-1444","Kepler-1444 b",319.67500000,285.3306799,42.0405016,1.030000,1.050000,5810.00,0.2090600000,33.42035034000,0.000000,88.55000,,5.39000000,2.18000000
"Kepler-1997","Kepler-1997 b",1502.34000000,297.4808253,46.5891373,1.111000,1.052000,6215.00,0.1815000000,26.75758660000,0.000000,89.29000,,5.82000000,2.28000000
"Kepler-241","Kepler-241 b",512.00000000,292.9131121,41.0609786,0.671000,0.668000,4699.00,0.0940000000,12.71809200000,0.000000,89.17000,,6.04000000,2.33000000
"Kepler-1624","Kepler-1624 b",258.97900000,292.5798564,37.3762616,0.541000,0.552000,3768.00,0.0327000000,3.29031400000,0.000000,89.68000,,35.30000000,6.59000000
"K2-168","K2-168 b",243.93500000,333.1100738,-16.3418863,0.877000,0.830000,5502.70,,15.85230000000,,89.40000,,4.12000000,1.86000000
"K2-119","K2-119 b",365.58100000,132.0098683,16.9017663,0.760000,0.710000,4740.00,0.0698000000,7.72728300000,0.070000,89.40000,-37.7100,6.94000000,2.53000000
"Kepler-730","Kepler-730 c",1935.04000000,285.5547895,45.5788420,1.047000,1.411000,5620.00,0.0399700000,2.85188338000,0.000000,83.81000,,3.09000000,1.56926000
"TOI-5319","TOI-5319 b",61.17100000,35.2135563,23.5204408,0.500000,0.485000,3580.00,0.0506000000,4.07853000000,,89.25000,,8.40000000,2.83000000
"HD 80883","HD 80883 b",34.60110000,139.9331831,-59.4780815,0.880000,0.814842,5177.91,6.4620000000,6383.78352000000,0.203000,141.31200,231.4080,1748.05623850,12.80000000
"Kepler-1585","Kepler-1585 b",944.46500000,296.1589897,44.5630457,0.940000,0.910000,5538.00,0.0445000000,3.58274630000,0.000000,89.55000,,3.86000000,1.79000000
"Kepler-1961","Kepler-1961 b",1042.45000000,286.3300783,39.6831276,0.871000,0.777000,5401.00,0.0588000000,5.60471010200,0.000000,89.14000,,3.25000000,1.61878080
"Kepler-1446","Kepler-1446 b",152.07500000,289.4240357,46.7260823,0.810000,0.750000,4865.00,0.0140500000,0.68996783200,0.000000,88.50000,,0.47700000,0.82000000
"Kepler-342","Kepler-342 c",781.61100000,292.6780488,46.7266813,1.213000,1.472000,6175.00,0.1850000000,26.23413800000,0.000000,86.14000,,4.50000000,1.96000000
"K2-121","K2-121 b",169.39800000,126.9366624,17.5793267,0.710000,0.675000,4526.00,0.0525000000,5.18573800000,0.220000,89.02659,72.9700,51.00000000,7.16000000
"Kepler-279","Kepler-279 e",1037.40000000,287.3912950,42.1948220,1.164000,1.430000,6689.45,0.4390000000,98.35310000000,0.000000,86.40000,,56.00000000,4.13000000
"KOI-3680","KOI-3680 b",921.98600000,293.2815266,45.3096572,1.010000,0.960000,5830.00,0.5340000000,141.24167100000,0.496000,89.89200,154.7000,613.41190000,11.09691000
"Kepler-1638","Kepler-1638 b",1525.52000000,295.4823299,48.5244695,0.970000,0.950000,5710.00,0.7450000000,259.33683000000,0.000000,89.99540,,4.16000000,1.87000000
"K2-146","K2-146 b",79.30020000,130.0266951,19.0923416,0.331000,0.330000,3385.00,0.0248000000,2.64460000000,0.129000,88.93000,-64.0000,5.77000000,2.05000000
"Kepler-677","Kepler-677 b",1954.08000000,290.0980478,50.3215731,1.000000,0.990000,5723.00,0.0670000000,6.57531678000,0.000000,88.03000,,25.00000000,5.38000000
"TOI-5344","TOI-5344 b",138.36700000,63.2662165,20.9151568,0.612000,0.588000,3747.00,0.0404100000,3.79262200000,0.054000,87.15000,95.0000,130.94530368,10.60369574
"Kepler-1811","Kepler-1811 b",1390.56000000,289.9793241,40.1427848,0.946000,1.190000,5561.00,0.3462000000,76.42230225000,0.000000,89.99000,,14.10000000,3.84829873
"Kepler-481","Kepler-481 b",813.72400000,291.9069862,49.2620760,1.010000,1.090000,5802.00,0.0892600000,10.06082567000,0.000000,87.02000,,6.80000000,2.50000000
"Kepler-375","Kepler-375 c",1238.81000000,288.6178715,48.0983639,0.891000,0.837000,5826.00,0.1410000000,19.98632600000,0.000000,85.75000,,7.51000000,2.65000000
"Kepler-113","Kepler-113 c",262.35100000,287.9978721,50.9441847,0.750000,0.690000,4725.00,0.0779600000,8.92507000000,0.000000,87.69000,,8.70000000,2.18000000
"Kepler-9","Kepler-9 b",628.25700000,285.5739904,38.4008192,1.022000,0.958000,5774.00,0.1430000000,19.23891000000,0.060900,88.98200,357.0000,43.40000000,8.29000000
"Kepler-1590","Kepler-1590 b",771.15200000,291.4079141,48.0178915,1.110000,1.160000,6053.00,0.0711600000,7.61760804000,0.000000,89.17000,,1.55000000,1.14000000
"Kepler-1514","Kepler-1514 b",397.29200000,292.6274943,37.8601653,1.196000,1.289000,6145.00,0.7530000000,217.83184000000,0.401000,89.94400,-75.2800,1678.14240000,12.41957200
"Kepler-175","Kepler-175 b",1312.34000000,289.5532320,43.8761160,0.969000,1.010000,6064.00,0.1050000000,11.90351500000,0.000000,88.78000,,7.08000000,2.56000000
"K2-83","K2-83 b",125.52900000,59.9013782,15.5587994,0.484000,0.424000,3910.00,0.0301400000,2.74697000000,0.070000,88.72000,-5.4300,2.08000000,1.24400000
"Kepler-231","Kepler-231 c",316.61800000,293.9733913,50.5318460,0.580000,0.490000,3767.00,0.1140000000,19.27156600000,0.000000,89.97000,,24.10000000,1.93000000
"Kepler-1683","Kepler-1683 b",733.14300000,298.4501035,44.2840193,0.950000,0.900327,5429.00,0.1182000000,15.03370000000,0.000000,89.98000,,4.17000000,1.87477762
"Kepler-1653","Kepler-1653 b",755.00000000,296.4577020,41.2660210,0.719000,0.693000,4807.00,0.4706000000,140.25240000000,0.000000,89.78800,,5.35000000,2.17000000
"Kepler-150","Kepler-150 c",891.09200000,288.2341025,40.5208970,0.956000,0.939000,5560.00,0.0730000000,7.38199800000,0.000000,89.71000,,13.20000000,3.69000000
"Kepler-239","Kepler-239 b",648.10900000,294.2020505,40.6633313,0.757000,0.763000,4914.00,0.0950000000,11.76305100000,0.000000,89.91000,,6.04000000,2.33000000
"Kepler-343","Kepler-343 c",927.19300000,291.9606620,42.4329567,1.055000,1.433000,5807.00,0.1670000000,23.22182000000,0.000000,88.18000,,4.74000000,2.02000000
"TOI-5380","TOI-5380 b",286.78100000,112.7611492,73.1287844,1.343000,1.562100,6400.78,,3.77229247873,,85.82823,,11.90000000,3.48093238
"Kepler-1022","Kepler-1022 b",420.04200000,289.3520595,46.9736345,0.710000,0.680000,4445.00,0.0805000000,10.99469878000,0.000000,89.71000,,6.17000000,2.36000000
"Kepler-354","Kepler-354 b",554.06400000,285.7515347,41.3356739,0.652000,0.674000,4648.00,0.0540000000,5.47666000000,0.000000,85.82000,,4.04000000,1.84000000
"Kepler-1434","Kepler-1434 b",775.52900000,295.5384415,51.2030002,1.470000,2.040000,6291.00,0.0917000000,8.05333618000,0.000000,89.82000,,1.41000000,1.11000000
"Kepler-1593","Kepler-1593 b",638.24900000,300.4882018,44.4606698,0.810000,0.770000,4995.00,0.5549400000,174.50983500000,0.000000,89.84700,,10.20000000,3.17000000
"Kepler-1453","Kepler-1453 b",1196.04000000,286.1255037,47.9475586,0.970000,0.940000,5665.00,0.2620000000,47.16116960000,0.000000,89.98000,,7.61000000,2.67000000
"Kepler-1989","Kepler-1989 b",1252.13000000,290.7351869,44.0912620,0.999000,1.060000,6032.00,0.0918000000,10.16102352800,0.000000,87.78000,,19.30000000,4.62000000
"K2-122","K2-122 b",72.04440000,126.4762179,20.3593384,0.630000,0.590000,4009.00,0.0373000000,2.21930230000,0.210000,86.39000,60.8000,1.65000000,1.16000000
"Kepler-1046","Kepler-1046 b",721.53400000,296.7558056,46.9982799,1.040000,1.040000,5913.00,0.1185800000,14.37508035000,0.000000,86.30000,,3.57000000,1.71000000
"Kepler-1907","Kepler-1907 c",292.11100000,280.7085829,47.3279236,0.752000,0.800000,5159.00,0.1037100000,14.86390018000,0.000000,84.23000,,1.63000000,1.15547044
"Kepler-1594","Kepler-1594 b",976.86800000,293.6230451,47.9619127,1.060000,1.080000,5946.00,0.0396000000,2.71603809000,0.000000,87.67000,,1.20000000,1.06000000
"Kepler-80","Kepler-80 b",369.45100000,296.1125759,39.9787451,0.730000,0.678000,4540.00,0.0648000000,7.05246000000,0.004900,89.34000,326.0000,6.93000000,2.67000000
"Kepler-438","Kepler-438 b",195.94287175,281.6457236,41.9510686,0.544000,0.520000,3748.00,0.1660000000,35.23319000000,0.030000,89.86000,,1.46000000,1.12000000
"Kepler-1455","Kepler-1455 b",357.62100000,294.0830662,50.5027572,0.620000,0.600000,4075.00,0.2149000000,49.27676400000,0.000000,89.69300,,5.31000000,2.16000000
"Kepler-1490","Kepler-1490 b",862.92000000,295.6935734,42.6094543,0.900000,0.870000,5515.00,0.3729000000,92.43629730000,0.000000,88.85000,,9.48000000,3.04000000
"Kepler-700","Kepler-700 b",1491.76000000,287.1542240,41.5657775,0.980000,0.960000,5692.00,0.3577000000,80.87206390000,0.000000,89.40000,,30.00000000,5.99000000
"K2-345","K2-345 b",162.40800000,132.7075876,21.7890367,0.560000,0.520000,3779.00,,10.36743700000,,,,5.10000000,2.11000000
"Kepler-1133","Kepler-1133 b",753.13500000,293.3224114,42.8674925,0.930000,0.900000,5569.00,0.0983000000,11.55562343000,0.000000,88.21000,,4.54000000,1.97000000
"Kepler-1953","Kepler-1953 b",605.63100000,287.9680995,46.4705959,0.786000,0.707000,4858.00,0.0607000000,6.24565982800,0.000000,87.87000,,2.20000000,1.28574667
"Kepler-53","Kepler-53 b",1366.07000000,290.4617926,40.5624966,0.980000,0.890000,5858.00,0.1361000000,18.64895250000,0.000000,89.86000,,111.00000000,2.89000000
"Kepler-1518","Kepler-1518 b",903.51000000,300.3323404,44.9861065,1.540000,1.880000,6846.00,0.0593000000,5.11177904000,0.000000,76.53000,,9.53000000,3.05000000
"Kepler-251","Kepler-251 b",924.62500000,296.5662171,44.1058077,0.891000,0.890000,5526.00,0.0530000000,4.79093600000,0.000000,89.55000,,2.33000000,1.33000000
"Kepler-370","Kepler-370 c",1167.94000000,292.1710683,40.9162381,0.982000,0.900000,5852.00,0.1400000000,19.02293000000,0.000000,88.73000,,4.31000000,1.91000000
"Kepler-1161","Kepler-1161 b",547.72600000,299.0770621,45.4405583,0.590000,0.570000,4253.00,0.0784000000,10.71252541000,0.000000,88.16000,,5.18000000,2.13000000
"Kepler-1184","Kepler-1184 b",1157.84000000,291.2820310,46.9659514,1.050000,1.070000,5983.00,0.2863000000,53.59910440000,0.000000,89.20000,,7.65000000,2.68000000
"Kepler-1181","Kepler-1181 c",938.41700000,289.7473165,39.5234131,1.336000,1.347000,6688.00,0.0928000000,8.93484887000,0.000000,86.05000,,4.01000000,1.83000000
"Kepler-1599","Kepler-1599 b",1328.20000000,286.2208685,41.1511886,0.990000,0.990000,5767.00,0.4823000000,122.36355300000,0.000000,89.83000,,3.26000000,1.62000000
"Kepler-442","Kepler-442 b",365.96500000,285.3666029,39.2800704,0.609000,0.598000,4402.00,0.4090000000,112.30530000000,0.040000,89.94000,,2.36000000,1.34000000
"Kepler-1185","Kepler-1185 b",459.27300000,287.2411783,39.3326977,0.960000,0.870000,5622.00,0.4297000000,104.35189760000,0.000000,89.84000,,2.33000000,1.33000000
"K2-181","K2-181 b",360.91100000,127.5541103,10.9101444,0.960000,1.060000,5528.00,0.0706000000,6.89410000000,0.400000,87.40000,20.0000,7.70000000,2.69000000
"Kepler-31","Kepler-31 d",1664.64000000,294.0230229,45.8530535,1.210000,1.220000,6340.00,0.4000000000,87.64510000000,0.000000,89.89000,,2161.24400000,3.90000000
"Kepler-1070","Kepler-1070 b",939.00100000,293.1953923,49.3165410,1.210000,1.320000,6261.00,0.0675300000,6.22161470000,0.000000,83.97000,,3.64000000,1.73000000
"Kepler-1162","Kepler-1162 b",940.21100000,283.2920273,45.4339813,0.890000,0.840000,5390.00,0.1900000000,32.56370690000,0.000000,89.51000,,5.52000000,2.21000000
"Kepler-1560","Kepler-1560 b",502.49700000,292.7846013,43.2160100,1.020000,1.020000,5815.00,0.0417500000,3.03195744000,0.000000,88.74000,,0.64000000,0.89000000
"Kepler-1702","Kepler-1702 b",857.14000000,284.9724842,44.5674794,0.850000,0.725742,5093.00,0.1275000000,18.50120000000,0.000000,88.72000,,3.20000000,1.60190793
"Kepler-1621","Kepler-1621 b",1631.66000000,297.5885341,43.8411937,1.150000,1.240000,6158.00,0.4204000000,92.26371400000,0.000000,89.81000,,5.31000000,2.16000000
"Kepler-240","Kepler-240 c",746.92700000,291.1587635,40.7502108,0.868000,0.739000,4985.00,0.0740000000,7.95352800000,0.000000,89.24000,,102.30000000,2.20000000
"Kepler-1972","Kepler-1972 c",287.33900000,288.3953074,39.8725067,1.120000,1.384000,5818.00,0.1049300000,11.32950000000,0.043000,87.13000,-10.0000,2.11000000,0.86800000
"K2-278","K2-278 b",786.43900000,203.3018653,-14.5041057,1.400000,1.610000,6747.00,0.0488000000,3.33496600000,,,,9.17000000,2.98000000
"Kepler-42","Kepler-42 d",40.05950000,292.2196000,44.6173667,0.130000,0.170000,3068.00,0.0154000000,1.86516900000,0.020000,88.02000,,0.35778500,0.57000000
"Kepler-1050","Kepler-1050 b",490.48800000,282.9249847,48.6264015,1.090000,1.130000,6010.00,0.1235300000,15.37875460000,0.000000,89.14000,,3.19000000,1.60000000
"Kepler-1001","Kepler-1001 b",928.97800000,286.2739151,48.6186972,0.900000,0.880000,5491.00,0.1114700000,14.30511983000,0.000000,85.25000,,10.10000000,3.15000000
"Kepler-478","Kepler-478 b",420.00000000,292.4870063,46.1961870,0.850000,0.800000,5210.00,0.1032000000,13.22175760000,0.000000,89.23000,,7.80000000,2.71000000
"Kepler-1164","Kepler-1164 b",431.62200000,287.5296372,38.8945065,0.850000,0.790000,5183.00,0.0463500000,3.97599768000,0.000000,88.57000,,1.46000000,1.12000000
"Kepler-692","Kepler-692 b",991.33600000,294.7768068,40.1537027,0.900000,0.860000,5440.00,0.1495000000,21.81293494000,0.000000,89.92000,,9.85000000,3.11000000
"Kepler-1464","Kepler-1464 c",1151.73000000,287.2356828,38.7540824,1.020000,1.010000,5828.00,0.0610100000,5.32786292000,0.000000,89.24000,,0.97200000,1.00000000
"K2-268","K2-268 c",327.78300000,133.7094899,11.8482712,0.840000,0.780000,5106.00,0.0819000000,9.32752700000,,88.71000,,7.70000000,2.69000000
"Kepler-594","Kepler-594 b",769.20000000,288.9217259,49.7620237,0.910000,0.870000,5485.00,0.1089000000,13.64618192000,0.000000,89.79000,,5.39000000,2.18000000
"Kepler-23","Kepler-23 c",835.75600000,294.2189131,49.4792536,1.078000,1.548000,5828.00,0.0950100000,10.74000000000,0.021000,89.86000,,7.81000000,3.00500000
"Kepler-150","Kepler-150 b",891.09200000,288.2341025,40.5208970,0.956000,0.939000,5560.00,0.0440000000,3.42805400000,0.000000,89.57000,,2.10000000,1.25000000
"Kepler-199","Kepler-199 b",521.05400000,295.5594278,40.2362490,0.960000,0.967000,5644.00,0.1580000000,23.63760400000,0.000000,89.97000,,9.85000000,3.11000000
"Kepler-1499","Kepler-1499 b",309.86900000,283.9863480,41.6505091,0.820000,0.780000,5097.00,0.2322500000,44.20080000000,0.000000,89.69000,,1.81000000,1.19000000
"Kepler-1498","Kepler-1498 b",740.00000000,284.7780883,44.9167513,0.860000,0.810000,5256.00,0.2528000000,48.05140500000,0.000000,89.77000,,2.33000000,1.33000000
"Kepler-611","Kepler-611 b",1395.56000000,286.0049121,45.4803043,1.010000,1.010000,5761.00,0.0351000000,2.43703330200,0.000000,89.87000,,3.36000000,1.65000000
"TOI-5502","TOI-5502 b",248.65400000,135.2040560,27.9983339,1.244000,1.323750,6088.71,,11.62592988285,,88.93510,,15.90000000,4.12873780
"Kepler-1141","Kepler-1141 b",393.64200000,290.5436836,47.7259073,1.010000,1.070000,5791.00,0.0349600000,2.34451194400,0.000000,84.08000,,0.47700000,0.82000000
"Kepler-1073","Kepler-1073 b",809.89700000,294.1527259,38.2330886,1.000000,1.000000,5792.00,0.0805000000,8.67888593000,0.000000,89.38000,,5.90000000,2.30000000
"Kepler-1170","Kepler-1170 b",1050.45000000,292.1685422,43.7795963,0.800000,0.760000,5069.00,0.0880000000,9.98969327000,0.000000,89.99000,,6.39000000,2.41000000
"Kepler-157","Kepler-157 d",773.71300000,291.0972257,38.8756049,1.020000,1.030000,5866.00,0.0706000000,7.02573474000,0.000000,86.80000,,2.73000000,1.46000000
"Kepler-549","Kepler-549 c",635.14500000,283.0228527,47.2611431,0.880000,0.840000,5360.00,0.4533200000,117.04049800000,0.000000,89.92000,,8.91000000,2.93000000
"Kepler-688","Kepler-688 b",1357.75000000,294.6552312,39.3083446,0.980000,0.960000,5715.00,0.0460000000,3.89593684400,0.000000,87.56000,,68.70000000,9.76000000
"Kepler-632","Kepler-632 b",349.00000000,297.2526130,40.2886050,0.910000,0.840000,5322.00,0.1885000000,30.99660733000,0.000000,89.14000,,5.52000000,2.21000000
"Kepler-1502","Kepler-1502 b",1514.02000000,296.1079271,39.3199201,1.440000,1.720000,6666.00,0.2482000000,41.70836290000,0.000000,88.65000,,10.20000000,3.18000000
"Kepler-253","Kepler-253 b",838.59500000,291.8419337,44.8581240,0.860000,0.786000,5208.00,0.0460000000,3.78398600000,0.000000,86.54000,,3.29000000,1.63000000
"Kepler-1119","Kepler-1119 b",1757.23000000,297.0191018,44.3274936,1.110000,1.170000,6083.00,0.0812000000,8.32651530000,0.000000,84.08000,,4.35000000,1.92000000
"Kepler-543","Kepler-543 b",221.80200000,287.2187273,38.8625366,0.700000,0.670000,4671.00,0.1023000000,13.89961966000,0.000000,87.80000,,6.80000000,2.50000000
"Kepler-693","Kepler-693 b",1151.51000000,283.2535270,40.3582155,0.760000,0.720000,4881.00,0.1121000000,15.37563332000,0.000000,88.73000,,73.80000000,10.18000000
"Kepler-1710","Kepler-1710 b",305.19300000,291.6832878,37.7514726,0.932000,0.899000,5650.00,0.1158300000,14.91110039000,0.000000,89.98000,,3.49494179,3.19744103
"Kepler-1928","Kepler-1928 b",326.36200000,290.4406294,38.5235721,1.010000,0.920000,5720.00,0.1940000000,19.57783000000,0.430000,88.92000,88.0000,4.63000000,1.99200000
"Kepler-1999","Kepler-1999 b",701.25500000,282.3705675,48.2592340,0.632000,0.628000,4406.00,0.0713000000,8.73967580000,0.000000,82.59000,,10.80000000,3.29000000
"KOI-7368","KOI-7368 b",264.99500000,293.9476365,48.0652589,0.879000,0.874000,5241.00,0.0678000000,6.84303440000,0.000000,71.62000,,5.56000000,2.22000000
"K2-198","K2-198 b",110.56700000,198.8436817,-6.4649888,0.799000,0.757000,5212.90,,17.04286830000,,88.90400,,16.30000000,4.18900000
"Kepler-227","Kepler-227 c",1083.06000000,291.9342748,48.1416760,0.954000,1.091000,5854.00,0.2900000000,54.41869400000,0.000000,89.57000,,9.48000000,3.04000000
"Kepler-26","Kepler-26 d",335.30700000,284.9410627,46.5664505,0.593000,0.571000,4486.00,0.0390000000,3.54391900000,0.000000,89.91000,,1.24000000,1.07000000
"KELT-17","KELT-17 b",226.50000000,125.6174070,13.7353093,1.635000,1.645000,7454.00,0.0488100000,3.08017160000,,84.87000,,416.35730000,17.09372500
"IC 4651 9122","IC 4651 9122 b",859.32400000,261.2086139,-49.9489317,2.100000,10.267424,4740.10,2.0380000000,734.00000000000,0.180000,,118.5000,2002.32900000,12.70000000
"GJ 229","GJ 229 b",5.75624000,92.6435993,-21.8677233,0.509000,0.460000,3564.00,1.0860000000,579.47495000000,0.404000,,246.8710,14.93793513,3.97000000
"GJ 180","GJ 180 c",11.94070000,73.4600970,-17.7761940,0.430000,0.413049,3371.00,0.1290000000,24.32900000000,0.090000,,230.0000,6.40000000,2.41000000
"HD 68988","HD 68988 c",60.84470000,124.5935429,61.4608518,1.171665,1.255733,5883.41,13.2000000000,16000.00000000000,0.450000,93.00000,-7.4485,4776.96095721,12.20000000
"KIC 5479689","KIC 5479689 b",454.95000000,299.3254983,40.6381229,0.966000,0.894000,5459.10,,1.70153100000,,,,158.91420350,14.20000000
"HD 93385","HD 93385 b",43.34750000,161.5627065,-41.4646040,1.040000,1.184840,5977.00,0.0756000000,7.34260000000,0.295000,,,4.20000000,1.88000000
"Kepler-294","Kepler-294 c",1357.01000000,287.3920392,46.0592578,0.947000,0.976000,5913.00,0.0710000000,6.62640000000,0.000000,89.61000,,7.80000000,2.71000000
"TOI-4311","TOI-4311 c",134.98800000,41.6855224,-31.1793201,0.816000,0.844100,5063.00,0.1116000000,15.07042500000,0.220000,89.05000,,13.58000000,2.47000000
"WASP-118","WASP-118 b",376.65800000,19.5505861,2.7027847,1.320000,1.696000,6410.00,0.0545300000,4.04604350000,0.000000,88.70000,0.0000,163.36462000,16.14096000
"TAP 26","TAP 26 b",121.40200000,64.7154450,17.3878826,1.040000,1.170000,4620.00,0.0968000000,10.79000000000,,,,527.59780000,13.50000000
"HD 92788","HD 92788 c",34.65380000,160.7021351,-2.1847173,1.150000,1.140000,5744.00,10.5000000000,11611.29750000000,0.460000,,-25.7100,1166.43610000,13.00000000
"GJ 422","GJ 422 b",12.66310000,168.9810458,-57.5425629,0.350000,0.370328,3323.00,0.1110000000,20.12900000000,0.110000,,265.0000,11.07000000,3.33000000
"GJ 414 A","GJ 414 A c",11.88930000,167.7745044,30.4451688,0.650000,0.680000,4120.00,1.4000000000,749.83000000000,0.105000,,74.0000,53.83000000,8.40000000
"TOI-3593","TOI-3593 b",226.63000000,331.5063640,34.2116583,1.015000,0.918000,5550.00,0.0481000000,3.82128670000,0.105000,88.09000,62.0000,565.73456446,11.02963701
"WASP-195","WASP-195 b",484.85200000,247.5496427,49.8957910,1.300000,1.578000,6300.00,0.0630000000,5.05192800000,0.000000,86.30000,,33.05415433,10.31226224
"TOI-4529","TOI-4529 b",28.38400000,16.9688462,12.8809549,0.482000,0.480000,3697.00,,5.87957700000,,88.70000,,4.90000000,1.77000000
"HD 27631","HD 27631 b",50.28620000,64.9392168,-41.9606604,0.944000,0.923000,5737.00,3.2420000000,2198.14000000000,0.141000,74.00000,122.6420,495.81231492,13.50000000
"Wolf 503","Wolf 503 b",44.52600000,206.8461979,-6.1393369,0.688000,0.689000,4716.00,0.0570600000,6.00127000000,0.410000,89.87000,112.0000,6.26000000,2.04300000
"WASP-183","WASP-183 b",325.37700000,163.7888521,-0.7370663,0.784000,0.871000,5313.00,0.0463200000,4.11177710000,,85.37000,,159.55066000,16.47723000
"Kepler-1747","Kepler-1747 b",1321.38000000,284.2096557,45.2580820,0.983000,0.865000,5477.00,0.0660000000,6.23031997700,0.000000,87.55000,,16.80000000,4.26508000
"Kepler-906","Kepler-906 b",757.79100000,291.4055614,40.1254254,1.060000,1.020000,6035.00,0.2236300000,41.69799760000,0.000000,90.00000,,5.10000000,2.11000000
"TOI-4551","TOI-4551 b",215.98600000,184.9787579,-25.8278531,1.310000,3.550000,4896.00,0.0994000000,9.95581000000,0.101000,86.90000,2.3700,473.56432643,11.85910158
"HD 98649","HD 98649 b",42.17270000,170.2147665,-23.2181063,0.970000,1.010000,5759.00,5.9700000000,5384.00000000000,0.852000,43.70000,250.2000,3082.93554790,12.50000000
"Kepler-780","Kepler-780 b",557.65200000,281.7663511,44.2924898,1.010000,1.020000,5769.00,0.0150000000,0.67737516400,0.000000,87.38000,,0.64000000,0.89000000
"NGTS-16","NGTS-16 b",898.16800000,58.2639299,-30.8046405,1.002000,1.213000,5550.00,0.0523000000,4.84532000000,0.000000,,,211.99154747,14.57167491
"TOI-1634","TOI-1634 b",35.27360000,56.3906096,37.1122803,0.502000,0.450000,3550.00,0.0154400000,0.98934551000,0.000000,86.66000,90.0000,4.90000000,1.75900000
"Kepler-275","Kepler-275 b",2034.25000000,292.4797004,38.5149018,1.189000,1.383000,6165.00,0.0980000000,10.30068200000,0.000000,89.99000,,6.08000000,2.34000000
"Kepler-121","Kepler-121 c",510.52300000,286.1621273,39.6780204,0.859000,0.701000,5311.00,0.2160000000,41.00801100000,0.000000,88.72000,,5.77000000,2.27000000
"TOI-4342","TOI-4342 c",61.52040000,324.3894196,-77.9791468,0.587000,0.598000,3866.00,0.0804000000,10.68866200000,0.000000,89.61000,90.0000,4.80000000,2.34900000
"Kepler-168","Kepler-168 b",1343.60000000,294.7101832,39.8250437,1.113000,1.107000,6282.00,0.0560000000,4.42539100000,0.000000,88.95000,,2.73000000,1.46000000
"Kepler-471","Kepler-471 b",1249.41000000,299.0975167,43.4975851,1.490000,1.800000,6733.00,0.0626000000,5.01423457500,0.000000,89.58000,,,14.96000000
"HD 42012","HD 42012 b",36.79840000,92.4854730,34.1341722,0.830000,0.820000,5405.00,1.6700000000,857.50000000000,0.200000,,,508.52800000,13.50000000
"Qatar-10","Qatar-10 b",559.06800000,284.4439052,69.5708373,1.156000,1.254000,6124.00,0.0286000000,1.64532100000,0.000000,85.87000,,233.92288000,17.29548700
"GJ 720 A","GJ 720 A b",15.55750000,278.8294172,45.7456038,0.570000,0.560000,3837.00,0.1190000000,19.46600000000,0.120000,,110.2200,13.64000000,3.77000000
"HD 137496","HD 137496 b",155.31700000,231.7420543,-16.5090014,1.040000,1.590000,5799.00,0.0273200000,1.62116000000,0.000000,85.80000,,4.04000000,1.31000000
"K2-389","K2-389 b",259.20800000,355.6304152,-9.7135814,0.990000,1.094000,5773.00,,8.58289000000,,,,6.04000000,2.33000000
"Kepler-17","Kepler-17 b",720.75300000,298.3952437,47.8149865,1.040000,1.010340,5781.00,0.0259100000,1.48571080000,0.011000,87.20000,,778.65000000,14.68000000
"Kepler-176","Kepler-176 b",527.32100000,294.6679021,43.8532104,0.860000,0.891000,5232.00,0.0580000000,5.43307400000,0.000000,86.69000,,290.53700000,1.43000000
"NN Ser","NN Ser d",515.81800000,238.2337015,12.9120871,0.535000,,57000.00,3.3900000000,2880.00000000000,0.240000,,86.6800,724.62200000,13.30000000
"HD 214823","HD 214823 b",101.36800000,340.0832062,31.7875183,1.115000,2.040000,6215.00,3.0800000000,1854.84424000000,0.161000,99.51000,123.5690,5914.78665427,12.10000000
"Kepler-761","Kepler-761 b",830.70700000,290.5035990,44.1436249,0.950000,0.930000,5706.00,0.0874000000,10.12804789000,0.000000,87.16000,,4.78000000,2.03000000
"TOI-216","TOI-216.01",177.94500000,73.9800129,-63.2603301,0.770000,0.748000,5026.00,0.2069000000,34.52552800000,0.004600,89.84000,190.0000,177.98390792,10.10000000
"TOI-1259 A","TOI-1259 A b",118.10600000,282.1001665,79.2564761,0.746000,0.715000,4775.00,0.0408000000,3.47797920000,0.000000,89.50000,,141.00000000,11.60000000
"Kepler-107","Kepler-107 e",525.99700000,297.0281620,48.2086019,1.238000,1.447000,5854.00,0.1263800000,14.74914300000,0.100000,89.67000,,14.10000000,2.90300000
"Kepler-450","Kepler-450 c",455.98200000,295.4865821,51.0135237,1.190000,1.641620,6197.21,0.1335100000,15.41313500000,0.020000,88.73000,,12.50000000,2.62000000
"TOI-4578","TOI-4578 b",182.24900000,184.2109675,75.1402358,1.077000,0.878735,5951.32,,8.62392630369,,88.94141,,5.77000000,2.26974262
"HD 1605","HD 1605 b",88.80470000,5.1317548,30.9750611,1.330000,3.490000,4915.00,1.4920000000,577.20000000000,0.095000,,216.0000,296.85322000,13.80000000
"HD 210193","HD 210193 b",42.20290000,332.3951324,-41.2252050,1.040000,1.059710,5790.00,1.4870000000,649.91800000000,0.240000,,168.8400,153.10000000,14.30000000
"HD 108236","HD 108236 c",64.59780000,186.5740627,-51.3630519,0.869000,0.877000,5660.00,0.0620000000,6.20344900000,0.034000,88.30000,211.0000,4.94000000,2.07100000
"K2-392","K2-392 b",406.98500000,354.6499065,-7.4788816,0.841000,1.058000,5726.00,,15.39872300000,,,,4.08000000,1.85000000
"TOI-4145 A","TOI-4145 A b",205.38700000,39.4297435,80.2673838,0.905000,0.859000,5281.00,0.0482300000,4.06644280000,0.000000,86.20000,,136.66621501,13.30506009
"TOI-4379","TOI-4379 b",645.15800000,252.0478813,-32.4337532,1.372000,1.976000,6020.00,,3.25352000000,0.018000,,,353.74301699,16.69017226
"Kepler-1663","Kepler-1663 b",337.92600000,290.4015156,48.8227234,0.610816,0.628590,3844.00,0.1072000000,17.60460000000,0.000000,88.52000,,10.90000000,3.30395896
"Kepler-273","Kepler-273 c",713.96400000,291.3021458,47.6976573,0.756000,0.815000,5626.00,0.0730000000,8.01492700000,0.000000,87.69000,,4.58000000,1.98000000
"GJ 3138","GJ 3138 c",28.47120000,32.2977385,-16.3392495,0.681000,0.500000,3717.00,0.0570000000,5.97400000000,0.110000,,,4.18000000,1.88000000
"K2-291","K2-291 b",90.05620000,76.4459400,21.5481990,0.934000,0.899000,5520.00,0.0326100000,2.22517700000,0.000000,85.26000,0.0000,6.49000000,1.58900000
"HD 39855","HD 39855 b",23.25990000,88.6260731,-19.7044472,0.870000,0.744665,5576.00,0.0410000000,3.24980000000,0.140000,,102.9700,8.50000000,2.85000000
"HIP 90988","HIP 90988 b",94.03490000,278.3892816,-50.2116920,1.613000,3.940000,4883.00,1.3600000000,455.73816000000,0.081000,,264.1990,668.07531151,13.40000000
"TOI-558","TOI-558 b",402.63000000,42.2915093,-58.0246828,1.349000,1.496000,6466.00,0.1291000000,14.57407100000,0.298000,86.24000,132.3000,1147.36054927,12.17295304
"GPX-1","GPX-1 b",655.01300000,38.3691648,56.0257080,1.680000,1.560000,7000.00,0.0338000000,1.74457900000,0.000000,79.90000,,6261.21961790,16.47720163
"TOI-3819","TOI-3819 b",558.14100000,121.8632568,29.3886446,1.242000,1.538000,5859.00,0.0461100000,3.24431410000,0.000000,82.79000,,352.78953177,13.13692538
"Kepler-181","Kepler-181 b",609.28300000,296.1512831,50.0957806,0.810000,0.749000,5333.00,0.0400000000,3.13787300000,0.000000,87.72000,,2.15000000,1.27000000
"K2-38","K2-38 c",192.69000000,240.0333095,-23.1894196,1.030000,1.060000,5731.00,0.0951400000,10.56103000000,0.161000,87.68000,153.0000,8.30000000,2.29000000
"HD 224538","HD 224538 b",79.06080000,359.7164302,-61.5868613,1.230000,1.540000,6097.00,2.3750000000,1202.05199000000,0.476000,91.12500,26.8290,2075.73732612,12.70000000
"GJ 273","GJ 273 b",5.92153500,111.8520910,5.2258070,0.290000,0.293000,3382.00,0.0911010000,18.64980000000,0.100000,,,2.89000000,1.51000000
"K2-292","K2-292 b",114.29300000,205.3758786,-9.9460704,1.000000,1.090000,5725.00,0.1300000000,16.98410000000,0.040000,88.40000,104.0000,24.50000000,2.63000000
"GJ 4276","GJ 4276 b",21.33620000,336.3221454,59.4125030,0.406000,0.407000,3387.00,0.0820000000,13.35200000000,0.370000,,216.8300,16.57000000,4.22000000
"HD 102843","HD 102843 b",62.75800000,177.5854673,-1.2522989,0.950000,0.961488,5436.00,4.0740000000,3090.94200000000,0.110000,,108.6900,113.90000000,13.10000000
"Kepler-271","Kepler-271 b",404.54200000,283.0029316,44.2841080,0.900000,0.870000,5555.00,0.0878400000,10.43547805000,0.000000,89.57000,,2.04000000,1.23000000
"TOI-1431","TOI-1431 b",148.92500000,316.2036922,55.5880221,1.900000,1.920000,7690.00,0.0460000000,2.65023700000,0.002200,80.13000,108.0000,991.62462984,16.70138124
"K2-395","K2-395 c",286.72700000,70.4438684,16.6743415,0.952000,0.783000,5007.00,,8.49128200000,,,,11.40000000,3.39500000
"TOI-4406","TOI-4406 b",261.83400000,18.0485164,-56.9253875,1.190000,1.290000,6219.00,0.2010000000,30.08364000000,0.150000,88.48000,39.0000,95.34852210,11.20898070
"Kepler-149","Kepler-149 d",571.03400000,285.8537014,38.3840916,1.013000,0.953000,5381.00,0.5710000000,160.01803200000,0.000000,89.64000,,14.90000000,3.96000000
"TOI-4405","TOI-4405 b",155.50100000,101.5953368,-75.4441271,0.680000,0.687025,4467.38,,5.92143995316,,88.69912,,7.06000000,2.55505441
"TOI-5027","TOI-5027 b",204.42900000,243.8850212,-69.2170972,1.020000,0.920000,5909.00,0.0930000000,10.24368000000,0.385000,88.18000,288.6000,642.01338214,10.76062147
"GJ 273","GJ 273 c",5.92153500,111.8520910,5.2258070,0.290000,0.293000,3382.00,0.0364670000,4.72340000000,0.170000,,,1.18000000,1.06000000
"HD 20781","HD 20781 d",35.97150000,50.0139757,-28.7841175,0.700000,0.833609,5256.00,0.1647000000,29.15800000000,0.110000,,60.9900,10.61000000,3.25000000
"HD 110113","HD 110113 b",106.30700000,190.0365636,-44.3120777,0.997000,0.968000,5732.00,0.0350000000,2.54100000000,0.093000,87.69000,359.5300,4.55000000,2.05000000
"HAT-P-63","HAT-P-63 b",403.45800000,269.5720695,5.7613709,0.925000,0.966100,5400.00,0.0429400000,3.37772800000,0.069000,88.45000,,195.14664190,12.54284940
"K2-398","K2-398 b",606.99200000,161.7349738,1.9367044,0.945000,1.239000,5946.00,,6.39302500000,,,,5.79000000,2.27400000
"TOI-3862","TOI-3862 b",249.02000000,185.9005633,50.5446246,0.900000,0.920000,5300.00,0.0253900000,1.55745774000,0.023200,89.15000,278.7200,53.70000000,5.53000000
"Kepler-284","Kepler-284 c",1031.95000000,293.1465698,47.7297053,0.766000,0.814000,5615.00,0.2130000000,37.51445600000,0.000000,89.60000,,7.32000000,2.61000000
"TOI-4662","TOI-4662 b",111.04700000,57.5160311,-31.0940247,0.703000,0.693750,4520.41,,4.70343764575,,87.46502,,8.65000000,2.87998299
"HD 7924","HD 7924 c",16.99220000,20.4956562,76.7101475,0.832000,0.782100,5075.00,0.1134000000,15.29900000000,0.098000,0.25750,27.0000,1762.67634522,
"NGC 2682 YBP 401","NGC 2682 YBP 401 b",830.82200000,132.8293081,11.6710271,1.140000,1.215821,6165.00,,4.08700000000,0.150000,,330.1700,146.20180000,14.30000000
"WASP-142","WASP-142 b",730.93300000,140.5063164,-23.9461020,1.330000,1.640000,6010.00,0.0347000000,2.05286800000,0.000000,80.20000,,266.97720000,17.14977000
"WASP-171","WASP-171 b",757.84000000,171.8450533,-44.0887035,1.171000,1.637000,5965.00,0.0504000000,3.81862440000,0.000000,88.30000,,344.52772000,10.98482000
"TOI-1789","TOI-1789 b",229.06700000,142.7434060,26.5399951,1.507000,2.168000,5991.00,0.0488200000,3.20866400000,,78.41000,,222.47988490,16.14093221
"HD 35843","HD 35843 c",69.60260000,81.3488924,-44.4312849,0.940000,0.897000,5666.00,0.2500000000,46.96220000000,0.153000,89.58000,211.0000,11.32000000,2.54000000
"TOI-4666","TOI-4666 b",154.74900000,56.2898862,-39.0631799,0.576000,0.585000,3793.00,0.0340000000,2.90891650000,0.023000,89.79000,183.0000,155.41809102,12.53164042
"BD+20 594","BD+20 594 b",179.46100000,53.6511231,20.5990205,1.670000,1.080000,5766.00,0.2410000000,41.68550000000,0.000000,89.55000,,22.24810000,2.57807000
"Kepler-19","Kepler-19 d",218.56200000,290.4209694,37.8516556,0.936000,0.859000,5544.00,,62.95000000000,0.050000,,55.2000,22.50000000,5.06000000
"GJ 143","GJ 143 b",16.32000000,51.7501882,-63.5001660,0.730000,0.695000,4640.00,0.1915000000,35.61253000000,0.188000,89.33000,98.0000,22.70000000,2.61000000
"WASP-182","WASP-182 b",327.60200000,311.6733450,-41.8209828,1.076000,1.340000,5638.00,0.0451000000,3.37698480000,0.000000,83.88000,,47.03884000,9.52765000
"HD 107148","HD 107148 c",49.41560000,184.8059773,-3.3199927,1.105215,1.169193,5752.92,0.1407000000,18.32670000000,0.340000,,-44.6907,19.89605828,4.70000000
"Kepler-833","Kepler-833 b",467.37000000,290.4799052,45.6005798,0.640000,0.620000,4339.00,0.1139000000,18.75469980000,0.000000,89.96000,,4.74000000,2.02000000
"Kepler-94","Kepler-94 b",191.90400000,281.1947316,47.4972606,0.810000,0.760000,4781.00,0.0337700000,2.50806000000,0.000000,86.61000,,10.84000000,3.51000000
"TOI-4463 A","TOI-4463 A b",173.11700000,279.3581286,18.7299522,1.056000,1.062000,5640.00,0.0403600000,2.88071980000,0.000000,83.82000,,252.35575516,13.26022417
"HATS-9","HATS-9 b",638.70000000,290.8101704,-20.1663771,1.100000,1.560000,5599.00,0.0312000000,1.91529100000,0.075000,88.94000,,266.02371000,13.85000000
"TYC 0434-04538-1","TYC 0434-04538-1 b",613.42200000,271.3396528,2.0622774,1.040000,9.990000,4679.00,0.6600000000,193.20000000000,0.080000,,196.0000,1938.76300000,12.70000000
"Kepler-839","Kepler-839 b",944.56100000,291.0746840,45.2425440,1.220000,1.310000,6058.00,0.2316000000,37.81445140000,0.000000,87.34000,,7.13000000,2.57000000
"HD 27969","HD 27969 b",67.93280000,66.7068364,42.9087200,1.160000,1.270000,5966.00,1.5520000000,654.50000000000,0.182000,,106.6000,1525.57635360,12.90000000
"TOI-3912","TOI-3912 b",465.99200000,215.8014956,24.0765639,1.088000,1.392000,5725.00,0.0463000000,3.49362640000,0.000000,85.64000,,129.03833324,14.28024141
"Kepler-294","Kepler-294 b",1357.01000000,287.3920392,46.0592578,0.947000,0.976000,5913.00,0.0480000000,3.70121200000,0.000000,89.09000,,3.78000000,1.77000000
"TOI-4487 A","TOI-4487 A b",479.14500000,306.4220814,45.9710306,1.378000,1.634000,6206.00,0.0544800000,3.95407090000,0.083000,86.85000,,397.28550875,14.60530185
"K2-251","K2-251 b",147.03000000,190.6892403,-8.5359826,0.520000,0.490000,3717.00,0.0694000000,9.30075000000,,,,6.12000000,2.35000000
"GJ 3512","GJ 3512 b",9.48637000,130.3316616,59.4918364,0.123000,0.139000,3141.00,0.3376000000,203.10900000000,0.427900,,126.8000,146.51889563,14.30000000
"14 Her","HD 145675 c",17.93230000,242.6021014,43.8163621,0.970000,0.930000,5338.00,20.0000000000,15732.45889000000,0.520000,116.30000,172.5000,2510.84441530,12.60000000
"HD 95544","HD 95544 b",87.80490000,166.3231784,81.0389868,1.010000,1.088000,5722.00,3.1660000000,2041.54152000000,0.049000,86.49700,151.5280,1913.64483855,12.80000000
"Kepler-309","Kepler-309 b",544.56800000,297.5098911,46.9614121,0.816000,0.721000,4713.00,0.0590000000,5.92365300000,0.000000,89.85000,,3.05000000,1.56000000
"WASP-74","WASP-74 b",149.21600000,304.5388430,-1.0760033,0.980000,1.420000,5990.00,0.0344300000,2.13775000000,0.000000,79.81000,,228.83760000,15.24424000
"Qatar-7","Qatar-7 b",705.98100000,358.5151344,37.0218242,1.409000,1.564000,6387.00,0.0352000000,2.03204600000,0.000000,89.00000,,597.52040000,19.05530000
"Kepler-270","Kepler-270 b",948.78100000,282.2001207,44.4222795,1.170000,1.461000,6067.00,0.1070000000,11.47609400000,0.000000,86.33000,,4.70000000,2.01000000
"TOI-628","TOI-628 b",178.68000000,99.2630608,1.7675497,1.311000,1.345000,6250.00,0.0486000000,3.40956750000,0.072000,88.41000,-74.0000,2011.86390000,11.88154000
"HD 168009","HD 168009 b",23.30320000,273.8847918,45.2088229,0.986073,1.209505,5778.33,0.1192000000,15.14790000000,0.120000,,13.1780,9.53485221,3.05000000
"HD 164922","HD 164922 e",22.00160000,270.6304652,26.3104077,0.921146,1.001813,5393.43,0.2292000000,41.76300000000,0.086000,,-17.1887,10.52012027,3.23000000
"HD 115954","HD 115954 b",87.64370000,199.9853694,38.3691383,1.180000,1.213000,5957.00,5.0000000000,3700.00000000000,0.487000,79.00000,185.6000,2685.65003915,12.60000000
"TOI-1278","TOI-1278 b",75.57590000,320.4784442,35.6486250,0.540000,0.573000,3799.00,0.0950000000,14.47567000000,0.013000,88.30000,246.0000,5879.82552950,12.21778896
"LHS 1678","LHS 1678 b",19.87820000,68.1789866,-39.7908744,0.345000,0.329000,3490.00,0.0123900000,0.86023250000,0.033000,88.53000,-23.0000,0.35000000,0.68500000
"TOI-3980","TOI-3980 b",486.72100000,12.8419374,59.5758606,1.240000,1.626000,5840.00,0.0494000000,3.60892540000,0.160000,81.95000,,187.51876013,14.45958510
"Kepler-903","Kepler-903 b",1369.24000000,288.7710137,40.6641771,0.980000,0.970000,5682.00,0.0908100000,10.35077210000,0.000000,84.43000,,4.70000000,2.01000000
"Kepler-84","Kepler-84 c",1023.90000000,298.2520208,40.4960842,1.000000,1.430000,6039.00,0.1072000000,12.88300000000,0.000000,81.13000,,20.20000000,2.36000000
"TOI-4507","TOI-4507 b",178.26000000,80.4513677,-69.9882175,1.110000,1.040000,6260.00,0.4560000000,104.61611000000,0.090000,89.93000,-123.0000,20.00000000,8.20000000
"TOI-5160","TOI-5160 b",151.46500000,114.6393985,31.3944536,1.003000,1.033150,5622.14,,4.28077325600,,87.87557,,6.33000000,2.39729851
"EPIC 211822797","EPIC 211822797 b",186.19700000,130.4102091,17.6399744,0.620000,0.580000,4057.00,0.1195000000,21.17019630000,0.060000,89.73000,0.0000,4.35000000,1.92000000
"K2-254","K2-254 c",227.77500000,185.5507926,-4.7172908,0.710000,0.670000,4629.00,0.0923000000,12.11839000000,,,,5.43000000,2.19000000
"GJ 160.2","GJ 160.2 b",25.85570000,61.6454173,-20.8564724,0.690000,0.655173,4347.00,0.0530000000,5.23540000000,0.060000,,360.0000,10.20000000,3.17000000
"HD 39194","HD 39194 d",26.41310000,86.1290710,-70.1382377,0.860000,0.783742,5205.00,0.1949000000,33.87400000000,0.159000,,240.0000,5.16000000,2.12000000
"Kepler-304","Kepler-304 b",434.68400000,294.4418031,40.5575408,0.737000,0.687000,4731.00,0.0390000000,3.29570900000,0.000000,88.89000,,8.55000000,2.86000000
"EPIC 206317286","EPIC 206317286 c",314.35000000,337.6178427,-7.9724560,0.832000,0.758000,4752.00,,17.51547200000,,,,5.03000000,2.09400000
"Kepler-195","Kepler-195 b",652.05100000,288.1209339,47.9666141,0.867000,0.775000,5329.00,0.0770000000,8.30787200000,0.000000,89.95000,,4.78000000,2.03000000
"K2-28","K2-28 b",62.99690000,335.6233145,-7.9563525,0.257000,0.288000,3214.00,0.0214000000,2.26045500000,0.000000,88.90000,0.0000,5.99000000,2.32000000
"Kepler-1724","Kepler-1724 b",1060.77000000,296.1207272,47.9214736,1.016000,0.943000,6092.00,0.0683000000,6.45442009000,0.000000,86.67000,,8.43000000,2.83677238
"HAT-P-7","HAT-P-7 b",341.07900000,292.2471900,47.9695429,1.560000,2.000000,6389.00,0.0380900000,2.20474000000,0.000000,83.11000,204.0000,584.80720000,16.92559000
"Kepler-551","Kepler-551 b",311.17500000,285.4850450,48.0543774,0.650000,0.630000,4286.00,0.0893000000,12.37646610000,0.000000,89.17000,,7.90000000,2.73000000
"K2-44","K2-44 b",476.70300000,174.0116610,-2.5209338,1.150000,1.580000,5912.00,0.0600000000,5.65700000000,,87.99330,,6.50000000,2.43300000
"K2-27","K2-27 b",249.64500000,171.5151874,1.2306237,0.880000,0.876000,5246.00,0.0670200000,6.77134700000,0.251000,88.87126,,30.20000000,4.74000000
"K2-378","K2-378 b",687.97300000,205.1596569,-11.1172332,0.923000,0.732000,4823.00,,2.06043800000,,,,8.65000000,2.88000000
"K2-42","K2-42 b",396.91300000,176.6657559,-5.1720463,0.702000,0.643000,4613.00,0.0617000000,6.68796000000,,,,5.27000000,2.15000000
"K2-193","K2-193 b",411.92300000,205.2371043,-11.0093342,1.010000,0.980000,5817.00,0.1184000000,14.78688900000,,89.19255,,14.80000000,3.95000000
"Kepler-452","Kepler-452 b",551.72700000,296.0037520,44.2775861,1.037000,1.110000,5757.00,1.0460000000,384.84300000000,0.000000,89.80600,,3.29000000,1.63000000
"Kepler-220","Kepler-220 c",171.10900000,291.5060432,46.8956262,0.729000,0.666000,4632.00,0.0760000000,9.03419900000,0.000000,88.12000,,3.09000000,1.57000000
"Kepler-228","Kepler-228 d",1644.61000000,296.2860853,48.2246328,1.006000,1.014000,6043.00,0.1010000000,11.09428600000,0.000000,88.11000,,15.40000000,4.04000000
"Kepler-565","Kepler-565 b",1041.00000000,283.6180825,47.1967793,0.980000,0.950000,5735.00,0.0501000000,4.24374722600,0.000000,89.82000,,12.90000000,3.64000000
"K2-35","K2-35 b",252.59600000,170.1031027,1.2858679,0.701968,0.619575,4402.71,0.0310000000,2.39996400000,0.130000,88.98000,-74.5500,2.30000000,1.32000000
"Kepler-1720","Kepler-1720 b",629.44500000,296.8086813,47.1718557,0.939000,0.839000,5573.00,0.1043000000,12.70639992000,0.000000,88.29000,,10.40000000,3.21585295
"K2-368","K2-368 b",206.60800000,332.6357627,-11.1661157,0.746000,0.663000,4663.00,,5.02559800000,,,,2.34000000,1.33200000
"OGLE-2016-BLG-0261L","OGLE-2016-BLG-0261L b",7850.00000000,267.8162083,-30.4085000,0.072000,,,0.7200000000,,,,,66.74396547,9.60000000
"KMT-2025-BLG-0026L","KMT-2025-BLG-0026L b",7280.00000000,261.7665000,-29.2740806,0.440000,,,0.9600000000,,,,,676.97450691,13.30000000
"KMT-2025-BLG-0030L","KMT-2025-BLG-0030L b",6720.00000000,262.5867500,-29.4817306,0.600000,,,2.3500000000,,,,,365.50266805,13.70000000
"KMT-2025-BLG-2272L","KMT-2025-BLG-2272L b",6620.00000000,269.5751667,-27.7738306,0.630000,,,3.8900000000,,,,,785.03616529,13.30000000
