kind	body	path	url
debris-data	Earth	debris/Earth	https://gitlab.com/Dexter9313/prograde-data/-/raw/master/solarsystem/systems/Solar%20System/debris/Earth
debris-data	Sun	debris/Sun.1	https://gitlab.com/Dexter9313/prograde-data/-/raw/master/solarsystem/systems/Solar%20System/debris/Sun.1
debris-data	Sun	debris/Sun.2	https://gitlab.com/Dexter9313/prograde-data/-/raw/master/solarsystem/systems/Solar%20System/debris/Sun.2
data		definition.json	https://gitlab.com/Dexter9313/prograde-data/-/raw/master/solarsystem/systems/Solar%20System/definition.json
license	Ariel	images/Ariel/LICENSE-diffuse	https://gitlab.com/Dexter9313/prograde-data/-/raw/master/solarsystem/systems/Solar%20System/images/Ariel/LICENSE-diffuse
license	Ariel	images/Ariel/LICENSE-normal	https://gitlab.com/Dexter9313/prograde-data/-/raw/master/solarsystem/systems/Solar%20System/images/Ariel/LICENSE-normal
diffuse-map	Ariel	images/Ariel/diffuse.jpg	https://gitlab.com/Dexter9313/prograde-data/-/raw/master/solarsystem/systems/Solar%20System/images/Ariel/diffuse.jpg
normal-map	Ariel	images/Ariel/normal.png	https://gitlab.com/Dexter9313/prograde-data/-/raw/master/solarsystem/systems/Solar%20System/images/Ariel/normal.png
license	Callisto	images/Callisto/LICENSE-diffuse	https://gitlab.com/Dexter9313/prograde-data/-/raw/master/solarsystem/systems/Solar%20System/images/Callisto/LICENSE-diffuse
license	Callisto	images/Callisto/LICENSE-normal	https://gitlab.com/Dexter9313/prograde-data/-/raw/master/solarsystem/systems/Solar%20System/images/Callisto/LICENSE-normal
diffuse-map	Callisto	images/Callisto/diffuse.jpg	https://gitlab.com/Dexter9313/prograde-data/-/raw/master/solarsystem/systems/Solar%20System/images/Callisto/diffuse.jpg
normal-map	Callisto	images/Callisto/normal.jpg	https://gitlab.com/Dexter9313/prograde-data/-/raw/master/solarsystem/systems/Solar%20System/images/Callisto/normal.jpg
license	Ceres	images/Ceres/LICENSE-diffuse	https://gitlab.com/Dexter9313/prograde-data/-/raw/master/solarsystem/systems/Solar%20System/images/Ceres/LICENSE-diffuse
license	Ceres	images/Ceres/LICENSE-normal	https://gitlab.com/Dexter9313/prograde-data/-/raw/master/solarsystem/systems/Solar%20System/images/Ceres/LICENSE-normal
diffuse-map	Ceres	images/Ceres/diffuse.jpg	https://gitlab.com/Dexter9313/prograde-data/-/raw/master/solarsystem/systems/Solar%20System/images/Ceres/diffuse.jpg
normal-map	Ceres	images/Ceres/normal.jpg	https://gitlab.com/Dexter9313/prograde-data/-/raw/master/solarsystem/systems/Solar%20System/images/Ceres/normal.jpg
license	Charon	images/Charon/LICENSE-diffuse	https://gitlab.com/Dexter9313/prograde-data/-/raw/master/solarsystem/systems/Solar%20System/images/Charon/LICENSE-diffuse
license	Charon	images/Charon/LICENSE-normal	https://gitlab.com/Dexter9313/prograde-data/-/raw/master/solarsystem/systems/Solar%20System/images/Charon/LICENSE-normal
diffuse-map	Charon	images/Charon/diffuse.png	https://gitlab.com/Dexter9313/prograde-data/-/raw/master/solarsystem/systems/Solar%20System/images/Charon/diffuse.png
normal-map	Charon	images/Charon/normal.png	https://gitlab.com/Dexter9313/prograde-data/-/raw/master/solarsystem/systems/Solar%20System/images/Charon/normal.png
license	Deimos	images/Deimos/LICENSE-diffuse	https://gitlab.com/Dexter9313/prograde-data/-/raw/master/solarsystem/systems/Solar%20System/images/Deimos/LICENSE-diffuse
license	Deimos	images/Deimos/LICENSE-normal	https://gitlab.com/Dexter9313/prograde-data/-/raw/master/solarsystem/systems/Solar%20System/images/Deimos/LICENSE-normal
diffuse-map	Deimos	images/Deimos/diffuse.png	https://gitlab.com/Dexter9313/prograde-data/-/raw/master/solarsystem/systems/Solar%20System/images/Deimos/diffuse.png
normal-map	Deimos	images/Deimos/normal.png	https://gitlab.com/Dexter9313/prograde-data/-/raw/master/solarsystem/systems/Solar%20System/images/Deimos/normal.png
license	Dione	images/Dione/LICENSE-diffuse	https://gitlab.com/Dexter9313/prograde-data/-/raw/master/solarsystem/systems/Solar%20System/images/Dione/LICENSE-diffuse
license	Dione	images/Dione/LICENSE-normal	https://gitlab.com/Dexter9313/prograde-data/-/raw/master/solarsystem/systems/Solar%20System/images/Dione/LICENSE-normal
diffuse-map	Dione	images/Dione/diffuse.jpg	https://gitlab.com/Dexter9313/prograde-data/-/raw/master/solarsystem/systems/Solar%20System/images/Dione/diffuse.jpg
normal-map	Dione	images/Dione/normal.png	https://gitlab.com/Dexter9313/prograde-data/-/raw/master/solarsystem/systems/Solar%20System/images/Dione/normal.png
license	Earth	images/Earth/LICENSE-clouds	https://gitlab.com/Dexter9313/prograde-data/-/raw/master/solarsystem/systems/Solar%20System/images/Earth/LICENSE-clouds
license	Earth	images/Earth/LICENSE-diffuse	https://gitlab.com/Dexter9313/prograde-data/-/raw/master/solarsystem/systems/Solar%20System/images/Earth/LICENSE-diffuse
license	Earth	images/Earth/LICENSE-night	https://gitlab.com/Dexter9313/prograde-data/-/raw/master/solarsystem/systems/Solar%20System/images/Earth/LICENSE-night
license	Earth	images/Earth/LICENSE-normal	https://gitlab.com/Dexter9313/prograde-data/-/raw/master/solarsystem/systems/Solar%20System/images/Earth/LICENSE-normal
license	Earth	images/Earth/LICENSE-specular	https://gitlab.com/Dexter9313/prograde-data/-/raw/master/solarsystem/systems/Solar%20System/images/Earth/LICENSE-specular
cloud-map	Earth	images/Earth/clouds.jpg	https://gitlab.com/Dexter9313/prograde-data/-/raw/master/solarsystem/systems/Solar%20System/images/Earth/clouds.jpg
diffuse-map	Earth	images/Earth/diffuse.jpg	https://gitlab.com/Dexter9313/prograde-data/-/raw/master/solarsystem/systems/Solar%20System/images/Earth/diffuse.jpg
night-map	Earth	images/Earth/night.jpg	https://gitlab.com/Dexter9313/prograde-data/-/raw/master/solarsystem/systems/Solar%20System/images/Earth/night.jpg
normal-map	Earth	images/Earth/normal.jpg	https://gitlab.com/Dexter9313/prograde-data/-/raw/master/solarsystem/systems/Solar%20System/images/Earth/normal.jpg
specular-map	Earth	images/Earth/specular.jpg	https://gitlab.com/Dexter9313/prograde-data/-/raw/master/solarsystem/systems/Solar%20System/images/Earth/specular.jpg
license	Enceladus	images/Enceladus/LICENSE-diffuse	https://gitlab.com/Dexter9313/prograde-data/-/raw/master/solarsystem/systems/Solar%20System/images/Enceladus/LICENSE-diffuse
license	Enceladus	images/Enceladus/LICENSE-normal	https://gitlab.com/Dexter9313/prograde-data/-/raw/master/solarsystem/systems/Solar%20System/images/Enceladus/LICENSE-normal
diffuse-map	Enceladus	images/Enceladus/diffuse.jpg	https://gitlab.com/Dexter9313/prograde-data/-/raw/master/solarsystem/systems/Solar%20System/images/Enceladus/diffuse.jpg
normal-map	Enceladus	images/Enceladus/normal.jpg	https://gitlab.com/Dexter9313/prograde-data/-/raw/master/solarsystem/systems/Solar%20System/images/Enceladus/normal.jpg
license	Eris	images/Eris/LICENSE-diffuse	https://gitlab.com/Dexter9313/prograde-data/-/raw/master/solarsystem/systems/Solar%20System/images/Eris/LICENSE-diffuse
license	Eris	images/Eris/LICENSE-normal	https://gitlab.com/Dexter9313/prograde-data/-/raw/master/solarsystem/systems/Solar%20System/images/Eris/LICENSE-normal
diffuse-map	Eris	images/Eris/diffuse.jpg	https://gitlab.com/Dexter9313/prograde-data/-/raw/master/solarsystem/systems/Solar%20System/images/Eris/diffuse.jpg
normal-map	Eris	images/Eris/normal.jpg	https://gitlab.com/Dexter9313/prograde-data/-/raw/master/solarsystem/systems/Solar%20System/images/Eris/normal.jpg
license	Europa	images/Europa/LICENSE-diffuse	https://gitlab.com/Dexter9313/prograde-data/-/raw/master/solarsystem/systems/Solar%20System/images/Europa/LICENSE-diffuse
license	Europa	images/Europa/LICENSE-normal	https://gitlab.com/Dexter9313/prograde-data/-/raw/master/solarsystem/systems/Solar%20System/images/Europa/LICENSE-normal
diffuse-map	Europa	images/Europa/diffuse.jpg	https://gitlab.com/Dexter9313/prograde-data/-/raw/master/solarsystem/systems/Solar%20System/images/Europa/diffuse.jpg
normal-map	Europa	images/Europa/normal.jpg	https://gitlab.com/Dexter9313/prograde-data/-/raw/master/solarsystem/systems/Solar%20System/images/Europa/normal.jpg
license	Ganymede	images/Ganymede/LICENSE-diffuse	https://gitlab.com/Dexter9313/prograde-data/-/raw/master/solarsystem/systems/Solar%20System/images/Ganymede/LICENSE-diffuse
license	Ganymede	images/Ganymede/LICENSE-normal	https://gitlab.com/Dexter9313/prograde-data/-/raw/master/solarsystem/systems/Solar%20System/images/Ganymede/LICENSE-normal
diffuse-map	Ganymede	images/Ganymede/diffuse.png	https://gitlab.com/Dexter9313/prograde-data/-/raw/master/solarsystem/systems/Solar%20System/images/Ganymede/diffuse.png
normal-map	Ganymede	images/Ganymede/normal.jpg	https://gitlab.com/Dexter9313/prograde-data/-/raw/master/solarsystem/systems/Solar%20System/images/Ganymede/normal.jpg
license	Haumea	images/Haumea/LICENSE-diffuse	https://gitlab.com/Dexter9313/prograde-data/-/raw/master/solarsystem/systems/Solar%20System/images/Haumea/LICENSE-diffuse
license	Haumea	images/Haumea/LICENSE-normal	https://gitlab.com/Dexter9313/prograde-data/-/raw/master/solarsystem/systems/Solar%20System/images/Haumea/LICENSE-normal
diffuse-map	Haumea	images/Haumea/diffuse.png	https://gitlab.com/Dexter9313/prograde-data/-/raw/master/solarsystem/systems/Solar%20System/images/Haumea/diffuse.png
normal-map	Haumea	images/Haumea/normal.png	https://gitlab.com/Dexter9313/prograde-data/-/raw/master/solarsystem/systems/Solar%20System/images/Haumea/normal.png
license	Hyperion	images/Hyperion/LICENSE-diffuse	https://gitlab.com/Dexter9313/prograde-data/-/raw/master/solarsystem/systems/Solar%20System/images/Hyperion/LICENSE-diffuse
diffuse-map	Hyperion	images/Hyperion/diffuse.png	https://gitlab.com/Dexter9313/prograde-data/-/raw/master/solarsystem/systems/Solar%20System/images/Hyperion/diffuse.png
license	Iapetus	images/Iapetus/LICENSE-diffuse	https://gitlab.com/Dexter9313/prograde-data/-/raw/master/solarsystem/systems/Solar%20System/images/Iapetus/LICENSE-diffuse
license	Iapetus	images/Iapetus/LICENSE-normal	https://gitlab.com/Dexter9313/prograde-data/-/raw/master/solarsystem/systems/Solar%20System/images/Iapetus/LICENSE-normal
diffuse-map	Iapetus	images/Iapetus/diffuse.jpg	https://gitlab.com/Dexter9313/prograde-data/-/raw/master/solarsystem/systems/Solar%20System/images/Iapetus/diffuse.jpg
height-map	Iapetus	images/Iapetus/iapetus_elevation_map_by_oleg_pluton_dciddid.png	https://gitlab.com/Dexter9313/prograde-data/-/raw/master/solarsystem/systems/Solar%20System/images/Iapetus/iapetus_elevation_map_by_oleg_pluton_dciddid.png
normal-map	Iapetus	images/Iapetus/normal.png	https://gitlab.com/Dexter9313/prograde-data/-/raw/master/solarsystem/systems/Solar%20System/images/Iapetus/normal.png
license	Io	images/Io/LICENSE-diffuse	https://gitlab.com/Dexter9313/prograde-data/-/raw/master/solarsystem/systems/Solar%20System/images/Io/LICENSE-diffuse
license	Io	images/Io/LICENSE-normal	https://gitlab.com/Dexter9313/prograde-data/-/raw/master/solarsystem/systems/Solar%20System/images/Io/LICENSE-normal
diffuse-map	Io	images/Io/diffuse.png	https://gitlab.com/Dexter9313/prograde-data/-/raw/master/solarsystem/systems/Solar%20System/images/Io/diffuse.png
normal-map	Io	images/Io/normal.png	https://gitlab.com/Dexter9313/prograde-data/-/raw/master/solarsystem/systems/Solar%20System/images/Io/normal.png
license	Juno	images/Juno/LICENSE-diffuse	https://gitlab.com/Dexter9313/prograde-data/-/raw/master/solarsystem/systems/Solar%20System/images/Juno/LICENSE-diffuse
license	Juno	images/Juno/LICENSE-normal	https://gitlab.com/Dexter9313/prograde-data/-/raw/master/solarsystem/systems/Solar%20System/images/Juno/LICENSE-normal
diffuse-map	Juno	images/Juno/diffuse.jpg	https://gitlab.com/Dexter9313/prograde-data/-/raw/master/solarsystem/systems/Solar%20System/images/Juno/diffuse.jpg
normal-map	Juno	images/Juno/normal.jpg	https://gitlab.com/Dexter9313/prograde-data/-/raw/master/solarsystem/systems/Solar%20System/images/Juno/normal.jpg
license	Jupiter	images/Jupiter/LICENSE-diffuse	https://gitlab.com/Dexter9313/prograde-data/-/raw/master/solarsystem/systems/Solar%20System/images/Jupiter/LICENSE-diffuse
diffuse-map	Jupiter	images/Jupiter/diffuse.png	https://gitlab.com/Dexter9313/prograde-data/-/raw/master/solarsystem/systems/Solar%20System/images/Jupiter/diffuse.png
license	Makemake	images/Makemake/LICENSE-diffuse	https://gitlab.com/Dexter9313/prograde-data/-/raw/master/solarsystem/systems/Solar%20System/images/Makemake/LICENSE-diffuse
license	Makemake	images/Makemake/LICENSE-normal	https://gitlab.com/Dexter9313/prograde-data/-/raw/master/solarsystem/systems/Solar%20System/images/Makemake/LICENSE-normal
diffuse-map	Makemake	images/Makemake/diffuse.png	https://gitlab.com/Dexter9313/prograde-data/-/raw/master/solarsystem/systems/Solar%20System/images/Makemake/diffuse.png
normal-map	Makemake	images/Makemake/normal.png	https://gitlab.com/Dexter9313/prograde-data/-/raw/master/solarsystem/systems/Solar%20System/images/Makemake/normal.png
license	Mars	images/Mars/LICENSE-diffuse	https://gitlab.com/Dexter9313/prograde-data/-/raw/master/solarsystem/systems/Solar%20System/images/Mars/LICENSE-diffuse
license	Mars	images/Mars/LICENSE-normal	https://gitlab.com/Dexter9313/prograde-data/-/raw/master/solarsystem/systems/Solar%20System/images/Mars/LICENSE-normal
diffuse-map	Mars	images/Mars/diffuse.png	https://gitlab.com/Dexter9313/prograde-data/-/raw/master/solarsystem/systems/Solar%20System/images/Mars/diffuse.png
normal-map	Mars	images/Mars/normal.png	https://gitlab.com/Dexter9313/prograde-data/-/raw/master/solarsystem/systems/Solar%20System/images/Mars/normal.png
license	Mercury	images/Mercury/LICENSE-diffuse	https://gitlab.com/Dexter9313/prograde-data/-/raw/master/solarsystem/systems/Solar%20System/images/Mercury/LICENSE-diffuse
license	Mercury	images/Mercury/LICENSE-normal	https://gitlab.com/Dexter9313/prograde-data/-/raw/master/solarsystem/systems/Solar%20System/images/Mercury/LICENSE-normal
diffuse-map	Mercury	images/Mercury/diffuse.jpg	https://gitlab.com/Dexter9313/prograde-data/-/raw/master/solarsystem/systems/Solar%20System/images/Mercury/diffuse.jpg
normal-map	Mercury	images/Mercury/normal.png	https://gitlab.com/Dexter9313/prograde-data/-/raw/master/solarsystem/systems/Solar%20System/images/Mercury/normal.png
license	Mimas	images/Mimas/LICENSE-diffuse	https://gitlab.com/Dexter9313/prograde-data/-/raw/master/solarsystem/systems/Solar%20System/images/Mimas/LICENSE-diffuse
license	Mimas	images/Mimas/LICENSE-normal	https://gitlab.com/Dexter9313/prograde-data/-/raw/master/solarsystem/systems/Solar%20System/images/Mimas/LICENSE-normal
diffuse-map	Mimas	images/Mimas/diffuse.png	https://gitlab.com/Dexter9313/prograde-data/-/raw/master/solarsystem/systems/Solar%20System/images/Mimas/diffuse.png
normal-map	Mimas	images/Mimas/normal.png	https://gitlab.com/Dexter9313/prograde-data/-/raw/master/solarsystem/systems/Solar%20System/images/Mimas/normal.png
license	Miranda	images/Miranda/LICENSE-diffuse	https://gitlab.com/Dexter9313/prograde-data/-/raw/master/solarsystem/systems/Solar%20System/images/Miranda/LICENSE-diffuse
license	Miranda	images/Miranda/LICENSE-normal	https://gitlab.com/Dexter9313/prograde-data/-/raw/master/solarsystem/systems/Solar%20System/images/Miranda/LICENSE-normal
diffuse-map	Miranda	images/Miranda/diffuse.jpg	https://gitlab.com/Dexter9313/prograde-data/-/raw/master/solarsystem/systems/Solar%20System/images/Miranda/diffuse.jpg
normal-map	Miranda	images/Miranda/normal.png	https://gitlab.com/Dexter9313/prograde-data/-/raw/master/solarsystem/systems/Solar%20System/images/Miranda/normal.png
license	Moon	images/Moon/LICENSE-diffuse	https://gitlab.com/Dexter9313/prograde-data/-/raw/master/solarsystem/systems/Solar%20System/images/Moon/LICENSE-diffuse
license	Moon	images/Moon/LICENSE-normal	https://gitlab.com/Dexter9313/prograde-data/-/raw/master/solarsystem/systems/Solar%20System/images/Moon/LICENSE-normal
diffuse-map	Moon	images/Moon/diffuse.jpg	https://gitlab.com/Dexter9313/prograde-data/-/raw/master/solarsystem/systems/Solar%20System/images/Moon/diffuse.jpg
normal-map	Moon	images/Moon/normal.jpg	https://gitlab.com/Dexter9313/prograde-data/-/raw/master/solarsystem/systems/Solar%20System/images/Moon/normal.jpg
license	Neptune	images/Neptune/LICENSE-diffuse	https://gitlab.com/Dexter9313/prograde-data/-/raw/master/solarsystem/systems/Solar%20System/images/Neptune/LICENSE-diffuse
diffuse-map	Neptune	images/Neptune/diffuse.jpg	https://gitlab.com/Dexter9313/prograde-data/-/raw/master/solarsystem/systems/Solar%20System/images/Neptune/diffuse.jpg
license	Oberon	images/Oberon/LICENSE-diffuse	https://gitlab.com/Dexter9313/prograde-data/-/raw/master/solarsystem/systems/Solar%20System/images/Oberon/LICENSE-diffuse
license	Oberon	images/Oberon/LICENSE-normal	https://gitlab.com/Dexter9313/prograde-data/-/raw/master/solarsystem/systems/Solar%20System/images/Oberon/LICENSE-normal
diffuse-map	Oberon	images/Oberon/diffuse.jpg	https://gitlab.com/Dexter9313/prograde-data/-/raw/master/solarsystem/systems/Solar%20System/images/Oberon/diffuse.jpg
normal-map	Oberon	images/Oberon/normal.png	https://gitlab.com/Dexter9313/prograde-data/-/raw/master/solarsystem/systems/Solar%20System/images/Oberon/normal.png
license	Pallas	images/Pallas/LICENSE-diffuse	https://gitlab.com/Dexter9313/prograde-data/-/raw/master/solarsystem/systems/Solar%20System/images/Pallas/LICENSE-diffuse
license	Pallas	images/Pallas/LICENSE-normal	https://gitlab.com/Dexter9313/prograde-data/-/raw/master/solarsystem/systems/Solar%20System/images/Pallas/LICENSE-normal
diffuse-map	Pallas	images/Pallas/diffuse.jpg	https://gitlab.com/Dexter9313/prograde-data/-/raw/master/solarsystem/systems/Solar%20System/images/Pallas/diffuse.jpg
normal-map	Pallas	images/Pallas/normal.jpg	https://gitlab.com/Dexter9313/prograde-data/-/raw/master/solarsystem/systems/Solar%20System/images/Pallas/normal.jpg
license	Phobos	images/Phobos/LICENSE-diffuse	https://gitlab.com/Dexter9313/prograde-data/-/raw/master/solarsystem/systems/Solar%20System/images/Phobos/LICENSE-diffuse
license	Phobos	images/Phobos/LICENSE-normal	https://gitlab.com/Dexter9313/prograde-data/-/raw/master/solarsystem/systems/Solar%20System/images/Phobos/LICENSE-normal
diffuse-map	Phobos	images/Phobos/diffuse.png	https://gitlab.com/Dexter9313/prograde-data/-/raw/master/solarsystem/systems/Solar%20System/images/Phobos/diffuse.png
normal-map	Phobos	images/Phobos/normal.png	https://gitlab.com/Dexter9313/prograde-data/-/raw/master/solarsystem/systems/Solar%20System/images/Phobos/normal.png
license	Pluto	images/Pluto/LICENSE-diffuse	https://gitlab.com/Dexter9313/prograde-data/-/raw/master/solarsystem/systems/Solar%20System/images/Pluto/LICENSE-diffuse
license	Pluto	images/Pluto/LICENSE-normal	https://gitlab.com/Dexter9313/prograde-data/-/raw/master/solarsystem/systems/Solar%20System/images/Pluto/LICENSE-normal
diffuse-map	Pluto	images/Pluto/diffuse.jpg	https://gitlab.com/Dexter9313/prograde-data/-/raw/master/solarsystem/systems/Solar%20System/images/Pluto/diffuse.jpg
normal-map	Pluto	images/Pluto/normal.jpg	https://gitlab.com/Dexter9313/prograde-data/-/raw/master/solarsystem/systems/Solar%20System/images/Pluto/normal.jpg
license	Rhea	images/Rhea/LICENSE-diffuse	https://gitlab.com/Dexter9313/prograde-data/-/raw/master/solarsystem/systems/Solar%20System/images/Rhea/LICENSE-diffuse
license	Rhea	images/Rhea/LICENSE-normal	https://gitlab.com/Dexter9313/prograde-data/-/raw/master/solarsystem/systems/Solar%20System/images/Rhea/LICENSE-normal
diffuse-map	Rhea	images/Rhea/diffuse.jpg	https://gitlab.com/Dexter9313/prograde-data/-/raw/master/solarsystem/systems/Solar%20System/images/Rhea/diffuse.jpg
normal-map	Rhea	images/Rhea/normal.png	https://gitlab.com/Dexter9313/prograde-data/-/raw/master/solarsystem/systems/Solar%20System/images/Rhea/normal.png
license	Saturn	images/Saturn/LICENSE-diffuse	https://gitlab.com/Dexter9313/prograde-data/-/raw/master/solarsystem/systems/Solar%20System/images/Saturn/LICENSE-diffuse
license	Saturn	images/Saturn/LICENSE-rings	https://gitlab.com/Dexter9313/prograde-data/-/raw/master/solarsystem/systems/Solar%20System/images/Saturn/LICENSE-rings
diffuse-map	Saturn	images/Saturn/diffuse.png	https://gitlab.com/Dexter9313/prograde-data/-/raw/master/solarsystem/systems/Solar%20System/images/Saturn/diffuse.png
ring-texture	Saturn	images/Saturn/rings.png	https://gitlab.com/Dexter9313/prograde-data/-/raw/master/solarsystem/systems/Solar%20System/images/Saturn/rings.png
license	Tethys	images/Tethys/LICENSE-diffuse	https://gitlab.com/Dexter9313/prograde-data/-/raw/master/solarsystem/systems/Solar%20System/images/Tethys/LICENSE-diffuse
license	Tethys	images/Tethys/LICENSE-normal	https://gitlab.com/Dexter9313/prograde-data/-/raw/master/solarsystem/systems/Solar%20System/images/Tethys/LICENSE-normal
diffuse-map	Tethys	images/Tethys/diffuse.png	https://gitlab.com/Dexter9313/prograde-data/-/raw/master/solarsystem/systems/Solar%20System/images/Tethys/diffuse.png
normal-map	Tethys	images/Tethys/normal.png	https://gitlab.com/Dexter9313/prograde-data/-/raw/master/solarsystem/systems/Solar%20System/images/Tethys/normal.png
license	Titan	images/Titan/LICENSE-diffuse	https://gitlab.com/Dexter9313/prograde-data/-/raw/master/solarsystem/systems/Solar%20System/images/Titan/LICENSE-diffuse
diffuse-map	Titan	images/Titan/diffuse.jpg	https://gitlab.com/Dexter9313/prograde-data/-/raw/master/solarsystem/systems/Solar%20System/images/Titan/diffuse.jpg
license	Titania	images/Titania/LICENSE-diffuse	https://gitlab.com/Dexter9313/prograde-data/-/raw/master/solarsystem/systems/Solar%20System/images/Titania/LICENSE-diffuse
license	Titania	images/Titania/LICENSE-normal	https://gitlab.com/Dexter9313/prograde-data/-/raw/master/solarsystem/systems/Solar%20System/images/Titania/LICENSE-normal
diffuse-map	Titania	images/Titania/diffuse.jpg	https://gitlab.com/Dexter9313/prograde-data/-/raw/master/solarsystem/systems/Solar%20System/images/Titania/diffuse.jpg
normal-map	Titania	images/Titania/normal.png	https://gitlab.com/Dexter9313/prograde-data/-/raw/master/solarsystem/systems/Solar%20System/images/Titania/normal.png
license	Triton	images/Triton/LICENSE-diffuse	https://gitlab.com/Dexter9313/prograde-data/-/raw/master/solarsystem/systems/Solar%20System/images/Triton/LICENSE-diffuse
license	Triton	images/Triton/LICENSE-normal	https://gitlab.com/Dexter9313/prograde-data/-/raw/master/solarsystem/systems/Solar%20System/images/Triton/LICENSE-normal
diffuse-map	Triton	images/Triton/diffuse.jpg	https://gitlab.com/Dexter9313/prograde-data/-/raw/master/solarsystem/systems/Solar%20System/images/Triton/diffuse.jpg
normal-map	Triton	images/Triton/normal.png	https://gitlab.com/Dexter9313/prograde-data/-/raw/master/solarsystem/systems/Solar%20System/images/Triton/normal.png
license	Umbriel	images/Umbriel/LICENSE-diffuse	https://gitlab.com/Dexter9313/prograde-data/-/raw/master/solarsystem/systems/Solar%20System/images/Umbriel/LICENSE-diffuse
license	Umbriel	images/Umbriel/LICENSE-normal	https://gitlab.com/Dexter9313/prograde-data/-/raw/master/solarsystem/systems/Solar%20System/images/Umbriel/LICENSE-normal
diffuse-map	Umbriel	images/Umbriel/diffuse.jpg	https://gitlab.com/Dexter9313/prograde-data/-/raw/master/solarsystem/systems/Solar%20System/images/Umbriel/diffuse.jpg
normal-map	Umbriel	images/Umbriel/normal.png	https://gitlab.com/Dexter9313/prograde-data/-/raw/master/solarsystem/systems/Solar%20System/images/Umbriel/normal.png
license	Uranus	images/Uranus/LICENSE-diffuse	https://gitlab.com/Dexter9313/prograde-data/-/raw/master/solarsystem/systems/Solar%20System/images/Uranus/LICENSE-diffuse
license	Uranus	images/Uranus/LICENSE-rings	https://gitlab.com/Dexter9313/prograde-data/-/raw/master/solarsystem/systems/Solar%20System/images/Uranus/LICENSE-rings
diffuse-map	Uranus	images/Uranus/diffuse.png	https://gitlab.com/Dexter9313/prograde-data/-/raw/master/solarsystem/systems/Solar%20System/images/Uranus/diffuse.png
ring-texture	Uranus	images/Uranus/rings.png	https://gitlab.com/Dexter9313/prograde-data/-/raw/master/solarsystem/systems/Solar%20System/images/Uranus/rings.png
license	Venus	images/Venus/LICENSE-diffuse	https://gitlab.com/Dexter9313/prograde-data/-/raw/master/solarsystem/systems/Solar%20System/images/Venus/LICENSE-diffuse
diffuse-map	Venus	images/Venus/diffuse.png	https://gitlab.com/Dexter9313/prograde-data/-/raw/master/solarsystem/systems/Solar%20System/images/Venus/diffuse.png
license	Vesta	images/Vesta/LICENSE-diffuse	https://gitlab.com/Dexter9313/prograde-data/-/raw/master/solarsystem/systems/Solar%20System/images/Vesta/LICENSE-diffuse
license	Vesta	images/Vesta/LICENSE-normal	https://gitlab.com/Dexter9313/prograde-data/-/raw/master/solarsystem/systems/Solar%20System/images/Vesta/LICENSE-normal
diffuse-map	Vesta	images/Vesta/diffuse.png	https://gitlab.com/Dexter9313/prograde-data/-/raw/master/solarsystem/systems/Solar%20System/images/Vesta/diffuse.png
normal-map	Vesta	images/Vesta/normal.png	https://gitlab.com/Dexter9313/prograde-data/-/raw/master/solarsystem/systems/Solar%20System/images/Vesta/normal.png
toml		manifest.toml	https://gitlab.com/Dexter9313/prograde-data/-/raw/master/solarsystem/systems/Solar%20System/manifest.toml
model-source	Cassini	models/Cassini/Cassini_66.blend	https://gitlab.com/Dexter9313/prograde-data/-/raw/master/solarsystem/systems/Solar%20System/models/Cassini/Cassini_66.blend
license	Cassini	models/Cassini/LICENSE	https://gitlab.com/Dexter9313/prograde-data/-/raw/master/solarsystem/systems/Solar%20System/models/Cassini/LICENSE
texture	Cassini	models/Cassini/texture/dish_AO.png	https://gitlab.com/Dexter9313/prograde-data/-/raw/master/solarsystem/systems/Solar%20System/models/Cassini/texture/dish_AO.png
texture	Cassini	models/Cassini/texture/foil_gold_ramp.png	https://gitlab.com/Dexter9313/prograde-data/-/raw/master/solarsystem/systems/Solar%20System/models/Cassini/texture/foil_gold_ramp.png
texture	Cassini	models/Cassini/texture/foil_n.png	https://gitlab.com/Dexter9313/prograde-data/-/raw/master/solarsystem/systems/Solar%20System/models/Cassini/texture/foil_n.png
texture	Cassini	models/Cassini/texture/foil_n_2.png	https://gitlab.com/Dexter9313/prograde-data/-/raw/master/solarsystem/systems/Solar%20System/models/Cassini/texture/foil_n_2.png
texture	Cassini	models/Cassini/texture/tex_01_.png	https://gitlab.com/Dexter9313/prograde-data/-/raw/master/solarsystem/systems/Solar%20System/models/Cassini/texture/tex_01_.png
model	Churyumov-Gerasimenko	models/Churyumov-Gerasimenko.ply	https://gitlab.com/Dexter9313/prograde-data/-/raw/master/solarsystem/systems/Solar%20System/models/Churyumov-Gerasimenko.ply
model	Dawn	models/Dawn/Dawn.mtl	https://gitlab.com/Dexter9313/prograde-data/-/raw/master/solarsystem/systems/Solar%20System/models/Dawn/Dawn.mtl
model	Dawn	models/Dawn/Dawn.obj	https://gitlab.com/Dexter9313/prograde-data/-/raw/master/solarsystem/systems/Solar%20System/models/Dawn/Dawn.obj
license	Dawn	models/Dawn/LICENSE	https://gitlab.com/Dexter9313/prograde-data/-/raw/master/solarsystem/systems/Solar%20System/models/Dawn/LICENSE
directory	Dawn	models/Dawn/texture/.directory	https://gitlab.com/Dexter9313/prograde-data/-/raw/master/solarsystem/systems/Solar%20System/models/Dawn/texture/.directory
texture	Dawn	models/Dawn/texture/Dawn_tex_01.png	https://gitlab.com/Dexter9313/prograde-data/-/raw/master/solarsystem/systems/Solar%20System/models/Dawn/texture/Dawn_tex_01.png
texture	Dawn	models/Dawn/texture/foil_antenna.png	https://gitlab.com/Dexter9313/prograde-data/-/raw/master/solarsystem/systems/Solar%20System/models/Dawn/texture/foil_antenna.png
texture	Dawn	models/Dawn/texture/foil_antenna_n.png	https://gitlab.com/Dexter9313/prograde-data/-/raw/master/solarsystem/systems/Solar%20System/models/Dawn/texture/foil_antenna_n.png
texture	Dawn	models/Dawn/texture/foil_gold_ramp.png	https://gitlab.com/Dexter9313/prograde-data/-/raw/master/solarsystem/systems/Solar%20System/models/Dawn/texture/foil_gold_ramp.png
texture	Dawn	models/Dawn/texture/foil_n.png	https://gitlab.com/Dexter9313/prograde-data/-/raw/master/solarsystem/systems/Solar%20System/models/Dawn/texture/foil_n.png
texture	Dawn	models/Dawn/texture/foil_silver_ramp.png	https://gitlab.com/Dexter9313/prograde-data/-/raw/master/solarsystem/systems/Solar%20System/models/Dawn/texture/foil_silver_ramp.png
model	Deimos	models/Deimos.ply	https://gitlab.com/Dexter9313/prograde-data/-/raw/master/solarsystem/systems/Solar%20System/models/Deimos.ply
model	Dione	models/Dione.ply	https://gitlab.com/Dexter9313/prograde-data/-/raw/master/solarsystem/systems/Solar%20System/models/Dione.ply
texture	Hubble	models/Hubble/HUBSOLAR.JPG	https://gitlab.com/Dexter9313/prograde-data/-/raw/master/solarsystem/systems/Solar%20System/models/Hubble/HUBSOLAR.JPG
model	Hubble	models/Hubble/Hubble.mtl	https://gitlab.com/Dexter9313/prograde-data/-/raw/master/solarsystem/systems/Solar%20System/models/Hubble/Hubble.mtl
model	Hubble	models/Hubble/Hubble.obj	https://gitlab.com/Dexter9313/prograde-data/-/raw/master/solarsystem/systems/Solar%20System/models/Hubble/Hubble.obj
license	Hubble	models/Hubble/LICENSE	https://gitlab.com/Dexter9313/prograde-data/-/raw/master/solarsystem/systems/Solar%20System/models/Hubble/LICENSE
texture	Hubble	models/Hubble/SCBLACK.JPG	https://gitlab.com/Dexter9313/prograde-data/-/raw/master/solarsystem/systems/Solar%20System/models/Hubble/SCBLACK.JPG
texture	Hubble	models/Hubble/SCDKGRA.JPG	https://gitlab.com/Dexter9313/prograde-data/-/raw/master/solarsystem/systems/Solar%20System/models/Hubble/SCDKGRA.JPG
texture	Hubble	models/Hubble/SCLOGOS1.JPG	https://gitlab.com/Dexter9313/prograde-data/-/raw/master/solarsystem/systems/Solar%20System/models/Hubble/SCLOGOS1.JPG
texture	Hubble	models/Hubble/SCLTGRA.JPG	https://gitlab.com/Dexter9313/prograde-data/-/raw/master/solarsystem/systems/Solar%20System/models/Hubble/SCLTGRA.JPG
texture	Hubble	models/Hubble/SCLTGRAR.JPG	https://gitlab.com/Dexter9313/prograde-data/-/raw/master/solarsystem/systems/Solar%20System/models/Hubble/SCLTGRAR.JPG
texture	Hubble	models/Hubble/SCORNGE.JPG	https://gitlab.com/Dexter9313/prograde-data/-/raw/master/solarsystem/systems/Solar%20System/models/Hubble/SCORNGE.JPG
texture	Hubble	models/Hubble/SCPLATE.JPG	https://gitlab.com/Dexter9313/prograde-data/-/raw/master/solarsystem/systems/Solar%20System/models/Hubble/SCPLATE.JPG
texture	Hubble	models/Hubble/SCPLATE2.JPG	https://gitlab.com/Dexter9313/prograde-data/-/raw/master/solarsystem/systems/Solar%20System/models/Hubble/SCPLATE2.JPG
texture	Hubble	models/Hubble/SCPURP.JPG	https://gitlab.com/Dexter9313/prograde-data/-/raw/master/solarsystem/systems/Solar%20System/models/Hubble/SCPURP.JPG
texture	Hubble	models/Hubble/SCTFOIL2.JPG	https://gitlab.com/Dexter9313/prograde-data/-/raw/master/solarsystem/systems/Solar%20System/models/Hubble/SCTFOIL2.JPG
texture	Hubble	models/Hubble/SCYELL.JPG	https://gitlab.com/Dexter9313/prograde-data/-/raw/master/solarsystem/systems/Solar%20System/models/Hubble/SCYELL.JPG
texture	Hubble	models/Hubble/scdkgrar.jpg	https://gitlab.com/Dexter9313/prograde-data/-/raw/master/solarsystem/systems/Solar%20System/models/Hubble/scdkgrar.jpg
model	Hyperion	models/Hyperion.ply	https://gitlab.com/Dexter9313/prograde-data/-/raw/master/solarsystem/systems/Solar%20System/models/Hyperion.ply
license	ISS	models/ISS/LICENSE	https://gitlab.com/Dexter9313/prograde-data/-/raw/master/solarsystem/systems/Solar%20System/models/ISS/LICENSE
bin	ISS	models/ISS/scene.bin	https://gitlab.com/Dexter9313/prograde-data/-/raw/master/solarsystem/systems/Solar%20System/models/ISS/scene.bin
model	ISS	models/ISS/scene.gltf	https://gitlab.com/Dexter9313/prograde-data/-/raw/master/solarsystem/systems/Solar%20System/models/ISS/scene.gltf
texture	ISS	models/ISS/textures/19_-_Default_baseColor.png	https://gitlab.com/Dexter9313/prograde-data/-/raw/master/solarsystem/systems/Solar%20System/models/ISS/textures/19_-_Default_baseColor.png
texture	ISS	models/ISS/textures/Default_baseColor.png	https://gitlab.com/Dexter9313/prograde-data/-/raw/master/solarsystem/systems/Solar%20System/models/ISS/textures/Default_baseColor.png
ring-texture	ISS	models/ISS/textures/d_ring_with_Tex_baseColor.png	https://gitlab.com/Dexter9313/prograde-data/-/raw/master/solarsystem/systems/Solar%20System/models/ISS/textures/d_ring_with_Tex_baseColor.png
xsh	ISS	models/ISS/textures/flip.xsh	https://gitlab.com/Dexter9313/prograde-data/-/raw/master/solarsystem/systems/Solar%20System/models/ISS/textures/flip.xsh
texture	ISS	models/ISS/textures/graple_with_Tex_baseColor.png	https://gitlab.com/Dexter9313/prograde-data/-/raw/master/solarsystem/systems/Solar%20System/models/ISS/textures/graple_with_Tex_baseColor.png
texture	ISS	models/ISS/textures/iss_dc_with_Tex_baseColor.png	https://gitlab.com/Dexter9313/prograde-data/-/raw/master/solarsystem/systems/Solar%20System/models/ISS/textures/iss_dc_with_Tex_baseColor.png
texture	ISS	models/ISS/textures/iss_dcs_with_Tex_baseColor.png	https://gitlab.com/Dexter9313/prograde-data/-/raw/master/solarsystem/systems/Solar%20System/models/ISS/textures/iss_dcs_with_Tex_baseColor.png
texture	ISS	models/ISS/textures/iss_un_with_Tex_baseColor.png	https://gitlab.com/Dexter9313/prograde-data/-/raw/master/solarsystem/systems/Solar%20System/models/ISS/textures/iss_un_with_Tex_baseColor.png
texture	ISS	models/ISS/textures/issb2_with_Tex_baseColor.png	https://gitlab.com/Dexter9313/prograde-data/-/raw/master/solarsystem/systems/Solar%20System/models/ISS/textures/issb2_with_Tex_baseColor.png
texture	ISS	models/ISS/textures/issb3_with_Tex_baseColor.png	https://gitlab.com/Dexter9313/prograde-data/-/raw/master/solarsystem/systems/Solar%20System/models/ISS/textures/issb3_with_Tex_baseColor.png
texture	ISS	models/ISS/textures/issb4_with_Tex_baseColor.png	https://gitlab.com/Dexter9313/prograde-data/-/raw/master/solarsystem/systems/Solar%20System/models/ISS/textures/issb4_with_Tex_baseColor.png
texture	ISS	models/ISS/textures/issb_with_Tex_I_baseColor.png	https://gitlab.com/Dexter9313/prograde-data/-/raw/master/solarsystem/systems/Solar%20System/models/ISS/textures/issb_with_Tex_I_baseColor.png
texture	ISS	models/ISS/textures/issbs_with_Tex_baseColor.png	https://gitlab.com/Dexter9313/prograde-data/-/raw/master/solarsystem/systems/Solar%20System/models/ISS/textures/issbs_with_Tex_baseColor.png
texture	ISS	models/ISS/textures/issbso2_with_Tex_baseColor.png	https://gitlab.com/Dexter9313/prograde-data/-/raw/master/solarsystem/systems/Solar%20System/models/ISS/textures/issbso2_with_Tex_baseColor.png
texture	ISS	models/ISS/textures/issbso_with_Tex_baseColor.png	https://gitlab.com/Dexter9313/prograde-data/-/raw/master/solarsystem/systems/Solar%20System/models/ISS/textures/issbso_with_Tex_baseColor.png
texture	ISS	models/ISS/textures/isscov2_with_Tex_baseColor.png	https://gitlab.com/Dexter9313/prograde-data/-/raw/master/solarsystem/systems/Solar%20System/models/ISS/textures/isscov2_with_Tex_baseColor.png
texture	ISS	models/ISS/textures/isscover_with_Te_baseColor.png	https://gitlab.com/Dexter9313/prograde-data/-/raw/master/solarsystem/systems/Solar%20System/models/ISS/textures/isscover_with_Te_baseColor.png
texture	ISS	models/ISS/textures/isscup_with_Tex_baseColor.png	https://gitlab.com/Dexter9313/prograde-data/-/raw/master/solarsystem/systems/Solar%20System/models/ISS/textures/isscup_with_Tex_baseColor.png
texture	ISS	models/ISS/textures/issdish_with_Tex_baseColor.png	https://gitlab.com/Dexter9313/prograde-data/-/raw/master/solarsystem/systems/Solar%20System/models/ISS/textures/issdish_with_Tex_baseColor.png
texture	ISS	models/ISS/textures/issdot_with_Tex_baseColor.png	https://gitlab.com/Dexter9313/prograde-data/-/raw/master/solarsystem/systems/Solar%20System/models/ISS/textures/issdot_with_Tex_baseColor.png
texture	ISS	models/ISS/textures/issesa_with_Tex_baseColor.png	https://gitlab.com/Dexter9313/prograde-data/-/raw/master/solarsystem/systems/Solar%20System/models/ISS/textures/issesa_with_Tex_baseColor.png
texture	ISS	models/ISS/textures/isshand_with_Tex_baseColor.png	https://gitlab.com/Dexter9313/prograde-data/-/raw/master/solarsystem/systems/Solar%20System/models/ISS/textures/isshand_with_Tex_baseColor.png
texture	ISS	models/ISS/textures/issins_with_Tex_baseColor.png	https://gitlab.com/Dexter9313/prograde-data/-/raw/master/solarsystem/systems/Solar%20System/models/ISS/textures/issins_with_Tex_baseColor.png
texture	ISS	models/ISS/textures/issku1_with_Tex_baseColor.png	https://gitlab.com/Dexter9313/prograde-data/-/raw/master/solarsystem/systems/Solar%20System/models/ISS/textures/issku1_with_Tex_baseColor.png
texture	ISS	models/ISS/textures/issku2_with_Tex_baseColor.png	https://gitlab.com/Dexter9313/prograde-data/-/raw/master/solarsystem/systems/Solar%20System/models/ISS/textures/issku2_with_Tex_baseColor.png
texture	ISS	models/ISS/textures/issku_with_Tex_baseColor.png	https://gitlab.com/Dexter9313/prograde-data/-/raw/master/solarsystem/systems/Solar%20System/models/ISS/textures/issku_with_Tex_baseColor.png
texture	ISS	models/ISS/textures/issmb_with_Tex_baseColor.png	https://gitlab.com/Dexter9313/prograde-data/-/raw/master/solarsystem/systems/Solar%20System/models/ISS/textures/issmb_with_Tex_baseColor.png
texture	ISS	models/ISS/textures/issmod_with_Tex_baseColor.png	https://gitlab.com/Dexter9313/prograde-data/-/raw/master/solarsystem/systems/Solar%20System/models/ISS/textures/issmod_with_Tex_baseColor.png
texture	ISS	models/ISS/textures/issp2_with_Tex_baseColor.png	https://gitlab.com/Dexter9313/prograde-data/-/raw/master/solarsystem/systems/Solar%20System/models/ISS/textures/issp2_with_Tex_baseColor.png
texture	ISS	models/ISS/textures/isspanel_with_Te_baseColor.png	https://gitlab.com/Dexter9313/prograde-data/-/raw/master/solarsystem/systems/Solar%20System/models/ISS/textures/isspanel_with_Te_baseColor.png
texture	ISS	models/ISS/textures/issrad_with_Tex_baseColor.png	https://gitlab.com/Dexter9313/prograde-data/-/raw/master/solarsystem/systems/Solar%20System/models/ISS/textures/issrad_with_Tex_baseColor.png
texture	ISS	models/ISS/textures/issred_with_Tex_baseColor.png	https://gitlab.com/Dexter9313/prograde-data/-/raw/master/solarsystem/systems/Solar%20System/models/ISS/textures/issred_with_Tex_baseColor.png
texture	ISS	models/ISS/textures/isssolar_with_Te_baseColor.png	https://gitlab.com/Dexter9313/prograde-data/-/raw/master/solarsystem/systems/Solar%20System/models/ISS/textures/isssolar_with_Te_baseColor.png
texture	ISS	models/ISS/textures/issusa_with_Tex_baseColor.png	https://gitlab.com/Dexter9313/prograde-data/-/raw/master/solarsystem/systems/Solar%20System/models/ISS/textures/issusa_with_Tex_baseColor.png
texture	ISS	models/ISS/textures/issusaf_with_1_baseColor.png	https://gitlab.com/Dexter9313/prograde-data/-/raw/master/solarsystem/systems/Solar%20System/models/ISS/textures/issusaf_with_1_baseColor.png
texture	ISS	models/ISS/textures/issusaf_with_Tex_baseColor.png	https://gitlab.com/Dexter9313/prograde-data/-/raw/master/solarsystem/systems/Solar%20System/models/ISS/textures/issusaf_with_Tex_baseColor.png
texture	ISS	models/ISS/textures/isszmod_with_Tex_baseColor.png	https://gitlab.com/Dexter9313/prograde-data/-/raw/master/solarsystem/systems/Solar%20System/models/ISS/textures/isszmod_with_Tex_baseColor.png
specular-map	ISS	models/ISS/textures/metalcon_with_Te_baseColor.png	https://gitlab.com/Dexter9313/prograde-data/-/raw/master/solarsystem/systems/Solar%20System/models/ISS/textures/metalcon_with_Te_baseColor.png
texture	ISS	models/ISS/textures/nasda_with_Tex_baseColor.png	https://gitlab.com/Dexter9313/prograde-data/-/raw/master/solarsystem/systems/Solar%20System/models/ISS/textures/nasda_with_Tex_baseColor.png
texture	ISS	models/ISS/textures/questcov_with_Te_baseColor.png	https://gitlab.com/Dexter9313/prograde-data/-/raw/master/solarsystem/systems/Solar%20System/models/ISS/textures/questcov_with_Te_baseColor.png
model	Iapetus	models/Iapetus.ply	https://gitlab.com/Dexter9313/prograde-data/-/raw/master/solarsystem/systems/Solar%20System/models/Iapetus.ply
model	Juno	models/Juno.ply	https://gitlab.com/Dexter9313/prograde-data/-/raw/master/solarsystem/systems/Solar%20System/models/Juno.ply
model	Juno	models/Juno/Juno.mtl	https://gitlab.com/Dexter9313/prograde-data/-/raw/master/solarsystem/systems/Solar%20System/models/Juno/Juno.mtl
model	Juno	models/Juno/Juno.obj	https://gitlab.com/Dexter9313/prograde-data/-/raw/master/solarsystem/systems/Solar%20System/models/Juno/Juno.obj
texture	Juno	models/Juno/Juno_Texture.png	https://gitlab.com/Dexter9313/prograde-data/-/raw/master/solarsystem/systems/Solar%20System/models/Juno/Juno_Texture.png
texture	Juno	models/Juno/Juno_Texture_Solar.png	https://gitlab.com/Dexter9313/prograde-data/-/raw/master/solarsystem/systems/Solar%20System/models/Juno/Juno_Texture_Solar.png
texture	Juno	models/Juno/Juno_Texture_Solar2.png	https://gitlab.com/Dexter9313/prograde-data/-/raw/master/solarsystem/systems/Solar%20System/models/Juno/Juno_Texture_Solar2.png
license	Juno	models/Juno/LICENSE	https://gitlab.com/Dexter9313/prograde-data/-/raw/master/solarsystem/systems/Solar%20System/models/Juno/LICENSE
texture	Juno	models/Juno/black_krinkle.png	https://gitlab.com/Dexter9313/prograde-data/-/raw/master/solarsystem/systems/Solar%20System/models/Juno/black_krinkle.png
texture	Juno	models/Juno/foil_antenna.png	https://gitlab.com/Dexter9313/prograde-data/-/raw/master/solarsystem/systems/Solar%20System/models/Juno/foil_antenna.png
texture	Juno	models/Juno/foil_gold_2.png	https://gitlab.com/Dexter9313/prograde-data/-/raw/master/solarsystem/systems/Solar%20System/models/Juno/foil_gold_2.png
texture	Juno	models/Juno/foil_silver.png	https://gitlab.com/Dexter9313/prograde-data/-/raw/master/solarsystem/systems/Solar%20System/models/Juno/foil_silver.png
license	Kepler	models/Kepler/LICENSE	https://gitlab.com/Dexter9313/prograde-data/-/raw/master/solarsystem/systems/Solar%20System/models/Kepler/LICENSE
model-source	Kepler	models/Kepler/kepler_v009.blend	https://gitlab.com/Dexter9313/prograde-data/-/raw/master/solarsystem/systems/Solar%20System/models/Kepler/kepler_v009.blend
ds_store	Kepler	models/Kepler/texture/.DS_Store	https://gitlab.com/Dexter9313/prograde-data/-/raw/master/solarsystem/systems/Solar%20System/models/Kepler/texture/.DS_Store
texture	Kepler	models/Kepler/texture/Kepler_texture.png	https://gitlab.com/Dexter9313/prograde-data/-/raw/master/solarsystem/systems/Solar%20System/models/Kepler/texture/Kepler_texture.png
texture	Kepler	models/Kepler/texture/dish_AO.png	https://gitlab.com/Dexter9313/prograde-data/-/raw/master/solarsystem/systems/Solar%20System/models/Kepler/texture/dish_AO.png
texture	Kepler	models/Kepler/texture/foil_gold_ramp.png	https://gitlab.com/Dexter9313/prograde-data/-/raw/master/solarsystem/systems/Solar%20System/models/Kepler/texture/foil_gold_ramp.png
texture	Kepler	models/Kepler/texture/foil_n.png	https://gitlab.com/Dexter9313/prograde-data/-/raw/master/solarsystem/systems/Solar%20System/models/Kepler/texture/foil_n.png
texture	Kepler	models/Kepler/texture/foil_silver_ramp.png	https://gitlab.com/Dexter9313/prograde-data/-/raw/master/solarsystem/systems/Solar%20System/models/Kepler/texture/foil_silver_ramp.png
texture	Kepler	models/Kepler/texture/r_AO.png	https://gitlab.com/Dexter9313/prograde-data/-/raw/master/solarsystem/systems/Solar%20System/models/Kepler/texture/r_AO.png
ring-texture	Kepler	models/Kepler/texture/ring_AO.png	https://gitlab.com/Dexter9313/prograde-data/-/raw/master/solarsystem/systems/Solar%20System/models/Kepler/texture/ring_AO.png
ring-texture	Kepler	models/Kepler/texture/ring_AO_2.png	https://gitlab.com/Dexter9313/prograde-data/-/raw/master/solarsystem/systems/Solar%20System/models/Kepler/texture/ring_AO_2.png
license	LICENSE	models/LICENSE	https://gitlab.com/Dexter9313/prograde-data/-/raw/master/solarsystem/systems/Solar%20System/models/LICENSE
license	MAVEN	models/MAVEN/LICENSE	https://gitlab.com/Dexter9313/prograde-data/-/raw/master/solarsystem/systems/Solar%20System/models/MAVEN/LICENSE
model-source	MAVEN	models/MAVEN/Maven.blend	https://gitlab.com/Dexter9313/prograde-data/-/raw/master/solarsystem/systems/Solar%20System/models/MAVEN/Maven.blend
texture	MAVEN	models/MAVEN/texture/AO_dish_frame.png	https://gitlab.com/Dexter9313/prograde-data/-/raw/master/solarsystem/systems/Solar%20System/models/MAVEN/texture/AO_dish_frame.png
texture	MAVEN	models/MAVEN/texture/AO_parts_01.png	https://gitlab.com/Dexter9313/prograde-data/-/raw/master/solarsystem/systems/Solar%20System/models/MAVEN/texture/AO_parts_01.png
texture	MAVEN	models/MAVEN/texture/AO_parts_02.png	https://gitlab.com/Dexter9313/prograde-data/-/raw/master/solarsystem/systems/Solar%20System/models/MAVEN/texture/AO_parts_02.png
texture	MAVEN	models/MAVEN/texture/AO_parts_03.png	https://gitlab.com/Dexter9313/prograde-data/-/raw/master/solarsystem/systems/Solar%20System/models/MAVEN/texture/AO_parts_03.png
texture	MAVEN	models/MAVEN/texture/AO_parts_04.png	https://gitlab.com/Dexter9313/prograde-data/-/raw/master/solarsystem/systems/Solar%20System/models/MAVEN/texture/AO_parts_04.png
texture	MAVEN	models/MAVEN/texture/AO_parts_05.png	https://gitlab.com/Dexter9313/prograde-data/-/raw/master/solarsystem/systems/Solar%20System/models/MAVEN/texture/AO_parts_05.png
texture	MAVEN	models/MAVEN/texture/foil_gold_ramp.png	https://gitlab.com/Dexter9313/prograde-data/-/raw/master/solarsystem/systems/Solar%20System/models/MAVEN/texture/foil_gold_ramp.png
texture	MAVEN	models/MAVEN/texture/foil_n.png	https://gitlab.com/Dexter9313/prograde-data/-/raw/master/solarsystem/systems/Solar%20System/models/MAVEN/texture/foil_n.png
texture	MAVEN	models/MAVEN/texture/foil_n_2.png	https://gitlab.com/Dexter9313/prograde-data/-/raw/master/solarsystem/systems/Solar%20System/models/MAVEN/texture/foil_n_2.png
texture	MAVEN	models/MAVEN/texture/foil_silver_ramp.png	https://gitlab.com/Dexter9313/prograde-data/-/raw/master/solarsystem/systems/Solar%20System/models/MAVEN/texture/foil_silver_ramp.png
texture	MAVEN	models/MAVEN/texture/stardust_01.png	https://gitlab.com/Dexter9313/prograde-data/-/raw/master/solarsystem/systems/Solar%20System/models/MAVEN/texture/stardust_01.png
texture	MAVEN	models/MAVEN/texture/tex_01.png	https://gitlab.com/Dexter9313/prograde-data/-/raw/master/solarsystem/systems/Solar%20System/models/MAVEN/texture/tex_01.png
license	MESSENGER	models/MESSENGER/LICENSE	https://gitlab.com/Dexter9313/prograde-data/-/raw/master/solarsystem/systems/Solar%20System/models/MESSENGER/LICENSE
model	MESSENGER	models/MESSENGER/MESSENGER.mtl	https://gitlab.com/Dexter9313/prograde-data/-/raw/master/solarsystem/systems/Solar%20System/models/MESSENGER/MESSENGER.mtl
model	MESSENGER	models/MESSENGER/MESSENGER.obj	https://gitlab.com/Dexter9313/prograde-data/-/raw/master/solarsystem/systems/Solar%20System/models/MESSENGER/MESSENGER.obj
texture	MESSENGER	models/MESSENGER/texture/AO_heatshield.png	https://gitlab.com/Dexter9313/prograde-data/-/raw/master/solarsystem/systems/Solar%20System/models/MESSENGER/texture/AO_heatshield.png
texture	MESSENGER	models/MESSENGER/texture/AO_other1.png	https://gitlab.com/Dexter9313/prograde-data/-/raw/master/solarsystem/systems/Solar%20System/models/MESSENGER/texture/AO_other1.png
texture	MESSENGER	models/MESSENGER/texture/AO_other2.png	https://gitlab.com/Dexter9313/prograde-data/-/raw/master/solarsystem/systems/Solar%20System/models/MESSENGER/texture/AO_other2.png
texture	MESSENGER	models/MESSENGER/texture/AO_other_b.png	https://gitlab.com/Dexter9313/prograde-data/-/raw/master/solarsystem/systems/Solar%20System/models/MESSENGER/texture/AO_other_b.png
texture	MESSENGER	models/MESSENGER/texture/Messenger_tex.png	https://gitlab.com/Dexter9313/prograde-data/-/raw/master/solarsystem/systems/Solar%20System/models/MESSENGER/texture/Messenger_tex.png
texture	MESSENGER	models/MESSENGER/texture/Messenger_tex_02.png	https://gitlab.com/Dexter9313/prograde-data/-/raw/master/solarsystem/systems/Solar%20System/models/MESSENGER/texture/Messenger_tex_02.png
texture	MESSENGER	models/MESSENGER/texture/Tex_black.png	https://gitlab.com/Dexter9313/prograde-data/-/raw/master/solarsystem/systems/Solar%20System/models/MESSENGER/texture/Tex_black.png
texture	MESSENGER	models/MESSENGER/texture/Tex_dark_grey.png	https://gitlab.com/Dexter9313/prograde-data/-/raw/master/solarsystem/systems/Solar%20System/models/MESSENGER/texture/Tex_dark_grey.png
texture	MESSENGER	models/MESSENGER/texture/foil_gold_ramp.png	https://gitlab.com/Dexter9313/prograde-data/-/raw/master/solarsystem/systems/Solar%20System/models/MESSENGER/texture/foil_gold_ramp.png
texture	MESSENGER	models/MESSENGER/texture/foil_n.png	https://gitlab.com/Dexter9313/prograde-data/-/raw/master/solarsystem/systems/Solar%20System/models/MESSENGER/texture/foil_n.png
texture	MESSENGER	models/MESSENGER/texture/foil_silver_ramp.png	https://gitlab.com/Dexter9313/prograde-data/-/raw/master/solarsystem/systems/Solar%20System/models/MESSENGER/texture/foil_silver_ramp.png
model	Mimas	models/Mimas.ply	https://gitlab.com/Dexter9313/prograde-data/-/raw/master/solarsystem/systems/Solar%20System/models/Mimas.ply
model	New Horizons	models/New Horizons/NewHorizons.mtl	https://gitlab.com/Dexter9313/prograde-data/-/raw/master/solarsystem/systems/Solar%20System/models/New%20Horizons/NewHorizons.mtl
model	New Horizons	models/New Horizons/NewHorizons.obj	https://gitlab.com/Dexter9313/prograde-data/-/raw/master/solarsystem/systems/Solar%20System/models/New%20Horizons/NewHorizons.obj
model	Pallas	models/Pallas.ply	https://gitlab.com/Dexter9313/prograde-data/-/raw/master/solarsystem/systems/Solar%20System/models/Pallas.ply
license	Parker Solar Probe	models/Parker Solar Probe/LICENSE	https://gitlab.com/Dexter9313/prograde-data/-/raw/master/solarsystem/systems/Solar%20System/models/Parker%20Solar%20Probe/LICENSE
model-source	Parker Solar Probe	models/Parker Solar Probe/ParkerSolarProbe.blend	https://gitlab.com/Dexter9313/prograde-data/-/raw/master/solarsystem/systems/Solar%20System/models/Parker%20Solar%20Probe/ParkerSolarProbe.blend
texture	Parker Solar Probe	models/Parker Solar Probe/textures/PSP_Diff.png	https://gitlab.com/Dexter9313/prograde-data/-/raw/master/solarsystem/systems/Solar%20System/models/Parker%20Solar%20Probe/textures/PSP_Diff.png
normal-map	Parker Solar Probe	models/Parker Solar Probe/textures/PSP_Norm.png	https://gitlab.com/Dexter9313/prograde-data/-/raw/master/solarsystem/systems/Solar%20System/models/Parker%20Solar%20Probe/textures/PSP_Norm.png
texture	Parker Solar Probe	models/Parker Solar Probe/textures/PSP_Power.png	https://gitlab.com/Dexter9313/prograde-data/-/raw/master/solarsystem/systems/Solar%20System/models/Parker%20Solar%20Probe/textures/PSP_Power.png
specular-map	Parker Solar Probe	models/Parker Solar Probe/textures/PSP_Spec.png	https://gitlab.com/Dexter9313/prograde-data/-/raw/master/solarsystem/systems/Solar%20System/models/Parker%20Solar%20Probe/textures/PSP_Spec.png
texture	Parker Solar Probe	models/Parker Solar Probe/textures/foil_n.png	https://gitlab.com/Dexter9313/prograde-data/-/raw/master/solarsystem/systems/Solar%20System/models/Parker%20Solar%20Probe/textures/foil_n.png
texture	Parker Solar Probe	models/Parker Solar Probe/textures/foil_n_2.png	https://gitlab.com/Dexter9313/prograde-data/-/raw/master/solarsystem/systems/Solar%20System/models/Parker%20Solar%20Probe/textures/foil_n_2.png
texture	Parker Solar Probe	models/Parker Solar Probe/textures/foil_silver_ramp.png	https://gitlab.com/Dexter9313/prograde-data/-/raw/master/solarsystem/systems/Solar%20System/models/Parker%20Solar%20Probe/textures/foil_silver_ramp.png
normal-map	Parker Solar Probe	models/Parker Solar Probe/textures/psp_solar_normals.png	https://gitlab.com/Dexter9313/prograde-data/-/raw/master/solarsystem/systems/Solar%20System/models/Parker%20Solar%20Probe/textures/psp_solar_normals.png
model	Phobos	models/Phobos.ply	https://gitlab.com/Dexter9313/prograde-data/-/raw/master/solarsystem/systems/Solar%20System/models/Phobos.ply
model	Rhea	models/Rhea.ply	https://gitlab.com/Dexter9313/prograde-data/-/raw/master/solarsystem/systems/Solar%20System/models/Rhea.ply
license	Rosetta	models/Rosetta/LICENSE	https://gitlab.com/Dexter9313/prograde-data/-/raw/master/solarsystem/systems/Solar%20System/models/Rosetta/LICENSE
model	Rosetta	models/Rosetta/Rosetta.mtl	https://gitlab.com/Dexter9313/prograde-data/-/raw/master/solarsystem/systems/Solar%20System/models/Rosetta/Rosetta.mtl
model	Rosetta	models/Rosetta/Rosetta.obj	https://gitlab.com/Dexter9313/prograde-data/-/raw/master/solarsystem/systems/Solar%20System/models/Rosetta/Rosetta.obj
texture	Rosetta	models/Rosetta/texture/dish_AO.png	https://gitlab.com/Dexter9313/prograde-data/-/raw/master/solarsystem/systems/Solar%20System/models/Rosetta/texture/dish_AO.png
texture	Rosetta	models/Rosetta/texture/foil_gold_ramp.png	https://gitlab.com/Dexter9313/prograde-data/-/raw/master/solarsystem/systems/Solar%20System/models/Rosetta/texture/foil_gold_ramp.png
texture	Rosetta	models/Rosetta/texture/foil_n.png	https://gitlab.com/Dexter9313/prograde-data/-/raw/master/solarsystem/systems/Solar%20System/models/Rosetta/texture/foil_n.png
texture	Rosetta	models/Rosetta/texture/foil_silver_ramp.png	https://gitlab.com/Dexter9313/prograde-data/-/raw/master/solarsystem/systems/Solar%20System/models/Rosetta/texture/foil_silver_ramp.png
texture	Rosetta	models/Rosetta/texture/parts2_AO.png	https://gitlab.com/Dexter9313/prograde-data/-/raw/master/solarsystem/systems/Solar%20System/models/Rosetta/texture/parts2_AO.png
texture	Rosetta	models/Rosetta/texture/parts3_AO.png	https://gitlab.com/Dexter9313/prograde-data/-/raw/master/solarsystem/systems/Solar%20System/models/Rosetta/texture/parts3_AO.png
texture	Rosetta	models/Rosetta/texture/parts_AO.png	https://gitlab.com/Dexter9313/prograde-data/-/raw/master/solarsystem/systems/Solar%20System/models/Rosetta/texture/parts_AO.png
texture	Rosetta	models/Rosetta/texture/tex_01.png	https://gitlab.com/Dexter9313/prograde-data/-/raw/master/solarsystem/systems/Solar%20System/models/Rosetta/texture/tex_01.png
model	Tethys	models/Tethys.ply	https://gitlab.com/Dexter9313/prograde-data/-/raw/master/solarsystem/systems/Solar%20System/models/Tethys.ply
model	Vesta	models/Vesta.ply	https://gitlab.com/Dexter9313/prograde-data/-/raw/master/solarsystem/systems/Solar%20System/models/Vesta.ply
license	Voyager	models/Voyager/LICENSE	https://gitlab.com/Dexter9313/prograde-data/-/raw/master/solarsystem/systems/Solar%20System/models/Voyager/LICENSE
model-source	Voyager	models/Voyager/Voyager_17.blend	https://gitlab.com/Dexter9313/prograde-data/-/raw/master/solarsystem/systems/Solar%20System/models/Voyager/Voyager_17.blend
texture	Voyager	models/Voyager/texture/Voyager_tex_01.png	https://gitlab.com/Dexter9313/prograde-data/-/raw/master/solarsystem/systems/Solar%20System/models/Voyager/texture/Voyager_tex_01.png
texture	Voyager	models/Voyager/texture/tex_02_AO.png	https://gitlab.com/Dexter9313/prograde-data/-/raw/master/solarsystem/systems/Solar%20System/models/Voyager/texture/tex_02_AO.png
orbital-params	Ariel	orbital-params/Ariel/Ariel_-1262304000_-252460800.csv	https://gitlab.com/Dexter9313/prograde-data/-/raw/master/solarsystem/systems/Solar%20System/orbital-params/Ariel/Ariel_-1262304000_-252460800.csv
orbital-params	Ariel	orbital-params/Ariel/Ariel_-252460800_252460800.csv	https://gitlab.com/Dexter9313/prograde-data/-/raw/master/solarsystem/systems/Solar%20System/orbital-params/Ariel/Ariel_-252460800_252460800.csv
orbital-params	Ariel	orbital-params/Ariel/Ariel_-3281904000_-1262476800.csv	https://gitlab.com/Dexter9313/prograde-data/-/raw/master/solarsystem/systems/Solar%20System/orbital-params/Ariel/Ariel_-3281904000_-1262476800.csv
orbital-params	Ariel	orbital-params/Ariel/Ariel_-7321190400_-3282336000.csv	https://gitlab.com/Dexter9313/prograde-data/-/raw/master/solarsystem/systems/Solar%20System/orbital-params/Ariel/Ariel_-7321190400_-3282336000.csv
orbital-params	Ariel	orbital-params/Ariel/Ariel_1262304000_1767225600.csv	https://gitlab.com/Dexter9313/prograde-data/-/raw/master/solarsystem/systems/Solar%20System/orbital-params/Ariel/Ariel_1262304000_1767225600.csv
orbital-params	Ariel	orbital-params/Ariel/Ariel_1767225600_2777068800.csv	https://gitlab.com/Dexter9313/prograde-data/-/raw/master/solarsystem/systems/Solar%20System/orbital-params/Ariel/Ariel_1767225600_2777068800.csv
orbital-params	Ariel	orbital-params/Ariel/Ariel_252460800_1262304000.csv	https://gitlab.com/Dexter9313/prograde-data/-/raw/master/solarsystem/systems/Solar%20System/orbital-params/Ariel/Ariel_252460800_1262304000.csv
orbital-params	Ariel	orbital-params/Ariel/Ariel_2777068800_4796496000.csv	https://gitlab.com/Dexter9313/prograde-data/-/raw/master/solarsystem/systems/Solar%20System/orbital-params/Ariel/Ariel_2777068800_4796496000.csv
orbital-params	Ariel	orbital-params/Ariel/Ariel_4796668800_8835523200.csv	https://gitlab.com/Dexter9313/prograde-data/-/raw/master/solarsystem/systems/Solar%20System/orbital-params/Ariel/Ariel_4796668800_8835523200.csv
orbital-params	Ariel	orbital-params/Ariel/Ariel_8835955200_16913664000.csv	https://gitlab.com/Dexter9313/prograde-data/-/raw/master/solarsystem/systems/Solar%20System/orbital-params/Ariel/Ariel_8835955200_16913664000.csv
orbital-params	Artemis II	orbital-params/Artemis II/Artemis II_828410340_828489600.csv	https://gitlab.com/Dexter9313/prograde-data/-/raw/master/solarsystem/systems/Solar%20System/orbital-params/Artemis%20II/Artemis%20II_828410340_828489600.csv
orbital-params	Artemis II	orbital-params/Artemis II/Artemis II_828489600_829094400.csv	https://gitlab.com/Dexter9313/prograde-data/-/raw/master/solarsystem/systems/Solar%20System/orbital-params/Artemis%20II/Artemis%20II_828489600_829094400.csv
orbital-params	Artemis II	orbital-params/Artemis II/Artemis II_829094400_829180439.csv	https://gitlab.com/Dexter9313/prograde-data/-/raw/master/solarsystem/systems/Solar%20System/orbital-params/Artemis%20II/Artemis%20II_829094400_829180439.csv
orbital-params	Callisto	orbital-params/Callisto/Callisto_-1262304000_-252460800.csv	https://gitlab.com/Dexter9313/prograde-data/-/raw/master/solarsystem/systems/Solar%20System/orbital-params/Callisto/Callisto_-1262304000_-252460800.csv
orbital-params	Callisto	orbital-params/Callisto/Callisto_-252460800_252460800.csv	https://gitlab.com/Dexter9313/prograde-data/-/raw/master/solarsystem/systems/Solar%20System/orbital-params/Callisto/Callisto_-252460800_252460800.csv
orbital-params	Callisto	orbital-params/Callisto/Callisto_-3281904000_-1262476800.csv	https://gitlab.com/Dexter9313/prograde-data/-/raw/master/solarsystem/systems/Solar%20System/orbital-params/Callisto/Callisto_-3281904000_-1262476800.csv
orbital-params	Callisto	orbital-params/Callisto/Callisto_-7321190400_-3282336000.csv	https://gitlab.com/Dexter9313/prograde-data/-/raw/master/solarsystem/systems/Solar%20System/orbital-params/Callisto/Callisto_-7321190400_-3282336000.csv
orbital-params	Callisto	orbital-params/Callisto/Callisto_1262304000_1767225600.csv	https://gitlab.com/Dexter9313/prograde-data/-/raw/master/solarsystem/systems/Solar%20System/orbital-params/Callisto/Callisto_1262304000_1767225600.csv
orbital-params	Callisto	orbital-params/Callisto/Callisto_1767225600_2777068800.csv	https://gitlab.com/Dexter9313/prograde-data/-/raw/master/solarsystem/systems/Solar%20System/orbital-params/Callisto/Callisto_1767225600_2777068800.csv
orbital-params	Callisto	orbital-params/Callisto/Callisto_252460800_1262304000.csv	https://gitlab.com/Dexter9313/prograde-data/-/raw/master/solarsystem/systems/Solar%20System/orbital-params/Callisto/Callisto_252460800_1262304000.csv
orbital-params	Callisto	orbital-params/Callisto/Callisto_2777068800_4796496000.csv	https://gitlab.com/Dexter9313/prograde-data/-/raw/master/solarsystem/systems/Solar%20System/orbital-params/Callisto/Callisto_2777068800_4796496000.csv
orbital-params	Callisto	orbital-params/Callisto/Callisto_4796668800_8835523200.csv	https://gitlab.com/Dexter9313/prograde-data/-/raw/master/solarsystem/systems/Solar%20System/orbital-params/Callisto/Callisto_4796668800_8835523200.csv
orbital-params	Callisto	orbital-params/Callisto/Callisto_8835955200_16913664000.csv	https://gitlab.com/Dexter9313/prograde-data/-/raw/master/solarsystem/systems/Solar%20System/orbital-params/Callisto/Callisto_8835955200_16913664000.csv
orbital-params	Cassini	orbital-params/Cassini/Cassini_-11577600_139017600.csv	https://gitlab.com/Dexter9313/prograde-data/-/raw/master/solarsystem/systems/Solar%20System/orbital-params/Cassini/Cassini_-11577600_139017600.csv
orbital-params	Cassini	orbital-params/Cassini/Cassini_-11923200_-11577600.csv	https://gitlab.com/Dexter9313/prograde-data/-/raw/master/solarsystem/systems/Solar%20System/orbital-params/Cassini/Cassini_-11923200_-11577600.csv
orbital-params	Cassini	orbital-params/Cassini/Cassini_-16243200_-11923200.csv	https://gitlab.com/Dexter9313/prograde-data/-/raw/master/solarsystem/systems/Solar%20System/orbital-params/Cassini/Cassini_-16243200_-11923200.csv
orbital-params	Cassini	orbital-params/Cassini/Cassini_-16588800_-16243200.csv	https://gitlab.com/Dexter9313/prograde-data/-/raw/master/solarsystem/systems/Solar%20System/orbital-params/Cassini/Cassini_-16588800_-16243200.csv
orbital-params	Cassini	orbital-params/Cassini/Cassini_-52704000_-16588800.csv	https://gitlab.com/Dexter9313/prograde-data/-/raw/master/solarsystem/systems/Solar%20System/orbital-params/Cassini/Cassini_-52704000_-16588800.csv
orbital-params	Cassini	orbital-params/Cassini/Cassini_-53308800_-52704000.csv	https://gitlab.com/Dexter9313/prograde-data/-/raw/master/solarsystem/systems/Solar%20System/orbital-params/Cassini/Cassini_-53308800_-52704000.csv
orbital-params	Cassini	orbital-params/Cassini/Cassini_-69638400_-53308800.csv	https://gitlab.com/Dexter9313/prograde-data/-/raw/master/solarsystem/systems/Solar%20System/orbital-params/Cassini/Cassini_-69638400_-53308800.csv
orbital-params	Cassini	orbital-params/Cassini/Cassini_-69777120_-69638400.csv	https://gitlab.com/Dexter9313/prograde-data/-/raw/master/solarsystem/systems/Solar%20System/orbital-params/Cassini/Cassini_-69777120_-69638400.csv
orbital-params	Cassini	orbital-params/Cassini/Cassini_139017600_190598400.csv	https://gitlab.com/Dexter9313/prograde-data/-/raw/master/solarsystem/systems/Solar%20System/orbital-params/Cassini/Cassini_139017600_190598400.csv
orbital-params	Cassini	orbital-params/Cassini/Cassini_190598400_226809000.csv	https://gitlab.com/Dexter9313/prograde-data/-/raw/master/solarsystem/systems/Solar%20System/orbital-params/Cassini/Cassini_190598400_226809000.csv
orbital-params	Cassini	orbital-params/Cassini/Cassini_226809000_252892800.csv	https://gitlab.com/Dexter9313/prograde-data/-/raw/master/solarsystem/systems/Solar%20System/orbital-params/Cassini/Cassini_226809000_252892800.csv
orbital-params	Cassini	orbital-params/Cassini/Cassini_252892800_300385800.csv	https://gitlab.com/Dexter9313/prograde-data/-/raw/master/solarsystem/systems/Solar%20System/orbital-params/Cassini/Cassini_252892800_300385800.csv
orbital-params	Cassini	orbital-params/Cassini/Cassini_300385800_356506200.csv	https://gitlab.com/Dexter9313/prograde-data/-/raw/master/solarsystem/systems/Solar%20System/orbital-params/Cassini/Cassini_300385800_356506200.csv
orbital-params	Cassini	orbital-params/Cassini/Cassini_356506200_432259200.csv	https://gitlab.com/Dexter9313/prograde-data/-/raw/master/solarsystem/systems/Solar%20System/orbital-params/Cassini/Cassini_356506200_432259200.csv
orbital-params	Cassini	orbital-params/Cassini/Cassini_432259200_484353000.csv	https://gitlab.com/Dexter9313/prograde-data/-/raw/master/solarsystem/systems/Solar%20System/orbital-params/Cassini/Cassini_432259200_484353000.csv
orbital-params	Cassini	orbital-params/Cassini/Cassini_484353000_558791880.csv	https://gitlab.com/Dexter9313/prograde-data/-/raw/master/solarsystem/systems/Solar%20System/orbital-params/Cassini/Cassini_484353000_558791880.csv
orbital-params	Ceres	orbital-params/Ceres/Ceres_-1262304000_-252460800.csv	https://gitlab.com/Dexter9313/prograde-data/-/raw/master/solarsystem/systems/Solar%20System/orbital-params/Ceres/Ceres_-1262304000_-252460800.csv
orbital-params	Ceres	orbital-params/Ceres/Ceres_-252460800_252460800.csv	https://gitlab.com/Dexter9313/prograde-data/-/raw/master/solarsystem/systems/Solar%20System/orbital-params/Ceres/Ceres_-252460800_252460800.csv
orbital-params	Ceres	orbital-params/Ceres/Ceres_-3281904000_-1262476800.csv	https://gitlab.com/Dexter9313/prograde-data/-/raw/master/solarsystem/systems/Solar%20System/orbital-params/Ceres/Ceres_-3281904000_-1262476800.csv
orbital-params	Ceres	orbital-params/Ceres/Ceres_-7321190400_-3282336000.csv	https://gitlab.com/Dexter9313/prograde-data/-/raw/master/solarsystem/systems/Solar%20System/orbital-params/Ceres/Ceres_-7321190400_-3282336000.csv
orbital-params	Ceres	orbital-params/Ceres/Ceres_1262304000_1767225600.csv	https://gitlab.com/Dexter9313/prograde-data/-/raw/master/solarsystem/systems/Solar%20System/orbital-params/Ceres/Ceres_1262304000_1767225600.csv
orbital-params	Ceres	orbital-params/Ceres/Ceres_1767225600_2777068800.csv	https://gitlab.com/Dexter9313/prograde-data/-/raw/master/solarsystem/systems/Solar%20System/orbital-params/Ceres/Ceres_1767225600_2777068800.csv
orbital-params	Ceres	orbital-params/Ceres/Ceres_252460800_1262304000.csv	https://gitlab.com/Dexter9313/prograde-data/-/raw/master/solarsystem/systems/Solar%20System/orbital-params/Ceres/Ceres_252460800_1262304000.csv
orbital-params	Ceres	orbital-params/Ceres/Ceres_2777068800_4796496000.csv	https://gitlab.com/Dexter9313/prograde-data/-/raw/master/solarsystem/systems/Solar%20System/orbital-params/Ceres/Ceres_2777068800_4796496000.csv
orbital-params	Ceres	orbital-params/Ceres/Ceres_4796668800_8835523200.csv	https://gitlab.com/Dexter9313/prograde-data/-/raw/master/solarsystem/systems/Solar%20System/orbital-params/Ceres/Ceres_4796668800_8835523200.csv
orbital-params	Charon	orbital-params/Charon/Charon_-1262304000_-252460800.csv	https://gitlab.com/Dexter9313/prograde-data/-/raw/master/solarsystem/systems/Solar%20System/orbital-params/Charon/Charon_-1262304000_-252460800.csv
orbital-params	Charon	orbital-params/Charon/Charon_-252460800_252460800.csv	https://gitlab.com/Dexter9313/prograde-data/-/raw/master/solarsystem/systems/Solar%20System/orbital-params/Charon/Charon_-252460800_252460800.csv
orbital-params	Charon	orbital-params/Charon/Charon_1262304000_1767225600.csv	https://gitlab.com/Dexter9313/prograde-data/-/raw/master/solarsystem/systems/Solar%20System/orbital-params/Charon/Charon_1262304000_1767225600.csv
orbital-params	Charon	orbital-params/Charon/Charon_1767225600_2777068800.csv	https://gitlab.com/Dexter9313/prograde-data/-/raw/master/solarsystem/systems/Solar%20System/orbital-params/Charon/Charon_1767225600_2777068800.csv
orbital-params	Charon	orbital-params/Charon/Charon_252460800_1262304000.csv	https://gitlab.com/Dexter9313/prograde-data/-/raw/master/solarsystem/systems/Solar%20System/orbital-params/Charon/Charon_252460800_1262304000.csv
orbital-params	Churyumov-Gerasimenko	orbital-params/Churyumov-Gerasimenko/Churyumov-Gerasimenko_-1262304000_-252460800.csv	https://gitlab.com/Dexter9313/prograde-data/-/raw/master/solarsystem/systems/Solar%20System/orbital-params/Churyumov-Gerasimenko/Churyumov-Gerasimenko_-1262304000_-252460800.csv
orbital-params	Churyumov-Gerasimenko	orbital-params/Churyumov-Gerasimenko/Churyumov-Gerasimenko_-252460800_252460800.csv	https://gitlab.com/Dexter9313/prograde-data/-/raw/master/solarsystem/systems/Solar%20System/orbital-params/Churyumov-Gerasimenko/Churyumov-Gerasimenko_-252460800_252460800.csv
orbital-params	Churyumov-Gerasimenko	orbital-params/Churyumov-Gerasimenko/Churyumov-Gerasimenko_-3281904000_-1262476800.csv	https://gitlab.com/Dexter9313/prograde-data/-/raw/master/solarsystem/systems/Solar%20System/orbital-params/Churyumov-Gerasimenko/Churyumov-Gerasimenko_-3281904000_-1262476800.csv
orbital-params	Churyumov-Gerasimenko	orbital-params/Churyumov-Gerasimenko/Churyumov-Gerasimenko_-7321190400_-3282336000.csv	https://gitlab.com/Dexter9313/prograde-data/-/raw/master/solarsystem/systems/Solar%20System/orbital-params/Churyumov-Gerasimenko/Churyumov-Gerasimenko_-7321190400_-3282336000.csv
orbital-params	Churyumov-Gerasimenko	orbital-params/Churyumov-Gerasimenko/Churyumov-Gerasimenko_1262304000_1767225600.csv	https://gitlab.com/Dexter9313/prograde-data/-/raw/master/solarsystem/systems/Solar%20System/orbital-params/Churyumov-Gerasimenko/Churyumov-Gerasimenko_1262304000_1767225600.csv
orbital-params	Churyumov-Gerasimenko	orbital-params/Churyumov-Gerasimenko/Churyumov-Gerasimenko_1767225600_2777068800.csv	https://gitlab.com/Dexter9313/prograde-data/-/raw/master/solarsystem/systems/Solar%20System/orbital-params/Churyumov-Gerasimenko/Churyumov-Gerasimenko_1767225600_2777068800.csv
orbital-params	Churyumov-Gerasimenko	orbital-params/Churyumov-Gerasimenko/Churyumov-Gerasimenko_252460800_1262304000.csv	https://gitlab.com/Dexter9313/prograde-data/-/raw/master/solarsystem/systems/Solar%20System/orbital-params/Churyumov-Gerasimenko/Churyumov-Gerasimenko_252460800_1262304000.csv
orbital-params	Churyumov-Gerasimenko	orbital-params/Churyumov-Gerasimenko/Churyumov-Gerasimenko_2777068800_4796496000.csv	https://gitlab.com/Dexter9313/prograde-data/-/raw/master/solarsystem/systems/Solar%20System/orbital-params/Churyumov-Gerasimenko/Churyumov-Gerasimenko_2777068800_4796496000.csv
orbital-params	Churyumov-Gerasimenko	orbital-params/Churyumov-Gerasimenko/Churyumov-Gerasimenko_4796668800_8835523200.csv	https://gitlab.com/Dexter9313/prograde-data/-/raw/master/solarsystem/systems/Solar%20System/orbital-params/Churyumov-Gerasimenko/Churyumov-Gerasimenko_4796668800_8835523200.csv
orbital-params	Dawn	orbital-params/Dawn/Dawn_1103848199_1239924600.csv	https://gitlab.com/Dexter9313/prograde-data/-/raw/master/solarsystem/systems/Solar%20System/orbital-params/Dawn/Dawn_1103848199_1239924600.csv
orbital-params	Dawn	orbital-params/Dawn/Dawn_1239924600_1383091200.csv	https://gitlab.com/Dexter9313/prograde-data/-/raw/master/solarsystem/systems/Solar%20System/orbital-params/Dawn/Dawn_1239924600_1383091200.csv
orbital-params	Dawn	orbital-params/Dawn/Dawn_244212059_244512000.csv	https://gitlab.com/Dexter9313/prograde-data/-/raw/master/solarsystem/systems/Solar%20System/orbital-params/Dawn/Dawn_244212059_244512000.csv
orbital-params	Dawn	orbital-params/Dawn/Dawn_244512000_288057600.csv	https://gitlab.com/Dexter9313/prograde-data/-/raw/master/solarsystem/systems/Solar%20System/orbital-params/Dawn/Dawn_244512000_288057600.csv
orbital-params	Dawn	orbital-params/Dawn/Dawn_288057600_288316800.csv	https://gitlab.com/Dexter9313/prograde-data/-/raw/master/solarsystem/systems/Solar%20System/orbital-params/Dawn/Dawn_288057600_288316800.csv
orbital-params	Dawn	orbital-params/Dawn/Dawn_288316800_362793600.csv	https://gitlab.com/Dexter9313/prograde-data/-/raw/master/solarsystem/systems/Solar%20System/orbital-params/Dawn/Dawn_288316800_362793600.csv
orbital-params	Dawn	orbital-params/Dawn/Dawn_362793600_377870400.csv	https://gitlab.com/Dexter9313/prograde-data/-/raw/master/solarsystem/systems/Solar%20System/orbital-params/Dawn/Dawn_362793600_377870400.csv
orbital-params	Dawn	orbital-params/Dawn/Dawn_377870400_387804600.csv	https://gitlab.com/Dexter9313/prograde-data/-/raw/master/solarsystem/systems/Solar%20System/orbital-params/Dawn/Dawn_377870400_387804600.csv
orbital-params	Dawn	orbital-params/Dawn/Dawn_387804600_400550400.csv	https://gitlab.com/Dexter9313/prograde-data/-/raw/master/solarsystem/systems/Solar%20System/orbital-params/Dawn/Dawn_387804600_400550400.csv
orbital-params	Dawn	orbital-params/Dawn/Dawn_400550400_477273600.csv	https://gitlab.com/Dexter9313/prograde-data/-/raw/master/solarsystem/systems/Solar%20System/orbital-params/Dawn/Dawn_400550400_477273600.csv
orbital-params	Dawn	orbital-params/Dawn/Dawn_477273600_550022400.csv	https://gitlab.com/Dexter9313/prograde-data/-/raw/master/solarsystem/systems/Solar%20System/orbital-params/Dawn/Dawn_477273600_550022400.csv
orbital-params	Dawn	orbital-params/Dawn/Dawn_550022400_614388600.csv	https://gitlab.com/Dexter9313/prograde-data/-/raw/master/solarsystem/systems/Solar%20System/orbital-params/Dawn/Dawn_550022400_614388600.csv
orbital-params	Dawn	orbital-params/Dawn/Dawn_614388600_773881199.csv	https://gitlab.com/Dexter9313/prograde-data/-/raw/master/solarsystem/systems/Solar%20System/orbital-params/Dawn/Dawn_614388600_773881199.csv
orbital-params	Dawn	orbital-params/Dawn/Dawn_773881199_938563200.csv	https://gitlab.com/Dexter9313/prograde-data/-/raw/master/solarsystem/systems/Solar%20System/orbital-params/Dawn/Dawn_773881199_938563200.csv
orbital-params	Dawn	orbital-params/Dawn/Dawn_938563200_1103848199.csv	https://gitlab.com/Dexter9313/prograde-data/-/raw/master/solarsystem/systems/Solar%20System/orbital-params/Dawn/Dawn_938563200_1103848199.csv
orbital-params	Deimos	orbital-params/Deimos/Deimos_-1262304000_-252460800.csv	https://gitlab.com/Dexter9313/prograde-data/-/raw/master/solarsystem/systems/Solar%20System/orbital-params/Deimos/Deimos_-1262304000_-252460800.csv
orbital-params	Deimos	orbital-params/Deimos/Deimos_-252460800_252460800.csv	https://gitlab.com/Dexter9313/prograde-data/-/raw/master/solarsystem/systems/Solar%20System/orbital-params/Deimos/Deimos_-252460800_252460800.csv
orbital-params	Deimos	orbital-params/Deimos/Deimos_-3281904000_-1262476800.csv	https://gitlab.com/Dexter9313/prograde-data/-/raw/master/solarsystem/systems/Solar%20System/orbital-params/Deimos/Deimos_-3281904000_-1262476800.csv
orbital-params	Deimos	orbital-params/Deimos/Deimos_-7321190400_-3282336000.csv	https://gitlab.com/Dexter9313/prograde-data/-/raw/master/solarsystem/systems/Solar%20System/orbital-params/Deimos/Deimos_-7321190400_-3282336000.csv
orbital-params	Deimos	orbital-params/Deimos/Deimos_1262304000_1767225600.csv	https://gitlab.com/Dexter9313/prograde-data/-/raw/master/solarsystem/systems/Solar%20System/orbital-params/Deimos/Deimos_1262304000_1767225600.csv
orbital-params	Deimos	orbital-params/Deimos/Deimos_1767225600_2777068800.csv	https://gitlab.com/Dexter9313/prograde-data/-/raw/master/solarsystem/systems/Solar%20System/orbital-params/Deimos/Deimos_1767225600_2777068800.csv
orbital-params	Deimos	orbital-params/Deimos/Deimos_252460800_1262304000.csv	https://gitlab.com/Dexter9313/prograde-data/-/raw/master/solarsystem/systems/Solar%20System/orbital-params/Deimos/Deimos_252460800_1262304000.csv
orbital-params	Deimos	orbital-params/Deimos/Deimos_2777068800_4796496000.csv	https://gitlab.com/Dexter9313/prograde-data/-/raw/master/solarsystem/systems/Solar%20System/orbital-params/Deimos/Deimos_2777068800_4796496000.csv
orbital-params	Deimos	orbital-params/Deimos/Deimos_4796668800_8835523200.csv	https://gitlab.com/Dexter9313/prograde-data/-/raw/master/solarsystem/systems/Solar%20System/orbital-params/Deimos/Deimos_4796668800_8835523200.csv
orbital-params	Dione	orbital-params/Dione/Dione_-1262304000_-252460800.csv	https://gitlab.com/Dexter9313/prograde-data/-/raw/master/solarsystem/systems/Solar%20System/orbital-params/Dione/Dione_-1262304000_-252460800.csv
orbital-params	Dione	orbital-params/Dione/Dione_-252460800_252460800.csv	https://gitlab.com/Dexter9313/prograde-data/-/raw/master/solarsystem/systems/Solar%20System/orbital-params/Dione/Dione_-252460800_252460800.csv
orbital-params	Dione	orbital-params/Dione/Dione_-3281904000_-1262476800.csv	https://gitlab.com/Dexter9313/prograde-data/-/raw/master/solarsystem/systems/Solar%20System/orbital-params/Dione/Dione_-3281904000_-1262476800.csv
orbital-params	Dione	orbital-params/Dione/Dione_1262304000_1767225600.csv	https://gitlab.com/Dexter9313/prograde-data/-/raw/master/solarsystem/systems/Solar%20System/orbital-params/Dione/Dione_1262304000_1767225600.csv
orbital-params	Dione	orbital-params/Dione/Dione_1767225600_2777068800.csv	https://gitlab.com/Dexter9313/prograde-data/-/raw/master/solarsystem/systems/Solar%20System/orbital-params/Dione/Dione_1767225600_2777068800.csv
orbital-params	Dione	orbital-params/Dione/Dione_252460800_1262304000.csv	https://gitlab.com/Dexter9313/prograde-data/-/raw/master/solarsystem/systems/Solar%20System/orbital-params/Dione/Dione_252460800_1262304000.csv
orbital-params	Earth	orbital-params/Earth/Earth_-1262304000_-252460800.csv	https://gitlab.com/Dexter9313/prograde-data/-/raw/master/solarsystem/systems/Solar%20System/orbital-params/Earth/Earth_-1262304000_-252460800.csv
orbital-params	Earth	orbital-params/Earth/Earth_-15398985600_-7321276800.csv	https://gitlab.com/Dexter9313/prograde-data/-/raw/master/solarsystem/systems/Solar%20System/orbital-params/Earth/Earth_-15398985600_-7321276800.csv
orbital-params	Earth	orbital-params/Earth/Earth_-252460800_252460800.csv	https://gitlab.com/Dexter9313/prograde-data/-/raw/master/solarsystem/systems/Solar%20System/orbital-params/Earth/Earth_-252460800_252460800.csv
orbital-params	Earth	orbital-params/Earth/Earth_-31556476800_-15398985600.csv	https://gitlab.com/Dexter9313/prograde-data/-/raw/master/solarsystem/systems/Solar%20System/orbital-params/Earth/Earth_-31556476800_-15398985600.csv
orbital-params	Earth	orbital-params/Earth/Earth_-3281904000_-1262476800.csv	https://gitlab.com/Dexter9313/prograde-data/-/raw/master/solarsystem/systems/Solar%20System/orbital-params/Earth/Earth_-3281904000_-1262476800.csv
orbital-params	Earth	orbital-params/Earth/Earth_-7321190400_-3282336000.csv	https://gitlab.com/Dexter9313/prograde-data/-/raw/master/solarsystem/systems/Solar%20System/orbital-params/Earth/Earth_-7321190400_-3282336000.csv
orbital-params	Earth	orbital-params/Earth/Earth_1262304000_1767225600.csv	https://gitlab.com/Dexter9313/prograde-data/-/raw/master/solarsystem/systems/Solar%20System/orbital-params/Earth/Earth_1262304000_1767225600.csv
orbital-params	Earth	orbital-params/Earth/Earth_16914528000_33069945600.csv	https://gitlab.com/Dexter9313/prograde-data/-/raw/master/solarsystem/systems/Solar%20System/orbital-params/Earth/Earth_16914528000_33069945600.csv
orbital-params	Earth	orbital-params/Earth/Earth_1767225600_2777068800.csv	https://gitlab.com/Dexter9313/prograde-data/-/raw/master/solarsystem/systems/Solar%20System/orbital-params/Earth/Earth_1767225600_2777068800.csv
orbital-params	Earth	orbital-params/Earth/Earth_252460800_1262304000.csv	https://gitlab.com/Dexter9313/prograde-data/-/raw/master/solarsystem/systems/Solar%20System/orbital-params/Earth/Earth_252460800_1262304000.csv
orbital-params	Earth	orbital-params/Earth/Earth_2777068800_4796496000.csv	https://gitlab.com/Dexter9313/prograde-data/-/raw/master/solarsystem/systems/Solar%20System/orbital-params/Earth/Earth_2777068800_4796496000.csv
orbital-params	Earth	orbital-params/Earth/Earth_4796668800_8835523200.csv	https://gitlab.com/Dexter9313/prograde-data/-/raw/master/solarsystem/systems/Solar%20System/orbital-params/Earth/Earth_4796668800_8835523200.csv
orbital-params	Earth	orbital-params/Earth/Earth_8835955200_16913664000.csv	https://gitlab.com/Dexter9313/prograde-data/-/raw/master/solarsystem/systems/Solar%20System/orbital-params/Earth/Earth_8835955200_16913664000.csv
orbital-params	Enceladus	orbital-params/Enceladus/Enceladus_-1262304000_-252460800.csv	https://gitlab.com/Dexter9313/prograde-data/-/raw/master/solarsystem/systems/Solar%20System/orbital-params/Enceladus/Enceladus_-1262304000_-252460800.csv
orbital-params	Enceladus	orbital-params/Enceladus/Enceladus_-252460800_252460800.csv	https://gitlab.com/Dexter9313/prograde-data/-/raw/master/solarsystem/systems/Solar%20System/orbital-params/Enceladus/Enceladus_-252460800_252460800.csv
orbital-params	Enceladus	orbital-params/Enceladus/Enceladus_-3281904000_-1262476800.csv	https://gitlab.com/Dexter9313/prograde-data/-/raw/master/solarsystem/systems/Solar%20System/orbital-params/Enceladus/Enceladus_-3281904000_-1262476800.csv
orbital-params	Enceladus	orbital-params/Enceladus/Enceladus_1262304000_1767225600.csv	https://gitlab.com/Dexter9313/prograde-data/-/raw/master/solarsystem/systems/Solar%20System/orbital-params/Enceladus/Enceladus_1262304000_1767225600.csv
orbital-params	Enceladus	orbital-params/Enceladus/Enceladus_1767225600_2777068800.csv	https://gitlab.com/Dexter9313/prograde-data/-/raw/master/solarsystem/systems/Solar%20System/orbital-params/Enceladus/Enceladus_1767225600_2777068800.csv
orbital-params	Enceladus	orbital-params/Enceladus/Enceladus_252460800_1262304000.csv	https://gitlab.com/Dexter9313/prograde-data/-/raw/master/solarsystem/systems/Solar%20System/orbital-params/Enceladus/Enceladus_252460800_1262304000.csv
orbital-params	Eris	orbital-params/Eris/Eris_-1262304000_-252460800.csv	https://gitlab.com/Dexter9313/prograde-data/-/raw/master/solarsystem/systems/Solar%20System/orbital-params/Eris/Eris_-1262304000_-252460800.csv
orbital-params	Eris	orbital-params/Eris/Eris_-252460800_252460800.csv	https://gitlab.com/Dexter9313/prograde-data/-/raw/master/solarsystem/systems/Solar%20System/orbital-params/Eris/Eris_-252460800_252460800.csv
orbital-params	Eris	orbital-params/Eris/Eris_-3281904000_-1262476800.csv	https://gitlab.com/Dexter9313/prograde-data/-/raw/master/solarsystem/systems/Solar%20System/orbital-params/Eris/Eris_-3281904000_-1262476800.csv
orbital-params	Eris	orbital-params/Eris/Eris_-7321190400_-3282336000.csv	https://gitlab.com/Dexter9313/prograde-data/-/raw/master/solarsystem/systems/Solar%20System/orbital-params/Eris/Eris_-7321190400_-3282336000.csv
orbital-params	Eris	orbital-params/Eris/Eris_1262304000_1767225600.csv	https://gitlab.com/Dexter9313/prograde-data/-/raw/master/solarsystem/systems/Solar%20System/orbital-params/Eris/Eris_1262304000_1767225600.csv
orbital-params	Eris	orbital-params/Eris/Eris_1767225600_2777068800.csv	https://gitlab.com/Dexter9313/prograde-data/-/raw/master/solarsystem/systems/Solar%20System/orbital-params/Eris/Eris_1767225600_2777068800.csv
orbital-params	Eris	orbital-params/Eris/Eris_252460800_1262304000.csv	https://gitlab.com/Dexter9313/prograde-data/-/raw/master/solarsystem/systems/Solar%20System/orbital-params/Eris/Eris_252460800_1262304000.csv
orbital-params	Eris	orbital-params/Eris/Eris_2777068800_4796496000.csv	https://gitlab.com/Dexter9313/prograde-data/-/raw/master/solarsystem/systems/Solar%20System/orbital-params/Eris/Eris_2777068800_4796496000.csv
orbital-params	Eris	orbital-params/Eris/Eris_4796668800_8835523200.csv	https://gitlab.com/Dexter9313/prograde-data/-/raw/master/solarsystem/systems/Solar%20System/orbital-params/Eris/Eris_4796668800_8835523200.csv
orbital-params	Europa	orbital-params/Europa/Europa_-1262304000_-252460800.csv	https://gitlab.com/Dexter9313/prograde-data/-/raw/master/solarsystem/systems/Solar%20System/orbital-params/Europa/Europa_-1262304000_-252460800.csv
orbital-params	Europa	orbital-params/Europa/Europa_-252460800_252460800.csv	https://gitlab.com/Dexter9313/prograde-data/-/raw/master/solarsystem/systems/Solar%20System/orbital-params/Europa/Europa_-252460800_252460800.csv
orbital-params	Europa	orbital-params/Europa/Europa_-3281904000_-1262476800.csv	https://gitlab.com/Dexter9313/prograde-data/-/raw/master/solarsystem/systems/Solar%20System/orbital-params/Europa/Europa_-3281904000_-1262476800.csv
orbital-params	Europa	orbital-params/Europa/Europa_-7321190400_-3282336000.csv	https://gitlab.com/Dexter9313/prograde-data/-/raw/master/solarsystem/systems/Solar%20System/orbital-params/Europa/Europa_-7321190400_-3282336000.csv
orbital-params	Europa	orbital-params/Europa/Europa_1262304000_1767225600.csv	https://gitlab.com/Dexter9313/prograde-data/-/raw/master/solarsystem/systems/Solar%20System/orbital-params/Europa/Europa_1262304000_1767225600.csv
orbital-params	Europa	orbital-params/Europa/Europa_1767225600_2777068800.csv	https://gitlab.com/Dexter9313/prograde-data/-/raw/master/solarsystem/systems/Solar%20System/orbital-params/Europa/Europa_1767225600_2777068800.csv
orbital-params	Europa	orbital-params/Europa/Europa_252460800_1262304000.csv	https://gitlab.com/Dexter9313/prograde-data/-/raw/master/solarsystem/systems/Solar%20System/orbital-params/Europa/Europa_252460800_1262304000.csv
orbital-params	Europa	orbital-params/Europa/Europa_2777068800_4796496000.csv	https://gitlab.com/Dexter9313/prograde-data/-/raw/master/solarsystem/systems/Solar%20System/orbital-params/Europa/Europa_2777068800_4796496000.csv
orbital-params	Europa	orbital-params/Europa/Europa_4796668800_8835523200.csv	https://gitlab.com/Dexter9313/prograde-data/-/raw/master/solarsystem/systems/Solar%20System/orbital-params/Europa/Europa_4796668800_8835523200.csv
orbital-params	Europa	orbital-params/Europa/Europa_8835955200_16913664000.csv	https://gitlab.com/Dexter9313/prograde-data/-/raw/master/solarsystem/systems/Solar%20System/orbital-params/Europa/Europa_8835955200_16913664000.csv
orbital-params	FarFarOut	orbital-params/FarFarOut/FarFarOut_-1262304000_-252460800.csv	https://gitlab.com/Dexter9313/prograde-data/-/raw/master/solarsystem/systems/Solar%20System/orbital-params/FarFarOut/FarFarOut_-1262304000_-252460800.csv
orbital-params	FarFarOut	orbital-params/FarFarOut/FarFarOut_-252460800_252460800.csv	https://gitlab.com/Dexter9313/prograde-data/-/raw/master/solarsystem/systems/Solar%20System/orbital-params/FarFarOut/FarFarOut_-252460800_252460800.csv
orbital-params	FarFarOut	orbital-params/FarFarOut/FarFarOut_-3281904000_-1262476800.csv	https://gitlab.com/Dexter9313/prograde-data/-/raw/master/solarsystem/systems/Solar%20System/orbital-params/FarFarOut/FarFarOut_-3281904000_-1262476800.csv
orbital-params	FarFarOut	orbital-params/FarFarOut/FarFarOut_-7321190400_-3282336000.csv	https://gitlab.com/Dexter9313/prograde-data/-/raw/master/solarsystem/systems/Solar%20System/orbital-params/FarFarOut/FarFarOut_-7321190400_-3282336000.csv
orbital-params	FarFarOut	orbital-params/FarFarOut/FarFarOut_1262304000_1767225600.csv	https://gitlab.com/Dexter9313/prograde-data/-/raw/master/solarsystem/systems/Solar%20System/orbital-params/FarFarOut/FarFarOut_1262304000_1767225600.csv
orbital-params	FarFarOut	orbital-params/FarFarOut/FarFarOut_1767225600_2777068800.csv	https://gitlab.com/Dexter9313/prograde-data/-/raw/master/solarsystem/systems/Solar%20System/orbital-params/FarFarOut/FarFarOut_1767225600_2777068800.csv
orbital-params	FarFarOut	orbital-params/FarFarOut/FarFarOut_252460800_1262304000.csv	https://gitlab.com/Dexter9313/prograde-data/-/raw/master/solarsystem/systems/Solar%20System/orbital-params/FarFarOut/FarFarOut_252460800_1262304000.csv
orbital-params	FarFarOut	orbital-params/FarFarOut/FarFarOut_2777068800_4796496000.csv	https://gitlab.com/Dexter9313/prograde-data/-/raw/master/solarsystem/systems/Solar%20System/orbital-params/FarFarOut/FarFarOut_2777068800_4796496000.csv
orbital-params	FarFarOut	orbital-params/FarFarOut/FarFarOut_4796668800_8835523200.csv	https://gitlab.com/Dexter9313/prograde-data/-/raw/master/solarsystem/systems/Solar%20System/orbital-params/FarFarOut/FarFarOut_4796668800_8835523200.csv
orbital-params	Ganymede	orbital-params/Ganymede/Ganymede_-1262304000_-252460800.csv	https://gitlab.com/Dexter9313/prograde-data/-/raw/master/solarsystem/systems/Solar%20System/orbital-params/Ganymede/Ganymede_-1262304000_-252460800.csv
orbital-params	Ganymede	orbital-params/Ganymede/Ganymede_-252460800_252460800.csv	https://gitlab.com/Dexter9313/prograde-data/-/raw/master/solarsystem/systems/Solar%20System/orbital-params/Ganymede/Ganymede_-252460800_252460800.csv
orbital-params	Ganymede	orbital-params/Ganymede/Ganymede_-3281904000_-1262476800.csv	https://gitlab.com/Dexter9313/prograde-data/-/raw/master/solarsystem/systems/Solar%20System/orbital-params/Ganymede/Ganymede_-3281904000_-1262476800.csv
orbital-params	Ganymede	orbital-params/Ganymede/Ganymede_-7321190400_-3282336000.csv	https://gitlab.com/Dexter9313/prograde-data/-/raw/master/solarsystem/systems/Solar%20System/orbital-params/Ganymede/Ganymede_-7321190400_-3282336000.csv
orbital-params	Ganymede	orbital-params/Ganymede/Ganymede_1262304000_1767225600.csv	https://gitlab.com/Dexter9313/prograde-data/-/raw/master/solarsystem/systems/Solar%20System/orbital-params/Ganymede/Ganymede_1262304000_1767225600.csv
orbital-params	Ganymede	orbital-params/Ganymede/Ganymede_1767225600_2777068800.csv	https://gitlab.com/Dexter9313/prograde-data/-/raw/master/solarsystem/systems/Solar%20System/orbital-params/Ganymede/Ganymede_1767225600_2777068800.csv
orbital-params	Ganymede	orbital-params/Ganymede/Ganymede_252460800_1262304000.csv	https://gitlab.com/Dexter9313/prograde-data/-/raw/master/solarsystem/systems/Solar%20System/orbital-params/Ganymede/Ganymede_252460800_1262304000.csv
orbital-params	Ganymede	orbital-params/Ganymede/Ganymede_2777068800_4796496000.csv	https://gitlab.com/Dexter9313/prograde-data/-/raw/master/solarsystem/systems/Solar%20System/orbital-params/Ganymede/Ganymede_2777068800_4796496000.csv
orbital-params	Ganymede	orbital-params/Ganymede/Ganymede_4796668800_8835523200.csv	https://gitlab.com/Dexter9313/prograde-data/-/raw/master/solarsystem/systems/Solar%20System/orbital-params/Ganymede/Ganymede_4796668800_8835523200.csv
orbital-params	Ganymede	orbital-params/Ganymede/Ganymede_8835955200_16913664000.csv	https://gitlab.com/Dexter9313/prograde-data/-/raw/master/solarsystem/systems/Solar%20System/orbital-params/Ganymede/Ganymede_8835955200_16913664000.csv
orbital-params	Haumea	orbital-params/Haumea/Haumea_-1262304000_-252460800.csv	https://gitlab.com/Dexter9313/prograde-data/-/raw/master/solarsystem/systems/Solar%20System/orbital-params/Haumea/Haumea_-1262304000_-252460800.csv
orbital-params	Haumea	orbital-params/Haumea/Haumea_-252460800_252460800.csv	https://gitlab.com/Dexter9313/prograde-data/-/raw/master/solarsystem/systems/Solar%20System/orbital-params/Haumea/Haumea_-252460800_252460800.csv
orbital-params	Haumea	orbital-params/Haumea/Haumea_-3281904000_-1262476800.csv	https://gitlab.com/Dexter9313/prograde-data/-/raw/master/solarsystem/systems/Solar%20System/orbital-params/Haumea/Haumea_-3281904000_-1262476800.csv
orbital-params	Haumea	orbital-params/Haumea/Haumea_-7321190400_-3282336000.csv	https://gitlab.com/Dexter9313/prograde-data/-/raw/master/solarsystem/systems/Solar%20System/orbital-params/Haumea/Haumea_-7321190400_-3282336000.csv
orbital-params	Haumea	orbital-params/Haumea/Haumea_1262304000_1767225600.csv	https://gitlab.com/Dexter9313/prograde-data/-/raw/master/solarsystem/systems/Solar%20System/orbital-params/Haumea/Haumea_1262304000_1767225600.csv
orbital-params	Haumea	orbital-params/Haumea/Haumea_1767225600_2777068800.csv	https://gitlab.com/Dexter9313/prograde-data/-/raw/master/solarsystem/systems/Solar%20System/orbital-params/Haumea/Haumea_1767225600_2777068800.csv
orbital-params	Haumea	orbital-params/Haumea/Haumea_252460800_1262304000.csv	https://gitlab.com/Dexter9313/prograde-data/-/raw/master/solarsystem/systems/Solar%20System/orbital-params/Haumea/Haumea_252460800_1262304000.csv
orbital-params	Haumea	orbital-params/Haumea/Haumea_2777068800_4796496000.csv	https://gitlab.com/Dexter9313/prograde-data/-/raw/master/solarsystem/systems/Solar%20System/orbital-params/Haumea/Haumea_2777068800_4796496000.csv
orbital-params	Haumea	orbital-params/Haumea/Haumea_4796668800_8835523200.csv	https://gitlab.com/Dexter9313/prograde-data/-/raw/master/solarsystem/systems/Solar%20System/orbital-params/Haumea/Haumea_4796668800_8835523200.csv
orbital-params	Hubble	orbital-params/Hubble/Hubble_-191721600_271814400.csv	https://gitlab.com/Dexter9313/prograde-data/-/raw/master/solarsystem/systems/Solar%20System/orbital-params/Hubble/Hubble_-191721600_271814400.csv
orbital-params	Hubble	orbital-params/Hubble/Hubble_-191833200_-191721600.csv	https://gitlab.com/Dexter9313/prograde-data/-/raw/master/solarsystem/systems/Solar%20System/orbital-params/Hubble/Hubble_-191833200_-191721600.csv
orbital-params	Hubble	orbital-params/Hubble/Hubble_-191840400_-191833200.csv	https://gitlab.com/Dexter9313/prograde-data/-/raw/master/solarsystem/systems/Solar%20System/orbital-params/Hubble/Hubble_-191840400_-191833200.csv
orbital-params	Hubble	orbital-params/Hubble/Hubble_-191852999_-191840400.csv	https://gitlab.com/Dexter9313/prograde-data/-/raw/master/solarsystem/systems/Solar%20System/orbital-params/Hubble/Hubble_-191852999_-191840400.csv
orbital-params	Hubble	orbital-params/Hubble/Hubble_-191879999_-191852999.csv	https://gitlab.com/Dexter9313/prograde-data/-/raw/master/solarsystem/systems/Solar%20System/orbital-params/Hubble/Hubble_-191879999_-191852999.csv
orbital-params	Hubble	orbital-params/Hubble/Hubble_-191881800_-191879999.csv	https://gitlab.com/Dexter9313/prograde-data/-/raw/master/solarsystem/systems/Solar%20System/orbital-params/Hubble/Hubble_-191881800_-191879999.csv
orbital-params	Hubble	orbital-params/Hubble/Hubble_-191883600_-191881800.csv	https://gitlab.com/Dexter9313/prograde-data/-/raw/master/solarsystem/systems/Solar%20System/orbital-params/Hubble/Hubble_-191883600_-191881800.csv
orbital-params	Hubble	orbital-params/Hubble/Hubble_-191901599_-191883600.csv	https://gitlab.com/Dexter9313/prograde-data/-/raw/master/solarsystem/systems/Solar%20System/orbital-params/Hubble/Hubble_-191901599_-191883600.csv
orbital-params	Hubble	orbital-params/Hubble/Hubble_-191932200_-191901599.csv	https://gitlab.com/Dexter9313/prograde-data/-/raw/master/solarsystem/systems/Solar%20System/orbital-params/Hubble/Hubble_-191932200_-191901599.csv
orbital-params	Hubble	orbital-params/Hubble/Hubble_-191980800_-191932200.csv	https://gitlab.com/Dexter9313/prograde-data/-/raw/master/solarsystem/systems/Solar%20System/orbital-params/Hubble/Hubble_-191980800_-191932200.csv
orbital-params	Hubble	orbital-params/Hubble/Hubble_-305596800_-191980800.csv	https://gitlab.com/Dexter9313/prograde-data/-/raw/master/solarsystem/systems/Solar%20System/orbital-params/Hubble/Hubble_-305596800_-191980800.csv
orbital-params	Hubble	orbital-params/Hubble/Hubble_-305675880_-305596800.csv	https://gitlab.com/Dexter9313/prograde-data/-/raw/master/solarsystem/systems/Solar%20System/orbital-params/Hubble/Hubble_-305675880_-305596800.csv
orbital-params	Hubble	orbital-params/Hubble/Hubble_271857600_849268800.csv	https://gitlab.com/Dexter9313/prograde-data/-/raw/master/solarsystem/systems/Solar%20System/orbital-params/Hubble/Hubble_271857600_849268800.csv
orbital-params	Hubble	orbital-params/Hubble/Hubble_849312000_849313379.csv	https://gitlab.com/Dexter9313/prograde-data/-/raw/master/solarsystem/systems/Solar%20System/orbital-params/Hubble/Hubble_849312000_849313379.csv
orbital-params	Hyperion	orbital-params/Hyperion/Hyperion_-1262304000_-252460800.csv	https://gitlab.com/Dexter9313/prograde-data/-/raw/master/solarsystem/systems/Solar%20System/orbital-params/Hyperion/Hyperion_-1262304000_-252460800.csv
orbital-params	Hyperion	orbital-params/Hyperion/Hyperion_-252460800_252460800.csv	https://gitlab.com/Dexter9313/prograde-data/-/raw/master/solarsystem/systems/Solar%20System/orbital-params/Hyperion/Hyperion_-252460800_252460800.csv
orbital-params	Hyperion	orbital-params/Hyperion/Hyperion_-3281904000_-1262476800.csv	https://gitlab.com/Dexter9313/prograde-data/-/raw/master/solarsystem/systems/Solar%20System/orbital-params/Hyperion/Hyperion_-3281904000_-1262476800.csv
orbital-params	Hyperion	orbital-params/Hyperion/Hyperion_1262304000_1767225600.csv	https://gitlab.com/Dexter9313/prograde-data/-/raw/master/solarsystem/systems/Solar%20System/orbital-params/Hyperion/Hyperion_1262304000_1767225600.csv
orbital-params	Hyperion	orbital-params/Hyperion/Hyperion_1767225600_2777068800.csv	https://gitlab.com/Dexter9313/prograde-data/-/raw/master/solarsystem/systems/Solar%20System/orbital-params/Hyperion/Hyperion_1767225600_2777068800.csv
orbital-params	Hyperion	orbital-params/Hyperion/Hyperion_252460800_1262304000.csv	https://gitlab.com/Dexter9313/prograde-data/-/raw/master/solarsystem/systems/Solar%20System/orbital-params/Hyperion/Hyperion_252460800_1262304000.csv
orbital-params	ISS	orbital-params/ISS/ISS_-35164800_845856000.csv	https://gitlab.com/Dexter9313/prograde-data/-/raw/master/solarsystem/systems/Solar%20System/orbital-params/ISS/ISS_-35164800_845856000.csv
orbital-params	ISS	orbital-params/ISS/ISS_-35183280_-35164800.csv	https://gitlab.com/Dexter9313/prograde-data/-/raw/master/solarsystem/systems/Solar%20System/orbital-params/ISS/ISS_-35183280_-35164800.csv
orbital-params	ISS	orbital-params/ISS/ISS_845856000_845871119.csv	https://gitlab.com/Dexter9313/prograde-data/-/raw/master/solarsystem/systems/Solar%20System/orbital-params/ISS/ISS_845856000_845871119.csv
orbital-params	Iapetus	orbital-params/Iapetus/Iapetus_-1262304000_-252460800.csv	https://gitlab.com/Dexter9313/prograde-data/-/raw/master/solarsystem/systems/Solar%20System/orbital-params/Iapetus/Iapetus_-1262304000_-252460800.csv
orbital-params	Iapetus	orbital-params/Iapetus/Iapetus_-252460800_252460800.csv	https://gitlab.com/Dexter9313/prograde-data/-/raw/master/solarsystem/systems/Solar%20System/orbital-params/Iapetus/Iapetus_-252460800_252460800.csv
orbital-params	Iapetus	orbital-params/Iapetus/Iapetus_-3281904000_-1262476800.csv	https://gitlab.com/Dexter9313/prograde-data/-/raw/master/solarsystem/systems/Solar%20System/orbital-params/Iapetus/Iapetus_-3281904000_-1262476800.csv
orbital-params	Iapetus	orbital-params/Iapetus/Iapetus_1262304000_1767225600.csv	https://gitlab.com/Dexter9313/prograde-data/-/raw/master/solarsystem/systems/Solar%20System/orbital-params/Iapetus/Iapetus_1262304000_1767225600.csv
orbital-params	Iapetus	orbital-params/Iapetus/Iapetus_1767225600_2777068800.csv	https://gitlab.com/Dexter9313/prograde-data/-/raw/master/solarsystem/systems/Solar%20System/orbital-params/Iapetus/Iapetus_1767225600_2777068800.csv
orbital-params	Iapetus	orbital-params/Iapetus/Iapetus_252460800_1262304000.csv	https://gitlab.com/Dexter9313/prograde-data/-/raw/master/solarsystem/systems/Solar%20System/orbital-params/Iapetus/Iapetus_252460800_1262304000.csv
orbital-params	Io	orbital-params/Io/Io_-1262304000_-252460800.csv	https://gitlab.com/Dexter9313/prograde-data/-/raw/master/solarsystem/systems/Solar%20System/orbital-params/Io/Io_-1262304000_-252460800.csv
orbital-params	Io	orbital-params/Io/Io_-252460800_252460800.csv	https://gitlab.com/Dexter9313/prograde-data/-/raw/master/solarsystem/systems/Solar%20System/orbital-params/Io/Io_-252460800_252460800.csv
orbital-params	Io	orbital-params/Io/Io_-3281904000_-1262476800.csv	https://gitlab.com/Dexter9313/prograde-data/-/raw/master/solarsystem/systems/Solar%20System/orbital-params/Io/Io_-3281904000_-1262476800.csv
orbital-params	Io	orbital-params/Io/Io_-7321190400_-3282336000.csv	https://gitlab.com/Dexter9313/prograde-data/-/raw/master/solarsystem/systems/Solar%20System/orbital-params/Io/Io_-7321190400_-3282336000.csv
orbital-params	Io	orbital-params/Io/Io_1262304000_1767225600.csv	https://gitlab.com/Dexter9313/prograde-data/-/raw/master/solarsystem/systems/Solar%20System/orbital-params/Io/Io_1262304000_1767225600.csv
orbital-params	Io	orbital-params/Io/Io_1767225600_2777068800.csv	https://gitlab.com/Dexter9313/prograde-data/-/raw/master/solarsystem/systems/Solar%20System/orbital-params/Io/Io_1767225600_2777068800.csv
orbital-params	Io	orbital-params/Io/Io_252460800_1262304000.csv	https://gitlab.com/Dexter9313/prograde-data/-/raw/master/solarsystem/systems/Solar%20System/orbital-params/Io/Io_252460800_1262304000.csv
orbital-params	Io	orbital-params/Io/Io_2777068800_4796496000.csv	https://gitlab.com/Dexter9313/prograde-data/-/raw/master/solarsystem/systems/Solar%20System/orbital-params/Io/Io_2777068800_4796496000.csv
orbital-params	Io	orbital-params/Io/Io_4796668800_8835523200.csv	https://gitlab.com/Dexter9313/prograde-data/-/raw/master/solarsystem/systems/Solar%20System/orbital-params/Io/Io_4796668800_8835523200.csv
orbital-params	Io	orbital-params/Io/Io_8835955200_16913664000.csv	https://gitlab.com/Dexter9313/prograde-data/-/raw/master/solarsystem/systems/Solar%20System/orbital-params/Io/Io_8835955200_16913664000.csv
orbital-params	JWST	orbital-params/JWST/JWST_693752520_694828800.csv	https://gitlab.com/Dexter9313/prograde-data/-/raw/master/solarsystem/systems/Solar%20System/orbital-params/JWST/JWST_693752520_694828800.csv
orbital-params	JWST	orbital-params/JWST/JWST_694828800_721353600.csv	https://gitlab.com/Dexter9313/prograde-data/-/raw/master/solarsystem/systems/Solar%20System/orbital-params/JWST/JWST_694828800_721353600.csv
orbital-params	JWST	orbital-params/JWST/JWST_721353600_730080000.csv	https://gitlab.com/Dexter9313/prograde-data/-/raw/master/solarsystem/systems/Solar%20System/orbital-params/JWST/JWST_721353600_730080000.csv
orbital-params	JWST	orbital-params/JWST/JWST_730080000_741830400.csv	https://gitlab.com/Dexter9313/prograde-data/-/raw/master/solarsystem/systems/Solar%20System/orbital-params/JWST/JWST_730080000_741830400.csv
orbital-params	JWST	orbital-params/JWST/JWST_741830400_748915200.csv	https://gitlab.com/Dexter9313/prograde-data/-/raw/master/solarsystem/systems/Solar%20System/orbital-params/JWST/JWST_741830400_748915200.csv
orbital-params	JWST	orbital-params/JWST/JWST_748915200_751852800.csv	https://gitlab.com/Dexter9313/prograde-data/-/raw/master/solarsystem/systems/Solar%20System/orbital-params/JWST/JWST_748915200_751852800.csv
orbital-params	JWST	orbital-params/JWST/JWST_751852800_760924800.csv	https://gitlab.com/Dexter9313/prograde-data/-/raw/master/solarsystem/systems/Solar%20System/orbital-params/JWST/JWST_751852800_760924800.csv
orbital-params	JWST	orbital-params/JWST/JWST_760924800_768268800.csv	https://gitlab.com/Dexter9313/prograde-data/-/raw/master/solarsystem/systems/Solar%20System/orbital-params/JWST/JWST_760924800_768268800.csv
orbital-params	JWST	orbital-params/JWST/JWST_768268800_778032000.csv	https://gitlab.com/Dexter9313/prograde-data/-/raw/master/solarsystem/systems/Solar%20System/orbital-params/JWST/JWST_768268800_778032000.csv
orbital-params	JWST	orbital-params/JWST/JWST_778032000_787017600.csv	https://gitlab.com/Dexter9313/prograde-data/-/raw/master/solarsystem/systems/Solar%20System/orbital-params/JWST/JWST_778032000_787017600.csv
orbital-params	JWST	orbital-params/JWST/JWST_787017600_792460800.csv	https://gitlab.com/Dexter9313/prograde-data/-/raw/master/solarsystem/systems/Solar%20System/orbital-params/JWST/JWST_787017600_792460800.csv
orbital-params	JWST	orbital-params/JWST/JWST_792460800_799113600.csv	https://gitlab.com/Dexter9313/prograde-data/-/raw/master/solarsystem/systems/Solar%20System/orbital-params/JWST/JWST_792460800_799113600.csv
orbital-params	JWST	orbital-params/JWST/JWST_799113600_811699200.csv	https://gitlab.com/Dexter9313/prograde-data/-/raw/master/solarsystem/systems/Solar%20System/orbital-params/JWST/JWST_799113600_811699200.csv
orbital-params	JWST	orbital-params/JWST/JWST_811699200_822441600.csv	https://gitlab.com/Dexter9313/prograde-data/-/raw/master/solarsystem/systems/Solar%20System/orbital-params/JWST/JWST_811699200_822441600.csv
orbital-params	JWST	orbital-params/JWST/JWST_822441600_835315200.csv	https://gitlab.com/Dexter9313/prograde-data/-/raw/master/solarsystem/systems/Solar%20System/orbital-params/JWST/JWST_822441600_835315200.csv
orbital-params	JWST	orbital-params/JWST/JWST_835315200_849312000.csv	https://gitlab.com/Dexter9313/prograde-data/-/raw/master/solarsystem/systems/Solar%20System/orbital-params/JWST/JWST_835315200_849312000.csv
orbital-params	JWST	orbital-params/JWST/JWST_849312000_852854400.csv	https://gitlab.com/Dexter9313/prograde-data/-/raw/master/solarsystem/systems/Solar%20System/orbital-params/JWST/JWST_849312000_852854400.csv
orbital-params	JWST	orbital-params/JWST/JWST_852854400_865123200.csv	https://gitlab.com/Dexter9313/prograde-data/-/raw/master/solarsystem/systems/Solar%20System/orbital-params/JWST/JWST_852854400_865123200.csv
orbital-params	JWST	orbital-params/JWST/JWST_865123200_873590400.csv	https://gitlab.com/Dexter9313/prograde-data/-/raw/master/solarsystem/systems/Solar%20System/orbital-params/JWST/JWST_865123200_873590400.csv
orbital-params	JWST	orbital-params/JWST/JWST_873590400_879984000.csv	https://gitlab.com/Dexter9313/prograde-data/-/raw/master/solarsystem/systems/Solar%20System/orbital-params/JWST/JWST_873590400_879984000.csv
orbital-params	JWST	orbital-params/JWST/JWST_879984000_885859200.csv	https://gitlab.com/Dexter9313/prograde-data/-/raw/master/solarsystem/systems/Solar%20System/orbital-params/JWST/JWST_879984000_885859200.csv
orbital-params	JWST	orbital-params/JWST/JWST_885859200_898041600.csv	https://gitlab.com/Dexter9313/prograde-data/-/raw/master/solarsystem/systems/Solar%20System/orbital-params/JWST/JWST_885859200_898041600.csv
orbital-params	JWST	orbital-params/JWST/JWST_898041600_904521600.csv	https://gitlab.com/Dexter9313/prograde-data/-/raw/master/solarsystem/systems/Solar%20System/orbital-params/JWST/JWST_898041600_904521600.csv
orbital-params	JWST	orbital-params/JWST/JWST_904521600_912470400.csv	https://gitlab.com/Dexter9313/prograde-data/-/raw/master/solarsystem/systems/Solar%20System/orbital-params/JWST/JWST_904521600_912470400.csv
orbital-params	JWST	orbital-params/JWST/JWST_912470400_919900800.csv	https://gitlab.com/Dexter9313/prograde-data/-/raw/master/solarsystem/systems/Solar%20System/orbital-params/JWST/JWST_912470400_919900800.csv
orbital-params	JWST	orbital-params/JWST/JWST_919900800_922492800.csv	https://gitlab.com/Dexter9313/prograde-data/-/raw/master/solarsystem/systems/Solar%20System/orbital-params/JWST/JWST_919900800_922492800.csv
orbital-params	JWST	orbital-params/JWST/JWST_922492800_932083200.csv	https://gitlab.com/Dexter9313/prograde-data/-/raw/master/solarsystem/systems/Solar%20System/orbital-params/JWST/JWST_922492800_932083200.csv
orbital-params	JWST	orbital-params/JWST/JWST_932083200_936376200.csv	https://gitlab.com/Dexter9313/prograde-data/-/raw/master/solarsystem/systems/Solar%20System/orbital-params/JWST/JWST_932083200_936376200.csv
orbital-params	JWST	orbital-params/JWST/JWST_936376200_944438400.csv	https://gitlab.com/Dexter9313/prograde-data/-/raw/master/solarsystem/systems/Solar%20System/orbital-params/JWST/JWST_936376200_944438400.csv
orbital-params	JWST	orbital-params/JWST/JWST_944438400_958867200.csv	https://gitlab.com/Dexter9313/prograde-data/-/raw/master/solarsystem/systems/Solar%20System/orbital-params/JWST/JWST_944438400_958867200.csv
orbital-params	JWST	orbital-params/JWST/JWST_958867200_974764800.csv	https://gitlab.com/Dexter9313/prograde-data/-/raw/master/solarsystem/systems/Solar%20System/orbital-params/JWST/JWST_958867200_974764800.csv
orbital-params	JWST	orbital-params/JWST/JWST_974764800_985910459.csv	https://gitlab.com/Dexter9313/prograde-data/-/raw/master/solarsystem/systems/Solar%20System/orbital-params/JWST/JWST_974764800_985910459.csv
orbital-params	Juno Spacecraft	orbital-params/Juno Spacecraft/Juno Spacecraft_365879999_365904000.csv	https://gitlab.com/Dexter9313/prograde-data/-/raw/master/solarsystem/systems/Solar%20System/orbital-params/Juno%20Spacecraft/Juno%20Spacecraft_365879999_365904000.csv
orbital-params	Juno Spacecraft	orbital-params/Juno Spacecraft/Juno Spacecraft_365904000_366076800.csv	https://gitlab.com/Dexter9313/prograde-data/-/raw/master/solarsystem/systems/Solar%20System/orbital-params/Juno%20Spacecraft/Juno%20Spacecraft_365904000_366076800.csv
orbital-params	Juno Spacecraft	orbital-params/Juno Spacecraft/Juno Spacecraft_366076800_366336000.csv	https://gitlab.com/Dexter9313/prograde-data/-/raw/master/solarsystem/systems/Solar%20System/orbital-params/Juno%20Spacecraft/Juno%20Spacecraft_366076800_366336000.csv
orbital-params	Juno Spacecraft	orbital-params/Juno Spacecraft/Juno Spacecraft_366336000_399600000.csv	https://gitlab.com/Dexter9313/prograde-data/-/raw/master/solarsystem/systems/Solar%20System/orbital-params/Juno%20Spacecraft/Juno%20Spacecraft_366336000_399600000.csv
orbital-params	Juno Spacecraft	orbital-params/Juno Spacecraft/Juno Spacecraft_399600000_399681000.csv	https://gitlab.com/Dexter9313/prograde-data/-/raw/master/solarsystem/systems/Solar%20System/orbital-params/Juno%20Spacecraft/Juno%20Spacecraft_399600000_399681000.csv
orbital-params	Juno Spacecraft	orbital-params/Juno Spacecraft/Juno Spacecraft_399681000_399682799.csv	https://gitlab.com/Dexter9313/prograde-data/-/raw/master/solarsystem/systems/Solar%20System/orbital-params/Juno%20Spacecraft/Juno%20Spacecraft_399681000_399682799.csv
orbital-params	Juno Spacecraft	orbital-params/Juno Spacecraft/Juno Spacecraft_399682799_399686400.csv	https://gitlab.com/Dexter9313/prograde-data/-/raw/master/solarsystem/systems/Solar%20System/orbital-params/Juno%20Spacecraft/Juno%20Spacecraft_399682799_399686400.csv
orbital-params	Juno Spacecraft	orbital-params/Juno Spacecraft/Juno Spacecraft_399686400_400977000.csv	https://gitlab.com/Dexter9313/prograde-data/-/raw/master/solarsystem/systems/Solar%20System/orbital-params/Juno%20Spacecraft/Juno%20Spacecraft_399686400_400977000.csv
orbital-params	Juno Spacecraft	orbital-params/Juno Spacecraft/Juno Spacecraft_400977000_400978799.csv	https://gitlab.com/Dexter9313/prograde-data/-/raw/master/solarsystem/systems/Solar%20System/orbital-params/Juno%20Spacecraft/Juno%20Spacecraft_400977000_400978799.csv
orbital-params	Juno Spacecraft	orbital-params/Juno Spacecraft/Juno Spacecraft_400978799_400982400.csv	https://gitlab.com/Dexter9313/prograde-data/-/raw/master/solarsystem/systems/Solar%20System/orbital-params/Juno%20Spacecraft/Juno%20Spacecraft_400978799_400982400.csv
orbital-params	Juno Spacecraft	orbital-params/Juno Spacecraft/Juno Spacecraft_400982400_434505600.csv	https://gitlab.com/Dexter9313/prograde-data/-/raw/master/solarsystem/systems/Solar%20System/orbital-params/Juno%20Spacecraft/Juno%20Spacecraft_400982400_434505600.csv
orbital-params	Juno Spacecraft	orbital-params/Juno Spacecraft/Juno Spacecraft_434505600_434592000.csv	https://gitlab.com/Dexter9313/prograde-data/-/raw/master/solarsystem/systems/Solar%20System/orbital-params/Juno%20Spacecraft/Juno%20Spacecraft_434505600_434592000.csv
orbital-params	Juno Spacecraft	orbital-params/Juno Spacecraft/Juno Spacecraft_434592000_434764800.csv	https://gitlab.com/Dexter9313/prograde-data/-/raw/master/solarsystem/systems/Solar%20System/orbital-params/Juno%20Spacecraft/Juno%20Spacecraft_434592000_434764800.csv
orbital-params	Juno Spacecraft	orbital-params/Juno Spacecraft/Juno Spacecraft_434764800_434851200.csv	https://gitlab.com/Dexter9313/prograde-data/-/raw/master/solarsystem/systems/Solar%20System/orbital-params/Juno%20Spacecraft/Juno%20Spacecraft_434764800_434851200.csv
orbital-params	Juno Spacecraft	orbital-params/Juno Spacecraft/Juno Spacecraft_434851200_517622400.csv	https://gitlab.com/Dexter9313/prograde-data/-/raw/master/solarsystem/systems/Solar%20System/orbital-params/Juno%20Spacecraft/Juno%20Spacecraft_434851200_517622400.csv
orbital-params	Juno Spacecraft	orbital-params/Juno Spacecraft/Juno Spacecraft_517622400_520995600.csv	https://gitlab.com/Dexter9313/prograde-data/-/raw/master/solarsystem/systems/Solar%20System/orbital-params/Juno%20Spacecraft/Juno%20Spacecraft_517622400_520995600.csv
orbital-params	Juno Spacecraft	orbital-params/Juno Spacecraft/Juno Spacecraft_520995600_521008200.csv	https://gitlab.com/Dexter9313/prograde-data/-/raw/master/solarsystem/systems/Solar%20System/orbital-params/Juno%20Spacecraft/Juno%20Spacecraft_520995600_521008200.csv
orbital-params	Juno Spacecraft	orbital-params/Juno Spacecraft/Juno Spacecraft_521008200_521078400.csv	https://gitlab.com/Dexter9313/prograde-data/-/raw/master/solarsystem/systems/Solar%20System/orbital-params/Juno%20Spacecraft/Juno%20Spacecraft_521008200_521078400.csv
orbital-params	Juno Spacecraft	orbital-params/Juno Spacecraft/Juno Spacecraft_521078400_589507200.csv	https://gitlab.com/Dexter9313/prograde-data/-/raw/master/solarsystem/systems/Solar%20System/orbital-params/Juno%20Spacecraft/Juno%20Spacecraft_521078400_589507200.csv
orbital-params	Juno Spacecraft	orbital-params/Juno Spacecraft/Juno Spacecraft_589507200_589591800.csv	https://gitlab.com/Dexter9313/prograde-data/-/raw/master/solarsystem/systems/Solar%20System/orbital-params/Juno%20Spacecraft/Juno%20Spacecraft_589507200_589591800.csv
orbital-params	Juno Spacecraft	orbital-params/Juno Spacecraft/Juno Spacecraft_589591800_589604400.csv	https://gitlab.com/Dexter9313/prograde-data/-/raw/master/solarsystem/systems/Solar%20System/orbital-params/Juno%20Spacecraft/Juno%20Spacecraft_589591800_589604400.csv
orbital-params	Juno Spacecraft	orbital-params/Juno Spacecraft/Juno Spacecraft_589604400_589680000.csv	https://gitlab.com/Dexter9313/prograde-data/-/raw/master/solarsystem/systems/Solar%20System/orbital-params/Juno%20Spacecraft/Juno%20Spacecraft_589604400_589680000.csv
orbital-params	Juno Spacecraft	orbital-params/Juno Spacecraft/Juno Spacecraft_589680000_623203200.csv	https://gitlab.com/Dexter9313/prograde-data/-/raw/master/solarsystem/systems/Solar%20System/orbital-params/Juno%20Spacecraft/Juno%20Spacecraft_589680000_623203200.csv
orbital-params	Juno Spacecraft	orbital-params/Juno Spacecraft/Juno Spacecraft_623203200_626054400.csv	https://gitlab.com/Dexter9313/prograde-data/-/raw/master/solarsystem/systems/Solar%20System/orbital-params/Juno%20Spacecraft/Juno%20Spacecraft_623203200_626054400.csv
orbital-params	Juno Spacecraft	orbital-params/Juno Spacecraft/Juno Spacecraft_626054400_626128200.csv	https://gitlab.com/Dexter9313/prograde-data/-/raw/master/solarsystem/systems/Solar%20System/orbital-params/Juno%20Spacecraft/Juno%20Spacecraft_626054400_626128200.csv
orbital-params	Juno Spacecraft	orbital-params/Juno Spacecraft/Juno Spacecraft_626128200_626140800.csv	https://gitlab.com/Dexter9313/prograde-data/-/raw/master/solarsystem/systems/Solar%20System/orbital-params/Juno%20Spacecraft/Juno%20Spacecraft_626128200_626140800.csv
orbital-params	Juno Spacecraft	orbital-params/Juno Spacecraft/Juno Spacecraft_626140800_626227200.csv	https://gitlab.com/Dexter9313/prograde-data/-/raw/master/solarsystem/systems/Solar%20System/orbital-params/Juno%20Spacecraft/Juno%20Spacecraft_626140800_626227200.csv
orbital-params	Juno Spacecraft	orbital-params/Juno Spacecraft/Juno Spacecraft_626227200_671760000.csv	https://gitlab.com/Dexter9313/prograde-data/-/raw/master/solarsystem/systems/Solar%20System/orbital-params/Juno%20Spacecraft/Juno%20Spacecraft_626227200_671760000.csv
orbital-params	Juno Spacecraft	orbital-params/Juno Spacecraft/Juno Spacecraft_671760000_671839200.csv	https://gitlab.com/Dexter9313/prograde-data/-/raw/master/solarsystem/systems/Solar%20System/orbital-params/Juno%20Spacecraft/Juno%20Spacecraft_671760000_671839200.csv
orbital-params	Juno Spacecraft	orbital-params/Juno Spacecraft/Juno Spacecraft_671839200_671850000.csv	https://gitlab.com/Dexter9313/prograde-data/-/raw/master/solarsystem/systems/Solar%20System/orbital-params/Juno%20Spacecraft/Juno%20Spacecraft_671839200_671850000.csv
orbital-params	Juno Spacecraft	orbital-params/Juno Spacecraft/Juno Spacecraft_671850000_671932800.csv	https://gitlab.com/Dexter9313/prograde-data/-/raw/master/solarsystem/systems/Solar%20System/orbital-params/Juno%20Spacecraft/Juno%20Spacecraft_671850000_671932800.csv
orbital-params	Juno Spacecraft	orbital-params/Juno Spacecraft/Juno Spacecraft_671932800_672103980.csv	https://gitlab.com/Dexter9313/prograde-data/-/raw/master/solarsystem/systems/Solar%20System/orbital-params/Juno%20Spacecraft/Juno%20Spacecraft_671932800_672103980.csv
orbital-params	Juno	orbital-params/Juno/Juno_-1262304000_-252460800.csv	https://gitlab.com/Dexter9313/prograde-data/-/raw/master/solarsystem/systems/Solar%20System/orbital-params/Juno/Juno_-1262304000_-252460800.csv
orbital-params	Juno	orbital-params/Juno/Juno_-252460800_252460800.csv	https://gitlab.com/Dexter9313/prograde-data/-/raw/master/solarsystem/systems/Solar%20System/orbital-params/Juno/Juno_-252460800_252460800.csv
orbital-params	Juno	orbital-params/Juno/Juno_-3281904000_-1262476800.csv	https://gitlab.com/Dexter9313/prograde-data/-/raw/master/solarsystem/systems/Solar%20System/orbital-params/Juno/Juno_-3281904000_-1262476800.csv
orbital-params	Juno	orbital-params/Juno/Juno_-7321190400_-3282336000.csv	https://gitlab.com/Dexter9313/prograde-data/-/raw/master/solarsystem/systems/Solar%20System/orbital-params/Juno/Juno_-7321190400_-3282336000.csv
orbital-params	Juno	orbital-params/Juno/Juno_1262304000_1767225600.csv	https://gitlab.com/Dexter9313/prograde-data/-/raw/master/solarsystem/systems/Solar%20System/orbital-params/Juno/Juno_1262304000_1767225600.csv
orbital-params	Juno	orbital-params/Juno/Juno_1767225600_2777068800.csv	https://gitlab.com/Dexter9313/prograde-data/-/raw/master/solarsystem/systems/Solar%20System/orbital-params/Juno/Juno_1767225600_2777068800.csv
orbital-params	Juno	orbital-params/Juno/Juno_252460800_1262304000.csv	https://gitlab.com/Dexter9313/prograde-data/-/raw/master/solarsystem/systems/Solar%20System/orbital-params/Juno/Juno_252460800_1262304000.csv
orbital-params	Juno	orbital-params/Juno/Juno_2777068800_4796496000.csv	https://gitlab.com/Dexter9313/prograde-data/-/raw/master/solarsystem/systems/Solar%20System/orbital-params/Juno/Juno_2777068800_4796496000.csv
orbital-params	Juno	orbital-params/Juno/Juno_4796668800_8835523200.csv	https://gitlab.com/Dexter9313/prograde-data/-/raw/master/solarsystem/systems/Solar%20System/orbital-params/Juno/Juno_4796668800_8835523200.csv
orbital-params	Jupiter	orbital-params/Jupiter/Jupiter_-1262304000_-252460800.csv	https://gitlab.com/Dexter9313/prograde-data/-/raw/master/solarsystem/systems/Solar%20System/orbital-params/Jupiter/Jupiter_-1262304000_-252460800.csv
orbital-params	Jupiter	orbital-params/Jupiter/Jupiter_-252460800_252460800.csv	https://gitlab.com/Dexter9313/prograde-data/-/raw/master/solarsystem/systems/Solar%20System/orbital-params/Jupiter/Jupiter_-252460800_252460800.csv
orbital-params	Jupiter	orbital-params/Jupiter/Jupiter_-3281904000_-1262476800.csv	https://gitlab.com/Dexter9313/prograde-data/-/raw/master/solarsystem/systems/Solar%20System/orbital-params/Jupiter/Jupiter_-3281904000_-1262476800.csv
orbital-params	Jupiter	orbital-params/Jupiter/Jupiter_-7321190400_-3282336000.csv	https://gitlab.com/Dexter9313/prograde-data/-/raw/master/solarsystem/systems/Solar%20System/orbital-params/Jupiter/Jupiter_-7321190400_-3282336000.csv
orbital-params	Jupiter	orbital-params/Jupiter/Jupiter_1262304000_1767225600.csv	https://gitlab.com/Dexter9313/prograde-data/-/raw/master/solarsystem/systems/Solar%20System/orbital-params/Jupiter/Jupiter_1262304000_1767225600.csv
orbital-params	Jupiter	orbital-params/Jupiter/Jupiter_1767225600_2777068800.csv	https://gitlab.com/Dexter9313/prograde-data/-/raw/master/solarsystem/systems/Solar%20System/orbital-params/Jupiter/Jupiter_1767225600_2777068800.csv
orbital-params	Jupiter	orbital-params/Jupiter/Jupiter_252460800_1262304000.csv	https://gitlab.com/Dexter9313/prograde-data/-/raw/master/solarsystem/systems/Solar%20System/orbital-params/Jupiter/Jupiter_252460800_1262304000.csv
orbital-params	Jupiter	orbital-params/Jupiter/Jupiter_2777068800_4796496000.csv	https://gitlab.com/Dexter9313/prograde-data/-/raw/master/solarsystem/systems/Solar%20System/orbital-params/Jupiter/Jupiter_2777068800_4796496000.csv
orbital-params	Jupiter	orbital-params/Jupiter/Jupiter_4796668800_8835523200.csv	https://gitlab.com/Dexter9313/prograde-data/-/raw/master/solarsystem/systems/Solar%20System/orbital-params/Jupiter/Jupiter_4796668800_8835523200.csv
orbital-params	Jupiter	orbital-params/Jupiter/Jupiter_8835955200_16913664000.csv	https://gitlab.com/Dexter9313/prograde-data/-/raw/master/solarsystem/systems/Solar%20System/orbital-params/Jupiter/Jupiter_8835955200_16913664000.csv
orbital-params	Kepler	orbital-params/Kepler/Kepler_1047276000_1804399200.csv	https://gitlab.com/Dexter9313/prograde-data/-/raw/master/solarsystem/systems/Solar%20System/orbital-params/Kepler/Kepler_1047276000_1804399200.csv
orbital-params	Kepler	orbital-params/Kepler/Kepler_1804420800_2561544000.csv	https://gitlab.com/Dexter9313/prograde-data/-/raw/master/solarsystem/systems/Solar%20System/orbital-params/Kepler/Kepler_1804420800_2561544000.csv
orbital-params	Kepler	orbital-params/Kepler/Kepler_2561565600_3318688800.csv	https://gitlab.com/Dexter9313/prograde-data/-/raw/master/solarsystem/systems/Solar%20System/orbital-params/Kepler/Kepler_2561565600_3318688800.csv
orbital-params	Kepler	orbital-params/Kepler/Kepler_289717019_289785600.csv	https://gitlab.com/Dexter9313/prograde-data/-/raw/master/solarsystem/systems/Solar%20System/orbital-params/Kepler/Kepler_289717019_289785600.csv
orbital-params	Kepler	orbital-params/Kepler/Kepler_289785600_290044800.csv	https://gitlab.com/Dexter9313/prograde-data/-/raw/master/solarsystem/systems/Solar%20System/orbital-params/Kepler/Kepler_289785600_290044800.csv
orbital-params	Kepler	orbital-params/Kepler/Kepler_290044800_290131200.csv	https://gitlab.com/Dexter9313/prograde-data/-/raw/master/solarsystem/systems/Solar%20System/orbital-params/Kepler/Kepler_290044800_290131200.csv
orbital-params	Kepler	orbital-params/Kepler/Kepler_290131200_290390400.csv	https://gitlab.com/Dexter9313/prograde-data/-/raw/master/solarsystem/systems/Solar%20System/orbital-params/Kepler/Kepler_290131200_290390400.csv
orbital-params	Kepler	orbital-params/Kepler/Kepler_290390400_1047254400.csv	https://gitlab.com/Dexter9313/prograde-data/-/raw/master/solarsystem/systems/Solar%20System/orbital-params/Kepler/Kepler_290390400_1047254400.csv
orbital-params	Kepler	orbital-params/Kepler/Kepler_3318710400_4223664000.csv	https://gitlab.com/Dexter9313/prograde-data/-/raw/master/solarsystem/systems/Solar%20System/orbital-params/Kepler/Kepler_3318710400_4223664000.csv
orbital-params	Kepler	orbital-params/Kepler/Kepler_4223685600_4224117600.csv	https://gitlab.com/Dexter9313/prograde-data/-/raw/master/solarsystem/systems/Solar%20System/orbital-params/Kepler/Kepler_4223685600_4224117600.csv
orbital-params	Kepler	orbital-params/Kepler/Kepler_4224117600_4832978400.csv	https://gitlab.com/Dexter9313/prograde-data/-/raw/master/solarsystem/systems/Solar%20System/orbital-params/Kepler/Kepler_4224117600_4832978400.csv
orbital-params	Kepler	orbital-params/Kepler/Kepler_4833000000_5590123200.csv	https://gitlab.com/Dexter9313/prograde-data/-/raw/master/solarsystem/systems/Solar%20System/orbital-params/Kepler/Kepler_4833000000_5590123200.csv
orbital-params	Kepler	orbital-params/Kepler/Kepler_5590144800_6347268000.csv	https://gitlab.com/Dexter9313/prograde-data/-/raw/master/solarsystem/systems/Solar%20System/orbital-params/Kepler/Kepler_5590144800_6347268000.csv
orbital-params	MAVEN	orbital-params/MAVEN/MAVEN_438117719_438134400.csv	https://gitlab.com/Dexter9313/prograde-data/-/raw/master/solarsystem/systems/Solar%20System/orbital-params/MAVEN/MAVEN_438117719_438134400.csv
orbital-params	MAVEN	orbital-params/MAVEN/MAVEN_438134400_438220800.csv	https://gitlab.com/Dexter9313/prograde-data/-/raw/master/solarsystem/systems/Solar%20System/orbital-params/MAVEN/MAVEN_438134400_438220800.csv
orbital-params	MAVEN	orbital-params/MAVEN/MAVEN_438220800_438393600.csv	https://gitlab.com/Dexter9313/prograde-data/-/raw/master/solarsystem/systems/Solar%20System/orbital-params/MAVEN/MAVEN_438220800_438393600.csv
orbital-params	MAVEN	orbital-params/MAVEN/MAVEN_438393600_464054400.csv	https://gitlab.com/Dexter9313/prograde-data/-/raw/master/solarsystem/systems/Solar%20System/orbital-params/MAVEN/MAVEN_438393600_464054400.csv
orbital-params	MAVEN	orbital-params/MAVEN/MAVEN_464054400_464659200.csv	https://gitlab.com/Dexter9313/prograde-data/-/raw/master/solarsystem/systems/Solar%20System/orbital-params/MAVEN/MAVEN_464054400_464659200.csv
orbital-params	MAVEN	orbital-params/MAVEN/MAVEN_464659200_464664600.csv	https://gitlab.com/Dexter9313/prograde-data/-/raw/master/solarsystem/systems/Solar%20System/orbital-params/MAVEN/MAVEN_464659200_464664600.csv
orbital-params	MAVEN	orbital-params/MAVEN/MAVEN_464664600_464668200.csv	https://gitlab.com/Dexter9313/prograde-data/-/raw/master/solarsystem/systems/Solar%20System/orbital-params/MAVEN/MAVEN_464664600_464668200.csv
orbital-params	MAVEN	orbital-params/MAVEN/MAVEN_464668200_464745600.csv	https://gitlab.com/Dexter9313/prograde-data/-/raw/master/solarsystem/systems/Solar%20System/orbital-params/MAVEN/MAVEN_464668200_464745600.csv
orbital-params	MAVEN	orbital-params/MAVEN/MAVEN_464745600_465091200.csv	https://gitlab.com/Dexter9313/prograde-data/-/raw/master/solarsystem/systems/Solar%20System/orbital-params/MAVEN/MAVEN_464745600_465091200.csv
orbital-params	MAVEN	orbital-params/MAVEN/MAVEN_465091200_465168599.csv	https://gitlab.com/Dexter9313/prograde-data/-/raw/master/solarsystem/systems/Solar%20System/orbital-params/MAVEN/MAVEN_465091200_465168599.csv
orbital-params	MAVEN	orbital-params/MAVEN/MAVEN_465168599_465170400.csv	https://gitlab.com/Dexter9313/prograde-data/-/raw/master/solarsystem/systems/Solar%20System/orbital-params/MAVEN/MAVEN_465168599_465170400.csv
orbital-params	MAVEN	orbital-params/MAVEN/MAVEN_465170400_465177600.csv	https://gitlab.com/Dexter9313/prograde-data/-/raw/master/solarsystem/systems/Solar%20System/orbital-params/MAVEN/MAVEN_465170400_465177600.csv
orbital-params	MAVEN	orbital-params/MAVEN/MAVEN_465177600_465523200.csv	https://gitlab.com/Dexter9313/prograde-data/-/raw/master/solarsystem/systems/Solar%20System/orbital-params/MAVEN/MAVEN_465177600_465523200.csv
orbital-params	MAVEN	orbital-params/MAVEN/MAVEN_465523200_465598800.csv	https://gitlab.com/Dexter9313/prograde-data/-/raw/master/solarsystem/systems/Solar%20System/orbital-params/MAVEN/MAVEN_465523200_465598800.csv
orbital-params	MAVEN	orbital-params/MAVEN/MAVEN_465598800_465602400.csv	https://gitlab.com/Dexter9313/prograde-data/-/raw/master/solarsystem/systems/Solar%20System/orbital-params/MAVEN/MAVEN_465598800_465602400.csv
orbital-params	MAVEN	orbital-params/MAVEN/MAVEN_465602400_465609600.csv	https://gitlab.com/Dexter9313/prograde-data/-/raw/master/solarsystem/systems/Solar%20System/orbital-params/MAVEN/MAVEN_465602400_465609600.csv
orbital-params	MAVEN	orbital-params/MAVEN/MAVEN_465609600_492652800.csv	https://gitlab.com/Dexter9313/prograde-data/-/raw/master/solarsystem/systems/Solar%20System/orbital-params/MAVEN/MAVEN_465609600_492652800.csv
orbital-params	MAVEN	orbital-params/MAVEN/MAVEN_492652800_492739200.csv	https://gitlab.com/Dexter9313/prograde-data/-/raw/master/solarsystem/systems/Solar%20System/orbital-params/MAVEN/MAVEN_492652800_492739200.csv
orbital-params	MAVEN	orbital-params/MAVEN/MAVEN_492739200_524707200.csv	https://gitlab.com/Dexter9313/prograde-data/-/raw/master/solarsystem/systems/Solar%20System/orbital-params/MAVEN/MAVEN_492739200_524707200.csv
orbital-params	MAVEN	orbital-params/MAVEN/MAVEN_524707200_524762999.csv	https://gitlab.com/Dexter9313/prograde-data/-/raw/master/solarsystem/systems/Solar%20System/orbital-params/MAVEN/MAVEN_524707200_524762999.csv
orbital-params	MAVEN	orbital-params/MAVEN/MAVEN_524762999_524764800.csv	https://gitlab.com/Dexter9313/prograde-data/-/raw/master/solarsystem/systems/Solar%20System/orbital-params/MAVEN/MAVEN_524762999_524764800.csv
orbital-params	MAVEN	orbital-params/MAVEN/MAVEN_524764800_524793600.csv	https://gitlab.com/Dexter9313/prograde-data/-/raw/master/solarsystem/systems/Solar%20System/orbital-params/MAVEN/MAVEN_524764800_524793600.csv
orbital-params	MAVEN	orbital-params/MAVEN/MAVEN_524793600_667008000.csv	https://gitlab.com/Dexter9313/prograde-data/-/raw/master/solarsystem/systems/Solar%20System/orbital-params/MAVEN/MAVEN_524793600_667008000.csv
orbital-params	MAVEN	orbital-params/MAVEN/MAVEN_667008000_667018800.csv	https://gitlab.com/Dexter9313/prograde-data/-/raw/master/solarsystem/systems/Solar%20System/orbital-params/MAVEN/MAVEN_667008000_667018800.csv
orbital-params	MESSENGER	orbital-params/MESSENGER/MESSENGER_144832499_144892800.csv	https://gitlab.com/Dexter9313/prograde-data/-/raw/master/solarsystem/systems/Solar%20System/orbital-params/MESSENGER/MESSENGER_144832499_144892800.csv
orbital-params	MESSENGER	orbital-params/MESSENGER/MESSENGER_144892800_144979200.csv	https://gitlab.com/Dexter9313/prograde-data/-/raw/master/solarsystem/systems/Solar%20System/orbital-params/MESSENGER/MESSENGER_144892800_144979200.csv
orbital-params	MESSENGER	orbital-params/MESSENGER/MESSENGER_144979200_176169600.csv	https://gitlab.com/Dexter9313/prograde-data/-/raw/master/solarsystem/systems/Solar%20System/orbital-params/MESSENGER/MESSENGER_144979200_176169600.csv
orbital-params	MESSENGER	orbital-params/MESSENGER/MESSENGER_176169600_176601600.csv	https://gitlab.com/Dexter9313/prograde-data/-/raw/master/solarsystem/systems/Solar%20System/orbital-params/MESSENGER/MESSENGER_176169600_176601600.csv
orbital-params	MESSENGER	orbital-params/MESSENGER/MESSENGER_176601600_187660800.csv	https://gitlab.com/Dexter9313/prograde-data/-/raw/master/solarsystem/systems/Solar%20System/orbital-params/MESSENGER/MESSENGER_176601600_187660800.csv
orbital-params	MESSENGER	orbital-params/MESSENGER/MESSENGER_187660800_187702200.csv	https://gitlab.com/Dexter9313/prograde-data/-/raw/master/solarsystem/systems/Solar%20System/orbital-params/MESSENGER/MESSENGER_187660800_187702200.csv
orbital-params	MESSENGER	orbital-params/MESSENGER/MESSENGER_187702200_187704000.csv	https://gitlab.com/Dexter9313/prograde-data/-/raw/master/solarsystem/systems/Solar%20System/orbital-params/MESSENGER/MESSENGER_187702200_187704000.csv
orbital-params	MESSENGER	orbital-params/MESSENGER/MESSENGER_187704000_187747200.csv	https://gitlab.com/Dexter9313/prograde-data/-/raw/master/solarsystem/systems/Solar%20System/orbital-params/MESSENGER/MESSENGER_187704000_187747200.csv
orbital-params	MESSENGER	orbital-params/MESSENGER/MESSENGER_187747200_214876800.csv	https://gitlab.com/Dexter9313/prograde-data/-/raw/master/solarsystem/systems/Solar%20System/orbital-params/MESSENGER/MESSENGER_187747200_214876800.csv
orbital-params	MESSENGER	orbital-params/MESSENGER/MESSENGER_214876800_215049600.csv	https://gitlab.com/Dexter9313/prograde-data/-/raw/master/solarsystem/systems/Solar%20System/orbital-params/MESSENGER/MESSENGER_214876800_215049600.csv
orbital-params	MESSENGER	orbital-params/MESSENGER/MESSENGER_215049600_215136000.csv	https://gitlab.com/Dexter9313/prograde-data/-/raw/master/solarsystem/systems/Solar%20System/orbital-params/MESSENGER/MESSENGER_215049600_215136000.csv
orbital-params	MESSENGER	orbital-params/MESSENGER/MESSENGER_215136000_234230400.csv	https://gitlab.com/Dexter9313/prograde-data/-/raw/master/solarsystem/systems/Solar%20System/orbital-params/MESSENGER/MESSENGER_215136000_234230400.csv
orbital-params	MESSENGER	orbital-params/MESSENGER/MESSENGER_234230400_234316800.csv	https://gitlab.com/Dexter9313/prograde-data/-/raw/master/solarsystem/systems/Solar%20System/orbital-params/MESSENGER/MESSENGER_234230400_234316800.csv
orbital-params	MESSENGER	orbital-params/MESSENGER/MESSENGER_234316800_234489600.csv	https://gitlab.com/Dexter9313/prograde-data/-/raw/master/solarsystem/systems/Solar%20System/orbital-params/MESSENGER/MESSENGER_234316800_234489600.csv
orbital-params	MESSENGER	orbital-params/MESSENGER/MESSENGER_234489600_234576000.csv	https://gitlab.com/Dexter9313/prograde-data/-/raw/master/solarsystem/systems/Solar%20System/orbital-params/MESSENGER/MESSENGER_234489600_234576000.csv
orbital-params	MESSENGER	orbital-params/MESSENGER/MESSENGER_234576000_253584000.csv	https://gitlab.com/Dexter9313/prograde-data/-/raw/master/solarsystem/systems/Solar%20System/orbital-params/MESSENGER/MESSENGER_234576000_253584000.csv
orbital-params	MESSENGER	orbital-params/MESSENGER/MESSENGER_253584000_253670400.csv	https://gitlab.com/Dexter9313/prograde-data/-/raw/master/solarsystem/systems/Solar%20System/orbital-params/MESSENGER/MESSENGER_253584000_253670400.csv
orbital-params	MESSENGER	orbital-params/MESSENGER/MESSENGER_253670400_276566400.csv	https://gitlab.com/Dexter9313/prograde-data/-/raw/master/solarsystem/systems/Solar%20System/orbital-params/MESSENGER/MESSENGER_253670400_276566400.csv
orbital-params	MESSENGER	orbital-params/MESSENGER/MESSENGER_276566400_276652800.csv	https://gitlab.com/Dexter9313/prograde-data/-/raw/master/solarsystem/systems/Solar%20System/orbital-params/MESSENGER/MESSENGER_276566400_276652800.csv
orbital-params	MESSENGER	orbital-params/MESSENGER/MESSENGER_276652800_307497600.csv	https://gitlab.com/Dexter9313/prograde-data/-/raw/master/solarsystem/systems/Solar%20System/orbital-params/MESSENGER/MESSENGER_276652800_307497600.csv
orbital-params	MESSENGER	orbital-params/MESSENGER/MESSENGER_307497600_307670400.csv	https://gitlab.com/Dexter9313/prograde-data/-/raw/master/solarsystem/systems/Solar%20System/orbital-params/MESSENGER/MESSENGER_307497600_307670400.csv
orbital-params	MESSENGER	orbital-params/MESSENGER/MESSENGER_307670400_353548800.csv	https://gitlab.com/Dexter9313/prograde-data/-/raw/master/solarsystem/systems/Solar%20System/orbital-params/MESSENGER/MESSENGER_307670400_353548800.csv
orbital-params	MESSENGER	orbital-params/MESSENGER/MESSENGER_353548800_353723399.csv	https://gitlab.com/Dexter9313/prograde-data/-/raw/master/solarsystem/systems/Solar%20System/orbital-params/MESSENGER/MESSENGER_353548800_353723399.csv
orbital-params	MESSENGER	orbital-params/MESSENGER/MESSENGER_353723399_353727000.csv	https://gitlab.com/Dexter9313/prograde-data/-/raw/master/solarsystem/systems/Solar%20System/orbital-params/MESSENGER/MESSENGER_353723399_353727000.csv
orbital-params	MESSENGER	orbital-params/MESSENGER/MESSENGER_353727000_353808000.csv	https://gitlab.com/Dexter9313/prograde-data/-/raw/master/solarsystem/systems/Solar%20System/orbital-params/MESSENGER/MESSENGER_353727000_353808000.csv
orbital-params	MESSENGER	orbital-params/MESSENGER/MESSENGER_353808000_361411200.csv	https://gitlab.com/Dexter9313/prograde-data/-/raw/master/solarsystem/systems/Solar%20System/orbital-params/MESSENGER/MESSENGER_353808000_361411200.csv
orbital-params	MESSENGER	orbital-params/MESSENGER/MESSENGER_361411200_361481400.csv	https://gitlab.com/Dexter9313/prograde-data/-/raw/master/solarsystem/systems/Solar%20System/orbital-params/MESSENGER/MESSENGER_361411200_361481400.csv
orbital-params	MESSENGER	orbital-params/MESSENGER/MESSENGER_361481400_361483199.csv	https://gitlab.com/Dexter9313/prograde-data/-/raw/master/solarsystem/systems/Solar%20System/orbital-params/MESSENGER/MESSENGER_361481400_361483199.csv
orbital-params	MESSENGER	orbital-params/MESSENGER/MESSENGER_361483199_361497600.csv	https://gitlab.com/Dexter9313/prograde-data/-/raw/master/solarsystem/systems/Solar%20System/orbital-params/MESSENGER/MESSENGER_361483199_361497600.csv
orbital-params	MESSENGER	orbital-params/MESSENGER/MESSENGER_361497600_368668800.csv	https://gitlab.com/Dexter9313/prograde-data/-/raw/master/solarsystem/systems/Solar%20System/orbital-params/MESSENGER/MESSENGER_361497600_368668800.csv
orbital-params	MESSENGER	orbital-params/MESSENGER/MESSENGER_368668800_368722800.csv	https://gitlab.com/Dexter9313/prograde-data/-/raw/master/solarsystem/systems/Solar%20System/orbital-params/MESSENGER/MESSENGER_368668800_368722800.csv
orbital-params	MESSENGER	orbital-params/MESSENGER/MESSENGER_368722800_368724599.csv	https://gitlab.com/Dexter9313/prograde-data/-/raw/master/solarsystem/systems/Solar%20System/orbital-params/MESSENGER/MESSENGER_368722800_368724599.csv
orbital-params	MESSENGER	orbital-params/MESSENGER/MESSENGER_368724599_368755200.csv	https://gitlab.com/Dexter9313/prograde-data/-/raw/master/solarsystem/systems/Solar%20System/orbital-params/MESSENGER/MESSENGER_368724599_368755200.csv
orbital-params	MESSENGER	orbital-params/MESSENGER/MESSENGER_368755200_387849600.csv	https://gitlab.com/Dexter9313/prograde-data/-/raw/master/solarsystem/systems/Solar%20System/orbital-params/MESSENGER/MESSENGER_368755200_387849600.csv
orbital-params	MESSENGER	orbital-params/MESSENGER/MESSENGER_387849600_387918000.csv	https://gitlab.com/Dexter9313/prograde-data/-/raw/master/solarsystem/systems/Solar%20System/orbital-params/MESSENGER/MESSENGER_387849600_387918000.csv
orbital-params	MESSENGER	orbital-params/MESSENGER/MESSENGER_387918000_387919800.csv	https://gitlab.com/Dexter9313/prograde-data/-/raw/master/solarsystem/systems/Solar%20System/orbital-params/MESSENGER/MESSENGER_387918000_387919800.csv
orbital-params	MESSENGER	orbital-params/MESSENGER/MESSENGER_387919800_387936000.csv	https://gitlab.com/Dexter9313/prograde-data/-/raw/master/solarsystem/systems/Solar%20System/orbital-params/MESSENGER/MESSENGER_387919800_387936000.csv
orbital-params	MESSENGER	orbital-params/MESSENGER/MESSENGER_387936000_388195200.csv	https://gitlab.com/Dexter9313/prograde-data/-/raw/master/solarsystem/systems/Solar%20System/orbital-params/MESSENGER/MESSENGER_387936000_388195200.csv
orbital-params	MESSENGER	orbital-params/MESSENGER/MESSENGER_388195200_388277999.csv	https://gitlab.com/Dexter9313/prograde-data/-/raw/master/solarsystem/systems/Solar%20System/orbital-params/MESSENGER/MESSENGER_388195200_388277999.csv
orbital-params	MESSENGER	orbital-params/MESSENGER/MESSENGER_388277999_388279800.csv	https://gitlab.com/Dexter9313/prograde-data/-/raw/master/solarsystem/systems/Solar%20System/orbital-params/MESSENGER/MESSENGER_388277999_388279800.csv
orbital-params	MESSENGER	orbital-params/MESSENGER/MESSENGER_388279800_388281600.csv	https://gitlab.com/Dexter9313/prograde-data/-/raw/master/solarsystem/systems/Solar%20System/orbital-params/MESSENGER/MESSENGER_388279800_388281600.csv
orbital-params	MESSENGER	orbital-params/MESSENGER/MESSENGER_388281600_483753600.csv	https://gitlab.com/Dexter9313/prograde-data/-/raw/master/solarsystem/systems/Solar%20System/orbital-params/MESSENGER/MESSENGER_388281600_483753600.csv
orbital-params	MESSENGER	orbital-params/MESSENGER/MESSENGER_483753600_483821340.csv	https://gitlab.com/Dexter9313/prograde-data/-/raw/master/solarsystem/systems/Solar%20System/orbital-params/MESSENGER/MESSENGER_483753600_483821340.csv
orbital-params	Makemake	orbital-params/Makemake/Makemake_-1262304000_-252460800.csv	https://gitlab.com/Dexter9313/prograde-data/-/raw/master/solarsystem/systems/Solar%20System/orbital-params/Makemake/Makemake_-1262304000_-252460800.csv
orbital-params	Makemake	orbital-params/Makemake/Makemake_-252460800_252460800.csv	https://gitlab.com/Dexter9313/prograde-data/-/raw/master/solarsystem/systems/Solar%20System/orbital-params/Makemake/Makemake_-252460800_252460800.csv
orbital-params	Makemake	orbital-params/Makemake/Makemake_-3281904000_-1262476800.csv	https://gitlab.com/Dexter9313/prograde-data/-/raw/master/solarsystem/systems/Solar%20System/orbital-params/Makemake/Makemake_-3281904000_-1262476800.csv
orbital-params	Makemake	orbital-params/Makemake/Makemake_-7321190400_-3282336000.csv	https://gitlab.com/Dexter9313/prograde-data/-/raw/master/solarsystem/systems/Solar%20System/orbital-params/Makemake/Makemake_-7321190400_-3282336000.csv
orbital-params	Makemake	orbital-params/Makemake/Makemake_1262304000_1767225600.csv	https://gitlab.com/Dexter9313/prograde-data/-/raw/master/solarsystem/systems/Solar%20System/orbital-params/Makemake/Makemake_1262304000_1767225600.csv
orbital-params	Makemake	orbital-params/Makemake/Makemake_1767225600_2777068800.csv	https://gitlab.com/Dexter9313/prograde-data/-/raw/master/solarsystem/systems/Solar%20System/orbital-params/Makemake/Makemake_1767225600_2777068800.csv
orbital-params	Makemake	orbital-params/Makemake/Makemake_252460800_1262304000.csv	https://gitlab.com/Dexter9313/prograde-data/-/raw/master/solarsystem/systems/Solar%20System/orbital-params/Makemake/Makemake_252460800_1262304000.csv
orbital-params	Makemake	orbital-params/Makemake/Makemake_2777068800_4796496000.csv	https://gitlab.com/Dexter9313/prograde-data/-/raw/master/solarsystem/systems/Solar%20System/orbital-params/Makemake/Makemake_2777068800_4796496000.csv
orbital-params	Makemake	orbital-params/Makemake/Makemake_4796668800_8835523200.csv	https://gitlab.com/Dexter9313/prograde-data/-/raw/master/solarsystem/systems/Solar%20System/orbital-params/Makemake/Makemake_4796668800_8835523200.csv
orbital-params	Mars	orbital-params/Mars/Mars_-1262304000_-252460800.csv	https://gitlab.com/Dexter9313/prograde-data/-/raw/master/solarsystem/systems/Solar%20System/orbital-params/Mars/Mars_-1262304000_-252460800.csv
orbital-params	Mars	orbital-params/Mars/Mars_-252460800_252460800.csv	https://gitlab.com/Dexter9313/prograde-data/-/raw/master/solarsystem/systems/Solar%20System/orbital-params/Mars/Mars_-252460800_252460800.csv
orbital-params	Mars	orbital-params/Mars/Mars_-3281904000_-1262476800.csv	https://gitlab.com/Dexter9313/prograde-data/-/raw/master/solarsystem/systems/Solar%20System/orbital-params/Mars/Mars_-3281904000_-1262476800.csv
orbital-params	Mars	orbital-params/Mars/Mars_-7321190400_-3282336000.csv	https://gitlab.com/Dexter9313/prograde-data/-/raw/master/solarsystem/systems/Solar%20System/orbital-params/Mars/Mars_-7321190400_-3282336000.csv
orbital-params	Mars	orbital-params/Mars/Mars_1262304000_1767225600.csv	https://gitlab.com/Dexter9313/prograde-data/-/raw/master/solarsystem/systems/Solar%20System/orbital-params/Mars/Mars_1262304000_1767225600.csv
orbital-params	Mars	orbital-params/Mars/Mars_1767225600_2777068800.csv	https://gitlab.com/Dexter9313/prograde-data/-/raw/master/solarsystem/systems/Solar%20System/orbital-params/Mars/Mars_1767225600_2777068800.csv
orbital-params	Mars	orbital-params/Mars/Mars_252460800_1262304000.csv	https://gitlab.com/Dexter9313/prograde-data/-/raw/master/solarsystem/systems/Solar%20System/orbital-params/Mars/Mars_252460800_1262304000.csv
orbital-params	Mars	orbital-params/Mars/Mars_2777068800_4796496000.csv	https://gitlab.com/Dexter9313/prograde-data/-/raw/master/solarsystem/systems/Solar%20System/orbital-params/Mars/Mars_2777068800_4796496000.csv
orbital-params	Mars	orbital-params/Mars/Mars_4796668800_8835523200.csv	https://gitlab.com/Dexter9313/prograde-data/-/raw/master/solarsystem/systems/Solar%20System/orbital-params/Mars/Mars_4796668800_8835523200.csv
orbital-params	Mercury	orbital-params/Mercury/Mercury_-1262304000_-252460800.csv	https://gitlab.com/Dexter9313/prograde-data/-/raw/master/solarsystem/systems/Solar%20System/orbital-params/Mercury/Mercury_-1262304000_-252460800.csv
orbital-params	Mercury	orbital-params/Mercury/Mercury_-15398985600_-7321276800.csv	https://gitlab.com/Dexter9313/prograde-data/-/raw/master/solarsystem/systems/Solar%20System/orbital-params/Mercury/Mercury_-15398985600_-7321276800.csv
orbital-params	Mercury	orbital-params/Mercury/Mercury_-252460800_252460800.csv	https://gitlab.com/Dexter9313/prograde-data/-/raw/master/solarsystem/systems/Solar%20System/orbital-params/Mercury/Mercury_-252460800_252460800.csv
orbital-params	Mercury	orbital-params/Mercury/Mercury_-31556476800_-15398985600.csv	https://gitlab.com/Dexter9313/prograde-data/-/raw/master/solarsystem/systems/Solar%20System/orbital-params/Mercury/Mercury_-31556476800_-15398985600.csv
orbital-params	Mercury	orbital-params/Mercury/Mercury_-3281904000_-1262476800.csv	https://gitlab.com/Dexter9313/prograde-data/-/raw/master/solarsystem/systems/Solar%20System/orbital-params/Mercury/Mercury_-3281904000_-1262476800.csv
orbital-params	Mercury	orbital-params/Mercury/Mercury_-7321190400_-3282336000.csv	https://gitlab.com/Dexter9313/prograde-data/-/raw/master/solarsystem/systems/Solar%20System/orbital-params/Mercury/Mercury_-7321190400_-3282336000.csv
orbital-params	Mercury	orbital-params/Mercury/Mercury_1262304000_1767225600.csv	https://gitlab.com/Dexter9313/prograde-data/-/raw/master/solarsystem/systems/Solar%20System/orbital-params/Mercury/Mercury_1262304000_1767225600.csv
orbital-params	Mercury	orbital-params/Mercury/Mercury_16914528000_33069945600.csv	https://gitlab.com/Dexter9313/prograde-data/-/raw/master/solarsystem/systems/Solar%20System/orbital-params/Mercury/Mercury_16914528000_33069945600.csv
orbital-params	Mercury	orbital-params/Mercury/Mercury_1767225600_2777068800.csv	https://gitlab.com/Dexter9313/prograde-data/-/raw/master/solarsystem/systems/Solar%20System/orbital-params/Mercury/Mercury_1767225600_2777068800.csv
orbital-params	Mercury	orbital-params/Mercury/Mercury_252460800_1262304000.csv	https://gitlab.com/Dexter9313/prograde-data/-/raw/master/solarsystem/systems/Solar%20System/orbital-params/Mercury/Mercury_252460800_1262304000.csv
orbital-params	Mercury	orbital-params/Mercury/Mercury_2777068800_4796496000.csv	https://gitlab.com/Dexter9313/prograde-data/-/raw/master/solarsystem/systems/Solar%20System/orbital-params/Mercury/Mercury_2777068800_4796496000.csv
orbital-params	Mercury	orbital-params/Mercury/Mercury_4796668800_8835523200.csv	https://gitlab.com/Dexter9313/prograde-data/-/raw/master/solarsystem/systems/Solar%20System/orbital-params/Mercury/Mercury_4796668800_8835523200.csv
orbital-params	Mercury	orbital-params/Mercury/Mercury_8835955200_16913664000.csv	https://gitlab.com/Dexter9313/prograde-data/-/raw/master/solarsystem/systems/Solar%20System/orbital-params/Mercury/Mercury_8835955200_16913664000.csv
orbital-params	Mimas	orbital-params/Mimas/Mimas_-1262304000_-252460800.csv	https://gitlab.com/Dexter9313/prograde-data/-/raw/master/solarsystem/systems/Solar%20System/orbital-params/Mimas/Mimas_-1262304000_-252460800.csv
orbital-params	Mimas	orbital-params/Mimas/Mimas_-252460800_252460800.csv	https://gitlab.com/Dexter9313/prograde-data/-/raw/master/solarsystem/systems/Solar%20System/orbital-params/Mimas/Mimas_-252460800_252460800.csv
orbital-params	Mimas	orbital-params/Mimas/Mimas_-3281904000_-1262476800.csv	https://gitlab.com/Dexter9313/prograde-data/-/raw/master/solarsystem/systems/Solar%20System/orbital-params/Mimas/Mimas_-3281904000_-1262476800.csv
orbital-params	Mimas	orbital-params/Mimas/Mimas_1262304000_1767225600.csv	https://gitlab.com/Dexter9313/prograde-data/-/raw/master/solarsystem/systems/Solar%20System/orbital-params/Mimas/Mimas_1262304000_1767225600.csv
orbital-params	Mimas	orbital-params/Mimas/Mimas_1767225600_2777068800.csv	https://gitlab.com/Dexter9313/prograde-data/-/raw/master/solarsystem/systems/Solar%20System/orbital-params/Mimas/Mimas_1767225600_2777068800.csv
orbital-params	Mimas	orbital-params/Mimas/Mimas_252460800_1262304000.csv	https://gitlab.com/Dexter9313/prograde-data/-/raw/master/solarsystem/systems/Solar%20System/orbital-params/Mimas/Mimas_252460800_1262304000.csv
orbital-params	Miranda	orbital-params/Miranda/Miranda_-1262304000_-252460800.csv	https://gitlab.com/Dexter9313/prograde-data/-/raw/master/solarsystem/systems/Solar%20System/orbital-params/Miranda/Miranda_-1262304000_-252460800.csv
orbital-params	Miranda	orbital-params/Miranda/Miranda_-252460800_252460800.csv	https://gitlab.com/Dexter9313/prograde-data/-/raw/master/solarsystem/systems/Solar%20System/orbital-params/Miranda/Miranda_-252460800_252460800.csv
orbital-params	Miranda	orbital-params/Miranda/Miranda_-3281904000_-1262476800.csv	https://gitlab.com/Dexter9313/prograde-data/-/raw/master/solarsystem/systems/Solar%20System/orbital-params/Miranda/Miranda_-3281904000_-1262476800.csv
orbital-params	Miranda	orbital-params/Miranda/Miranda_-7321190400_-3282336000.csv	https://gitlab.com/Dexter9313/prograde-data/-/raw/master/solarsystem/systems/Solar%20System/orbital-params/Miranda/Miranda_-7321190400_-3282336000.csv
orbital-params	Miranda	orbital-params/Miranda/Miranda_1262304000_1767225600.csv	https://gitlab.com/Dexter9313/prograde-data/-/raw/master/solarsystem/systems/Solar%20System/orbital-params/Miranda/Miranda_1262304000_1767225600.csv
orbital-params	Miranda	orbital-params/Miranda/Miranda_1767225600_2777068800.csv	https://gitlab.com/Dexter9313/prograde-data/-/raw/master/solarsystem/systems/Solar%20System/orbital-params/Miranda/Miranda_1767225600_2777068800.csv
orbital-params	Miranda	orbital-params/Miranda/Miranda_252460800_1262304000.csv	https://gitlab.com/Dexter9313/prograde-data/-/raw/master/solarsystem/systems/Solar%20System/orbital-params/Miranda/Miranda_252460800_1262304000.csv
orbital-params	Miranda	orbital-params/Miranda/Miranda_2777068800_4796496000.csv	https://gitlab.com/Dexter9313/prograde-data/-/raw/master/solarsystem/systems/Solar%20System/orbital-params/Miranda/Miranda_2777068800_4796496000.csv
orbital-params	Miranda	orbital-params/Miranda/Miranda_4796668800_8835523200.csv	https://gitlab.com/Dexter9313/prograde-data/-/raw/master/solarsystem/systems/Solar%20System/orbital-params/Miranda/Miranda_4796668800_8835523200.csv
orbital-params	Miranda	orbital-params/Miranda/Miranda_8835955200_16913664000.csv	https://gitlab.com/Dexter9313/prograde-data/-/raw/master/solarsystem/systems/Solar%20System/orbital-params/Miranda/Miranda_8835955200_16913664000.csv
orbital-params	Moon	orbital-params/Moon/Moon_-1262304000_-252460800.csv	https://gitlab.com/Dexter9313/prograde-data/-/raw/master/solarsystem/systems/Solar%20System/orbital-params/Moon/Moon_-1262304000_-252460800.csv
orbital-params	Moon	orbital-params/Moon/Moon_-15398985600_-7321276800.csv	https://gitlab.com/Dexter9313/prograde-data/-/raw/master/solarsystem/systems/Solar%20System/orbital-params/Moon/Moon_-15398985600_-7321276800.csv
orbital-params	Moon	orbital-params/Moon/Moon_-252460800_252460800.csv	https://gitlab.com/Dexter9313/prograde-data/-/raw/master/solarsystem/systems/Solar%20System/orbital-params/Moon/Moon_-252460800_252460800.csv
orbital-params	Moon	orbital-params/Moon/Moon_-31556476800_-15398985600.csv	https://gitlab.com/Dexter9313/prograde-data/-/raw/master/solarsystem/systems/Solar%20System/orbital-params/Moon/Moon_-31556476800_-15398985600.csv
orbital-params	Moon	orbital-params/Moon/Moon_-3281904000_-1262476800.csv	https://gitlab.com/Dexter9313/prograde-data/-/raw/master/solarsystem/systems/Solar%20System/orbital-params/Moon/Moon_-3281904000_-1262476800.csv
orbital-params	Moon	orbital-params/Moon/Moon_-7321190400_-3282336000.csv	https://gitlab.com/Dexter9313/prograde-data/-/raw/master/solarsystem/systems/Solar%20System/orbital-params/Moon/Moon_-7321190400_-3282336000.csv
orbital-params	Moon	orbital-params/Moon/Moon_1262304000_1767225600.csv	https://gitlab.com/Dexter9313/prograde-data/-/raw/master/solarsystem/systems/Solar%20System/orbital-params/Moon/Moon_1262304000_1767225600.csv
orbital-params	Moon	orbital-params/Moon/Moon_16914528000_33069945600.csv	https://gitlab.com/Dexter9313/prograde-data/-/raw/master/solarsystem/systems/Solar%20System/orbital-params/Moon/Moon_16914528000_33069945600.csv
orbital-params	Moon	orbital-params/Moon/Moon_1767225600_2777068800.csv	https://gitlab.com/Dexter9313/prograde-data/-/raw/master/solarsystem/systems/Solar%20System/orbital-params/Moon/Moon_1767225600_2777068800.csv
orbital-params	Moon	orbital-params/Moon/Moon_252460800_1262304000.csv	https://gitlab.com/Dexter9313/prograde-data/-/raw/master/solarsystem/systems/Solar%20System/orbital-params/Moon/Moon_252460800_1262304000.csv
orbital-params	Moon	orbital-params/Moon/Moon_2777068800_4796496000.csv	https://gitlab.com/Dexter9313/prograde-data/-/raw/master/solarsystem/systems/Solar%20System/orbital-params/Moon/Moon_2777068800_4796496000.csv
orbital-params	Moon	orbital-params/Moon/Moon_4796668800_8835523200.csv	https://gitlab.com/Dexter9313/prograde-data/-/raw/master/solarsystem/systems/Solar%20System/orbital-params/Moon/Moon_4796668800_8835523200.csv
orbital-params	Moon	orbital-params/Moon/Moon_8835955200_16913664000.csv	https://gitlab.com/Dexter9313/prograde-data/-/raw/master/solarsystem/systems/Solar%20System/orbital-params/Moon/Moon_8835955200_16913664000.csv
orbital-params	Neptune	orbital-params/Neptune/Neptune_-1262304000_-252460800.csv	https://gitlab.com/Dexter9313/prograde-data/-/raw/master/solarsystem/systems/Solar%20System/orbital-params/Neptune/Neptune_-1262304000_-252460800.csv
orbital-params	Neptune	orbital-params/Neptune/Neptune_-252460800_252460800.csv	https://gitlab.com/Dexter9313/prograde-data/-/raw/master/solarsystem/systems/Solar%20System/orbital-params/Neptune/Neptune_-252460800_252460800.csv
orbital-params	Neptune	orbital-params/Neptune/Neptune_252460800_1262304000.csv	https://gitlab.com/Dexter9313/prograde-data/-/raw/master/solarsystem/systems/Solar%20System/orbital-params/Neptune/Neptune_252460800_1262304000.csv
orbital-params	New Horizons	orbital-params/New Horizons/New Horizons_191015520_191635200.csv	https://gitlab.com/Dexter9313/prograde-data/-/raw/master/solarsystem/systems/Solar%20System/orbital-params/New%20Horizons/New%20Horizons_191015520_191635200.csv
orbital-params	New Horizons	orbital-params/New Horizons/New Horizons_191635200_224812800.csv	https://gitlab.com/Dexter9313/prograde-data/-/raw/master/solarsystem/systems/Solar%20System/orbital-params/New%20Horizons/New%20Horizons_191635200_224812800.csv
orbital-params	New Horizons	orbital-params/New Horizons/New Horizons_224812800_229737600.csv	https://gitlab.com/Dexter9313/prograde-data/-/raw/master/solarsystem/systems/Solar%20System/orbital-params/New%20Horizons/New%20Horizons_224812800_229737600.csv
orbital-params	New Horizons	orbital-params/New Horizons/New Horizons_229737600_481161600.csv	https://gitlab.com/Dexter9313/prograde-data/-/raw/master/solarsystem/systems/Solar%20System/orbital-params/New%20Horizons/New%20Horizons_229737600_481161600.csv
orbital-params	New Horizons	orbital-params/New Horizons/New Horizons_481161600_482345999.csv	https://gitlab.com/Dexter9313/prograde-data/-/raw/master/solarsystem/systems/Solar%20System/orbital-params/New%20Horizons/New%20Horizons_481161600_482345999.csv
orbital-params	New Horizons	orbital-params/New Horizons/New Horizons_482345999_485011800.csv	https://gitlab.com/Dexter9313/prograde-data/-/raw/master/solarsystem/systems/Solar%20System/orbital-params/New%20Horizons/New%20Horizons_482345999_485011800.csv
orbital-params	New Horizons	orbital-params/New Horizons/New Horizons_485011800_487274400.csv	https://gitlab.com/Dexter9313/prograde-data/-/raw/master/solarsystem/systems/Solar%20System/orbital-params/New%20Horizons/New%20Horizons_485011800_487274400.csv
orbital-params	New Horizons	orbital-params/New Horizons/New Horizons_487274400_490930200.csv	https://gitlab.com/Dexter9313/prograde-data/-/raw/master/solarsystem/systems/Solar%20System/orbital-params/New%20Horizons/New%20Horizons_487274400_490930200.csv
orbital-params	New Horizons	orbital-params/New Horizons/New Horizons_490930200_493615799.csv	https://gitlab.com/Dexter9313/prograde-data/-/raw/master/solarsystem/systems/Solar%20System/orbital-params/New%20Horizons/New%20Horizons_490930200_493615799.csv
orbital-params	New Horizons	orbital-params/New Horizons/New Horizons_493615799_495864000.csv	https://gitlab.com/Dexter9313/prograde-data/-/raw/master/solarsystem/systems/Solar%20System/orbital-params/New%20Horizons/New%20Horizons_493615799_495864000.csv
orbital-params	New Horizons	orbital-params/New Horizons/New Horizons_495864000_498526200.csv	https://gitlab.com/Dexter9313/prograde-data/-/raw/master/solarsystem/systems/Solar%20System/orbital-params/New%20Horizons/New%20Horizons_495864000_498526200.csv
orbital-params	New Horizons	orbital-params/New Horizons/New Horizons_498526200_499651200.csv	https://gitlab.com/Dexter9313/prograde-data/-/raw/master/solarsystem/systems/Solar%20System/orbital-params/New%20Horizons/New%20Horizons_498526200_499651200.csv
orbital-params	New Horizons	orbital-params/New Horizons/New Horizons_499651200_789048000.csv	https://gitlab.com/Dexter9313/prograde-data/-/raw/master/solarsystem/systems/Solar%20System/orbital-params/New%20Horizons/New%20Horizons_499651200_789048000.csv
orbital-params	Oberon	orbital-params/Oberon/Oberon_-1262304000_-252460800.csv	https://gitlab.com/Dexter9313/prograde-data/-/raw/master/solarsystem/systems/Solar%20System/orbital-params/Oberon/Oberon_-1262304000_-252460800.csv
orbital-params	Oberon	orbital-params/Oberon/Oberon_-252460800_252460800.csv	https://gitlab.com/Dexter9313/prograde-data/-/raw/master/solarsystem/systems/Solar%20System/orbital-params/Oberon/Oberon_-252460800_252460800.csv
orbital-params	Oberon	orbital-params/Oberon/Oberon_-3281904000_-1262476800.csv	https://gitlab.com/Dexter9313/prograde-data/-/raw/master/solarsystem/systems/Solar%20System/orbital-params/Oberon/Oberon_-3281904000_-1262476800.csv
orbital-params	Oberon	orbital-params/Oberon/Oberon_-7321190400_-3282336000.csv	https://gitlab.com/Dexter9313/prograde-data/-/raw/master/solarsystem/systems/Solar%20System/orbital-params/Oberon/Oberon_-7321190400_-3282336000.csv
orbital-params	Oberon	orbital-params/Oberon/Oberon_1262304000_1767225600.csv	https://gitlab.com/Dexter9313/prograde-data/-/raw/master/solarsystem/systems/Solar%20System/orbital-params/Oberon/Oberon_1262304000_1767225600.csv
orbital-params	Oberon	orbital-params/Oberon/Oberon_1767225600_2777068800.csv	https://gitlab.com/Dexter9313/prograde-data/-/raw/master/solarsystem/systems/Solar%20System/orbital-params/Oberon/Oberon_1767225600_2777068800.csv
orbital-params	Oberon	orbital-params/Oberon/Oberon_252460800_1262304000.csv	https://gitlab.com/Dexter9313/prograde-data/-/raw/master/solarsystem/systems/Solar%20System/orbital-params/Oberon/Oberon_252460800_1262304000.csv
orbital-params	Oberon	orbital-params/Oberon/Oberon_2777068800_4796496000.csv	https://gitlab.com/Dexter9313/prograde-data/-/raw/master/solarsystem/systems/Solar%20System/orbital-params/Oberon/Oberon_2777068800_4796496000.csv
orbital-params	Oberon	orbital-params/Oberon/Oberon_4796668800_8835523200.csv	https://gitlab.com/Dexter9313/prograde-data/-/raw/master/solarsystem/systems/Solar%20System/orbital-params/Oberon/Oberon_4796668800_8835523200.csv
orbital-params	Oberon	orbital-params/Oberon/Oberon_8835955200_16913664000.csv	https://gitlab.com/Dexter9313/prograde-data/-/raw/master/solarsystem/systems/Solar%20System/orbital-params/Oberon/Oberon_8835955200_16913664000.csv
orbital-params	Pallas	orbital-params/Pallas/Pallas_-1262304000_-252460800.csv	https://gitlab.com/Dexter9313/prograde-data/-/raw/master/solarsystem/systems/Solar%20System/orbital-params/Pallas/Pallas_-1262304000_-252460800.csv
orbital-params	Pallas	orbital-params/Pallas/Pallas_-252460800_252460800.csv	https://gitlab.com/Dexter9313/prograde-data/-/raw/master/solarsystem/systems/Solar%20System/orbital-params/Pallas/Pallas_-252460800_252460800.csv
orbital-params	Pallas	orbital-params/Pallas/Pallas_-3281904000_-1262476800.csv	https://gitlab.com/Dexter9313/prograde-data/-/raw/master/solarsystem/systems/Solar%20System/orbital-params/Pallas/Pallas_-3281904000_-1262476800.csv
orbital-params	Pallas	orbital-params/Pallas/Pallas_-7321190400_-3282336000.csv	https://gitlab.com/Dexter9313/prograde-data/-/raw/master/solarsystem/systems/Solar%20System/orbital-params/Pallas/Pallas_-7321190400_-3282336000.csv
orbital-params	Pallas	orbital-params/Pallas/Pallas_1262304000_1767225600.csv	https://gitlab.com/Dexter9313/prograde-data/-/raw/master/solarsystem/systems/Solar%20System/orbital-params/Pallas/Pallas_1262304000_1767225600.csv
orbital-params	Pallas	orbital-params/Pallas/Pallas_1767225600_2777068800.csv	https://gitlab.com/Dexter9313/prograde-data/-/raw/master/solarsystem/systems/Solar%20System/orbital-params/Pallas/Pallas_1767225600_2777068800.csv
orbital-params	Pallas	orbital-params/Pallas/Pallas_252460800_1262304000.csv	https://gitlab.com/Dexter9313/prograde-data/-/raw/master/solarsystem/systems/Solar%20System/orbital-params/Pallas/Pallas_252460800_1262304000.csv
orbital-params	Pallas	orbital-params/Pallas/Pallas_2777068800_4796496000.csv	https://gitlab.com/Dexter9313/prograde-data/-/raw/master/solarsystem/systems/Solar%20System/orbital-params/Pallas/Pallas_2777068800_4796496000.csv
orbital-params	Pallas	orbital-params/Pallas/Pallas_4796668800_8835523200.csv	https://gitlab.com/Dexter9313/prograde-data/-/raw/master/solarsystem/systems/Solar%20System/orbital-params/Pallas/Pallas_4796668800_8835523200.csv
orbital-params	Parker Solar Probe	orbital-params/Parker Solar Probe/Parker Solar Probe_587377019_587433600.csv	https://gitlab.com/Dexter9313/prograde-data/-/raw/master/solarsystem/systems/Solar%20System/orbital-params/Parker%20Solar%20Probe/Parker%20Solar%20Probe_587377019_587433600.csv
orbital-params	Parker Solar Probe	orbital-params/Parker Solar Probe/Parker Solar Probe_587433600_587520000.csv	https://gitlab.com/Dexter9313/prograde-data/-/raw/master/solarsystem/systems/Solar%20System/orbital-params/Parker%20Solar%20Probe/Parker%20Solar%20Probe_587433600_587520000.csv
orbital-params	Parker Solar Probe	orbital-params/Parker Solar Probe/Parker Solar Probe_587520000_591667200.csv	https://gitlab.com/Dexter9313/prograde-data/-/raw/master/solarsystem/systems/Solar%20System/orbital-params/Parker%20Solar%20Probe/Parker%20Solar%20Probe_587520000_591667200.csv
orbital-params	Parker Solar Probe	orbital-params/Parker Solar Probe/Parker Solar Probe_591667200_591840000.csv	https://gitlab.com/Dexter9313/prograde-data/-/raw/master/solarsystem/systems/Solar%20System/orbital-params/Parker%20Solar%20Probe/Parker%20Solar%20Probe_591667200_591840000.csv
orbital-params	Parker Solar Probe	orbital-params/Parker Solar Probe/Parker Solar Probe_591840000_591926400.csv	https://gitlab.com/Dexter9313/prograde-data/-/raw/master/solarsystem/systems/Solar%20System/orbital-params/Parker%20Solar%20Probe/Parker%20Solar%20Probe_591840000_591926400.csv
orbital-params	Parker Solar Probe	orbital-params/Parker Solar Probe/Parker Solar Probe_591926400_592012800.csv	https://gitlab.com/Dexter9313/prograde-data/-/raw/master/solarsystem/systems/Solar%20System/orbital-params/Parker%20Solar%20Probe/Parker%20Solar%20Probe_591926400_592012800.csv
orbital-params	Parker Solar Probe	orbital-params/Parker Solar Probe/Parker Solar Probe_592012800_630460800.csv	https://gitlab.com/Dexter9313/prograde-data/-/raw/master/solarsystem/systems/Solar%20System/orbital-params/Parker%20Solar%20Probe/Parker%20Solar%20Probe_592012800_630460800.csv
orbital-params	Parker Solar Probe	orbital-params/Parker Solar Probe/Parker Solar Probe_630460800_630806400.csv	https://gitlab.com/Dexter9313/prograde-data/-/raw/master/solarsystem/systems/Solar%20System/orbital-params/Parker%20Solar%20Probe/Parker%20Solar%20Probe_630460800_630806400.csv
orbital-params	Parker Solar Probe	orbital-params/Parker Solar Probe/Parker Solar Probe_630806400_647568000.csv	https://gitlab.com/Dexter9313/prograde-data/-/raw/master/solarsystem/systems/Solar%20System/orbital-params/Parker%20Solar%20Probe/Parker%20Solar%20Probe_630806400_647568000.csv
orbital-params	Parker Solar Probe	orbital-params/Parker Solar Probe/Parker Solar Probe_647568000_647897400.csv	https://gitlab.com/Dexter9313/prograde-data/-/raw/master/solarsystem/systems/Solar%20System/orbital-params/Parker%20Solar%20Probe/Parker%20Solar%20Probe_647568000_647897400.csv
orbital-params	Parker Solar Probe	orbital-params/Parker Solar Probe/Parker Solar Probe_647897400_647913600.csv	https://gitlab.com/Dexter9313/prograde-data/-/raw/master/solarsystem/systems/Solar%20System/orbital-params/Parker%20Solar%20Probe/Parker%20Solar%20Probe_647897400_647913600.csv
orbital-params	Parker Solar Probe	orbital-params/Parker Solar Probe/Parker Solar Probe_647913600_666921600.csv	https://gitlab.com/Dexter9313/prograde-data/-/raw/master/solarsystem/systems/Solar%20System/orbital-params/Parker%20Solar%20Probe/Parker%20Solar%20Probe_647913600_666921600.csv
orbital-params	Parker Solar Probe	orbital-params/Parker Solar Probe/Parker Solar Probe_666921600_667267200.csv	https://gitlab.com/Dexter9313/prograde-data/-/raw/master/solarsystem/systems/Solar%20System/orbital-params/Parker%20Solar%20Probe/Parker%20Solar%20Probe_666921600_667267200.csv
orbital-params	Parker Solar Probe	orbital-params/Parker Solar Probe/Parker Solar Probe_667267200_687484800.csv	https://gitlab.com/Dexter9313/prograde-data/-/raw/master/solarsystem/systems/Solar%20System/orbital-params/Parker%20Solar%20Probe/Parker%20Solar%20Probe_667267200_687484800.csv
orbital-params	Parker Solar Probe	orbital-params/Parker Solar Probe/Parker Solar Probe_687484800_687657600.csv	https://gitlab.com/Dexter9313/prograde-data/-/raw/master/solarsystem/systems/Solar%20System/orbital-params/Parker%20Solar%20Probe/Parker%20Solar%20Probe_687484800_687657600.csv
orbital-params	Parker Solar Probe	orbital-params/Parker Solar Probe/Parker Solar Probe_687657600_687744000.csv	https://gitlab.com/Dexter9313/prograde-data/-/raw/master/solarsystem/systems/Solar%20System/orbital-params/Parker%20Solar%20Probe/Parker%20Solar%20Probe_687657600_687744000.csv
orbital-params	Parker Solar Probe	orbital-params/Parker Solar Probe/Parker Solar Probe_687744000_687830400.csv	https://gitlab.com/Dexter9313/prograde-data/-/raw/master/solarsystem/systems/Solar%20System/orbital-params/Parker%20Solar%20Probe/Parker%20Solar%20Probe_687744000_687830400.csv
orbital-params	Parker Solar Probe	orbital-params/Parker Solar Probe/Parker Solar Probe_687830400_745718400.csv	https://gitlab.com/Dexter9313/prograde-data/-/raw/master/solarsystem/systems/Solar%20System/orbital-params/Parker%20Solar%20Probe/Parker%20Solar%20Probe_687830400_745718400.csv
orbital-params	Parker Solar Probe	orbital-params/Parker Solar Probe/Parker Solar Probe_745718400_745891200.csv	https://gitlab.com/Dexter9313/prograde-data/-/raw/master/solarsystem/systems/Solar%20System/orbital-params/Parker%20Solar%20Probe/Parker%20Solar%20Probe_745718400_745891200.csv
orbital-params	Parker Solar Probe	orbital-params/Parker Solar Probe/Parker Solar Probe_745891200_745977600.csv	https://gitlab.com/Dexter9313/prograde-data/-/raw/master/solarsystem/systems/Solar%20System/orbital-params/Parker%20Solar%20Probe/Parker%20Solar%20Probe_745891200_745977600.csv
orbital-params	Parker Solar Probe	orbital-params/Parker Solar Probe/Parker Solar Probe_745977600_746064000.csv	https://gitlab.com/Dexter9313/prograde-data/-/raw/master/solarsystem/systems/Solar%20System/orbital-params/Parker%20Solar%20Probe/Parker%20Solar%20Probe_745977600_746064000.csv
orbital-params	Parker Solar Probe	orbital-params/Parker Solar Probe/Parker Solar Probe_746064000_783993600.csv	https://gitlab.com/Dexter9313/prograde-data/-/raw/master/solarsystem/systems/Solar%20System/orbital-params/Parker%20Solar%20Probe/Parker%20Solar%20Probe_746064000_783993600.csv
orbital-params	Parker Solar Probe	orbital-params/Parker Solar Probe/Parker Solar Probe_783993600_784339200.csv	https://gitlab.com/Dexter9313/prograde-data/-/raw/master/solarsystem/systems/Solar%20System/orbital-params/Parker%20Solar%20Probe/Parker%20Solar%20Probe_783993600_784339200.csv
orbital-params	Parker Solar Probe	orbital-params/Parker Solar Probe/Parker Solar Probe_784339200_809913600.csv	https://gitlab.com/Dexter9313/prograde-data/-/raw/master/solarsystem/systems/Solar%20System/orbital-params/Parker%20Solar%20Probe/Parker%20Solar%20Probe_784339200_809913600.csv
orbital-params	Parker Solar Probe	orbital-params/Parker Solar Probe/Parker Solar Probe_809913600_809946719.csv	https://gitlab.com/Dexter9313/prograde-data/-/raw/master/solarsystem/systems/Solar%20System/orbital-params/Parker%20Solar%20Probe/Parker%20Solar%20Probe_809913600_809946719.csv
orbital-params	Phobos	orbital-params/Phobos/Phobos_-1262304000_-252460800.csv	https://gitlab.com/Dexter9313/prograde-data/-/raw/master/solarsystem/systems/Solar%20System/orbital-params/Phobos/Phobos_-1262304000_-252460800.csv
orbital-params	Phobos	orbital-params/Phobos/Phobos_-252460800_252460800.csv	https://gitlab.com/Dexter9313/prograde-data/-/raw/master/solarsystem/systems/Solar%20System/orbital-params/Phobos/Phobos_-252460800_252460800.csv
orbital-params	Phobos	orbital-params/Phobos/Phobos_-3281904000_-1262476800.csv	https://gitlab.com/Dexter9313/prograde-data/-/raw/master/solarsystem/systems/Solar%20System/orbital-params/Phobos/Phobos_-3281904000_-1262476800.csv
orbital-params	Phobos	orbital-params/Phobos/Phobos_-7321190400_-3282336000.csv	https://gitlab.com/Dexter9313/prograde-data/-/raw/master/solarsystem/systems/Solar%20System/orbital-params/Phobos/Phobos_-7321190400_-3282336000.csv
orbital-params	Phobos	orbital-params/Phobos/Phobos_1262304000_1767225600.csv	https://gitlab.com/Dexter9313/prograde-data/-/raw/master/solarsystem/systems/Solar%20System/orbital-params/Phobos/Phobos_1262304000_1767225600.csv
orbital-params	Phobos	orbital-params/Phobos/Phobos_1767225600_2777068800.csv	https://gitlab.com/Dexter9313/prograde-data/-/raw/master/solarsystem/systems/Solar%20System/orbital-params/Phobos/Phobos_1767225600_2777068800.csv
orbital-params	Phobos	orbital-params/Phobos/Phobos_252460800_1262304000.csv	https://gitlab.com/Dexter9313/prograde-data/-/raw/master/solarsystem/systems/Solar%20System/orbital-params/Phobos/Phobos_252460800_1262304000.csv
orbital-params	Phobos	orbital-params/Phobos/Phobos_2777068800_4796496000.csv	https://gitlab.com/Dexter9313/prograde-data/-/raw/master/solarsystem/systems/Solar%20System/orbital-params/Phobos/Phobos_2777068800_4796496000.csv
orbital-params	Phobos	orbital-params/Phobos/Phobos_4796668800_8835523200.csv	https://gitlab.com/Dexter9313/prograde-data/-/raw/master/solarsystem/systems/Solar%20System/orbital-params/Phobos/Phobos_4796668800_8835523200.csv
orbital-params	Pioneer 10	orbital-params/Pioneer 10/Pioneer 10_-220795200_378734400.csv	https://gitlab.com/Dexter9313/prograde-data/-/raw/master/solarsystem/systems/Solar%20System/orbital-params/Pioneer%2010/Pioneer%2010_-220795200_378734400.csv
orbital-params	Pioneer 10	orbital-params/Pioneer 10/Pioneer 10_-820368000_-220838400.csv	https://gitlab.com/Dexter9313/prograde-data/-/raw/master/solarsystem/systems/Solar%20System/orbital-params/Pioneer%2010/Pioneer%2010_-820368000_-220838400.csv
orbital-params	Pioneer 10	orbital-params/Pioneer 10/Pioneer 10_-824515200_-820368000.csv	https://gitlab.com/Dexter9313/prograde-data/-/raw/master/solarsystem/systems/Solar%20System/orbital-params/Pioneer%2010/Pioneer%2010_-824515200_-820368000.csv
orbital-params	Pioneer 10	orbital-params/Pioneer 10/Pioneer 10_-878169600_-824515200.csv	https://gitlab.com/Dexter9313/prograde-data/-/raw/master/solarsystem/systems/Solar%20System/orbital-params/Pioneer%2010/Pioneer%2010_-878169600_-824515200.csv
orbital-params	Pioneer 10	orbital-params/Pioneer 10/Pioneer 10_-878248499_-878169600.csv	https://gitlab.com/Dexter9313/prograde-data/-/raw/master/solarsystem/systems/Solar%20System/orbital-params/Pioneer%2010/Pioneer%2010_-878248499_-878169600.csv
orbital-params	Pioneer 10	orbital-params/Pioneer 10/Pioneer 10_1577923200_1577923799.csv	https://gitlab.com/Dexter9313/prograde-data/-/raw/master/solarsystem/systems/Solar%20System/orbital-params/Pioneer%2010/Pioneer%2010_1577923200_1577923799.csv
orbital-params	Pioneer 10	orbital-params/Pioneer 10/Pioneer 10_378777600_978307200.csv	https://gitlab.com/Dexter9313/prograde-data/-/raw/master/solarsystem/systems/Solar%20System/orbital-params/Pioneer%2010/Pioneer%2010_378777600_978307200.csv
orbital-params	Pioneer 10	orbital-params/Pioneer 10/Pioneer 10_978350400_1577880000.csv	https://gitlab.com/Dexter9313/prograde-data/-/raw/master/solarsystem/systems/Solar%20System/orbital-params/Pioneer%2010/Pioneer%2010_978350400_1577880000.csv
orbital-params	Pioneer 11	orbital-params/Pioneer 11/Pioneer 11_-637459200_470210400.csv	https://gitlab.com/Dexter9313/prograde-data/-/raw/master/solarsystem/systems/Solar%20System/orbital-params/Pioneer%2011/Pioneer%2011_-637459200_470210400.csv
orbital-params	Pioneer 11	orbital-params/Pioneer 11/Pioneer 11_-644371200_-637459200.csv	https://gitlab.com/Dexter9313/prograde-data/-/raw/master/solarsystem/systems/Solar%20System/orbital-params/Pioneer%2011/Pioneer%2011_-644371200_-637459200.csv
orbital-params	Pioneer 11	orbital-params/Pioneer 11/Pioneer 11_-788140800_-644371200.csv	https://gitlab.com/Dexter9313/prograde-data/-/raw/master/solarsystem/systems/Solar%20System/orbital-params/Pioneer%2011/Pioneer%2011_-788140800_-644371200.csv
orbital-params	Pioneer 11	orbital-params/Pioneer 11/Pioneer 11_-792115200_-788140800.csv	https://gitlab.com/Dexter9313/prograde-data/-/raw/master/solarsystem/systems/Solar%20System/orbital-params/Pioneer%2011/Pioneer%2011_-792115200_-788140800.csv
orbital-params	Pioneer 11	orbital-params/Pioneer 11/Pioneer 11_-792201600_-792115200.csv	https://gitlab.com/Dexter9313/prograde-data/-/raw/master/solarsystem/systems/Solar%20System/orbital-params/Pioneer%2011/Pioneer%2011_-792201600_-792115200.csv
orbital-params	Pioneer 11	orbital-params/Pioneer 11/Pioneer 11_-843696000_-792201600.csv	https://gitlab.com/Dexter9313/prograde-data/-/raw/master/solarsystem/systems/Solar%20System/orbital-params/Pioneer%2011/Pioneer%2011_-843696000_-792201600.csv
orbital-params	Pioneer 11	orbital-params/Pioneer 11/Pioneer 11_-843773639_-843696000.csv	https://gitlab.com/Dexter9313/prograde-data/-/raw/master/solarsystem/systems/Solar%20System/orbital-params/Pioneer%2011/Pioneer%2011_-843773639_-843696000.csv
orbital-params	Pioneer 11	orbital-params/Pioneer 11/Pioneer 11_1024077600_1577923799.csv	https://gitlab.com/Dexter9313/prograde-data/-/raw/master/solarsystem/systems/Solar%20System/orbital-params/Pioneer%2011/Pioneer%2011_1024077600_1577923799.csv
orbital-params	Pioneer 11	orbital-params/Pioneer 11/Pioneer 11_470232000_1024056000.csv	https://gitlab.com/Dexter9313/prograde-data/-/raw/master/solarsystem/systems/Solar%20System/orbital-params/Pioneer%2011/Pioneer%2011_470232000_1024056000.csv
orbital-params	Pluto	orbital-params/Pluto/Pluto_-1262304000_-252460800.csv	https://gitlab.com/Dexter9313/prograde-data/-/raw/master/solarsystem/systems/Solar%20System/orbital-params/Pluto/Pluto_-1262304000_-252460800.csv
orbital-params	Pluto	orbital-params/Pluto/Pluto_-252460800_252460800.csv	https://gitlab.com/Dexter9313/prograde-data/-/raw/master/solarsystem/systems/Solar%20System/orbital-params/Pluto/Pluto_-252460800_252460800.csv
orbital-params	Pluto	orbital-params/Pluto/Pluto_1262304000_1767225600.csv	https://gitlab.com/Dexter9313/prograde-data/-/raw/master/solarsystem/systems/Solar%20System/orbital-params/Pluto/Pluto_1262304000_1767225600.csv
orbital-params	Pluto	orbital-params/Pluto/Pluto_1767225600_2777068800.csv	https://gitlab.com/Dexter9313/prograde-data/-/raw/master/solarsystem/systems/Solar%20System/orbital-params/Pluto/Pluto_1767225600_2777068800.csv
orbital-params	Pluto	orbital-params/Pluto/Pluto_252460800_1262304000.csv	https://gitlab.com/Dexter9313/prograde-data/-/raw/master/solarsystem/systems/Solar%20System/orbital-params/Pluto/Pluto_252460800_1262304000.csv
orbital-params	Rhea	orbital-params/Rhea/Rhea_-1262304000_-252460800.csv	https://gitlab.com/Dexter9313/prograde-data/-/raw/master/solarsystem/systems/Solar%20System/orbital-params/Rhea/Rhea_-1262304000_-252460800.csv
orbital-params	Rhea	orbital-params/Rhea/Rhea_-252460800_252460800.csv	https://gitlab.com/Dexter9313/prograde-data/-/raw/master/solarsystem/systems/Solar%20System/orbital-params/Rhea/Rhea_-252460800_252460800.csv
orbital-params	Rhea	orbital-params/Rhea/Rhea_-3281904000_-1262476800.csv	https://gitlab.com/Dexter9313/prograde-data/-/raw/master/solarsystem/systems/Solar%20System/orbital-params/Rhea/Rhea_-3281904000_-1262476800.csv
orbital-params	Rhea	orbital-params/Rhea/Rhea_1262304000_1767225600.csv	https://gitlab.com/Dexter9313/prograde-data/-/raw/master/solarsystem/systems/Solar%20System/orbital-params/Rhea/Rhea_1262304000_1767225600.csv
orbital-params	Rhea	orbital-params/Rhea/Rhea_1767225600_2777068800.csv	https://gitlab.com/Dexter9313/prograde-data/-/raw/master/solarsystem/systems/Solar%20System/orbital-params/Rhea/Rhea_1767225600_2777068800.csv
orbital-params	Rhea	orbital-params/Rhea/Rhea_252460800_1262304000.csv	https://gitlab.com/Dexter9313/prograde-data/-/raw/master/solarsystem/systems/Solar%20System/orbital-params/Rhea/Rhea_252460800_1262304000.csv
orbital-params	Rosetta	orbital-params/Rosetta/Rosetta_131534879_131673600.csv	https://gitlab.com/Dexter9313/prograde-data/-/raw/master/solarsystem/systems/Solar%20System/orbital-params/Rosetta/Rosetta_131534879_131673600.csv
orbital-params	Rosetta	orbital-params/Rosetta/Rosetta_131673600_163036800.csv	https://gitlab.com/Dexter9313/prograde-data/-/raw/master/solarsystem/systems/Solar%20System/orbital-params/Rosetta/Rosetta_131673600_163036800.csv
orbital-params	Rosetta	orbital-params/Rosetta/Rosetta_163036800_163728000.csv	https://gitlab.com/Dexter9313/prograde-data/-/raw/master/solarsystem/systems/Solar%20System/orbital-params/Rosetta/Rosetta_163036800_163728000.csv
orbital-params	Rosetta	orbital-params/Rosetta/Rosetta_163728000_225590400.csv	https://gitlab.com/Dexter9313/prograde-data/-/raw/master/solarsystem/systems/Solar%20System/orbital-params/Rosetta/Rosetta_163728000_225590400.csv
orbital-params	Rosetta	orbital-params/Rosetta/Rosetta_225590400_225849600.csv	https://gitlab.com/Dexter9313/prograde-data/-/raw/master/solarsystem/systems/Solar%20System/orbital-params/Rosetta/Rosetta_225590400_225849600.csv
orbital-params	Rosetta	orbital-params/Rosetta/Rosetta_225849600_247968000.csv	https://gitlab.com/Dexter9313/prograde-data/-/raw/master/solarsystem/systems/Solar%20System/orbital-params/Rosetta/Rosetta_225849600_247968000.csv
orbital-params	Rosetta	orbital-params/Rosetta/Rosetta_247968000_248572800.csv	https://gitlab.com/Dexter9313/prograde-data/-/raw/master/solarsystem/systems/Solar%20System/orbital-params/Rosetta/Rosetta_247968000_248572800.csv
orbital-params	Rosetta	orbital-params/Rosetta/Rosetta_248572800_311126400.csv	https://gitlab.com/Dexter9313/prograde-data/-/raw/master/solarsystem/systems/Solar%20System/orbital-params/Rosetta/Rosetta_248572800_311126400.csv
orbital-params	Rosetta	orbital-params/Rosetta/Rosetta_311126400_311644800.csv	https://gitlab.com/Dexter9313/prograde-data/-/raw/master/solarsystem/systems/Solar%20System/orbital-params/Rosetta/Rosetta_311126400_311644800.csv
orbital-params	Rosetta	orbital-params/Rosetta/Rosetta_311644800_452217600.csv	https://gitlab.com/Dexter9313/prograde-data/-/raw/master/solarsystem/systems/Solar%20System/orbital-params/Rosetta/Rosetta_311644800_452217600.csv
orbital-params	Rosetta	orbital-params/Rosetta/Rosetta_452217600_467314200.csv	https://gitlab.com/Dexter9313/prograde-data/-/raw/master/solarsystem/systems/Solar%20System/orbital-params/Rosetta/Rosetta_452217600_467314200.csv
orbital-params	Rosetta	orbital-params/Rosetta/Rosetta_467314200_472220999.csv	https://gitlab.com/Dexter9313/prograde-data/-/raw/master/solarsystem/systems/Solar%20System/orbital-params/Rosetta/Rosetta_467314200_472220999.csv
orbital-params	Rosetta	orbital-params/Rosetta/Rosetta_472220999_477536400.csv	https://gitlab.com/Dexter9313/prograde-data/-/raw/master/solarsystem/systems/Solar%20System/orbital-params/Rosetta/Rosetta_472220999_477536400.csv
orbital-params	Rosetta	orbital-params/Rosetta/Rosetta_477536400_492053400.csv	https://gitlab.com/Dexter9313/prograde-data/-/raw/master/solarsystem/systems/Solar%20System/orbital-params/Rosetta/Rosetta_477536400_492053400.csv
orbital-params	Rosetta	orbital-params/Rosetta/Rosetta_492053400_505440000.csv	https://gitlab.com/Dexter9313/prograde-data/-/raw/master/solarsystem/systems/Solar%20System/orbital-params/Rosetta/Rosetta_492053400_505440000.csv
orbital-params	Rosetta	orbital-params/Rosetta/Rosetta_505440000_515289600.csv	https://gitlab.com/Dexter9313/prograde-data/-/raw/master/solarsystem/systems/Solar%20System/orbital-params/Rosetta/Rosetta_505440000_515289600.csv
orbital-params	Rosetta	orbital-params/Rosetta/Rosetta_515289600_519875999.csv	https://gitlab.com/Dexter9313/prograde-data/-/raw/master/solarsystem/systems/Solar%20System/orbital-params/Rosetta/Rosetta_515289600_519875999.csv
orbital-params	Rosetta	orbital-params/Rosetta/Rosetta_519875999_528940859.csv	https://gitlab.com/Dexter9313/prograde-data/-/raw/master/solarsystem/systems/Solar%20System/orbital-params/Rosetta/Rosetta_519875999_528940859.csv
orbital-params	Saturn	orbital-params/Saturn/Saturn_-1262304000_-252460800.csv	https://gitlab.com/Dexter9313/prograde-data/-/raw/master/solarsystem/systems/Solar%20System/orbital-params/Saturn/Saturn_-1262304000_-252460800.csv
orbital-params	Saturn	orbital-params/Saturn/Saturn_-252460800_252460800.csv	https://gitlab.com/Dexter9313/prograde-data/-/raw/master/solarsystem/systems/Solar%20System/orbital-params/Saturn/Saturn_-252460800_252460800.csv
orbital-params	Saturn	orbital-params/Saturn/Saturn_-3281904000_-1262476800.csv	https://gitlab.com/Dexter9313/prograde-data/-/raw/master/solarsystem/systems/Solar%20System/orbital-params/Saturn/Saturn_-3281904000_-1262476800.csv
orbital-params	Saturn	orbital-params/Saturn/Saturn_1262304000_1767225600.csv	https://gitlab.com/Dexter9313/prograde-data/-/raw/master/solarsystem/systems/Solar%20System/orbital-params/Saturn/Saturn_1262304000_1767225600.csv
orbital-params	Saturn	orbital-params/Saturn/Saturn_1767225600_2777068800.csv	https://gitlab.com/Dexter9313/prograde-data/-/raw/master/solarsystem/systems/Solar%20System/orbital-params/Saturn/Saturn_1767225600_2777068800.csv
orbital-params	Saturn	orbital-params/Saturn/Saturn_252460800_1262304000.csv	https://gitlab.com/Dexter9313/prograde-data/-/raw/master/solarsystem/systems/Solar%20System/orbital-params/Saturn/Saturn_252460800_1262304000.csv
orbital-params	Tethys	orbital-params/Tethys/Tethys_-1262304000_-252460800.csv	https://gitlab.com/Dexter9313/prograde-data/-/raw/master/solarsystem/systems/Solar%20System/orbital-params/Tethys/Tethys_-1262304000_-252460800.csv
orbital-params	Tethys	orbital-params/Tethys/Tethys_-252460800_252460800.csv	https://gitlab.com/Dexter9313/prograde-data/-/raw/master/solarsystem/systems/Solar%20System/orbital-params/Tethys/Tethys_-252460800_252460800.csv
orbital-params	Tethys	orbital-params/Tethys/Tethys_-3281904000_-1262476800.csv	https://gitlab.com/Dexter9313/prograde-data/-/raw/master/solarsystem/systems/Solar%20System/orbital-params/Tethys/Tethys_-3281904000_-1262476800.csv
orbital-params	Tethys	orbital-params/Tethys/Tethys_1262304000_1767225600.csv	https://gitlab.com/Dexter9313/prograde-data/-/raw/master/solarsystem/systems/Solar%20System/orbital-params/Tethys/Tethys_1262304000_1767225600.csv
orbital-params	Tethys	orbital-params/Tethys/Tethys_1767225600_2777068800.csv	https://gitlab.com/Dexter9313/prograde-data/-/raw/master/solarsystem/systems/Solar%20System/orbital-params/Tethys/Tethys_1767225600_2777068800.csv
orbital-params	Tethys	orbital-params/Tethys/Tethys_252460800_1262304000.csv	https://gitlab.com/Dexter9313/prograde-data/-/raw/master/solarsystem/systems/Solar%20System/orbital-params/Tethys/Tethys_252460800_1262304000.csv
orbital-params	Titan	orbital-params/Titan/Titan_-1262304000_-252460800.csv	https://gitlab.com/Dexter9313/prograde-data/-/raw/master/solarsystem/systems/Solar%20System/orbital-params/Titan/Titan_-1262304000_-252460800.csv
orbital-params	Titan	orbital-params/Titan/Titan_-252460800_252460800.csv	https://gitlab.com/Dexter9313/prograde-data/-/raw/master/solarsystem/systems/Solar%20System/orbital-params/Titan/Titan_-252460800_252460800.csv
orbital-params	Titan	orbital-params/Titan/Titan_-3281904000_-1262476800.csv	https://gitlab.com/Dexter9313/prograde-data/-/raw/master/solarsystem/systems/Solar%20System/orbital-params/Titan/Titan_-3281904000_-1262476800.csv
orbital-params	Titan	orbital-params/Titan/Titan_1262304000_1767225600.csv	https://gitlab.com/Dexter9313/prograde-data/-/raw/master/solarsystem/systems/Solar%20System/orbital-params/Titan/Titan_1262304000_1767225600.csv
orbital-params	Titan	orbital-params/Titan/Titan_1767225600_2777068800.csv	https://gitlab.com/Dexter9313/prograde-data/-/raw/master/solarsystem/systems/Solar%20System/orbital-params/Titan/Titan_1767225600_2777068800.csv
orbital-params	Titan	orbital-params/Titan/Titan_252460800_1262304000.csv	https://gitlab.com/Dexter9313/prograde-data/-/raw/master/solarsystem/systems/Solar%20System/orbital-params/Titan/Titan_252460800_1262304000.csv
orbital-params	Titania	orbital-params/Titania/Titania_-1262304000_-252460800.csv	https://gitlab.com/Dexter9313/prograde-data/-/raw/master/solarsystem/systems/Solar%20System/orbital-params/Titania/Titania_-1262304000_-252460800.csv
orbital-params	Titania	orbital-params/Titania/Titania_-252460800_252460800.csv	https://gitlab.com/Dexter9313/prograde-data/-/raw/master/solarsystem/systems/Solar%20System/orbital-params/Titania/Titania_-252460800_252460800.csv
orbital-params	Titania	orbital-params/Titania/Titania_-3281904000_-1262476800.csv	https://gitlab.com/Dexter9313/prograde-data/-/raw/master/solarsystem/systems/Solar%20System/orbital-params/Titania/Titania_-3281904000_-1262476800.csv
orbital-params	Titania	orbital-params/Titania/Titania_-7321190400_-3282336000.csv	https://gitlab.com/Dexter9313/prograde-data/-/raw/master/solarsystem/systems/Solar%20System/orbital-params/Titania/Titania_-7321190400_-3282336000.csv
orbital-params	Titania	orbital-params/Titania/Titania_1262304000_1767225600.csv	https://gitlab.com/Dexter9313/prograde-data/-/raw/master/solarsystem/systems/Solar%20System/orbital-params/Titania/Titania_1262304000_1767225600.csv
orbital-params	Titania	orbital-params/Titania/Titania_1767225600_2777068800.csv	https://gitlab.com/Dexter9313/prograde-data/-/raw/master/solarsystem/systems/Solar%20System/orbital-params/Titania/Titania_1767225600_2777068800.csv
orbital-params	Titania	orbital-params/Titania/Titania_252460800_1262304000.csv	https://gitlab.com/Dexter9313/prograde-data/-/raw/master/solarsystem/systems/Solar%20System/orbital-params/Titania/Titania_252460800_1262304000.csv
orbital-params	Titania	orbital-params/Titania/Titania_2777068800_4796496000.csv	https://gitlab.com/Dexter9313/prograde-data/-/raw/master/solarsystem/systems/Solar%20System/orbital-params/Titania/Titania_2777068800_4796496000.csv
orbital-params	Titania	orbital-params/Titania/Titania_4796668800_8835523200.csv	https://gitlab.com/Dexter9313/prograde-data/-/raw/master/solarsystem/systems/Solar%20System/orbital-params/Titania/Titania_4796668800_8835523200.csv
orbital-params	Titania	orbital-params/Titania/Titania_8835955200_16913664000.csv	https://gitlab.com/Dexter9313/prograde-data/-/raw/master/solarsystem/systems/Solar%20System/orbital-params/Titania/Titania_8835955200_16913664000.csv
orbital-params	Triton	orbital-params/Triton/Triton_-1262304000_-252460800.csv	https://gitlab.com/Dexter9313/prograde-data/-/raw/master/solarsystem/systems/Solar%20System/orbital-params/Triton/Triton_-1262304000_-252460800.csv
orbital-params	Triton	orbital-params/Triton/Triton_-252460800_252460800.csv	https://gitlab.com/Dexter9313/prograde-data/-/raw/master/solarsystem/systems/Solar%20System/orbital-params/Triton/Triton_-252460800_252460800.csv
orbital-params	Triton	orbital-params/Triton/Triton_252460800_1262304000.csv	https://gitlab.com/Dexter9313/prograde-data/-/raw/master/solarsystem/systems/Solar%20System/orbital-params/Triton/Triton_252460800_1262304000.csv
orbital-params	Umbriel	orbital-params/Umbriel/Umbriel_-1262304000_-252460800.csv	https://gitlab.com/Dexter9313/prograde-data/-/raw/master/solarsystem/systems/Solar%20System/orbital-params/Umbriel/Umbriel_-1262304000_-252460800.csv
orbital-params	Umbriel	orbital-params/Umbriel/Umbriel_-252460800_252460800.csv	https://gitlab.com/Dexter9313/prograde-data/-/raw/master/solarsystem/systems/Solar%20System/orbital-params/Umbriel/Umbriel_-252460800_252460800.csv
orbital-params	Umbriel	orbital-params/Umbriel/Umbriel_-3281904000_-1262476800.csv	https://gitlab.com/Dexter9313/prograde-data/-/raw/master/solarsystem/systems/Solar%20System/orbital-params/Umbriel/Umbriel_-3281904000_-1262476800.csv
orbital-params	Umbriel	orbital-params/Umbriel/Umbriel_-7321190400_-3282336000.csv	https://gitlab.com/Dexter9313/prograde-data/-/raw/master/solarsystem/systems/Solar%20System/orbital-params/Umbriel/Umbriel_-7321190400_-3282336000.csv
orbital-params	Umbriel	orbital-params/Umbriel/Umbriel_1262304000_1767225600.csv	https://gitlab.com/Dexter9313/prograde-data/-/raw/master/solarsystem/systems/Solar%20System/orbital-params/Umbriel/Umbriel_1262304000_1767225600.csv
orbital-params	Umbriel	orbital-params/Umbriel/Umbriel_1767225600_2777068800.csv	https://gitlab.com/Dexter9313/prograde-data/-/raw/master/solarsystem/systems/Solar%20System/orbital-params/Umbriel/Umbriel_1767225600_2777068800.csv
orbital-params	Umbriel	orbital-params/Umbriel/Umbriel_252460800_1262304000.csv	https://gitlab.com/Dexter9313/prograde-data/-/raw/master/solarsystem/systems/Solar%20System/orbital-params/Umbriel/Umbriel_252460800_1262304000.csv
orbital-params	Umbriel	orbital-params/Umbriel/Umbriel_2777068800_4796496000.csv	https://gitlab.com/Dexter9313/prograde-data/-/raw/master/solarsystem/systems/Solar%20System/orbital-params/Umbriel/Umbriel_2777068800_4796496000.csv
orbital-params	Umbriel	orbital-params/Umbriel/Umbriel_4796668800_8835523200.csv	https://gitlab.com/Dexter9313/prograde-data/-/raw/master/solarsystem/systems/Solar%20System/orbital-params/Umbriel/Umbriel_4796668800_8835523200.csv
orbital-params	Umbriel	orbital-params/Umbriel/Umbriel_8835955200_16913664000.csv	https://gitlab.com/Dexter9313/prograde-data/-/raw/master/solarsystem/systems/Solar%20System/orbital-params/Umbriel/Umbriel_8835955200_16913664000.csv
orbital-params	Uranus	orbital-params/Uranus/Uranus_-1262304000_-252460800.csv	https://gitlab.com/Dexter9313/prograde-data/-/raw/master/solarsystem/systems/Solar%20System/orbital-params/Uranus/Uranus_-1262304000_-252460800.csv
orbital-params	Uranus	orbital-params/Uranus/Uranus_-252460800_252460800.csv	https://gitlab.com/Dexter9313/prograde-data/-/raw/master/solarsystem/systems/Solar%20System/orbital-params/Uranus/Uranus_-252460800_252460800.csv
orbital-params	Uranus	orbital-params/Uranus/Uranus_-3281904000_-1262476800.csv	https://gitlab.com/Dexter9313/prograde-data/-/raw/master/solarsystem/systems/Solar%20System/orbital-params/Uranus/Uranus_-3281904000_-1262476800.csv
orbital-params	Uranus	orbital-params/Uranus/Uranus_-7321190400_-3282336000.csv	https://gitlab.com/Dexter9313/prograde-data/-/raw/master/solarsystem/systems/Solar%20System/orbital-params/Uranus/Uranus_-7321190400_-3282336000.csv
orbital-params	Uranus	orbital-params/Uranus/Uranus_1262304000_1767225600.csv	https://gitlab.com/Dexter9313/prograde-data/-/raw/master/solarsystem/systems/Solar%20System/orbital-params/Uranus/Uranus_1262304000_1767225600.csv
orbital-params	Uranus	orbital-params/Uranus/Uranus_1767225600_2777068800.csv	https://gitlab.com/Dexter9313/prograde-data/-/raw/master/solarsystem/systems/Solar%20System/orbital-params/Uranus/Uranus_1767225600_2777068800.csv
orbital-params	Uranus	orbital-params/Uranus/Uranus_252460800_1262304000.csv	https://gitlab.com/Dexter9313/prograde-data/-/raw/master/solarsystem/systems/Solar%20System/orbital-params/Uranus/Uranus_252460800_1262304000.csv
orbital-params	Uranus	orbital-params/Uranus/Uranus_2777068800_4796496000.csv	https://gitlab.com/Dexter9313/prograde-data/-/raw/master/solarsystem/systems/Solar%20System/orbital-params/Uranus/Uranus_2777068800_4796496000.csv
orbital-params	Uranus	orbital-params/Uranus/Uranus_4796668800_8835523200.csv	https://gitlab.com/Dexter9313/prograde-data/-/raw/master/solarsystem/systems/Solar%20System/orbital-params/Uranus/Uranus_4796668800_8835523200.csv
orbital-params	Uranus	orbital-params/Uranus/Uranus_8835955200_16913664000.csv	https://gitlab.com/Dexter9313/prograde-data/-/raw/master/solarsystem/systems/Solar%20System/orbital-params/Uranus/Uranus_8835955200_16913664000.csv
orbital-params	Venus	orbital-params/Venus/Venus_-1262304000_-252460800.csv	https://gitlab.com/Dexter9313/prograde-data/-/raw/master/solarsystem/systems/Solar%20System/orbital-params/Venus/Venus_-1262304000_-252460800.csv
orbital-params	Venus	orbital-params/Venus/Venus_-15398985600_-7321276800.csv	https://gitlab.com/Dexter9313/prograde-data/-/raw/master/solarsystem/systems/Solar%20System/orbital-params/Venus/Venus_-15398985600_-7321276800.csv
orbital-params	Venus	orbital-params/Venus/Venus_-252460800_252460800.csv	https://gitlab.com/Dexter9313/prograde-data/-/raw/master/solarsystem/systems/Solar%20System/orbital-params/Venus/Venus_-252460800_252460800.csv
orbital-params	Venus	orbital-params/Venus/Venus_-31556476800_-15398985600.csv	https://gitlab.com/Dexter9313/prograde-data/-/raw/master/solarsystem/systems/Solar%20System/orbital-params/Venus/Venus_-31556476800_-15398985600.csv
orbital-params	Venus	orbital-params/Venus/Venus_-3281904000_-1262476800.csv	https://gitlab.com/Dexter9313/prograde-data/-/raw/master/solarsystem/systems/Solar%20System/orbital-params/Venus/Venus_-3281904000_-1262476800.csv
orbital-params	Venus	orbital-params/Venus/Venus_-7321190400_-3282336000.csv	https://gitlab.com/Dexter9313/prograde-data/-/raw/master/solarsystem/systems/Solar%20System/orbital-params/Venus/Venus_-7321190400_-3282336000.csv
orbital-params	Venus	orbital-params/Venus/Venus_1262304000_1767225600.csv	https://gitlab.com/Dexter9313/prograde-data/-/raw/master/solarsystem/systems/Solar%20System/orbital-params/Venus/Venus_1262304000_1767225600.csv
orbital-params	Venus	orbital-params/Venus/Venus_16914528000_33069945600.csv	https://gitlab.com/Dexter9313/prograde-data/-/raw/master/solarsystem/systems/Solar%20System/orbital-params/Venus/Venus_16914528000_33069945600.csv
orbital-params	Venus	orbital-params/Venus/Venus_1767225600_2777068800.csv	https://gitlab.com/Dexter9313/prograde-data/-/raw/master/solarsystem/systems/Solar%20System/orbital-params/Venus/Venus_1767225600_2777068800.csv
orbital-params	Venus	orbital-params/Venus/Venus_252460800_1262304000.csv	https://gitlab.com/Dexter9313/prograde-data/-/raw/master/solarsystem/systems/Solar%20System/orbital-params/Venus/Venus_252460800_1262304000.csv
orbital-params	Venus	orbital-params/Venus/Venus_2777068800_4796496000.csv	https://gitlab.com/Dexter9313/prograde-data/-/raw/master/solarsystem/systems/Solar%20System/orbital-params/Venus/Venus_2777068800_4796496000.csv
orbital-params	Venus	orbital-params/Venus/Venus_4796668800_8835523200.csv	https://gitlab.com/Dexter9313/prograde-data/-/raw/master/solarsystem/systems/Solar%20System/orbital-params/Venus/Venus_4796668800_8835523200.csv
orbital-params	Venus	orbital-params/Venus/Venus_8835955200_16913664000.csv	https://gitlab.com/Dexter9313/prograde-data/-/raw/master/solarsystem/systems/Solar%20System/orbital-params/Venus/Venus_8835955200_16913664000.csv
orbital-params	Vesta	orbital-params/Vesta/Vesta_-1262304000_-252460800.csv	https://gitlab.com/Dexter9313/prograde-data/-/raw/master/solarsystem/systems/Solar%20System/orbital-params/Vesta/Vesta_-1262304000_-252460800.csv
orbital-params	Vesta	orbital-params/Vesta/Vesta_-252460800_252460800.csv	https://gitlab.com/Dexter9313/prograde-data/-/raw/master/solarsystem/systems/Solar%20System/orbital-params/Vesta/Vesta_-252460800_252460800.csv
orbital-params	Vesta	orbital-params/Vesta/Vesta_-3281904000_-1262476800.csv	https://gitlab.com/Dexter9313/prograde-data/-/raw/master/solarsystem/systems/Solar%20System/orbital-params/Vesta/Vesta_-3281904000_-1262476800.csv
orbital-params	Vesta	orbital-params/Vesta/Vesta_-7321190400_-3282336000.csv	https://gitlab.com/Dexter9313/prograde-data/-/raw/master/solarsystem/systems/Solar%20System/orbital-params/Vesta/Vesta_-7321190400_-3282336000.csv
orbital-params	Vesta	orbital-params/Vesta/Vesta_1262304000_1767225600.csv	https://gitlab.com/Dexter9313/prograde-data/-/raw/master/solarsystem/systems/Solar%20System/orbital-params/Vesta/Vesta_1262304000_1767225600.csv
orbital-params	Vesta	orbital-params/Vesta/Vesta_1767225600_2777068800.csv	https://gitlab.com/Dexter9313/prograde-data/-/raw/master/solarsystem/systems/Solar%20System/orbital-params/Vesta/Vesta_1767225600_2777068800.csv
orbital-params	Vesta	orbital-params/Vesta/Vesta_252460800_1262304000.csv	https://gitlab.com/Dexter9313/prograde-data/-/raw/master/solarsystem/systems/Solar%20System/orbital-params/Vesta/Vesta_252460800_1262304000.csv
orbital-params	Vesta	orbital-params/Vesta/Vesta_2777068800_4796496000.csv	https://gitlab.com/Dexter9313/prograde-data/-/raw/master/solarsystem/systems/Solar%20System/orbital-params/Vesta/Vesta_2777068800_4796496000.csv
orbital-params	Vesta	orbital-params/Vesta/Vesta_4796668800_8835523200.csv	https://gitlab.com/Dexter9313/prograde-data/-/raw/master/solarsystem/systems/Solar%20System/orbital-params/Vesta/Vesta_4796668800_8835523200.csv
orbital-params	Voyager 1	orbital-params/Voyager 1/Voyager 1_-602208000_188006400.csv	https://gitlab.com/Dexter9313/prograde-data/-/raw/master/solarsystem/systems/Solar%20System/orbital-params/Voyager%201/Voyager%201_-602208000_188006400.csv
orbital-params	Voyager 1	orbital-params/Voyager 1/Voyager 1_-604454400_-602208000.csv	https://gitlab.com/Dexter9313/prograde-data/-/raw/master/solarsystem/systems/Solar%20System/orbital-params/Voyager%201/Voyager%201_-604454400_-602208000.csv
orbital-params	Voyager 1	orbital-params/Voyager 1/Voyager 1_-655603200_-604454400.csv	https://gitlab.com/Dexter9313/prograde-data/-/raw/master/solarsystem/systems/Solar%20System/orbital-params/Voyager%201/Voyager%201_-655603200_-604454400.csv
orbital-params	Voyager 1	orbital-params/Voyager 1/Voyager 1_-657936000_-655603200.csv	https://gitlab.com/Dexter9313/prograde-data/-/raw/master/solarsystem/systems/Solar%20System/orbital-params/Voyager%201/Voyager%201_-657936000_-655603200.csv
orbital-params	Voyager 1	orbital-params/Voyager 1/Voyager 1_-704160000_-657936000.csv	https://gitlab.com/Dexter9313/prograde-data/-/raw/master/solarsystem/systems/Solar%20System/orbital-params/Voyager%201/Voyager%201_-704160000_-657936000.csv
orbital-params	Voyager 1	orbital-params/Voyager 1/Voyager 1_-704332800_-704160000.csv	https://gitlab.com/Dexter9313/prograde-data/-/raw/master/solarsystem/systems/Solar%20System/orbital-params/Voyager%201/Voyager%201_-704332800_-704160000.csv
orbital-params	Voyager 1	orbital-params/Voyager 1/Voyager 1_-704368800_-704332800.csv	https://gitlab.com/Dexter9313/prograde-data/-/raw/master/solarsystem/systems/Solar%20System/orbital-params/Voyager%201/Voyager%201_-704368800_-704332800.csv
orbital-params	Voyager 1	orbital-params/Voyager 1/Voyager 1_188049600_978264000.csv	https://gitlab.com/Dexter9313/prograde-data/-/raw/master/solarsystem/systems/Solar%20System/orbital-params/Voyager%201/Voyager%201_188049600_978264000.csv
orbital-params	Voyager 2	orbital-params/Voyager 2/Voyager 2_-325555200_978264000.csv	https://gitlab.com/Dexter9313/prograde-data/-/raw/master/solarsystem/systems/Solar%20System/orbital-params/Voyager%202/Voyager%202_-325555200_978264000.csv
orbital-params	Voyager 2	orbital-params/Voyager 2/Voyager 2_-327110400_-325555200.csv	https://gitlab.com/Dexter9313/prograde-data/-/raw/master/solarsystem/systems/Solar%20System/orbital-params/Voyager%202/Voyager%202_-327110400_-325555200.csv
orbital-params	Voyager 2	orbital-params/Voyager 2/Voyager 2_-438912000_-327110400.csv	https://gitlab.com/Dexter9313/prograde-data/-/raw/master/solarsystem/systems/Solar%20System/orbital-params/Voyager%202/Voyager%202_-438912000_-327110400.csv
orbital-params	Voyager 2	orbital-params/Voyager 2/Voyager 2_-440035200_-438912000.csv	https://gitlab.com/Dexter9313/prograde-data/-/raw/master/solarsystem/systems/Solar%20System/orbital-params/Voyager%202/Voyager%202_-440035200_-438912000.csv
orbital-params	Voyager 2	orbital-params/Voyager 2/Voyager 2_-577152000_-440035200.csv	https://gitlab.com/Dexter9313/prograde-data/-/raw/master/solarsystem/systems/Solar%20System/orbital-params/Voyager%202/Voyager%202_-577152000_-440035200.csv
orbital-params	Voyager 2	orbital-params/Voyager 2/Voyager 2_-580089600_-577152000.csv	https://gitlab.com/Dexter9313/prograde-data/-/raw/master/solarsystem/systems/Solar%20System/orbital-params/Voyager%202/Voyager%202_-580089600_-577152000.csv
orbital-params	Voyager 2	orbital-params/Voyager 2/Voyager 2_-640310400_-580089600.csv	https://gitlab.com/Dexter9313/prograde-data/-/raw/master/solarsystem/systems/Solar%20System/orbital-params/Voyager%202/Voyager%202_-640310400_-580089600.csv
orbital-params	Voyager 2	orbital-params/Voyager 2/Voyager 2_-647568000_-640310400.csv	https://gitlab.com/Dexter9313/prograde-data/-/raw/master/solarsystem/systems/Solar%20System/orbital-params/Voyager%202/Voyager%202_-647568000_-640310400.csv
orbital-params	Voyager 2	orbital-params/Voyager 2/Voyager 2_-705628800_-647568000.csv	https://gitlab.com/Dexter9313/prograde-data/-/raw/master/solarsystem/systems/Solar%20System/orbital-params/Voyager%202/Voyager%202_-705628800_-647568000.csv
orbital-params	Voyager 2	orbital-params/Voyager 2/Voyager 2_-705715200_-705628800.csv	https://gitlab.com/Dexter9313/prograde-data/-/raw/master/solarsystem/systems/Solar%20System/orbital-params/Voyager%202/Voyager%202_-705715200_-705628800.csv
orbital-params	Voyager 2	orbital-params/Voyager 2/Voyager 2_-705745619_-705715200.csv	https://gitlab.com/Dexter9313/prograde-data/-/raw/master/solarsystem/systems/Solar%20System/orbital-params/Voyager%202/Voyager%202_-705745619_-705715200.csv
