# Yale Bright Star Catalog v5 / BSC5, J2000.0 equatorial coordinates.
# Runtime subset keeps stars with visual magnitude V <= 6.70.
# Source conversion: https://github.com/brettonw/YaleBrightStarCatalog
# Original catalog: http://tdc-www.harvard.edu/catalogs/bsc5.html
# Columns: ra_deg,dec_deg,visual_magnitude,color_temperature_k
ra_deg,dec_deg,visual_magnitude,color_temperature_k
1.291250,45.229167,6.70,9750
8.111667,43.494722,6.70,9750
24.708333,-25.021944,6.70,12000
34.389167,44.306944,6.70,2450
70.896250,-8.796111,6.70,5200
83.822083,-5.387778,6.70,30000
88.198750,-38.525833,6.70,4850
124.552500,-37.374167,6.70,10000
127.365000,-27.332500,6.70,22000
144.669583,-39.614167,6.70,6750
149.929583,3.384722,6.70,7500
150.922500,-25.316667,6.70,10000
246.448750,18.892500,6.70,2450
291.602500,-14.551111,6.70,9750
313.592917,40.703056,6.70,14000
323.112917,23.394444,6.70,12000
9.991250,-33.961667,6.69,6300
13.222500,38.548611,6.69,9500
88.489167,-19.638333,6.69,9000
127.623333,-36.721111,6.69,3200
213.365417,51.787778,6.69,7350
255.875833,35.414167,6.69,2900
277.521250,4.065278,6.69,26000
285.263333,-37.060833,6.69,12000
285.344167,20.833611,6.69,26000
350.947917,32.531389,6.69,6900
112.857500,-36.152778,6.68,22000
169.429167,-36.534444,6.68,5200
199.106250,-1.390556,6.68,7350
203.252917,-7.195000,6.68,2450
228.181250,19.285833,6.68,5500
266.493750,39.322500,6.68,4550
267.513750,48.394167,6.68,20000
277.972083,-19.125000,6.68,5900
289.503333,31.022222,6.68,9250
294.033333,11.150000,6.68,9250
317.633333,22.454722,6.68,9750
345.988750,-4.795278,6.68,6300
8.143750,27.580556,6.67,9500
77.922500,0.514722,6.67,12000
93.988333,-29.788333,6.67,4400
95.844583,-4.687222,6.67,9500
127.222083,-20.950278,6.67,14000
133.873333,-7.971111,6.67,9500
141.093750,36.586944,6.67,7500
161.908333,-15.261944,6.67,10000
168.990833,12.844722,6.67,7750
226.448750,-25.789722,6.67,14000
293.666250,48.164722,6.67,7750
76.054167,73.763889,6.66,5000
75.141250,3.616111,6.66,12000
78.945833,-34.926667,6.66,9500
91.716250,-11.173611,6.66,24000
96.326667,1.501111,6.66,12000
154.460833,71.060556,6.66,8250
155.258333,2.289722,6.66,26000
169.587500,11.984722,6.66,9500
201.769167,64.735556,6.66,7500
243.670000,33.858333,6.66,5900
267.802083,-30.557222,6.66,10000
279.579583,-1.113333,6.66,7350
310.592500,35.456111,6.66,26000
313.360000,42.410278,6.66,9750
314.961667,16.824167,6.66,6900
330.163750,62.488056,6.66,30000
334.585000,76.488056,6.66,9750
346.825417,46.068056,6.66,26000
49.047083,-30.827500,6.65,10000
84.696250,-2.594167,6.65,26000
101.125833,82.115278,6.65,8750
97.913333,11.792222,6.65,18000
100.205417,-47.674722,6.65,3200
107.205417,-24.044167,6.65,26000
109.324167,6.680556,6.65,14000
112.676667,-37.339722,6.65,5600
113.620000,-26.116667,6.65,10000
122.277917,-30.322500,6.65,4250
141.910000,-35.007778,6.65,9250
163.128333,52.565278,6.65,5200
187.185833,25.899167,6.65,9500
207.768750,34.772500,6.65,8750
225.777500,44.644444,6.65,6600
242.143333,-39.093056,6.65,10000
255.134583,-45.451667,6.65,4400
258.226667,0.351944,6.65,6600
259.852083,-44.223056,6.65,12000
285.079167,40.684167,6.65,2900
339.785000,-52.692222,6.65,7350
353.102500,34.952500,6.65,14000
2.660833,-73.224444,6.64,7200
25.421250,-50.038889,6.64,9250
93.945833,4.283611,6.64,24000
93.774583,-71.702778,6.64,6300
133.845417,17.231389,6.64,3600
224.255833,-51.446944,6.64,3200
282.433333,31.629167,6.64,10000
290.784167,14.921111,6.64,7350
295.165417,23.717500,6.64,18000
315.552500,-43.001944,6.64,5700
34.905417,39.835000,6.63,14000
88.549583,-64.482222,6.63,7500
89.907083,-1.444444,6.63,14000
94.088333,1.080278,6.63,18000
105.422500,4.818056,6.63,9250
130.256667,-9.051944,6.63,9750
168.185417,54.894167,6.63,9000
201.826250,-74.691944,6.63,12000
216.863750,41.025000,6.63,7350
246.165000,-29.703333,6.63,6000
271.951667,13.071111,6.63,9500
274.270000,1.005833,6.63,7200
274.532083,23.296667,6.63,4250
277.320000,-38.851111,6.63,14000
283.173750,-30.734167,6.63,14000
284.016250,17.995000,6.63,12000
305.108750,-6.361667,6.63,4250
314.053750,51.075000,6.63,20000
317.494167,45.502500,6.63,22000
319.567083,-75.346667,6.63,9750
320.695417,38.634167,6.63,9750
76.153750,32.320278,6.62,9000
80.009583,44.425556,6.62,5000
93.185000,-2.504444,6.62,9500
101.513750,-39.540000,6.62,18000
106.750417,-26.657778,6.62,26000
126.972917,-26.132500,6.62,9500
139.890417,-11.314167,6.62,9500
179.310833,40.343611,6.62,6600
194.125417,-26.460278,6.62,7050
199.712917,3.687778,6.62,9750
282.321667,-34.748611,6.62,4850
284.585417,-24.876667,6.62,10000
296.664583,25.133889,6.62,8250
335.682917,-45.947778,6.62,2750
341.533333,-48.978889,6.62,6150
350.492500,26.608889,6.62,6750
16.610417,-35.660833,6.61,9750
19.102083,48.082222,6.61,12000
73.482500,1.569444,6.61,9750
86.992083,-40.652500,6.61,4850
104.311667,-22.203333,6.61,28000
110.221667,-22.851667,6.61,26000
112.928333,-35.887778,6.61,10000
120.081667,-45.456944,6.61,4850
162.322083,-4.024167,6.61,9500
182.762083,-45.422778,6.61,5000
216.374167,-19.969722,6.61,9500
225.687083,-3.031389,6.61,8750
244.245000,-21.303889,6.61,12000
272.225417,-25.472500,6.61,24000
282.710417,-22.162222,6.61,8250
292.339583,-7.043889,6.61,6450
293.401667,38.762222,6.61,9250
294.982083,-39.433333,6.61,9500
322.057917,-11.568333,6.61,7050
21.945833,40.335556,6.60,10000
35.053750,64.337222,6.60,12000
76.157917,27.696111,6.60,7500
85.952917,85.668056,6.60,9500
89.014583,13.925278,6.60,5500
95.025417,-48.741111,6.60,5700
95.948333,-19.785278,6.60,14000
108.446250,-31.083889,6.60,26000
110.090417,-52.309722,6.60,6000
110.976250,-30.216944,6.60,26000
114.436667,-35.277222,6.60,4850
124.225833,-21.320278,6.60,10000
151.031667,-81.565833,6.60,5400
218.533333,-42.099722,6.60,9500
224.555833,-11.155000,6.60,9750
238.214583,-50.615278,6.60,4550
258.615417,-39.766944,6.60,5500
283.634583,-49.878611,6.60,9500
289.765833,33.388889,6.60,26000
292.561250,-32.092222,6.60,7050
291.444583,58.027222,6.60,14000
308.217917,43.191667,6.60,22000
338.262083,69.913611,6.60,7750
345.177083,31.083056,6.60,12000
348.991250,24.771111,6.60,6750
355.279167,-24.160278,6.60,3350
23.264583,-9.014722,6.59,10000
55.343333,-19.584722,6.59,9250
61.854583,-42.916944,6.59,5000
62.141250,-45.864722,6.59,7200
82.322500,-62.314444,6.59,4400
83.490000,1.407778,6.59,26000
85.477500,23.326389,6.59,14000
88.634167,11.762500,6.59,9500
90.571250,1.694444,6.59,14000
94.388750,14.058333,6.59,10000
97.250000,11.019444,6.59,7750
105.321667,32.414444,6.59,7750
105.479167,5.557500,6.59,26000
108.100417,-27.474167,6.59,8750
114.600833,-39.991389,6.59,10000
126.821667,-6.409722,6.59,6900
134.534167,1.541667,6.59,9500
166.785000,-32.587222,6.59,7350
175.521667,22.210833,6.59,7200
195.976667,-3.663333,6.59,7500
198.383333,72.798889,6.59,9500
205.002500,-70.788333,6.59,5000
205.378750,-23.449722,6.59,10000
225.902083,34.566111,6.59,5200
253.581667,-41.820000,6.59,8086
254.673333,-14.869722,6.59,7050
255.122500,6.583611,6.59,8250
265.156667,43.470833,6.59,4700
273.291667,-4.011667,6.59,9500
277.341667,-25.256389,6.59,26000
278.346250,30.892500,6.59,22000
277.811667,65.436111,6.59,8000
282.310000,25.046389,6.59,9750
312.911667,-62.429167,6.59,9500
328.400000,-10.311667,6.59,12000
329.845833,57.658333,6.59,10000
357.436250,-62.839444,6.59,4250
359.115417,83.191111,6.59,9250
21.722917,3.535278,6.58,12000
22.180417,-33.763611,6.58,7500
24.343750,74.300833,6.58,12000
75.096667,39.655000,6.58,4400
86.456250,40.507222,6.58,9250
91.195417,-48.458611,6.58,5400
93.389167,18.680278,6.58,14000
99.987083,-38.158889,6.58,4850
112.095000,-37.810278,6.58,9750
122.840000,38.731389,6.58,6000
128.830833,19.590000,6.58,6000
149.313333,-64.489444,6.58,5000
193.591667,-58.430556,6.58,6450
213.820417,52.535833,6.58,9000
232.295833,80.448611,6.58,6000
251.072083,-27.456111,6.58,9500
272.343333,-36.672500,6.58,28000
290.109167,-31.817778,6.58,3500
289.702083,19.610556,6.58,14000
309.846250,45.666944,6.58,20000
317.199583,-76.212500,6.58,4850
320.845833,37.406667,6.58,6600
321.231250,49.323333,6.58,12000
354.494167,46.199722,6.58,5500
359.871667,33.724444,6.58,6000
359.871667,33.724444,6.58,6000
7.453750,-32.116667,6.57,4400
51.763333,18.756389,6.57,9250
53.801667,73.346944,6.57,10000
56.969167,33.600000,6.57,26000
77.899583,-37.395278,6.57,4250
80.330417,4.011944,6.57,20000
81.380000,-0.544167,6.57,12000
88.644583,-4.063889,6.57,28000
94.243333,7.053056,6.57,16000
97.522917,9.029167,6.57,10000
99.706250,4.700556,6.57,14000
101.358750,-52.201111,6.57,5400
103.195417,-54.090000,6.57,5500
106.084167,1.488333,6.57,10000
115.778750,-49.992778,6.57,9500
116.639167,-40.059722,6.57,26000
131.666667,28.765278,6.57,9250
154.190000,-20.670556,6.57,7050
159.072500,-10.583333,6.57,7500
203.678333,76.546667,6.57,4250
232.730833,8.579167,6.57,6900
234.636250,-39.160833,6.57,12000
258.997083,-87.566389,6.57,5500
251.473333,-83.238889,6.57,4400
253.667917,-11.792500,6.57,9500
257.690833,12.467222,6.57,9750
263.827083,-22.043889,6.57,14000
278.581667,20.466389,6.57,9250
288.040833,-37.582778,6.57,5800
288.020833,49.856111,6.57,5600
296.159167,34.413889,6.57,3350
298.777083,30.195278,6.57,18000
300.584583,64.634444,6.57,5300
304.951250,37.132500,6.57,10000
314.076250,-3.561389,6.57,14000
322.498333,-19.147778,6.57,7500
341.369167,-88.818333,6.57,7500
336.642500,-16.741389,6.57,5800
336.746667,56.433333,6.57,20000
345.637917,31.780556,6.57,7200
355.561667,44.991944,6.57,4250
5.227083,10.976944,6.56,10000
43.587083,-64.435556,6.56,4700
79.200417,-17.141667,6.56,24000
82.357083,77.977500,6.56,8250
80.462500,-13.756111,6.56,14000
83.840833,-4.493333,6.56,28000
92.964167,21.868611,6.56,3500
96.962917,47.405278,6.56,10000
111.669583,-23.712222,6.56,9750
115.219583,-31.660833,6.56,5800
119.072083,80.265556,6.56,5200
117.438333,-20.206944,6.56,5700
123.423750,23.137778,6.56,9000
126.888750,-20.843889,6.56,9500
144.021250,-64.950556,6.56,9500
172.792500,48.789167,6.56,5100
173.930833,10.911111,6.56,9000
188.776250,18.377222,6.56,7750
192.059583,13.553056,6.56,9750
211.308333,-16.335833,6.56,9000
233.769167,1.668889,6.56,7500
254.026667,50.038889,6.56,3200
263.004583,34.270833,6.56,5500
266.147500,2.578889,6.56,10000
273.683333,29.207222,6.56,6300
278.047500,52.115556,6.56,12000
286.787917,0.641667,6.56,12000
287.401667,-36.164722,6.56,10000
303.419167,24.238889,6.56,9750
308.473333,10.059722,6.56,9500
313.593333,28.521944,6.56,26000
319.940833,-26.353056,6.56,5500
337.432917,35.725556,6.56,9500
341.682083,-46.939444,6.56,7750
347.051250,44.561667,6.56,9500
355.586667,64.515556,6.56,3200
5.802500,-31.036111,6.55,12000
26.647083,17.413056,6.55,7750
33.867917,-9.465556,6.55,10000
34.293333,23.767778,6.55,5100
39.882083,-64.281944,6.55,14000
56.833750,-29.901944,6.55,6300
66.235000,-34.757778,6.55,7200
81.304167,34.855278,6.55,4850
83.369583,42.108889,6.55,12000
88.345417,-42.921389,6.55,4550
92.196667,8.670000,6.55,12000
99.000000,4.497500,6.55,12000
102.490833,-45.450000,6.55,4250
110.320417,-8.878333,6.55,6750
113.691667,2.725000,6.55,8250
115.912917,-25.503889,6.55,9250
129.332917,-40.147500,6.55,5600
132.866250,-42.504444,6.55,9750
138.513333,71.655833,6.55,5200
154.067083,17.740278,6.55,7750
164.921250,11.705833,6.55,6750
173.541667,11.023611,6.55,9500
214.076250,-33.241389,6.55,7500
255.290000,27.196389,6.55,6750
282.690000,10.976389,6.55,4250
299.422083,-38.058333,6.55,6900
301.360000,-12.665278,6.55,9750
307.337917,20.087778,6.55,9250
310.432083,-75.350556,6.55,5500
313.783750,-1.373333,6.55,7750
332.677083,-75.880556,6.55,4700
341.205000,52.517222,6.55,4700
357.990000,77.599444,6.55,6750
11.978333,20.925278,6.54,6300
16.195000,51.010000,6.54,24000
16.595000,62.761667,6.54,8750
39.336667,39.895833,6.54,20000
64.602083,9.486667,6.54,9000
80.163750,46.963889,6.54,5800
79.826250,-18.509722,6.54,14000
84.062500,-5.648056,6.54,24000
87.641667,56.918889,6.54,9000
93.388750,-29.396111,6.54,16000
95.217917,11.756389,6.54,20000
100.070000,79.599444,6.54,9750
101.260000,-30.586111,6.54,14000
111.709167,21.535833,6.54,6600
112.982083,38.896389,6.54,9500
113.210833,22.887778,6.54,5000
115.491667,-38.528889,6.54,16000
116.269167,-37.887778,6.54,24000
123.092083,14.003889,6.54,8250
140.652917,-39.774722,6.54,4850
141.810833,-9.223611,6.54,9500
150.705417,-30.577500,6.54,4850
155.810833,5.694167,6.54,6600
166.976667,-30.174722,6.54,5800
178.773750,46.476944,6.54,9250
183.945833,-23.353611,6.54,7050
184.540000,-3.948611,6.54,7200
187.158750,26.226667,6.54,9500
196.726250,-35.861944,6.54,10000
196.542500,29.029444,6.54,9250
197.459167,62.229167,6.54,9750
214.599167,-33.220556,6.54,7500
238.236250,-65.152500,6.54,8750
258.056667,-25.254722,6.54,10000
274.368750,-18.463333,6.54,39000
281.746250,-50.094444,6.54,7500
284.488333,77.050833,6.54,7200
288.987500,27.455556,6.54,14000
298.065000,10.351389,6.54,16000
301.797917,50.229167,6.54,9250
317.766250,36.299167,6.54,28000
317.370417,63.295556,6.54,16000
326.569167,43.060833,6.54,6000
342.384583,10.478889,6.54,7500
345.227917,38.708056,6.54,24000
358.845833,25.955000,6.54,4250
359.693750,46.413056,6.54,22000
35.777083,-37.576389,6.53,4700
59.512917,34.814444,6.53,8000
65.204167,9.225556,6.53,9000
70.076250,-58.943611,6.53,5500
83.467083,-29.848889,6.53,10000
86.950417,-72.702222,6.53,5000
105.080417,-22.119444,6.53,26000
110.712083,55.284444,6.53,12000
114.412083,-14.441111,6.53,12000
117.245417,4.332778,6.53,5800
126.573333,-39.059444,6.53,12000
126.864167,-55.011667,6.53,10000
129.521667,9.574722,6.53,9750
137.595833,-23.176667,6.53,9750
140.314167,15.371111,6.53,9750
140.712083,-9.838889,6.53,8750
143.326250,28.368056,6.53,9250
144.140417,-24.702778,6.53,7200
152.190417,-10.884722,6.53,9500
195.668333,59.716111,6.53,9250
198.149583,18.751667,6.53,5200
207.229583,-35.703889,6.53,5700
207.643750,-19.897222,6.53,5500
214.732500,54.864167,6.53,8750
241.435417,-6.291667,6.53,7200
242.873750,9.712500,6.53,7500
249.058750,52.924167,6.53,9750
260.053333,-70.045556,6.53,6000
276.670417,26.449444,6.53,24000
286.327500,-1.512778,6.53,7350
291.093333,28.087778,6.53,20000
288.782500,83.462778,6.53,9250
297.182917,35.311389,6.53,6900
298.344167,4.400556,6.53,12000
299.240417,-57.925556,6.53,4400
301.383750,-33.000000,6.53,14000
304.110417,-35.197778,6.53,7200
349.111667,61.963056,6.53,30000
355.011667,37.652500,6.53,7200
5.021667,48.865278,6.52,10000
11.562917,55.305278,6.52,9500
18.097500,-30.802222,6.52,6450
31.167083,65.103333,6.52,10000
40.010417,-30.633889,6.52,5000
76.503750,35.936389,6.52,8750
77.061667,-35.718333,6.52,4850
85.191667,-10.409444,6.52,12000
88.544583,-50.361944,6.52,5200
93.192917,-17.763056,6.52,24000
94.394583,46.424167,6.52,7500
103.165417,-42.504444,6.52,6750
113.305417,-43.086389,6.52,5200
123.191667,-29.910833,6.52,9750
143.581667,46.902222,6.52,7500
150.143333,-56.946667,6.52,5000
151.529583,-52.188056,6.52,4850
154.542917,27.415278,6.52,10000
159.007083,80.494444,6.52,5600
159.298333,-11.748611,6.52,7500
204.532917,14.301667,6.52,7750
226.786250,-71.905278,6.52,4400
234.222500,29.991111,6.52,6750
253.020417,14.974167,6.52,12000
255.793333,14.511111,6.52,5500
260.142500,-19.332778,6.52,5700
266.473750,38.881389,6.52,5000
268.979167,-18.802222,6.52,9000
271.180000,40.084167,6.52,6450
281.745833,46.315000,6.52,9500
285.927083,21.267778,6.52,7200
284.719167,69.531111,6.52,10000
289.942083,64.390833,6.52,12000
291.256667,-4.884167,6.52,7750
293.982917,50.238611,6.52,5100
312.654167,18.051389,6.52,9750
354.272500,-31.870833,6.52,4850
359.705000,32.381667,6.52,18000
37.354167,55.536389,6.51,9500
37.557500,-25.186389,6.51,7750
41.890417,-35.550833,6.51,5000
51.451667,53.921667,6.51,7750
51.289167,41.257222,6.51,10000
60.065417,-51.564722,6.51,3350
63.380417,8.890556,6.51,9500
82.950000,85.938611,6.51,8750
78.107083,-81.541667,6.51,4850
91.757917,-45.091389,6.51,4850
96.444167,2.272222,6.51,10000
96.200833,-52.806389,6.51,4250
100.132500,6.371667,6.51,14000
100.240833,-71.775556,6.51,4850
120.183750,-2.881667,6.51,26000
127.149583,-23.071667,6.51,9500
129.584583,-6.662500,6.51,9750
134.614583,35.802500,6.51,9500
138.073333,14.996111,6.51,5100
155.282500,-17.985000,6.51,7050
155.400000,-22.528333,6.51,10000
157.714167,-26.483889,6.51,6450
202.490000,6.013333,6.51,5000
205.976250,-5.498889,6.51,9750
206.794583,-62.590000,6.51,5000
208.935417,-31.285000,6.51,5200
222.384583,51.374722,6.51,6750
228.716250,68.945278,6.51,9750
234.072500,-65.613333,6.51,7050
233.586667,-5.695000,6.51,6450
234.140417,-0.561667,6.51,5200
236.553333,-28.061667,6.51,7200
259.720000,6.085278,6.51,7500
261.520417,58.651944,6.51,9000
272.992500,-28.901389,6.51,12000
274.673750,-25.604722,6.51,4850
278.636667,-24.222500,6.51,7050
281.398750,21.985000,6.51,12000
290.849167,50.271389,6.51,12000
295.054167,60.507222,6.51,8750
297.572917,7.902500,6.51,26000
298.831667,-6.734167,6.51,7200
306.135000,53.551944,6.51,12000
310.150000,-26.645000,6.51,6450
310.251667,39.082222,6.51,18000
340.927917,10.939167,6.51,5200
344.214583,11.848333,6.51,9250
347.694167,-29.525000,6.51,7350
356.201250,55.799722,6.51,5600
9.083333,27.254722,6.50,14000
34.920000,-4.345556,6.50,9250
39.252083,24.647500,6.50,6600
50.935833,-32.707222,6.50,4550
52.047917,-35.853333,6.50,9750
54.750417,20.915833,6.50,8750
70.825417,59.520833,6.50,8250
73.993333,5.399167,6.50,10000
78.380417,62.691389,6.50,8250
79.324167,53.586111,6.50,2450
84.878333,-9.706667,6.50,16000
106.465833,70.731944,6.50,5000
114.862083,-26.863056,6.50,16000
125.334167,-1.602222,6.50,9500
133.108750,-32.509167,6.50,4700
137.017083,32.540556,6.50,7200
139.982500,74.016389,6.50,5200
146.125000,18.863611,6.50,5000
155.369583,-23.710833,6.50,9250
169.016667,52.773056,6.50,6600
171.688750,3.013056,6.50,5000
179.988333,34.035000,6.50,7750
183.304167,-34.125556,6.50,2900
197.913333,-26.551667,6.50,8750
201.499583,63.261111,6.50,5400
204.210417,-34.467778,6.50,5000
206.305000,55.879444,6.50,6450
218.711250,-20.439167,6.50,9000
226.026667,5.492500,6.50,7500
231.128750,37.347778,6.50,5900
231.920000,62.275556,6.50,8750
234.666667,-8.794444,6.50,6600
243.188750,26.670833,6.50,7050
247.624583,-7.515000,6.50,8250
270.115417,19.505833,6.50,14000
270.811250,19.613056,6.50,10000
277.239167,-26.581667,6.50,9250
277.673333,20.815278,6.50,5200
284.687917,19.794167,6.50,16000
294.235833,38.383889,6.50,20000
295.117917,20.476667,6.50,30000
298.162500,-54.976667,6.50,9500
304.983750,46.837500,6.50,14000
311.305000,-27.247222,6.50,5200
315.748333,-0.924722,6.50,18000
322.265833,-31.238611,6.50,10000
345.143333,45.375000,6.50,9250
345.682500,55.236389,6.50,12000
349.760000,45.137222,6.50,8750
3.980000,-75.911389,6.49,5200
10.119167,-16.516944,6.49,5500
20.645000,-0.449722,6.49,5000
21.443750,70.980000,6.49,10000
39.603333,-37.990556,6.49,6000
41.688333,-21.639722,6.49,7050
46.169583,15.856111,6.49,4550
52.098333,60.255556,6.49,12000
53.705000,6.417778,6.49,6000
55.307500,-11.803056,6.49,6750
56.210833,-48.061389,6.49,5200
71.501250,76.611111,6.49,6450
79.848333,33.985556,6.49,8250
78.912083,-52.181944,6.49,4700
80.800000,-26.705833,6.49,6600
84.125833,25.939444,6.49,6750
89.060000,51.803889,6.49,8750
92.347083,-49.562778,6.49,6450
105.163750,-9.203056,6.49,28000
106.457083,-10.661111,6.49,30000
116.614167,62.830556,6.49,7500
124.224167,84.057778,6.49,9250
120.649167,57.273611,6.49,6300
125.121250,53.574444,6.49,7500
128.332917,-38.371111,6.49,26000
143.799167,-35.823889,6.49,6450
154.117083,28.682500,6.49,6000
158.912083,-18.569167,6.49,8250
167.065833,-29.972778,6.49,9750
178.808750,36.756389,6.49,3050
183.005000,28.536111,6.49,6750
189.810417,-75.369444,6.49,14000
203.888750,10.204722,6.49,4850
204.165833,49.486667,6.49,4850
210.072083,-61.481389,6.49,7350
216.170417,-11.669722,6.49,6900
224.265000,21.555278,6.49,9750
239.991667,-40.652778,6.49,4850
242.358333,55.828889,6.49,5000
244.716250,-57.899722,6.49,6300
253.079583,-41.854444,6.49,7937
261.009167,38.582778,6.49,6300
266.082083,-72.220833,6.49,6450
268.326667,-65.489167,6.49,5000
272.779583,60.409444,6.49,9750
279.598750,-3.193611,6.49,6150
280.377500,-48.095000,6.49,4700
284.796250,-39.534722,6.49,10000
287.217083,-55.720278,6.49,4850
286.570833,41.413889,6.49,24000
288.433750,5.515833,6.49,9500
295.704583,29.331667,6.49,7350
298.658750,-8.237222,6.49,14000
302.792083,-8.842222,6.49,28000
308.451667,41.772222,6.49,5000
309.385833,31.521944,6.49,7500
311.577500,-36.120278,6.49,7050
325.442083,-25.101944,6.49,5000
348.942917,28.247778,6.49,5500
352.881250,-4.087222,6.49,6300
8.603750,66.750278,6.48,12000
12.515417,-43.394722,6.48,7750
32.395000,-24.345833,6.48,6900
34.215417,57.055278,6.48,28000
40.757917,48.265556,6.48,5500
67.510000,10.262500,6.48,5200
83.140833,57.221111,6.48,6300
83.364583,32.801111,6.48,9500
95.945417,-58.543889,6.48,9250
97.070000,1.912222,6.48,12000
96.781250,-37.895556,6.48,7050
103.487500,38.505000,6.48,12000
106.854167,28.177222,6.48,12000
106.649583,-12.393889,6.48,39000
129.792500,59.939444,6.48,9500
129.373750,-33.745833,6.48,7500
137.443333,11.564444,6.48,7200
137.437917,-49.424722,6.48,7750
138.405417,21.283333,6.48,9500
140.936667,-37.757222,6.48,9750
148.250000,-55.373333,6.48,28000
176.815417,-30.286944,6.48,5500
177.654583,-27.277778,6.48,5200
184.758750,26.007778,6.48,8750
200.967917,-49.823056,6.48,5200
203.311667,-77.568333,6.48,6600
204.429167,50.714722,6.48,3200
204.759583,18.265278,6.48,4550
216.448750,-26.852500,6.48,5300
218.566250,57.065278,6.48,6600
232.079583,-88.133056,6.48,8750
230.375417,-38.219167,6.48,10000
234.667083,-8.791111,6.48,6600
235.979583,-60.287222,6.48,6000
235.794167,13.667778,6.48,5500
247.203750,-8.128889,6.48,7200
263.929167,-37.440000,6.48,10000
263.428333,14.841667,6.48,2900
269.717917,45.476111,6.48,12000
278.838750,-20.840833,6.48,7500
284.227917,-62.801111,6.48,4550
287.167500,16.851389,6.48,6750
290.374583,-34.983889,6.48,5500
294.572917,20.782778,6.48,5000
295.517083,55.463333,6.48,2750
296.467500,-2.883333,6.48,24000
298.276667,-14.603056,6.48,10000
299.250833,20.998056,6.48,9500
302.485833,20.915278,6.48,6750
304.117500,37.056389,6.48,18000
308.541667,20.985278,6.48,24000
309.750833,56.005000,6.48,7200
315.702083,45.848889,6.48,24000
317.922083,-14.472222,6.48,7500
319.165000,-1.607778,6.48,5000
327.417083,41.148889,6.48,9500
341.617917,-49.685833,6.48,4850
344.100000,-31.565556,6.48,4400
349.483750,45.488889,6.48,12000
4.177083,-20.210556,6.47,14000
9.280000,24.014167,6.47,4700
11.423750,-16.424167,6.47,7350
15.576667,51.035000,6.47,9250
35.018333,30.188333,6.47,5000
41.796667,-22.485556,6.47,7200
69.623333,26.940000,6.47,7200
89.270417,49.029444,6.47,5200
97.235833,26.967778,6.47,6750
106.558750,-68.837222,6.47,5000
111.857500,66.331667,6.47,12000
101.744583,-87.025000,6.47,7050
116.030833,2.405000,6.47,7500
123.546250,17.675833,6.47,10000
128.802500,-39.970000,6.47,5900
129.687083,-53.090556,6.47,14000
132.437083,-21.048611,6.47,8250
133.461250,-40.447500,6.47,5000
145.779167,54.363611,6.47,8750
202.109167,40.729722,6.47,5200
202.888750,-28.112778,6.47,9750
206.066250,-51.013056,6.47,10000
212.252500,-10.334444,6.47,5200
214.228750,-77.663889,6.47,4700
214.502500,-7.542500,6.47,5500
224.807917,-37.881389,6.47,14000
228.322917,-24.008333,6.47,12000
242.480000,-18.340833,6.47,6900
245.986250,-33.199444,6.47,10000
252.649583,-50.045556,6.47,8750
260.658333,-35.910000,6.47,6450
267.328750,1.961111,6.47,5000
273.567500,-63.689444,6.47,4400
279.519167,-14.004722,6.47,12000
280.533750,34.746667,6.47,20000
282.188750,-18.601389,6.47,5500
294.486250,49.284444,6.47,5400
301.550833,-4.078333,6.47,5000
310.850833,35.587778,6.47,6450
320.951250,37.351389,6.47,4250
323.335833,-80.039167,6.47,10000
323.641667,22.754722,6.47,6450
327.034583,36.580556,6.47,4250
331.099583,-29.916667,6.47,4250
335.250417,26.935278,6.47,2900
339.686250,-28.747778,6.47,4850
345.641667,-36.420833,6.47,4850
347.548750,-66.857500,6.47,5000
349.207500,-41.194444,6.47,5000
359.389583,60.023611,6.47,12000
4.674167,-8.052778,6.46,6000
13.301667,-24.776944,6.46,6600
23.460000,89.015556,6.46,9250
19.695833,37.386111,6.46,8750
21.860833,41.100556,6.46,8250
34.741667,23.167778,6.46,9750
41.079583,17.763889,6.46,4700
53.753333,60.041111,6.46,7050
57.331667,57.118056,6.46,10000
58.641667,-52.690556,6.46,9000
60.852917,-20.144167,6.46,26000
66.405417,15.940833,6.46,6450
71.241250,-63.229722,6.46,5000
80.845417,28.936667,6.46,12000
83.280000,-1.718333,6.46,22000
96.109583,-63.428889,6.46,5700
100.407083,35.931944,6.46,6300
101.475833,12.693611,6.46,7750
101.672917,-54.694722,6.46,5400
103.196250,-43.975833,6.46,14000
106.318750,-50.360278,6.46,4550
109.449583,-26.797500,6.46,26000
128.166250,10.066111,6.46,9750
136.230000,32.376944,6.46,8000
144.028333,74.317778,6.46,12000
143.077083,-28.628056,6.46,7750
146.418750,-57.185556,6.46,14000
147.758333,13.066111,6.46,3500
153.776250,31.468056,6.46,5200
161.133750,-70.855000,6.46,8500
165.817083,-31.960833,6.46,3350
166.915417,23.323611,6.46,8750
174.705000,64.346944,6.46,8750
178.607500,-37.748889,6.46,6450
188.018750,-32.533611,6.46,9250
207.615417,58.539444,6.46,9250
212.191667,59.337778,6.46,5000
232.959583,-32.881111,6.46,16000
232.594583,31.286111,6.46,9000
248.782917,-45.244722,6.46,4700
250.911250,-32.106111,6.46,14000
257.071250,50.842222,6.46,9750
260.219583,-10.696111,6.46,7350
267.993750,15.325833,6.46,5000
267.808333,40.072500,6.46,6000
284.368333,58.225278,6.46,9500
287.415417,-39.828056,6.46,5000
298.771250,-33.046389,6.46,4700
305.216250,-35.673611,6.46,4550
317.629167,47.691944,6.46,18000
318.903333,47.973611,6.46,22000
321.464583,0.534444,6.46,9750
330.111667,33.006111,6.46,6750
332.625833,20.978056,6.46,9250
336.690417,37.443889,6.46,26000
342.937083,-59.881389,6.46,4850
343.217917,50.411944,6.46,14000
357.205417,2.214167,6.46,6750
0.099583,26.918333,6.46,6450
3.779167,31.535833,6.45,4250
4.385833,-19.051111,6.45,6900
9.012500,-14.973611,6.45,5100
15.756250,47.376111,6.45,7750
20.840000,58.143056,6.45,6900
28.452083,55.598056,6.45,8750
37.000000,1.960833,6.45,5000
42.362917,37.326111,6.45,6600
42.939583,58.314722,6.45,9750
49.297500,40.483333,6.45,12000
56.025833,-40.660278,6.45,4850
63.498333,37.966944,6.45,5100
70.951250,32.865278,6.45,8000
88.164583,39.574444,6.45,9500
87.997917,-29.448611,6.45,4550
89.310000,-53.426111,6.45,4250
91.121250,51.573333,6.45,8250
90.538333,-60.096944,6.45,2900
93.302500,10.627500,6.45,5800
98.636667,55.353056,6.45,5000
98.693333,7.572500,6.45,10000
101.216250,-27.341389,6.45,5800
104.650833,-56.394722,6.45,7200
105.988750,-10.124167,6.45,12000
110.028750,15.142778,6.45,9500
117.750000,-24.528333,6.45,10000
117.676667,-44.579722,6.45,5400
123.960417,60.380556,6.45,8250
124.492917,-30.003333,6.45,5000
129.852500,8.017222,6.45,4850
130.540833,-11.966111,6.45,8750
136.679583,59.344444,6.45,9500
142.448333,55.745556,6.45,7050
146.340833,-30.202778,6.45,30000
146.857917,11.568333,6.45,8250
151.035000,3.201111,6.45,6900
155.061667,53.779167,6.45,6150
158.431667,53.497500,6.45,9750
169.413333,-34.737222,6.45,6900
171.993750,-35.328611,6.45,4250
173.765833,20.441389,6.45,5100
178.245000,37.718611,6.45,5200
189.820417,35.951944,6.45,10000
199.059583,19.051667,6.45,5200
199.134583,19.785278,6.45,7500
203.143750,-29.565278,6.45,7050
207.835000,-24.390833,6.45,5500
211.735000,74.593611,6.45,8250
213.720833,3.336111,6.45,2900
217.181250,-59.197778,6.45,10000
228.369583,-25.309167,6.45,5600
231.635417,54.020000,6.45,9500
233.470000,17.137778,6.45,7050
234.789583,57.924444,6.45,4850
247.525000,48.960833,6.45,9750
253.549167,-41.850278,6.45,33000
255.442083,-51.130833,6.45,8250
259.399583,23.090833,6.45,4700
270.392083,-85.214722,6.45,6750
268.232917,-35.018611,6.45,12000
275.230417,-37.487500,6.45,4700
280.050833,38.367222,6.45,8500
280.819583,39.300278,6.45,4250
284.322500,62.396667,6.45,5500
297.472083,-66.812778,6.45,4400
300.934583,-22.595556,6.45,6600
302.085417,-66.354722,6.45,4250
301.244167,23.210278,6.45,8750
303.520833,36.605278,6.45,10000
304.706667,46.322778,6.45,26000
310.188333,19.935278,6.45,5500
312.322500,64.042222,6.45,30000
317.492917,2.943333,6.45,6750
323.017500,-84.810000,6.45,4550
326.329167,-49.498611,6.45,4850
340.764583,-8.311667,6.45,8750
350.059583,61.970000,6.45,4850
351.780000,-66.581111,6.45,4400
353.982917,24.561111,6.45,3350
33.422917,58.561111,6.44,9250
36.083750,-25.847500,6.44,4550
62.690833,-35.273889,6.44,4850
63.409167,-1.149722,6.44,20000
67.039167,-41.960000,6.44,3350
69.767917,-51.672778,6.44,4700
76.383750,19.806389,6.44,8750
89.940417,55.320833,6.44,8750
89.204167,-31.976111,6.44,5200
98.292917,-38.625278,6.44,5200
99.363333,24.590833,6.44,9250
106.505417,59.801944,6.44,5200
118.807083,-30.917500,6.44,4400
119.589167,-51.448611,6.44,8000
122.756667,-37.292222,6.44,33000
123.847083,-50.449444,6.44,4550
126.414167,-17.439444,6.44,5000
130.092083,19.670000,6.44,5100
135.128333,37.604444,6.44,4250
136.200000,-57.852500,6.44,8000
152.909167,13.355000,6.44,6450
153.157500,-19.153611,6.44,6600
157.015833,48.784722,6.44,6150
163.132917,52.503611,6.44,4700
163.798333,-20.665000,6.44,5000
174.687083,45.108611,6.44,6000
175.285000,-29.196389,6.44,6000
180.934583,-74.213889,6.44,5400
190.859583,-40.177778,6.44,8000
191.973750,-24.851667,6.44,14000
193.408750,-4.223889,6.44,5000
201.127083,12.431944,6.44,5000
203.681667,-33.310833,6.44,4700
207.580833,-39.901111,6.44,4850
214.089583,-6.621944,6.44,7750
215.036250,30.429167,6.44,8750
227.895417,-45.277500,6.44,4850
235.047917,-70.227778,6.44,9750
237.008333,31.735833,6.44,4250
261.491250,-1.651667,6.44,7050
261.730000,-25.943333,6.44,10000
262.947500,-33.702778,6.44,4700
278.372917,-58.709167,6.44,5500
280.792500,70.792778,6.44,4700
297.126667,10.694167,6.44,6300
297.210833,33.437222,6.44,30000
306.271250,59.600000,6.44,9500
308.731250,-38.089722,6.44,8000
313.001250,32.849167,6.44,24000
313.493333,-6.889722,6.44,7350
322.249583,17.905833,6.44,4250
331.460833,45.112222,6.44,10000
332.500417,-28.292500,6.44,8750
346.276250,16.563056,6.44,5200
357.592917,51.621667,6.44,7050
0.782083,-24.145278,6.44,5500
1.933750,-2.548889,6.43,14000
7.087917,-20.335000,6.43,6000
16.750833,56.935000,6.43,4700
18.520833,28.529722,6.43,3050
32.346250,17.224444,6.43,6750
56.512083,24.528056,6.43,10000
83.435000,-54.902222,6.43,6300
85.337500,29.487500,6.43,14000
95.300417,29.541111,6.43,9750
94.077083,-59.213611,6.43,6000
96.897917,32.563056,6.43,5000
105.565000,-43.404167,6.43,10000
107.527917,21.246944,6.43,5100
108.204167,27.224722,6.43,6300
110.508333,-8.979167,6.43,33000
116.058333,12.859444,6.43,5000
115.542500,-58.630833,6.43,26000
116.938333,-16.014444,6.43,3200
123.214583,-37.924444,6.43,9250
124.872500,-34.590278,6.43,12000
127.082083,-8.816111,6.43,5000
128.632083,-32.598611,6.43,5500
132.036667,-42.463889,6.43,26000
143.282500,-39.128889,6.43,7500
151.097500,-39.975833,6.43,4850
154.745833,46.760833,6.43,4850
157.663333,-61.356111,6.43,3200
165.106667,51.501944,6.43,5100
170.455417,57.075000,6.43,8250
170.487917,-77.608333,6.43,8750
179.726667,-25.908889,6.43,10000
182.937083,57.054444,6.43,4250
192.572500,22.863333,6.43,5000
196.378333,-52.115000,6.43,3350
202.312083,-1.364444,6.43,5000
202.190417,50.718333,6.43,7500
212.880000,1.362222,6.43,6450
218.334583,36.959444,6.43,6300
232.236667,55.195000,6.43,9250
256.270833,43.812222,6.43,9250
259.580000,-16.311944,6.43,3200
260.140000,48.188333,6.43,6900
261.250833,67.306389,6.43,5000
262.667917,38.882222,6.43,6600
266.780417,-38.111667,6.43,12000
266.783750,47.612222,6.43,9500
269.232500,-40.305556,6.43,4550
272.499583,-32.719722,6.43,5000
276.926250,59.549167,6.43,5000
278.029167,3.659722,6.43,10000
286.291250,49.923333,6.43,4550
290.355833,57.766944,6.43,4700
294.289167,29.333611,6.43,20000
296.415000,36.091111,6.43,12000
299.187917,50.902500,6.43,9750
299.484167,42.260833,6.43,9250
301.959583,9.399722,6.43,7050
319.123333,42.251389,6.43,4700
323.138750,-24.590556,6.43,8250
329.296250,66.156111,6.43,26000
332.491667,-48.107222,6.43,4550
337.723750,-26.073611,6.43,4850
340.731250,37.802778,6.43,28000
344.646250,9.356944,6.43,5800
344.787500,59.814722,6.43,12000
345.840000,58.564722,6.43,5200
349.319167,45.164167,6.43,5000
352.253333,-44.497778,6.43,4700
8.330417,70.981667,6.42,10000
9.155833,-65.124722,6.42,4700
30.617083,-29.665000,6.42,9250
32.140000,44.459444,6.42,5200
47.536667,27.820000,6.42,10000
54.500833,42.583056,6.42,14000
72.734583,-53.459722,6.42,6900
79.171250,1.947222,6.42,10000
81.661667,6.869167,6.42,10000
85.417917,-2.896111,6.42,7750
90.723333,43.378611,6.42,5000
98.427917,33.024167,6.42,9250
100.337500,28.196389,6.42,5500
102.886667,-48.292500,6.42,4700
104.682500,-30.997778,6.42,24000
124.482500,-59.166944,6.42,6750
129.750000,52.925000,6.42,5000
130.737500,-35.943333,6.42,10000
133.160833,-36.545556,6.42,5200
144.484167,73.080556,6.42,7200
147.840000,-6.181667,6.42,6300
150.705833,-62.156389,6.42,4550
160.323333,-59.676944,6.42,9225
172.720417,47.929167,6.42,5100
174.751667,-24.721111,6.42,5500
179.530000,32.273889,6.42,7750
180.619167,-71.488889,6.42,4850
186.111250,25.582778,6.42,8250
187.819583,-57.081111,6.42,9250
204.531667,-58.415000,6.42,4850
211.604583,-59.715556,6.42,30000
216.097083,-82.848611,6.42,14000
233.955417,38.373889,6.42,4700
236.855833,-40.194167,6.42,5500
263.062500,11.930278,6.42,12000
264.165417,69.570833,6.42,6150
268.492083,-34.831667,6.42,8750
278.347083,8.268333,6.42,14000
279.302500,11.421667,6.42,12000
280.427083,-14.564167,6.42,7200
281.505000,-19.606389,6.42,2900
302.027083,16.664167,6.42,3050
309.965833,11.249722,6.42,6300
316.173750,2.941944,6.42,5000
319.328333,58.611667,6.42,26000
329.259167,48.668611,6.42,14000
332.068750,49.796389,6.42,4250
335.165000,50.980833,6.42,4700
338.147917,20.230000,6.42,7350
347.456667,-14.510556,6.42,10000
357.456667,-25.331389,6.42,9250
8.977917,13.206667,6.41,6450
9.325417,-54.394167,6.41,5000
17.530833,-57.694444,6.41,5400
18.291250,61.705833,6.41,12000
21.613750,-0.398611,6.41,5000
36.359583,-66.494722,6.41,2750
44.386250,-38.191111,6.41,10000
46.947500,47.308333,6.41,9250
53.162917,44.855556,6.41,26000
53.215000,-61.016944,6.41,5000
60.311250,36.990000,6.41,10000
55.633750,-85.262222,6.41,12000
73.290833,52.840833,6.41,9500
73.377083,-66.675556,6.41,3500
77.402917,69.639444,6.41,4850
75.966667,-14.369444,6.41,26000
77.435417,64.919444,6.41,6600
77.685417,-25.909444,6.41,4850
82.006667,1.298333,6.41,26000
94.465417,-52.733056,6.41,4700
99.991667,44.013889,6.41,4850
103.535417,-5.852500,6.41,8500
103.189167,-59.341111,6.41,9250
108.830417,-0.161389,6.41,5500
113.665417,80.896667,6.41,5300
111.115417,15.517222,6.41,26000
111.672083,11.009167,6.41,18000
115.340833,-44.632222,6.41,16000
119.524167,7.213611,6.41,10000
121.456667,-0.573611,6.41,5000
125.683750,60.631111,6.41,5000
131.336667,-2.600833,6.41,7200
139.464167,11.501111,6.41,9500
140.882500,25.183056,6.41,5500
145.672500,-35.501667,6.41,8750
149.022500,-40.824722,6.41,3350
153.338333,-61.658889,6.41,26000
166.600833,-64.839722,6.41,9250
168.134167,35.813611,6.41,6000
170.016250,-71.994444,6.41,22000
172.553750,54.361667,6.41,5000
191.964167,3.572778,6.41,3050
192.845417,-10.338333,6.41,5200
205.727500,-50.790556,6.41,3500
226.178750,-40.861389,6.41,2600
240.294583,-63.776667,6.41,6300
241.499167,-6.139444,6.41,5000
243.440417,-24.421944,6.41,20000
243.620000,-21.107500,6.41,10000
244.539167,68.554444,6.41,5000
248.859583,17.057222,6.41,9500
254.105000,65.039167,6.41,7350
260.664167,-37.805000,6.41,22000
261.503750,26.878889,6.41,8750
271.951250,-64.550000,6.41,4700
280.422083,31.617778,6.41,14000
284.801250,39.217778,6.41,20000
288.116667,-21.658056,6.41,5200
289.712083,0.339167,6.41,5000
306.505000,19.865000,6.41,5000
307.181667,-15.741667,6.41,5000
307.499583,45.928611,6.41,4700
309.034583,25.882500,6.41,8750
311.137917,69.751944,6.41,5200
313.528333,-27.925556,6.41,2900
321.069583,-69.734167,6.41,4000
323.323750,-52.737500,6.41,4400
323.720833,-29.696111,6.41,14000
328.981667,-30.606389,6.41,5200
330.467083,-77.662500,6.41,8750
335.462083,42.078333,6.41,20000
340.809583,-6.962778,6.41,10000
346.004167,6.616667,6.41,7200
348.050000,-80.912778,6.41,4400
348.590417,29.771667,6.41,6600
352.929583,28.403611,6.41,9750
357.162500,64.876389,6.41,10000
8.730417,13.371111,6.40,5000
9.947083,82.493889,6.40,6600
17.550000,-8.906111,6.40,5000
42.980417,-30.814444,6.40,6300
53.383750,58.765000,6.40,9000
53.639583,-31.874722,6.40,4550
67.216250,30.361389,6.40,6450
83.899167,-3.252778,6.40,24000
91.288750,75.585833,6.40,4250
95.827083,3.764444,6.40,24000
96.495000,-7.894167,6.40,9000
97.905833,15.903333,6.40,8000
98.360833,-20.923889,6.40,5500
103.250417,-26.957500,6.40,2900
104.866250,25.914167,6.40,14000
105.207500,-33.465278,6.40,5200
110.555833,38.996111,6.40,5000
115.928750,-38.201944,6.40,12000
120.628333,63.090278,6.40,5900
135.771667,-53.549722,6.40,18000
136.862083,22.981111,6.40,6900
144.464583,-9.424444,6.40,9750
152.896667,-58.828056,6.40,3050
154.504583,73.073333,6.40,7200
154.752917,24.711667,6.40,5000
168.045833,68.271944,6.40,9250
168.144167,-21.749167,6.40,5000
173.484583,36.815556,6.40,5000
185.633333,5.305556,6.40,6300
185.903750,-39.303056,6.40,7200
190.867500,-58.903056,6.40,5000
191.108333,80.621111,6.40,8750
201.811250,-40.163056,6.40,5200
207.746667,68.315278,6.40,4700
209.955417,-3.549722,6.40,6300
212.059583,-63.208056,6.40,5200
218.821667,-60.015833,6.40,4700
221.545417,-21.176111,6.40,6450
223.347083,15.704444,6.40,6150
238.053333,-29.886667,6.40,4850
245.735417,32.333056,6.40,9000
254.760833,69.186389,6.40,5000
262.682500,57.876389,6.40,4700
263.613333,16.503889,6.40,8000
265.778750,-33.051111,6.40,3350
272.406250,38.457500,6.40,4700
274.348750,-28.289167,6.40,6000
275.279583,49.725556,6.40,4850
278.697917,10.891667,6.40,9750
279.587500,8.833889,6.40,2600
281.916667,49.075000,6.40,9750
285.267917,-37.061944,6.40,14000
285.456250,22.263889,6.40,9000
290.945417,20.264444,6.40,12000
308.697500,-30.473611,6.40,14000
311.949167,3.306667,6.40,10000
311.836667,45.579722,6.40,4550
319.306250,-13.278889,6.40,9500
319.726667,-28.765556,6.40,5200
320.255833,40.345556,6.40,6300
322.103333,8.195556,6.40,3350
323.816250,-23.454167,6.40,5300
326.435417,35.857222,6.40,5200
329.100000,21.239722,6.40,4250
337.506250,-12.915000,6.40,7050
337.527083,49.356111,6.40,4700
339.151667,11.696944,6.40,9750
339.572917,45.183056,6.40,5800
342.662917,19.140833,6.40,5000
343.812083,-36.388611,6.40,4700
346.793333,59.727500,6.40,26000
355.631250,61.679444,6.40,4700
1.084583,-29.268611,6.40,10000
5.715833,-12.209444,6.39,5800
9.377083,3.135278,6.39,4400
11.676667,59.574444,6.39,6000
12.739167,51.508056,6.39,7200
15.129167,70.983056,6.39,9000
23.031667,34.800000,6.39,16000
25.054583,53.868333,6.39,4250
26.504167,-27.349167,6.39,7200
39.503333,7.695278,6.39,6600
50.188333,-26.606389,6.39,6450
50.388750,-47.776944,6.39,5000
51.482500,-35.920833,6.39,9750
52.954583,49.400833,6.39,12000
54.449167,15.430833,6.39,8750
61.036250,-16.588889,6.39,4700
65.782083,-35.545000,6.39,4850
66.329583,-44.160833,6.39,6600
68.020000,5.410000,6.39,6750
80.110000,-5.366667,6.39,14000
82.236250,-3.307500,6.39,10000
85.921250,-45.833056,6.39,7750
91.663333,63.453611,6.39,5000
93.079583,22.908333,6.39,3350
93.437917,-23.861944,6.39,5500
94.099167,17.181389,6.39,4250
96.182917,-28.780000,6.39,5800
112.213750,-64.510000,6.39,4250
114.007083,-55.887500,6.39,4850
116.687083,-12.675278,6.39,10000
127.121667,-2.517222,6.39,8750
127.795000,-47.866667,6.39,26000
130.026667,20.007778,6.39,5200
132.468333,-39.141667,6.39,8750
133.170000,-52.129167,6.39,10000
133.982917,-23.818333,6.39,8250
139.949583,-34.103333,6.39,14000
145.679583,48.431111,6.39,9750
155.924167,29.615833,6.39,5200
162.208333,65.132222,6.39,9750
165.274167,63.421111,6.39,9500
175.730833,-79.306389,6.39,5000
182.631667,16.809167,6.39,9000
190.994583,-36.349167,6.39,10000
211.060833,-5.381389,6.39,5000
213.838333,-53.509722,6.39,4550
214.142500,-59.913889,6.39,2750
213.670833,21.873333,6.39,8250
217.735417,-40.845000,6.39,4550
219.852917,-49.055556,6.39,7050
227.081250,50.055000,6.39,5000
230.278750,24.957778,6.39,5000
236.973750,-65.442500,6.39,7500
243.134167,75.210556,6.39,4700
257.526250,-61.675556,6.39,14000
262.357083,-38.516667,6.39,9500
262.593333,11.925000,6.39,9750
265.952500,-13.508611,6.39,7500
272.430833,-13.934444,6.39,5000
281.955833,-77.867222,6.39,6300
281.408750,79.942500,6.39,8000
285.272917,19.309722,6.39,4850
285.451250,33.621389,6.39,20000
294.967083,-66.685556,6.39,9750
299.006250,-81.349722,6.39,4550
299.720833,-68.762222,6.39,10000
304.098750,-36.454444,6.39,2900
305.512500,41.131389,6.39,5500
306.782083,34.328889,6.39,7350
307.736667,-29.112500,6.39,8750
318.427500,64.403889,6.39,5800
322.251250,-53.705833,6.39,4700
328.572500,19.718333,6.39,5000
331.556250,56.343056,6.39,10000
333.182500,-4.720833,6.39,6450
334.517917,-0.237778,6.39,7050
340.768750,47.168611,6.39,9750
345.688333,44.058889,6.39,26000
346.323333,1.306944,6.39,5100
350.144167,62.213056,6.39,4700
352.754583,-6.288333,6.39,5000
353.883750,-7.464444,6.39,5500
358.104583,75.544722,6.39,4550
16.789583,53.498333,6.38,4700
20.496250,76.238889,6.38,7500
23.968750,41.076389,6.38,4850
47.647500,-23.738333,6.38,5000
50.912917,4.881944,6.38,5500
52.974583,-25.614167,6.38,9250
59.916667,38.820556,6.38,9750
61.840000,-64.222500,6.38,5700
83.879583,-4.364722,6.38,26000
84.817917,-17.849444,6.38,16000
87.392083,-44.875278,6.38,4850
94.570417,46.360556,6.38,4700
99.403750,10.853056,6.38,5000
99.880833,24.600000,6.38,6300
102.913750,3.041667,6.38,9500
106.287500,47.775000,6.38,12000
112.213750,-31.848333,6.38,24000
114.324167,40.025278,6.38,3350
114.438333,-38.010556,6.38,4400
116.182917,-66.071944,6.38,5400
118.152500,55.209444,6.38,10000
118.752083,-52.583056,6.38,14000
123.587500,13.048333,6.38,5200
128.138750,-15.029444,6.38,7500
128.214583,-31.500833,6.38,5000
132.756250,15.350556,6.38,5900
133.725000,-58.240000,6.38,20000
134.795000,18.134722,6.38,2900
136.041250,27.898333,6.38,9750
153.353333,-33.031944,6.38,5900
163.057083,1.025278,6.38,9250
163.387083,-15.445556,6.38,4550
168.061667,-32.433889,6.38,3350
172.812500,-61.278333,6.38,9250
188.496667,-49.909444,6.38,7050
189.758750,22.659444,6.38,4850
190.767500,61.155556,6.38,5000
200.760833,-48.562778,6.38,18000
207.437500,36.632778,6.38,8250
214.100833,39.744722,6.38,7200
219.028750,23.250278,6.38,5000
220.475833,21.123611,6.38,5200
225.218333,22.045556,6.38,5000
232.338333,62.099722,6.38,4250
232.843333,36.616389,6.38,6600
256.720417,-1.656389,6.38,7750
264.032917,28.184722,6.38,4250
268.439583,-34.785833,6.38,12000
268.004167,46.643333,6.38,5000
268.559167,11.130556,6.38,6750
272.490000,-59.040000,6.38,4400
272.292500,30.469444,6.38,4850
276.014583,-3.583333,6.38,6600
279.903750,5.264167,6.38,6300
289.539167,-53.386667,6.38,6450
259.236667,89.037778,6.38,3350
291.610417,62.557222,6.38,4250
293.855000,2.913333,6.38,6600
294.065833,14.391667,6.38,5000
294.855833,16.571389,6.38,4400
297.477500,28.440556,6.38,20000
311.367500,18.090278,6.38,2750
313.273333,-11.573611,6.38,5900
318.654167,0.092222,6.38,3350
320.318333,-49.937778,6.38,4550
323.476667,-82.683056,6.38,24000
321.032917,-22.746944,6.38,5000
327.554583,-16.844722,6.38,5000
331.143333,32.941944,6.38,5500
337.922083,-10.905556,6.38,8000
338.965833,56.070000,6.38,9250
349.328750,75.299167,6.38,9500
352.990000,-1.085833,6.38,4850
0.182083,45.253333,6.38,12000
12.826250,3.385000,6.37,5000
14.231667,68.776111,6.37,6900
14.578750,21.404444,6.37,9500
16.804583,-23.996389,6.37,8250
25.574167,58.627778,6.37,14000
27.453333,-38.403889,6.37,6300
29.473333,-65.424722,6.37,5200
34.844583,48.955278,6.37,6900
34.852917,-41.848333,6.37,4700
37.018333,-64.299722,6.37,10000
53.421667,57.868889,6.37,6450
59.919583,10.330833,6.37,6750
63.398750,-40.357778,6.37,4550
64.087917,-60.948611,6.37,8750
64.762500,-33.905000,6.37,9250
68.808333,-9.736667,6.37,9750
72.651667,70.941667,6.37,10000
71.956667,-30.020278,6.37,4850
73.742917,19.485278,6.37,7050
74.065000,24.592222,6.37,7500
78.648333,76.472778,6.37,10000
78.388750,-8.147778,6.37,20000
82.687917,39.825833,6.37,5100
84.739167,26.617778,6.37,5100
90.423333,22.400833,6.37,14000
93.975000,1.169167,6.37,6750
100.497083,6.345000,6.37,42000
100.903333,-73.118056,6.37,5200
104.531667,-27.164722,6.37,26000
111.616250,10.608333,6.37,9500
114.320000,-23.775000,6.37,7500
122.156667,-37.681389,6.37,22000
123.421250,-33.569167,6.37,4700
130.998750,4.334722,6.37,12000
131.705000,-34.622778,6.37,22000
136.531667,-64.499722,6.37,4550
145.083750,-10.769167,6.37,9500
147.463750,-36.268611,6.37,5000
152.142917,83.918333,6.37,5000
149.091250,-51.336111,6.37,26000
151.420417,15.757500,6.37,7200
154.884167,-5.105833,6.37,5000
160.215000,-35.741667,6.37,5200
161.523750,6.373056,6.37,4850
171.458333,3.860000,6.37,7050
175.114167,57.970556,6.37,12000
181.499167,-3.131667,6.37,5200
182.020000,-50.763333,6.37,12000
186.925417,8.610278,6.37,5200
189.692917,40.874444,6.37,8250
198.857083,-69.679722,6.37,4700
199.374583,-0.676667,6.37,7500
203.398750,-65.632500,6.37,10000
203.590833,38.789167,6.37,7500
209.383750,61.492778,6.37,4550
220.462917,-30.933333,6.37,8750
225.161250,47.277778,6.37,12000
232.616250,36.804167,6.37,5000
239.060000,-14.399444,6.37,6450
253.990833,-33.507222,6.37,4250
254.007500,-16.806111,6.37,5000
254.383333,13.884167,6.37,5000
256.540417,9.733333,6.37,4250
256.554583,10.454167,6.37,5200
262.009583,-8.208333,6.37,6750
262.447500,-5.919722,6.37,5000
264.707083,32.739444,6.37,5500
270.064583,0.629444,6.37,9250
272.140417,14.284722,6.37,8750
273.671250,56.588333,6.37,7350
276.480833,14.966667,6.37,12000
278.086667,-14.644167,6.37,9000
278.998750,-29.699167,6.37,4850
280.593750,-64.643056,6.37,8750
284.861667,-18.566944,6.37,5700
285.779167,-19.103333,6.37,6750
290.891667,33.222222,6.37,5200
292.806667,55.731944,6.37,4700
302.780000,-57.523889,6.37,16000
310.048750,-23.773889,6.37,5200
315.367083,-68.209722,6.37,9500
315.858333,50.351944,6.37,5000
327.905417,65.752778,6.37,9750
330.610833,-16.964167,6.37,9500
330.505833,10.973889,6.37,20000
332.177917,-33.125556,6.37,9500
332.563750,72.111111,6.37,12000
334.123750,27.804167,6.37,5100
337.572500,-14.585833,6.37,14000
342.089167,-61.684167,6.37,5000
344.598750,-1.410278,6.37,7500
349.930000,-33.708056,6.37,4700
352.021667,-11.449722,6.37,6000
24.632083,45.400000,6.36,12000
32.870833,57.645833,6.36,20000
38.866250,39.664444,6.36,12000
40.834583,-40.527500,6.36,12000
43.216667,52.997778,6.36,14000
42.699583,-39.931667,6.36,10000
45.876250,28.269722,6.36,7500
49.381667,65.658611,6.36,9250
65.999167,24.301111,6.36,24000
68.927917,19.881667,6.36,5500
79.822917,-18.520000,6.36,24000
85.516250,22.660278,6.36,4700
88.558750,-29.147778,6.36,7050
87.845833,-64.033611,6.36,5200
89.143750,-23.215556,6.36,5000
92.095833,41.055556,6.36,5100
103.978333,-31.790000,6.36,24000
108.451250,-22.906389,6.36,26000
117.920417,-12.819444,6.36,7200
122.181250,-20.363056,6.36,8250
127.401250,-55.191111,6.36,6000
128.250417,24.084722,6.36,5100
128.244167,-34.633889,6.36,5000
129.805000,-60.317222,6.36,10000
131.918750,-41.737222,6.36,6000
135.419167,39.713333,6.36,7750
143.970417,14.379722,6.36,9750
152.007083,-37.333611,6.36,5000
161.911250,-57.467778,6.36,3350
185.807500,-67.631667,6.36,5200
213.588750,-5.947500,6.36,6150
216.414583,-66.173333,6.36,9250
224.149167,-39.416111,6.36,10000
233.587083,-39.349444,6.36,12000
238.234167,17.403611,6.36,5000
255.571667,31.884722,6.36,5000
257.227083,-3.882778,6.36,5500
259.585000,-32.553333,6.36,20000
265.272917,24.513333,6.36,4850
265.824167,-27.884167,6.36,7750
269.362083,11.044167,6.36,9750
268.610833,75.170833,6.36,5000
272.811667,-19.842222,6.36,9000
273.177500,41.146944,6.36,5000
273.991667,-3.617500,6.36,9000
275.989167,38.739167,6.36,4400
277.303750,-43.845833,6.36,5200
278.345417,-5.911389,6.36,10000
280.008333,30.849444,6.36,5000
281.327917,-21.001389,6.36,6750
285.103333,-24.942222,6.36,5000
287.757500,-39.005000,6.36,16000
287.878750,26.735833,6.36,6750
291.025417,36.451944,6.36,4850
295.312083,22.452778,6.36,5000
306.597917,56.638889,6.36,12000
308.218333,-24.943889,6.36,10000
309.467083,-25.108889,6.36,7500
312.696250,-32.054444,6.36,4250
321.215417,-3.398333,6.36,7500
324.057917,30.055556,6.36,5200
341.846667,58.482778,6.36,12000
348.652083,24.103056,6.36,4700
355.956250,-15.284444,6.36,2450
3.794167,27.283056,6.35,9750
4.058333,76.950833,6.35,14000
16.455000,4.908333,6.35,7050
20.627083,-19.081389,6.35,6600
26.110417,46.139722,6.35,4250
29.611250,-33.066667,6.35,5000
40.963333,25.638056,6.35,9500
50.567917,-25.587778,6.35,10000
71.427083,23.628056,6.35,20000
74.545000,-2.212500,6.35,9500
80.879583,5.322500,6.35,9500
81.770000,-11.900833,6.35,6450
82.145000,13.678889,6.35,9000
87.619167,-52.767778,6.35,5000
91.118333,-45.036667,6.35,6000
92.334583,-18.126111,6.35,12000
95.357917,17.763611,6.35,5800
96.446250,-3.889167,6.35,5100
98.975000,-36.088889,6.35,6000
99.170417,-22.615000,6.35,20000
104.833750,7.316944,6.35,16000
108.492083,71.816667,6.35,5000
110.571667,59.901944,6.35,8000
110.262917,42.655556,6.35,5000
119.317500,1.126944,6.35,6450
137.981667,5.468333,6.35,7750
138.853750,-15.024722,6.35,10000
148.050000,0.075556,6.35,5100
149.040417,-71.389444,6.35,12000
153.485833,-40.310556,6.35,5200
155.962083,-57.953889,6.35,4400
157.152083,45.212222,6.35,5000
164.143333,25.500000,6.35,5000
167.872917,-71.436389,6.35,4700
169.642917,-79.668611,6.35,8000
172.604167,46.657500,6.35,4700
177.730417,12.278889,6.35,7500
177.841250,-12.187778,6.35,7350
182.447083,74.661389,6.35,6600
183.482083,-78.573611,6.35,4700
186.955833,-16.631944,6.35,5700
187.520000,-13.393056,6.35,6000
200.515833,43.903056,6.35,8250
207.902500,-36.433333,6.35,6600
216.707917,-39.873889,6.35,16000
217.403333,41.795833,6.35,5500
221.978750,-12.839722,6.35,5000
224.536667,-48.863056,6.35,5700
226.646250,36.455556,6.35,6300
230.196250,-2.413333,6.35,5000
249.912917,-9.554444,6.35,7050
252.037083,13.590556,6.35,5500
253.650000,-30.587222,6.35,8250
255.969583,19.690556,6.35,4400
260.389167,16.730833,6.35,3200
260.380000,28.758056,6.35,6000
261.140833,15.606111,6.35,12000
267.115833,-26.975000,6.35,22000
271.361250,-81.486389,6.35,4550
267.997917,-1.236667,6.35,5000
280.730000,-19.283889,6.35,2900
290.701667,9.913056,6.35,6600
294.704167,3.381667,6.35,24000
313.354167,-30.718611,6.35,4850
321.102500,10.174167,6.35,6750
329.462500,74.996667,6.35,4250
331.875000,18.000556,6.35,3350
336.643333,-16.742500,6.35,5900
337.892500,29.542778,6.35,8750
338.078333,54.037500,6.35,5200
348.266667,29.441667,6.35,5200
352.273333,23.047778,6.35,5100
354.127083,32.904167,6.35,6600
358.589167,-27.042222,6.35,9500
19.271250,44.901944,6.34,4250
20.271667,64.658333,6.34,9500
25.743333,61.421667,6.34,16000
25.818750,45.322222,6.34,4700
25.958333,32.191667,6.34,5200
27.331250,-31.072778,6.34,4700
34.743750,-25.945556,6.34,5500
59.125833,71.821667,6.34,8750
61.444583,-20.512222,6.34,5500
76.108750,-35.705278,6.34,7350
79.896667,-1.412222,6.34,28000
80.085833,-34.698889,6.34,7200
84.862500,21.762778,6.34,9750
85.362500,-33.400556,6.34,10000
86.118333,-20.126389,6.34,6000
86.511667,-4.268333,6.34,4850
91.284583,59.393056,6.34,4850
91.260833,37.964167,6.34,5000
95.810000,-31.790000,6.34,5200
97.895833,-36.940000,6.34,3350
99.213750,-41.556944,6.34,5000
103.813333,45.826389,6.34,5000
104.250417,-8.178889,6.34,5000
106.502500,-30.655556,6.34,24000
114.032500,-22.160556,6.34,5500
116.910417,-15.990833,6.34,4850
119.569167,43.977500,6.34,5000
120.252917,23.583056,6.34,4850
120.479583,35.413056,6.34,5000
119.805833,-49.973611,6.34,26000
120.525833,-37.050556,6.34,3350
119.817083,-73.244722,6.34,9250
127.873333,-54.394167,6.34,4550
130.181667,-57.545278,6.34,9250
146.480833,63.653333,6.34,7200
161.593750,57.365833,6.34,3350
165.238333,-15.792778,6.34,5000
165.902083,-13.434444,6.34,5500
184.434583,15.144167,6.34,4400
191.759583,5.950833,6.34,10000
201.997917,52.745833,6.34,7500
204.799583,-75.683889,6.34,14000
210.460833,68.678611,6.34,4250
212.234583,-59.276667,6.34,20000
213.102083,-24.364167,6.34,5000
234.838750,-23.150278,6.34,10000
235.064167,-31.213611,6.34,4700
247.661667,77.446667,6.34,4850
253.816667,13.619722,6.34,7050
254.459167,42.512500,6.34,4550
256.944583,40.516111,6.34,9500
265.295833,15.178056,6.34,9750
265.773333,44.084444,6.34,4400
270.220417,6.268333,6.34,26000
271.167500,23.942500,6.34,7500
271.530833,-0.446667,6.34,5200
271.253333,41.946667,6.34,7500
283.257917,-9.576111,6.34,8250
287.465000,-0.428056,6.34,20000
291.022500,-68.371111,6.34,4700
290.540000,-42.016111,6.34,4850
291.902083,37.941111,6.34,24000
293.874167,-7.460278,6.34,5000
294.955833,-23.427778,6.34,12000
295.553333,12.193333,6.34,12000
296.204167,40.716667,6.34,2900
296.686250,68.438333,6.34,7500
301.272500,-11.599444,6.34,7350
301.360417,15.500278,6.34,3200
302.991250,-12.392500,6.34,5000
307.992500,25.804444,6.34,8750
313.280833,29.649444,6.34,4700
316.890000,15.658611,6.34,4700
335.150833,-57.510000,6.34,4550
338.320833,70.373889,6.34,10000
340.380833,30.965833,6.34,4250
342.322500,-70.347778,6.34,9500
343.297083,40.167222,6.34,16000
349.416667,-11.713056,6.34,9750
357.224583,59.978889,6.34,10000
2.260000,-54.001944,6.33,5600
4.677500,-43.235278,6.33,4700
4.923333,40.729722,6.33,4850
11.662500,69.325000,6.33,7050
25.338750,-79.148333,6.33,5400
33.991250,47.811389,6.33,5100
36.243333,-2.780000,6.33,10000
48.110000,47.725833,6.33,4250
55.047500,-15.226667,6.33,5500
69.006667,-3.611944,6.33,16000
71.600417,-2.954444,6.33,9500
80.247083,27.957222,6.33,12000
82.586250,-7.434722,6.33,26000
84.440417,33.559167,6.33,5000
92.757500,18.129444,6.33,4850
96.220417,16.056944,6.33,5100
102.053750,55.704444,6.33,6600
102.433333,-24.075833,6.33,9750
102.653750,-25.778056,6.33,26000
108.488333,-30.340000,6.33,26000
116.288750,20.316389,6.33,9750
117.080000,-56.471111,6.33,5000
119.095000,-30.285278,6.33,2600
120.608333,-6.337222,6.33,6000
119.917500,-60.207500,6.33,20000
126.818333,-31.673056,6.33,5200
128.853750,2.743611,6.33,5100
129.667917,-19.736944,6.33,4250
131.042083,36.918056,6.33,6450
133.100833,5.340000,6.33,8750
138.838333,84.181111,6.33,7200
139.426250,-54.495278,6.33,4550
140.231250,-15.617778,6.33,6600
163.114583,-79.559444,6.33,4700
168.417500,41.088611,6.33,4700
175.255000,-83.100000,6.33,5000
181.471667,-65.547222,6.33,18000
183.402917,-33.792778,6.33,10000
184.214167,86.436111,6.33,6900
184.873333,28.156944,6.33,6300
186.406250,-86.150556,6.33,5000
189.518333,3.282500,6.33,9750
190.521250,-69.407500,6.33,6450
191.112917,44.103056,6.33,6600
193.022083,-48.094167,6.33,10000
197.971250,-63.302778,6.33,8000
198.035000,24.258056,6.33,4850
203.620417,-48.272222,6.33,14000
206.737917,6.350556,6.33,6000
214.948750,38.793889,6.33,9500
218.548750,32.534444,6.33,6750
221.490833,-15.459722,6.33,4850
228.130417,-48.218611,6.33,4700
236.415417,0.891389,6.33,5000
240.331250,-31.889444,6.33,4400
241.966250,-24.461944,6.33,16000
242.262083,57.937778,6.33,9750
244.337083,-53.086667,6.33,8000
246.225833,-45.349167,6.33,9500
254.037083,-50.675000,6.33,24000
255.496250,8.450556,6.33,9000
257.938333,7.894722,6.33,5000
274.503750,-68.229167,6.33,12000
275.759167,-10.218611,6.33,12000
292.337083,20.279722,6.33,20000
299.674583,70.366944,6.33,5200
306.433333,10.056389,6.33,4250
311.588333,52.995278,6.33,5000
312.451250,7.864167,6.33,9750
312.477917,46.661111,6.33,22000
313.255000,-23.783056,6.33,5000
316.189167,2.269722,6.33,5500
315.967083,41.628056,6.33,7050
325.140000,-55.737500,6.33,5000
329.555417,-5.424722,6.33,6750
332.592500,14.630000,6.33,5000
342.496250,-32.805278,6.33,7500
344.677500,7.339722,6.33,9750
346.789583,-49.606667,6.33,4400
349.783750,-79.472778,6.33,5000
357.300000,58.963056,6.33,7200
14.477083,13.695833,6.32,5200
26.950000,46.229722,6.32,6600
26.949167,-37.159722,6.32,5000
32.520417,-43.815556,6.32,5200
43.210417,-9.441111,6.32,8250
52.581250,71.863889,6.32,3200
51.548750,-41.636944,6.32,10000
57.924167,68.507500,6.32,12000
60.153750,17.296667,6.32,10000
63.215000,68.501667,6.32,5000
63.942917,15.400556,6.32,6750
66.753750,57.585278,6.32,10000
75.165833,-2.065556,6.32,8000
78.446667,0.560278,6.32,3500
81.150833,2.352778,6.32,22000
83.740000,-61.175833,6.32,5500
86.827500,-35.674722,6.32,4850
89.140833,28.942222,6.32,9500
94.757500,17.325000,6.32,12000
97.176250,-41.074444,6.32,7200
103.611250,-42.365556,6.32,4800
108.947917,-23.740556,6.32,10000
109.238333,-30.896667,6.32,7750
117.367500,-44.751944,6.32,5000
117.835417,-43.095556,6.32,26000
119.801250,-49.976667,6.32,26000
122.237083,-11.339722,6.32,10000
126.137083,82.430833,6.32,9500
124.812917,-10.165833,6.32,7050
125.821667,-38.285833,6.32,3350
126.903333,45.653056,6.32,5500
126.695000,26.934444,6.32,8500
129.032083,15.313611,6.32,7500
130.976250,-68.211667,6.32,4550
138.895833,-57.578056,6.32,5200
149.225000,-27.475000,6.32,9000
152.745417,40.661389,6.32,4550
154.997500,-9.058889,6.32,7350
156.054583,2.368056,6.32,5100
157.476250,65.626111,6.32,4700
166.614167,-50.956667,6.32,4700
171.606250,33.450556,6.32,6450
186.276667,63.802778,6.32,5200
193.051250,17.073889,6.32,3500
197.310000,-9.538333,6.32,5000
205.096667,50.519444,6.32,6450
209.043750,32.032500,6.32,6900
214.455000,48.001667,6.32,6750
216.555833,-42.319167,6.32,4700
228.254167,-61.743889,6.32,4400
229.875833,32.515278,6.32,9500
234.565417,-28.206667,6.32,4850
241.764167,-14.070833,6.32,5600
243.662917,-18.535278,6.32,4700
253.072500,-67.681944,6.32,4700
249.470417,78.918333,6.32,5100
252.592917,-2.653889,6.32,7350
253.495000,-41.994722,6.32,28000
254.426250,24.381389,6.32,5000
259.997917,-5.917222,6.32,5100
259.122500,60.670556,6.32,4850
271.776250,49.710556,6.32,9500
275.949167,53.300833,6.32,9250
278.347083,-38.720278,6.32,10000
281.032083,-36.718611,6.32,5000
285.389583,-15.282500,6.32,5400
289.719583,9.618056,6.32,5100
290.769167,-7.400278,6.32,5000
291.891250,14.282500,6.32,22000
294.034583,22.585833,6.32,12000
299.643333,38.105556,6.32,20000
304.095000,-12.336944,6.32,12000
309.382500,31.572500,6.32,14000
310.806250,57.114167,6.32,26000
315.930417,46.861944,6.32,7500
321.096250,24.528889,6.32,5000
323.570833,-42.925000,6.32,4850
331.790000,58.840833,6.32,5400
332.715000,30.553056,6.32,8000
338.195417,15.863333,6.32,5000
349.864167,34.793333,6.32,14000
349.923333,48.380833,6.32,4850
352.002917,-35.544444,6.32,4700
0.600833,8.956944,6.32,8500
3.434167,-26.284722,6.31,4250
20.081250,77.570556,6.31,5500
21.536250,34.579722,6.31,6450
22.376667,-46.756389,6.31,3200
31.551250,8.247500,6.31,3200
32.532500,53.843056,6.31,5200
35.549167,-43.200000,6.31,5000
43.298750,16.483333,6.31,6750
44.909583,-32.507222,6.31,10000
47.016250,52.213333,6.31,20000
48.945833,32.856389,6.31,6900
61.652500,54.008611,6.31,5000
63.871667,6.186667,6.31,6000
64.906250,10.121389,6.31,5000
75.975000,-41.745000,6.31,6300
84.227917,-66.560278,6.31,12000
85.788750,-1.613056,6.31,4400
88.565417,3.225278,6.31,5000
92.666250,-45.281944,6.31,10000
95.357500,2.268611,6.31,9000
96.185417,-40.284167,6.31,12000
101.052500,36.109722,6.31,9500
105.033750,-20.158889,6.31,22000
111.341250,81.257500,6.31,10000
110.992917,-35.837778,6.31,16000
111.429167,-31.738611,6.31,26000
116.774167,-39.331389,6.31,14000
118.030000,3.277222,6.31,2900
120.432500,25.089722,6.31,9750
128.222500,69.320000,6.31,5000
129.202917,74.723611,6.31,9500
127.852500,-39.064167,6.31,22000
138.357917,-38.616389,6.31,10000
141.232083,51.573889,6.31,5800
143.890417,-19.583611,6.31,9500
144.947500,-10.570278,6.31,10000
147.598750,65.593333,6.31,7750
163.150417,-0.201389,6.31,4250
169.115417,-45.880000,6.31,7050
174.170000,-37.237778,6.31,9750
180.257500,-1.768056,6.31,5200
192.195833,24.840278,6.31,5300
194.388333,-22.753889,6.31,5500
196.207083,73.025278,6.31,7500
201.776250,-49.143889,6.31,10000
213.911667,-45.000833,6.31,6150
235.853750,-15.043333,6.31,5000
239.265833,-48.162222,6.31,7350
239.627917,-37.503056,6.31,5000
238.957083,58.911667,6.31,10000
239.374583,39.695278,6.31,5000
243.556250,5.901944,6.31,4700
249.450000,13.686944,6.31,6750
255.387500,14.949444,6.31,12000
274.350833,-9.758611,6.31,8000
276.175417,-7.075278,6.31,5000
276.932500,-26.634722,6.31,8000
280.964167,-6.818611,6.31,6450
281.167500,23.589722,6.31,6600
283.300417,-51.931111,6.31,22000
284.394583,-39.823333,6.31,9250
285.529167,52.261111,6.31,5200
286.446250,29.921667,6.31,3500
289.657083,49.569722,6.31,4850
289.912083,37.330556,6.31,5200
290.137917,35.186111,6.31,12000
290.586250,-8.201111,6.31,24000
291.343333,20.271389,6.31,10000
302.159583,10.725833,6.31,24000
304.733333,-47.710833,6.31,3350
303.930833,50.232778,6.31,9500
315.757500,14.730000,6.31,3350
319.501250,-64.681667,6.31,14000
321.086667,-46.615000,6.31,8250
323.829167,28.197222,6.31,7500
327.421250,-12.723056,6.31,9250
339.933333,-28.325278,6.31,5000
340.200000,-3.554167,6.31,6600
344.321667,-4.810000,6.31,5100
348.559583,50.617778,6.31,10000
350.882917,0.291389,6.31,4700
356.505000,-40.182500,6.31,8250
359.124583,-24.737222,6.31,5500
3.350000,26.987222,6.30,6000
8.204583,28.280278,6.30,5000
18.438750,7.578333,6.30,6450
38.061667,-36.427500,6.30,5200
39.615833,38.089444,6.30,12000
40.620417,10.741667,6.30,9500
41.764583,35.555000,6.30,7750
54.582083,56.932778,6.30,12000
56.140833,-54.273889,6.30,4850
57.815833,13.045833,6.30,12000
59.621250,38.840278,6.30,4850
69.212083,-30.716667,6.30,12000
92.941667,52.647222,6.30,8750
100.847083,-39.193333,6.30,8000
103.305833,38.438056,6.30,6750
103.095417,-5.316111,6.30,5000
105.075000,-5.366944,6.30,6000
109.807083,-33.727222,6.30,4700
113.092917,-35.961389,6.30,12000
113.983333,43.031111,6.30,7500
121.178750,-62.836111,6.30,26000
126.695833,26.935278,6.30,9250
127.663333,-44.737222,6.30,22000
128.622083,-37.611389,6.30,4250
130.112500,19.545000,6.30,8000
132.000833,-52.850556,6.30,14000
140.864167,-60.302500,6.30,4850
148.241667,-27.332222,6.30,5900
149.487083,45.414444,6.30,5000
149.608750,27.758889,6.30,7050
154.167500,-51.205000,6.30,2900
154.657500,-36.804722,6.30,4700
158.853333,-76.309167,6.30,4700
163.905417,24.748889,6.30,9500
166.524167,-51.212500,6.30,5200
167.932083,14.400278,6.30,8750
178.459583,0.551944,6.30,7500
186.322083,-65.770556,6.30,5200
193.115000,16.122500,6.30,8250
205.620000,41.674167,6.30,5400
210.971250,-22.421667,6.30,6750
210.884583,10.786667,6.30,5200
220.136667,-56.440833,6.30,5000
221.883750,-43.557500,6.30,5200
227.685833,-61.422500,6.30,5800
228.382917,22.983333,6.30,9500
230.255833,-15.548333,6.30,7500
242.994167,-19.449722,6.30,14000
249.179167,15.498056,6.30,12000
247.867083,72.611944,6.30,4700
254.070000,73.127778,6.30,7500
256.188750,-20.494722,6.30,18000
256.549167,-21.564722,6.30,9250
258.068750,-38.822222,6.30,4850
265.945833,-7.079444,6.30,28000
269.309583,23.995833,6.30,5800
270.451250,-36.377778,6.30,16000
274.666667,-42.288333,6.30,30000
274.512083,13.776944,6.30,20000
274.983750,51.347778,6.30,4850
276.477500,-33.945278,6.30,20000
284.748333,50.809444,6.30,5200
285.590000,8.374167,6.30,4700
287.060833,-24.656944,6.30,12000
287.828750,-29.502222,6.30,12000
292.643750,-55.110000,6.30,6750
303.960833,-30.005278,6.30,4400
305.117083,-29.197222,6.30,9000
305.753333,-9.654722,6.30,5500
311.660417,46.531667,6.30,9250
326.122917,-38.552500,6.30,5500
332.987083,59.084722,6.30,5000
339.269583,12.577222,6.30,4250
339.202917,35.652500,6.30,4250
341.068750,-60.499444,6.30,7050
341.984167,-25.911944,6.30,5500
346.632917,19.910833,6.30,6450
1.265833,-0.503056,6.29,5100
15.823333,-29.525833,6.29,5500
17.301250,80.011667,6.29,5400
20.906250,34.245833,6.29,5200
33.338333,74.027778,6.29,5200
44.304583,-29.855278,6.29,9500
52.872500,49.209722,6.29,10000
54.125000,-78.323056,6.29,4700
66.050833,-57.071389,6.29,5600
75.055000,-78.300278,6.29,4250
82.680833,22.462500,6.29,5000
86.811250,42.526667,6.29,5000
87.735000,51.514722,6.29,4850
97.512500,-65.568333,6.29,7500
100.568333,-38.398611,6.29,9250
102.676250,-8.041111,6.29,9500
103.894167,8.324722,6.29,10000
104.190417,-35.341667,6.29,4700
109.382083,-6.680000,6.29,4700
120.872917,-42.948611,6.29,5200
124.382083,8.866111,6.29,5200
130.587083,-55.774167,6.29,4700
134.494583,30.233611,6.29,6600
138.327500,-42.273611,6.29,4700
141.965000,75.098333,6.29,8750
141.385417,16.585556,6.29,5100
159.019167,-26.675000,6.29,6750
174.255000,-32.988056,6.29,6600
183.922500,72.550833,6.29,5000
188.392500,24.283056,6.29,9000
205.088750,57.207500,6.29,9500
223.137917,-30.576944,6.29,5900
224.306667,-29.157778,6.29,12000
238.667917,8.580278,6.29,8250
239.057917,-31.785833,6.29,6600
241.407500,8.096111,6.29,9250
242.915417,33.342500,6.29,4700
244.782083,-20.217778,6.29,4250
247.180833,51.407778,6.29,5100
252.650417,41.896667,6.29,4550
256.721667,-26.513056,6.29,10000
257.627500,52.408889,6.29,12000
260.713750,-2.388333,6.29,5500
269.490833,-39.136944,6.29,10000
269.233333,6.487778,6.29,12000
271.722917,50.822778,6.29,5000
273.885833,45.209444,6.29,5800
279.287500,16.198333,6.29,5200
283.118750,-26.650278,6.29,5200
284.992083,22.814722,6.29,3050
286.785417,-18.737778,6.29,14000
293.292083,60.158611,6.29,4400
298.255000,47.807500,6.29,30000
300.360000,-40.814167,6.29,9500
304.371250,42.721944,6.29,4400
310.720833,-39.558611,6.29,4850
312.177917,51.910556,6.29,14000
320.058333,22.026389,6.29,18000
327.362083,20.462500,6.29,26000
326.754167,70.150833,6.29,10000
336.544583,-23.682500,6.29,10000
337.082083,64.085556,6.29,5000
338.972500,50.071111,6.29,24000
344.792917,52.654444,6.29,4700
345.102500,-25.626667,6.29,4850
350.668750,20.828611,6.29,12000
352.925417,-21.369444,6.29,7750
0.080000,-44.290556,6.29,5700
0.966250,66.712222,6.29,2900
12.389167,-23.361667,6.28,9250
23.151250,-49.727778,6.28,6900
31.622083,0.035000,6.28,5000
35.965833,55.364444,6.28,6450
47.161250,8.470833,6.28,5100
51.827917,12.735000,6.28,10000
62.365000,59.908056,6.28,5200
73.272917,-72.407500,6.28,6600
81.159583,31.223889,6.28,4850
88.897500,-4.788333,6.28,9500
100.340833,16.397500,6.28,9750
102.051250,55.704444,6.28,6750
107.055417,33.832222,6.28,4850
113.521250,10.568333,6.28,9750
113.664583,-51.474722,6.28,9750
120.381250,-55.455000,6.28,22000
122.102083,-63.801111,6.28,18000
128.437917,13.257222,6.28,5000
139.885833,-55.186667,6.28,20000
141.434167,63.940833,6.28,4700
149.193750,-26.550278,6.28,9000
153.012083,-28.606389,6.28,9750
159.089167,36.326944,6.28,7050
161.289167,2.488056,6.28,4400
172.431250,56.737500,6.28,9000
180.177083,-21.837222,6.28,5000
183.834583,87.700000,6.28,7200
197.425000,38.533889,6.28,16000
198.361667,-18.826667,6.28,12000
201.836667,-49.380833,6.28,24000
211.112500,-14.971667,6.28,5400
211.156250,2.297500,6.28,5000
221.307083,32.788333,6.28,3350
227.356250,-63.642778,6.28,10000
228.711250,-5.502778,6.28,4700
229.539167,-41.060833,6.28,8750
230.169583,-67.481389,6.28,24000
230.596667,12.567500,6.28,10000
254.379167,25.352778,6.28,5500
256.272083,-45.501667,6.28,9500
261.112917,36.951944,6.28,5500
263.895417,-59.846111,6.28,20000
265.171667,31.287500,6.28,5000
270.346250,-17.156944,6.28,4550
271.797500,-21.443889,6.28,30000
277.559583,-5.724167,6.28,5200
279.965000,7.358333,6.28,5200
283.029583,41.383333,6.28,12000
295.982917,27.135556,6.28,16000
299.735000,-30.538056,6.28,4850
301.222083,68.027222,6.28,3050
310.350417,-26.000000,6.28,4700
312.909583,-62.429167,6.28,9500
324.775417,-33.679167,6.28,5200
326.600000,25.563333,6.28,4550
330.549583,-17.903611,6.28,5300
339.122083,-40.582778,6.28,9250
341.829583,-34.161111,6.28,4850
344.386667,3.810278,6.28,4850
345.345833,-22.790833,6.28,8750
358.270000,2.090556,6.28,9750
12.236250,-46.697778,6.27,5200
13.448333,52.689167,6.27,8750
13.771667,48.678611,6.27,3200
21.775833,34.377500,6.27,6450
26.232500,20.083056,6.27,5700
47.088333,18.795000,6.27,3500
48.256250,-35.943889,6.27,14000
54.853333,75.739722,6.27,5100
65.161250,-6.245556,6.27,5200
76.252500,-54.407500,6.27,3200
76.538750,-73.037778,6.27,9750
78.865417,22.284722,6.27,9500
81.192500,-52.316389,6.27,10000
83.408333,34.725833,6.27,9250
83.981250,27.662222,6.27,5000
92.144167,-44.356111,6.27,14000
92.446667,-26.700833,6.27,5200
96.687083,-7.511389,6.27,10000
95.755417,-63.683056,6.27,3350
96.231667,-63.827778,6.27,18000
101.048333,53.296389,6.27,5000
104.357083,11.907500,6.27,7200
104.662500,7.621944,6.27,9250
104.665000,-55.729444,6.27,4700
105.177500,-28.489444,6.27,6750
114.069167,-8.311389,6.27,4700
114.560417,24.360278,6.27,7500
122.346250,42.430556,6.27,4550
122.176667,13.640833,6.27,7050
124.565833,54.143611,6.27,4250
135.526667,-39.402500,6.27,4850
142.259167,-1.256944,6.27,7500
142.887083,-66.719444,6.27,4850
148.764167,61.116111,6.27,5000
151.313333,-36.383889,6.27,4850
152.147917,-15.611667,6.27,10000
155.804583,-30.162222,6.27,7500
155.918333,-41.953333,6.27,5200
161.060417,19.758611,6.27,8750
161.110417,-72.443889,6.27,6600
169.299167,-38.014444,6.27,9250
169.901250,-75.142500,6.27,12000
174.634167,33.625556,6.27,4700
175.431667,55.172500,6.27,4250
177.789167,33.375000,6.27,8750
181.117083,85.587222,6.27,6600
184.829583,23.034722,6.27,8750
192.174167,48.466944,6.27,8500
204.920000,-39.748056,6.27,2900
210.550833,45.753611,6.27,4700
215.813750,1.241667,6.27,5900
216.371667,38.393056,6.27,4700
217.928333,60.225556,6.27,7500
226.557917,-36.264167,6.27,4250
231.472083,19.480833,6.27,6000
254.266667,-19.540000,6.27,18000
259.876250,-50.063333,6.27,6300
276.243750,27.395278,6.27,10000
280.558750,-81.807778,6.27,14000
277.025833,-26.757222,6.27,9250
289.118750,-69.190556,6.27,8500
288.830417,50.070833,6.27,5200
293.890000,-12.252778,6.27,5000
295.915000,57.042500,6.27,4700
303.146667,0.867500,6.27,12000
304.762500,-63.231111,6.27,5000
304.014167,38.897778,6.27,9750
305.134583,-55.050833,6.27,3500
305.420833,-49.999444,6.27,6000
307.502917,72.531667,6.27,4400
311.765000,-2.486667,6.27,4700
311.970000,52.407222,6.27,5300
317.695417,-9.353889,6.27,5000
318.370000,15.982500,6.27,8250
331.463333,48.231667,6.27,26000
332.587917,-3.894167,6.27,9750
7.235833,36.900000,6.26,5500
7.179583,-50.532778,6.26,5000
19.127917,79.910000,6.26,6750
21.174583,-44.528333,6.26,4850
28.211667,51.474722,6.26,9250
28.739583,37.128333,6.26,5000
40.860833,-66.714444,6.26,6750
43.338333,48.569444,6.26,5500
47.820000,-16.025278,6.26,5000
61.485417,-8.856111,6.26,9250
67.850000,40.010278,6.26,14000
72.029167,55.602500,6.26,7500
72.425833,-13.769722,6.26,6750
84.317500,66.696111,6.26,8000
84.042917,-28.707778,6.26,9500
96.009583,8.884722,6.26,14000
103.281667,44.839444,6.26,8000
103.509583,-50.611667,6.26,5000
104.913750,-21.603333,6.26,26000
113.306250,-40.058889,6.26,14000
121.791250,43.260278,6.26,9750
122.448750,-42.640556,6.26,16000
133.830417,-45.041667,6.26,24000
142.385000,-4.247222,6.26,5400
146.777917,-65.072500,6.26,16000
160.350833,-1.741667,6.26,4850
161.080833,-70.860000,6.26,8750
176.302500,-49.069722,6.26,4850
177.097917,-10.313333,6.26,6450
179.182917,-47.072500,6.26,6750
183.877083,-41.913056,6.26,5000
186.700833,-48.913333,6.26,5700
188.262083,10.295556,6.26,5200
188.343333,-19.791944,6.26,7200
189.981667,-66.511667,6.26,14000
191.889167,-6.301944,6.26,6450
193.554583,33.534444,6.26,8250
196.200417,-41.196667,6.26,3050
200.173333,2.941667,6.26,9250
210.903333,7.546389,6.26,5100
218.409583,79.660278,6.26,4550
238.915833,18.620556,6.26,14000
250.143750,-20.408611,6.26,5100
255.463333,-18.885556,6.26,5000
264.361667,-38.065556,6.26,5800
264.785417,2.028056,6.26,5000
270.238333,15.093333,6.26,5500
290.404583,-19.234167,6.26,20000
289.902083,54.376111,6.26,9750
295.076250,-54.417500,6.26,5000
296.142083,13.302778,6.26,12000
301.896250,-55.016389,6.26,6300
301.185833,63.890556,6.26,9500
302.837917,21.875556,6.26,28000
336.419583,18.444444,6.26,5000
346.948750,63.633333,6.26,24000
354.415833,16.825556,6.26,9750
355.362083,49.512222,6.26,9000
359.284583,-26.623611,6.26,4550
359.588333,-15.847500,6.26,5000
3.509583,33.206111,6.25,9750
19.056250,87.145278,6.25,4700
17.005417,32.012222,6.25,6750
19.542500,47.419722,6.25,5000
26.192083,57.089167,6.25,9500
36.316667,56.610000,6.25,26000
37.569167,33.833889,6.25,4850
39.276667,32.891944,6.25,6300
40.065417,6.111944,6.25,7050
41.742917,35.983611,6.25,5200
42.378333,57.084167,6.25,8750
45.467917,5.336111,6.25,5000
49.007917,34.688611,6.25,9750
48.750833,-26.100278,6.25,8750
53.655833,-9.868611,6.25,9500
56.953750,32.195000,6.25,6000
58.017917,31.168333,6.25,8750
63.457917,12.753333,6.25,5000
68.387083,18.016667,6.25,12000
70.934167,-41.064722,6.25,4550
77.741667,-2.253889,6.25,4850
81.523750,16.700278,6.25,26000
85.875833,-39.406944,6.25,7050
87.857083,32.125000,6.25,3050
89.395833,66.096111,6.25,5000
94.244583,23.740833,6.25,24000
96.374583,-35.063889,6.25,4550
118.622083,47.386111,6.25,4700
120.200000,19.816111,6.25,4850
119.211250,-59.126389,6.25,3500
131.528750,-11.006389,6.25,4250
132.634167,33.285278,6.25,6450
133.274583,59.056111,6.25,6750
134.815417,-28.806111,6.25,5200
138.810833,-45.555556,6.25,14000
143.496250,23.453889,6.25,3950
152.824167,-7.316667,6.25,9500
153.782083,59.985556,6.25,3500
153.330833,-27.028889,6.25,7750
161.570000,-60.603333,6.25,10000
171.973750,-1.700000,6.25,4700
186.186250,-41.384167,6.25,4700
189.718750,-67.193056,6.25,28000
193.457083,12.418611,6.25,8250
198.105833,80.471389,6.25,5000
214.136667,20.121389,6.25,6300
220.513333,61.261944,6.25,7200
233.018333,-38.623056,6.25,8250
235.043333,12.053056,6.25,5300
240.718333,-62.541667,6.25,12000
242.020417,17.054444,6.25,4850
243.235417,-4.220833,6.25,9750
247.761667,35.225000,6.25,4250
253.544167,-1.612222,6.25,7500
259.148333,-74.533056,6.25,10000
275.380833,-24.915000,6.25,2750
279.887917,40.935000,6.25,12000
282.404583,0.835833,6.25,9750
287.440833,65.978611,6.25,10000
288.888333,-24.179167,6.25,6150
289.136667,-33.521667,6.25,6000
291.092083,16.937778,6.25,9500
292.325000,0.246111,6.25,4700
292.695417,36.228611,6.25,12000
294.925000,-45.278056,6.25,7200
297.229583,-52.888056,6.25,4850
297.823750,9.630278,6.25,9750
306.720833,-37.403056,6.25,4700
307.031250,8.437500,6.25,5100
309.477500,18.269167,6.25,2600
314.900417,-19.035278,6.25,12000
315.792500,-27.731944,6.25,5000
315.762500,1.531944,6.25,6750
317.387500,-20.556389,6.25,7350
323.324583,45.854167,6.25,4850
324.390833,-0.390278,6.25,9500
341.367500,19.366667,6.25,5400
351.811667,1.122500,6.25,5300
352.383750,-4.532778,6.25,4550
0.432500,42.367222,6.25,12000
0.740000,-20.046111,6.25,6600
1.233333,26.648889,6.25,4400
3.733750,22.284167,6.24,9750
19.265000,-66.398056,6.24,10000
24.407083,-9.403889,6.24,6450
28.724167,40.701944,6.24,4700
38.477500,-51.093611,6.24,6600
44.103333,64.332500,6.24,4550
52.359167,46.937778,6.24,16000
67.540417,-13.592222,6.24,5500
75.500000,1.608889,6.24,14000
82.419167,29.186389,6.24,6600
83.843750,-4.425278,6.24,26000
90.729583,32.635833,6.24,6900
94.668750,9.047222,6.24,5000
95.941667,-15.071667,6.24,4700
96.367083,14.721944,6.24,4000
99.478750,73.695556,6.24,7200
98.195417,-11.166389,6.24,5100
103.343750,10.996389,6.24,5000
109.517083,30.955833,6.24,10000
111.211250,-19.012222,6.24,9500
112.712917,-5.226389,6.24,5000
115.197083,13.770833,6.24,5000
128.139583,53.114722,6.24,5000
128.340833,36.436389,6.24,6750
128.376667,-46.971111,6.24,4550
142.457917,-23.345278,6.24,5000
143.333750,-7.190000,6.24,5000
145.410417,25.912778,6.24,4700
147.625417,4.343611,6.24,6450
148.632083,-22.488333,6.24,9500
152.066250,31.604167,6.24,6900
152.485417,-12.095833,6.24,8750
160.630417,-13.975000,6.24,4700
172.948333,-20.776667,6.24,6450
186.600833,71.929722,6.24,5200
188.447500,33.384722,6.24,5000
192.581667,-48.459722,6.24,10000
193.102500,-53.829444,6.24,5200
210.982500,4.900833,6.24,6900
213.305000,-26.612222,6.24,5000
213.597917,41.518889,6.24,4550
234.047500,-33.092778,6.24,14000
236.689167,-6.120278,6.24,5000
250.297917,-1.000556,6.24,8250
262.032083,-63.036389,6.24,16000
265.516250,-50.510556,6.24,3050
265.841667,14.295000,6.24,6750
267.543750,78.306667,6.24,4250
285.407500,-22.695556,6.24,4250
298.668333,-61.170833,6.24,9000
313.645833,-50.727778,6.24,20000
353.427917,45.058056,6.24,5200
355.477083,57.260000,6.24,5200
357.381667,-15.861111,6.24,4700
358.336667,-24.229167,6.24,9250
0.857083,63.641944,6.24,24000
2.217500,25.462778,6.23,5000
5.606250,13.482500,6.23,4550
14.593333,-60.696389,6.23,8750
20.143750,-3.246944,6.23,4850
30.793750,73.850556,6.23,8750
32.854167,31.526389,6.23,9750
37.726667,17.703889,6.23,5500
54.909583,-3.393056,6.23,5500
63.395000,10.212222,6.23,14000
65.899583,42.428056,6.23,9750
66.752917,2.079444,6.23,4850
74.321667,-1.067222,6.23,7200
81.510000,-5.518333,6.23,12000
85.334583,53.481111,6.23,4850
91.391667,33.599167,6.23,12000
97.116667,16.238333,6.23,5500
104.426667,-27.537500,6.23,26000
104.323333,-35.507500,6.23,6300
107.538750,-18.685278,6.23,7500
110.577083,-2.978889,6.23,6750
117.369167,-13.353333,6.23,14000
118.920000,35.412778,6.23,9250
121.614583,-9.245000,6.23,12000
122.745000,14.629444,6.23,9750
133.119167,28.259167,6.23,3050
146.378333,78.134722,6.23,4700
158.553750,-60.987778,6.23,4700
165.601667,-26.831389,6.23,7350
181.486250,-35.693889,6.23,14000
181.582500,-68.650833,6.23,5700
182.880833,-51.359444,6.23,5400
184.631667,30.249167,6.23,7750
205.162917,28.065278,6.23,4550
210.293750,27.386667,6.23,8250
222.278750,-56.667778,6.23,4850
235.242917,-47.735556,6.23,4250
245.662083,-2.079722,6.23,12000
250.764167,-46.070556,6.23,6750
266.417917,31.504722,6.23,10000
280.465000,-23.833333,6.23,8750
281.230833,54.896667,6.23,5500
285.536250,-41.910000,6.23,10000
287.015000,21.698889,6.23,7050
295.489583,40.253889,6.23,8500
298.090833,18.671944,6.23,39000
305.063333,39.403333,6.23,9750
314.070833,56.887500,6.23,26000
333.660833,-41.381667,6.23,5500
338.970417,-57.883611,6.23,8750
339.592500,-7.897778,6.23,6000
355.169167,36.720833,6.23,7350
13.101250,-69.504444,6.22,6450
23.943333,14.661389,6.22,12000
35.740833,-18.354444,6.22,5500
41.085417,-32.525000,6.22,9750
44.210833,51.260833,6.22,4250
58.304167,-18.434444,6.22,4250
64.534167,42.141111,6.22,12000
69.846250,25.218333,6.22,8750
75.204167,-5.753333,6.22,4550
82.837083,-6.708333,6.22,26000
83.516250,-1.035556,6.22,26000
85.155417,-2.825000,6.22,28000
86.769583,-28.639167,6.22,20000
89.475833,1.224444,6.22,3500
90.079167,44.591944,6.22,4700
89.548750,-0.994167,6.22,5000
90.073750,-12.899722,6.22,7500
94.782917,-8.586389,6.22,12000
96.985833,20.496111,6.22,9500
104.674167,-45.768056,6.22,10000
112.197083,15.109444,6.22,12000
119.333333,-47.890278,6.22,20000
120.461250,8.913889,6.22,6000
130.750833,46.901111,6.22,5200
146.480833,-58.794167,6.22,6750
154.012917,-59.903333,6.22,8750
174.600417,-2.436111,6.22,5100
175.514583,-20.293889,6.22,5000
179.221667,61.549167,6.22,5200
180.715000,-7.683611,6.22,4250
182.102500,-60.847222,6.22,4550
183.570000,-64.408611,6.22,28000
184.097917,-72.614722,6.22,10000
186.965000,-4.615278,6.22,8000
187.106250,-61.795278,6.22,4700
188.870833,-61.841944,6.22,5700
198.212083,-42.699722,6.22,5000
200.786250,-33.190000,6.22,3350
214.265833,-18.585278,6.22,5500
215.778333,25.338056,6.22,6750
220.482083,-58.616111,6.22,6900
225.492083,-34.358889,6.22,8000
232.651250,-20.728333,6.22,8750
232.930833,-20.164722,6.22,8000
233.040417,16.056111,6.22,12000
258.082500,-70.721111,6.22,4850
267.084167,3.804167,6.22,12000
275.762083,16.688056,6.22,5000
278.253750,-39.892222,6.22,6750
278.630000,-52.891944,6.22,4700
281.348750,-56.881667,6.22,4550
284.094583,-1.800000,6.22,12000
283.442917,57.486944,6.22,4250
284.694167,40.679167,6.22,24000
283.388333,75.787500,6.22,9750
289.755000,37.445278,6.22,10000
295.810833,58.016389,6.22,6000
303.099583,-42.780556,6.22,4850
302.764583,21.134722,6.22,5000
304.381250,29.148056,6.22,5100
306.596667,17.315556,6.22,5000
309.964167,-62.907778,6.22,4850
309.326250,0.096944,6.22,14000
309.805000,-2.412778,6.22,16000
310.492500,17.521389,6.22,5200
325.806250,-19.620833,6.22,9250
329.729167,-4.373056,6.22,4700
335.975833,38.573611,6.22,6750
0.330417,49.981667,6.22,5300
7.729167,77.019444,6.21,5000
12.890417,51.571111,6.21,12000
14.053750,57.996667,6.21,4550
15.678750,-65.456111,6.21,3200
21.010417,-8.007500,6.21,7500
26.074583,57.536389,6.21,9250
30.927500,18.253333,6.21,4400
34.795417,46.472500,6.21,9000
38.417500,-20.001944,6.21,5000
39.653750,3.443056,6.21,5100
43.527083,-50.871389,6.21,4400
56.956667,-36.105833,6.21,14000
67.659583,32.458056,6.21,12000
67.857917,-13.645000,6.21,9250
78.499583,-14.606667,6.21,7200
82.582500,4.204167,6.21,4700
85.831250,23.204167,6.21,26000
85.422917,-16.725556,6.21,24000
99.658750,1.613611,6.21,33000
101.550417,-37.775556,6.21,22000
103.675417,-1.756389,6.21,24000
103.480417,-24.539167,6.21,9750
107.334583,-10.347222,6.21,42000
113.342083,-14.338333,6.21,28000
115.842500,22.399444,6.21,5000
115.722083,-58.230000,6.21,5000
121.404167,27.529722,6.21,10000
123.968750,-30.925833,6.21,5500
131.599167,-41.125556,6.21,12000
131.272083,-58.725000,6.21,16000
149.775417,-23.950278,6.21,22000
151.697500,5.611389,6.21,4850
161.265000,-59.684167,6.21,5928
168.725000,-43.734167,6.21,4400
170.224167,67.100556,6.21,5200
174.962917,-14.468611,6.21,9750
179.265417,-33.315278,6.21,10000
185.116667,-65.842778,6.21,12000
187.512083,51.535556,6.21,6600
187.708750,53.076667,6.21,6300
200.374583,-19.488889,6.21,9500
205.065000,31.011944,6.21,5500
206.190417,-25.500833,6.21,5000
215.856667,-11.714167,6.21,5300
238.876667,-31.083611,6.21,4400
240.223750,-40.435278,6.21,10000
240.977917,-24.726389,6.21,5000
243.104583,67.144167,6.21,5200
255.417500,75.297222,6.21,7500
258.964583,-30.210556,6.21,12000
261.154583,-18.445833,6.21,12000
261.758750,-12.512500,6.21,6450
268.161667,-6.143611,6.21,6300
270.000417,-20.339167,6.21,5000
270.625417,22.923056,6.21,24000
270.787500,48.464444,6.21,9500
278.971667,16.975556,6.21,5800
282.011250,4.241389,6.21,4250
284.599167,6.240278,6.21,6750
297.590417,-61.061389,6.21,20000
301.339583,56.341389,6.21,6900
304.871667,13.216944,6.21,3350
307.070000,2.936944,6.21,5200
312.335417,-18.035833,6.21,4550
312.496250,5.544722,6.21,5000
315.140833,-4.730278,6.21,5900
318.811250,-40.506389,6.21,4700
324.998750,-52.359167,6.21,6450
326.769583,17.194167,6.21,7050
333.999167,8.549444,6.21,9750
339.945833,19.681111,6.21,9500
342.542500,50.676944,6.21,5600
345.157917,0.185833,6.21,5600
345.348333,-7.061111,6.21,4250
346.988333,64.222500,6.21,5000
358.782500,7.071111,6.21,12000
13.811250,24.556944,6.20,2900
20.654167,1.726389,6.20,4250
22.095417,7.961389,6.20,4850
50.824167,-7.794167,6.20,5800
53.486667,-31.080278,6.20,6750
76.706667,43.174722,6.20,7200
78.684583,53.213889,6.20,10000
88.231250,68.471389,6.20,5100
82.557917,-84.785000,6.20,12000
90.640833,-14.497222,6.20,5500
97.792083,16.938611,6.20,4700
97.749167,-40.916389,6.20,4550
101.847917,18.193333,6.20,9500
122.292500,-35.455000,6.20,5200
123.055417,17.647778,6.20,5500
132.205833,66.708056,6.20,14000
135.297500,-26.663889,6.20,4850
141.618750,-40.501944,6.20,8250
149.248750,-69.101944,6.20,24000
150.418750,-53.364444,6.20,26000
150.491667,-57.349722,6.20,4850
157.744583,-7.637500,6.20,4250
163.675833,25.490833,6.20,8000
164.986667,77.770000,6.20,5100
172.937083,14.364444,6.20,6000
188.994167,-20.527222,6.20,7500
195.161667,18.373056,6.20,6600
199.119167,68.408056,6.20,12000
202.193333,-69.628056,6.20,8750
209.630000,-65.800556,6.20,5000
210.632500,9.686389,6.20,6300
211.545417,-43.091944,6.20,5200
214.337917,51.307222,6.20,9500
219.249167,-12.305278,6.20,6750
224.983333,-75.032500,6.20,12000
228.398333,38.264722,6.20,4700
229.881667,-37.096667,6.20,5400
230.397083,-40.749722,6.20,9750
250.939583,-41.118889,6.20,9000
268.219583,-41.996667,6.20,6300
268.725000,-24.887222,6.20,39000
276.985417,-17.800000,6.20,14000
279.190000,43.221944,6.20,7500
295.180833,-16.293333,6.20,4700
294.893333,45.958056,6.20,5200
295.466667,50.517500,6.20,5800
297.830833,47.377222,6.20,7200
300.313750,37.098889,6.20,5000
299.902500,76.481389,6.20,3050
305.731250,42.983333,6.20,5000
309.348333,38.328611,6.20,5000
317.836250,-72.544167,6.20,4850
324.512083,-64.824167,6.20,10000
324.366250,44.696667,6.20,8250
325.180417,54.872222,6.20,5000
328.649583,-3.301111,6.20,6750
345.377917,57.105556,6.20,4850
351.787917,-50.157222,6.20,12000
1.825833,-17.386389,6.19,8500
2.170833,36.626667,6.19,6300
6.655833,-0.049722,6.19,5200
7.615833,-40.939444,6.19,7200
16.115000,29.658611,6.19,6450
18.247917,30.064167,6.19,5100
25.978333,-4.765556,6.19,5000
37.306667,23.468889,6.19,8750
45.538750,-6.494722,6.19,6000
46.962083,-27.831111,6.19,8750
54.855833,-10.437222,6.19,5500
59.157917,-9.750833,6.19,7350
65.741250,59.616389,6.19,9000
71.607500,-28.087500,6.19,9250
75.710000,66.822778,6.19,6600
76.090000,21.278056,6.19,5000
82.566250,-63.927778,6.19,7500
84.472500,-4.813611,6.19,26000
85.548333,-30.535556,6.19,10000
95.900000,-9.874444,6.19,4250
98.358750,-52.328889,6.19,5200
100.807500,37.146944,6.19,5000
100.777083,3.033333,6.19,5000
111.071667,-22.912778,6.19,14000
114.635833,-38.781111,6.19,5200
115.772500,0.189444,6.19,5000
121.335000,-46.978889,6.19,24000
128.270000,-24.606389,6.19,8000
129.362917,-4.933611,6.19,5000
134.425000,9.387778,6.19,5200
142.317917,-38.403889,6.19,8250
144.192917,-52.944167,6.19,5000
150.749583,-60.178611,6.19,8500
153.837083,-36.518056,6.19,5000
156.184583,-73.971667,6.19,9500
157.536250,-66.985000,6.19,22000
164.807500,-84.593889,6.19,9750
174.960000,-16.620278,6.19,3050
185.545000,24.773889,6.19,10000
187.911250,-5.052500,6.19,5100
190.393333,10.426389,6.19,8250
196.973333,27.555833,6.19,4400
198.790417,-36.371111,6.19,4850
199.644167,-51.286111,6.19,10000
206.396250,-15.767500,6.19,9500
208.467500,-35.314444,6.19,4850
208.742500,-8.058889,6.19,6300
214.920417,0.384167,6.19,8250
216.076250,8.085000,6.19,4400
230.173333,44.434167,6.19,7050
234.368750,-26.280000,6.19,16000
238.345000,-62.606944,6.19,4550
237.910000,-14.133611,6.19,5200
240.788750,59.410833,6.19,3350
242.382083,-32.649722,6.19,5000
254.358750,-10.963333,6.19,5200
256.452500,-44.105000,6.19,9000
257.763333,24.237778,6.19,8000
261.275833,-24.243611,6.19,4850
261.734583,-51.949167,6.19,14000
265.049167,-2.152500,6.19,4700
266.072083,14.410278,6.19,9250
274.350000,-28.652500,6.19,8750
283.260417,-48.360000,6.19,9500
283.248333,-46.585833,6.19,9750
289.450833,2.031667,6.19,9750
291.357500,24.912778,6.19,6450
301.290833,38.478333,6.19,5500
307.746667,36.935833,6.19,6750
308.884167,-16.525833,6.19,8250
307.262917,83.625556,6.19,9250
315.600417,44.791111,6.19,2900
319.346667,42.683333,6.19,16000
329.058333,-57.899444,6.19,8750
331.551667,45.248611,6.19,9250
342.125833,-10.555556,6.19,7750
342.252917,68.570278,6.19,6750
343.642083,-7.204722,6.19,4550
351.032500,-18.687500,6.19,5200
0.128750,59.559722,6.19,5100
1.708750,-23.107500,6.18,8250
7.855417,66.519444,6.18,18000
21.398750,23.511667,6.18,6750
24.186667,-58.270833,6.18,3050
26.820000,-41.760000,6.18,4250
36.140833,-40.840556,6.18,5800
36.779167,27.013333,6.18,4250
38.767083,7.471389,6.18,5400
39.574167,37.726667,6.18,6600
42.231250,69.634167,6.18,9250
62.343333,54.828889,6.18,6750
79.668333,40.465000,6.18,5000
80.235833,19.814167,6.18,5000
83.411667,20.474167,6.18,18000
86.804167,-54.360833,6.18,4550
92.932083,-4.665556,6.18,12000
99.502500,-61.533056,6.18,5900
115.348333,-22.337222,6.18,3350
114.017500,-77.634167,6.18,3500
117.140000,23.141111,6.18,5800
116.054167,-69.821389,6.18,10000
117.697500,3.277222,6.18,4850
125.054583,-0.909444,6.18,6150
127.832917,37.265833,6.18,10000
134.916250,-19.208056,6.18,6600
142.692083,-31.889444,6.18,10000
143.376250,36.486944,6.18,4400
156.321667,-42.468056,6.18,5200
200.145417,-59.773333,6.18,7050
200.648750,-60.972222,6.18,26000
207.527083,-29.081389,6.18,10000
210.757083,-31.683889,6.18,6300
222.750417,-0.257222,6.18,4550
229.672083,-31.209444,6.18,5400
234.826250,-77.918056,6.18,4700
236.973333,-65.442500,6.18,8750
244.230417,-3.953333,6.18,7750
249.719583,-60.990278,6.18,16000
250.210417,-60.446111,6.18,7200
266.940000,-22.478056,6.18,5400
268.265000,-10.899722,6.18,4850
274.917500,-63.886944,6.18,6150
282.899583,28.783611,6.18,4850
287.846250,40.429167,6.18,9250
294.607917,-57.983333,6.18,5000
296.645833,32.888611,6.18,4550
298.573750,-23.941111,6.18,4700
302.130417,-10.062778,6.18,12000
305.126667,53.596111,6.18,4400
307.742083,20.605833,6.18,9750
307.837917,52.309722,6.18,5000
324.734167,-79.442500,6.18,6900
324.432083,6.618333,6.18,9500
329.259167,-37.746944,6.18,7350
332.579167,19.616944,6.18,6000
344.419583,39.308889,6.18,26000
352.252500,-9.266111,6.18,5000
353.694583,38.023889,6.18,3950
3.742500,-34.904444,6.17,4550
4.448750,1.688889,6.17,5000
10.629583,58.753333,6.17,12000
22.912917,-45.575556,6.17,9500
25.326667,25.745833,6.17,7200
25.363750,-38.133056,6.17,7200
49.003750,-5.918611,6.17,12000
53.534583,17.832778,6.17,4850
57.431250,23.711667,6.17,14000
61.662500,65.520833,6.17,9250
65.220000,13.864167,6.17,6600
76.348750,1.177500,6.17,3600
76.909583,9.471944,6.17,5900
78.263333,61.850000,6.17,9500
84.932083,75.043889,6.17,3500
86.781667,-16.237778,6.17,5800
87.869167,-22.926111,6.17,5000
92.400833,-5.711111,6.17,7050
99.417917,2.704167,6.17,4850
105.470417,-1.345556,6.17,5500
114.799583,24.222500,6.17,9500
114.975417,32.009722,6.17,6600
119.099583,4.485833,6.17,5200
132.590000,-28.618056,6.17,12000
134.284167,17.143889,6.17,4850
136.749583,1.462778,6.17,3350
144.105417,-48.751389,6.17,8750
146.825000,79.136667,6.17,7500
146.152917,64.983889,6.17,7050
164.824583,51.882222,6.17,5000
174.540833,8.884167,6.17,4850
176.779167,-35.906944,6.17,5200
178.361667,-35.066667,6.17,9500
179.764167,0.530556,6.17,4700
180.077500,80.853056,6.17,3200
182.510417,-34.705000,6.17,10000
183.195000,-70.151944,6.17,6600
193.972083,-15.326944,6.17,10000
202.500417,7.178889,6.17,4250
211.443750,-54.669444,6.17,8750
212.216250,-43.471111,6.17,12000
216.851667,-6.120278,6.17,9500
226.986667,-65.275556,6.17,4550
226.612917,-22.031944,6.17,4850
228.640417,-17.768611,6.17,12000
227.683750,67.781389,6.17,8000
230.223750,-18.158611,6.17,5200
256.172083,19.599167,6.17,12000
259.059167,2.186111,6.17,9500
263.102083,-34.279722,6.17,7200
263.382083,57.558889,6.17,5500
266.141667,2.579444,6.17,9750
267.681250,11.946667,6.17,4850
268.331667,-34.730556,6.17,14000
276.038333,83.175278,6.17,9500
281.672500,18.705833,6.17,4250
291.089167,-43.723056,6.17,3350
300.105417,-49.351111,6.17,5000
299.844583,1.377778,6.17,5200
306.226667,-83.310556,6.17,8750
305.717917,14.551389,6.17,6300
316.935833,-17.455278,6.17,10000
318.542917,29.901111,6.17,5400
325.535000,45.765833,6.17,2900
326.908750,-5.917222,6.17,8250
327.329167,61.272778,6.17,3350
327.770417,39.536667,6.17,12000
333.239583,-26.327778,6.17,9250
334.249167,-23.140000,6.17,5500
334.734167,37.769444,6.17,7750
335.232500,8.186667,6.17,6600
340.592083,-29.360833,6.17,2750
347.955000,26.847222,6.17,5200
350.170417,-5.908056,6.17,5000
352.530833,49.133056,6.17,4550
356.120417,-26.246389,6.17,6900
2.996250,48.152500,6.16,4400
13.573333,-8.740833,6.16,5500
28.960417,-78.348333,6.16,6750
49.019583,45.345833,6.16,3200
48.408333,-29.804167,6.16,4850
54.857083,16.536667,6.16,5000
59.360000,24.461944,6.16,5000
65.041667,31.953333,6.16,4250
67.333333,-46.515278,6.16,4850
81.445833,0.520833,6.16,26000
81.807500,15.257778,6.16,9750
84.318750,-27.871389,6.16,7500
94.523333,14.382778,6.16,9250
97.312083,2.646111,6.16,3350
97.644583,-13.148056,6.16,28000
107.151250,37.445000,6.16,4850
108.030833,5.474722,6.16,5000
117.730000,-11.128611,6.16,5000
123.995417,-35.902778,6.16,4700
124.346250,-16.285000,6.16,9500
125.350833,-39.620833,6.16,9250
132.687917,18.832222,6.16,9500
140.363333,32.901944,6.16,4550
153.095833,-52.163333,6.16,4700
153.819167,-54.974167,6.16,26000
164.808333,-61.320278,6.16,14000
173.097083,-26.746667,6.16,3350
180.370833,-57.503611,6.16,10000
183.680833,53.434722,6.16,5000
191.257083,-68.831111,6.16,6600
198.233333,-59.816667,6.16,6000
198.489583,-43.138889,6.16,4400
200.719583,-47.943056,6.16,9000
203.022083,-38.399167,6.16,4850
205.552917,8.388333,6.16,7050
208.958333,14.056389,6.16,6600
222.277917,37.811111,6.16,7200
226.917917,5.498056,6.16,5000
241.850000,-56.191389,6.16,7200
249.229167,63.072778,6.16,4250
250.743333,55.690278,6.16,9500
261.261250,-34.696389,6.16,10000
272.730000,-33.799722,6.16,28000
274.400417,-34.107222,6.16,24000
275.500833,-28.430000,6.16,9250
286.718750,-37.810278,6.16,5500
288.997500,27.926944,6.16,6600
295.906667,-37.538889,6.16,14000
295.171667,43.077778,6.16,3200
301.120000,48.229722,6.16,9500
307.380417,-22.391667,6.16,3350
314.628333,41.940278,6.16,16000
322.864583,52.620000,6.16,5800
324.687500,25.498889,6.16,5100
327.924167,-18.623056,6.16,7500
335.750833,57.284444,6.16,14000
337.826667,-2.911111,6.16,5000
344.564583,-2.395278,6.16,5200
4.090000,43.594722,6.15,9500
11.350417,-4.629167,6.15,3500
11.250000,-53.715000,6.15,6450
11.369583,-12.880833,6.15,6000
12.576250,45.002222,6.15,10000
20.115833,-11.238889,6.15,4850
21.202917,-2.848611,6.15,5200
31.705000,25.704722,6.15,12000
37.660000,19.855278,6.15,7750
41.044583,-52.570556,6.15,9500
48.040000,42.376111,6.15,22000
46.955000,-69.265556,6.15,4850
51.010417,-69.624722,6.15,6000
67.015000,1.858611,6.15,5100
74.436667,-14.231389,6.15,28000
78.797083,59.405556,6.15,4700
78.826667,-1.409167,6.15,7500
81.726250,35.457222,6.15,4700
81.713750,33.262778,6.15,5000
84.312917,64.154722,6.15,10000
86.035833,61.476667,6.15,5500
85.559583,-17.530278,6.15,5000
86.110417,-22.421667,6.15,4700
92.755417,-6.754167,6.15,10000
96.643750,-4.597222,6.15,26000
97.078333,10.303889,6.15,4700
97.794167,-61.879722,6.15,24000
99.469583,4.957222,6.15,28000
102.265417,1.001944,6.15,24000
118.666250,-34.846944,6.15,4400
121.188333,18.842222,6.15,12000
125.625833,-6.179167,6.15,8000
129.927500,73.629722,6.15,5300
137.181250,-26.767778,6.15,9000
145.864583,-51.228333,6.15,18000
156.752083,19.364444,6.15,5000
162.238333,29.415833,6.15,4850
165.035833,-51.817778,6.15,9250
172.960000,81.127222,6.15,9500
177.255000,-0.318611,6.15,6450
184.447083,-36.093889,6.15,10000
185.073750,26.001944,6.15,7500
187.139167,-56.407778,6.15,5000
192.991250,-26.738056,6.15,10000
210.748750,50.971944,6.15,9500
214.125417,-3.196389,6.15,9750
224.653333,-39.906667,6.15,4700
232.185417,47.201389,6.15,9250
238.719167,-60.743333,6.15,12000
246.341667,-63.124722,6.15,9750
254.150000,-40.823611,6.15,30000
270.399583,33.311389,6.15,4250
272.125417,-45.767222,6.15,16000
271.375833,21.646944,6.15,4550
276.340417,-35.991667,6.15,5000
276.237500,-1.579444,6.15,6600
280.650417,-7.073333,6.15,5000
282.068333,23.514167,6.15,6300
284.106667,2.471111,6.15,5200
298.667917,7.140278,6.15,9500
299.814167,52.055833,6.15,20000
306.156250,1.068611,6.15,12000
310.665417,60.601389,6.15,9500
317.117500,6.989444,6.15,4250
319.730417,41.040833,6.15,8750
318.339583,81.230833,6.15,9250
321.030833,25.312222,6.15,9500
323.614583,51.698333,6.15,12000
324.411250,54.042222,6.15,4850
328.490833,6.864444,6.15,6000
332.980417,-76.116111,6.15,5000
334.155833,-25.898333,6.15,4850
334.140000,-1.596389,6.15,8750
338.860000,-78.771667,6.15,4850
345.635833,-6.574167,6.15,3200
347.148750,-73.586389,6.15,4550
350.976250,-53.808333,6.15,9000
359.172917,22.648056,6.15,3200
4.429167,51.433056,6.14,33000
7.466250,-14.864167,6.14,7200
10.137083,-23.804444,6.14,5700
16.532083,-23.992500,6.14,5200
21.165833,-15.660278,6.14,5500
22.717917,66.098056,6.14,9500
27.584167,-47.816389,6.14,4850
42.462500,-24.560278,6.14,4850
44.697500,-9.776389,6.14,9500
44.777500,-28.906944,6.14,4850
49.148750,-9.154444,6.14,7350
55.946667,19.665000,6.14,5200
57.076250,50.736667,6.14,14000
58.572500,-2.952778,6.14,9500
59.016667,-63.463611,6.14,4850
75.827500,41.441667,6.14,9500
76.060417,30.494722,6.14,5000
79.578750,33.767222,6.14,12000
88.072500,58.964167,6.14,10000
89.950417,54.547222,6.14,4700
97.789583,11.250833,6.14,26000
99.585417,-2.543611,6.14,4700
103.340417,-18.933333,6.14,8750
106.383333,-34.777778,6.14,7200
117.035417,-40.652222,6.14,3200
119.302083,-63.296944,6.14,14000
121.437083,-33.569167,6.14,5900
126.457917,17.046111,6.14,6600
133.482083,35.538333,6.14,9000
134.153750,4.236667,6.14,5200
138.053750,3.867222,6.14,10000
138.051250,-76.663056,6.14,4850
142.352083,-2.205278,6.14,7500
142.912083,-10.552222,6.14,7500
145.677917,35.093333,6.14,7050
151.293750,52.370833,6.14,8750
150.892917,-61.883889,6.14,16000
158.355417,-58.190278,6.14,16000
164.070417,22.351667,6.14,4700
165.810833,-0.752500,6.14,7500
169.242500,-7.134722,6.14,8000
174.470833,50.618333,6.14,5100
196.594583,62.041944,6.14,5300
209.082500,-54.131944,6.14,9750
209.365417,-23.022778,6.14,5000
222.225417,-0.847778,6.14,12000
222.097083,24.366667,6.14,7200
236.175417,17.264167,6.14,10000
238.625000,-27.338611,6.14,18000
241.842500,21.822500,6.14,4400
242.194167,17.205833,6.14,10000
243.850000,-42.899722,6.14,4700
243.947500,27.422222,6.14,4700
258.104167,-27.761944,6.14,12000
271.155417,1.919167,6.14,30000
276.381250,-63.021389,6.14,9250
283.007917,13.965556,6.14,14000
284.602500,-22.529444,6.14,9500
300.110417,-43.043333,6.14,3500
301.277917,51.839444,6.14,3350
303.428333,43.379167,6.14,4400
307.943750,56.780000,6.14,4250
331.856250,53.307222,6.14,9250
336.860417,39.809722,6.14,26000
337.826667,-6.555000,6.14,6450
346.303333,-17.079167,6.14,5000
1.653333,29.021389,6.13,5000
8.347083,-71.266111,6.13,8250
11.806667,19.578889,6.13,7500
21.944167,-10.901667,6.13,4400
52.547083,59.366111,6.13,9500
61.170833,-20.381667,6.13,5000
68.752083,-19.920556,6.13,4550
70.807500,24.088889,6.13,6450
79.865833,58.117222,6.13,20000
87.270417,62.808056,6.13,9000
100.690833,-22.449167,6.13,7500
103.811250,43.910000,6.13,7750
121.172917,-19.728056,6.13,24000
125.071250,-5.329167,6.13,4700
125.114167,-22.924722,6.13,5000
129.842083,-36.606944,6.13,7350
131.339167,30.697778,6.13,5500
131.255417,5.680556,6.13,8500
133.127917,-13.233611,6.13,5000
140.182500,51.266111,6.13,7050
142.982500,-10.370556,6.13,5000
152.382500,-35.856667,6.13,6300
155.553750,-19.866944,6.13,9750
156.539583,-42.738889,6.13,4850
164.315417,-75.099722,6.13,4850
166.267500,-49.392500,6.13,12000
168.126667,-18.500000,6.13,10000
177.581250,-15.863889,6.13,5000
178.977917,-39.689167,6.13,5000
181.415417,62.933056,6.13,4700
205.938333,22.700278,6.13,4400
210.329167,-40.222222,6.13,4850
219.100833,-39.597222,6.13,4850
221.336250,18.884722,6.13,5000
225.990833,65.919722,6.13,9500
228.542917,42.171389,6.13,3200
239.139167,-14.829167,6.13,9500
240.276667,-54.577778,6.13,8750
252.974583,-65.375556,6.13,14000
252.418750,43.430556,6.13,5000
252.679583,32.553611,6.13,5000
256.618333,-35.451111,6.13,33000
255.319583,60.649167,6.13,4850
275.368750,5.435833,6.13,24000
283.154167,-29.379444,6.13,4850
287.450417,-19.803611,6.13,4850
288.192083,-50.486389,6.13,5200
292.469167,-55.441389,6.13,5000
292.725000,-21.312222,6.13,9500
297.796250,-2.460833,6.13,4250
298.014583,11.628889,6.13,6000
304.082083,21.598611,6.13,4850
304.824583,-47.580278,6.13,6750
305.085417,14.569167,6.13,5200
307.103750,-3.357778,6.13,12000
308.548750,-13.721111,6.13,6600
319.258333,53.997500,6.13,9750
321.617083,1.103333,6.13,6750
328.836250,61.541944,6.13,5200
331.318333,46.744722,6.13,2900
344.645833,-35.523056,6.13,6300
346.575833,18.517500,6.13,6600
349.583333,-67.471111,6.13,4700
350.183333,44.116389,6.13,8750
14.415417,45.839722,6.12,4700
16.403333,-9.979167,6.12,5000
16.640000,12.956111,6.12,5200
23.711250,-31.892222,6.12,5000
32.606667,-50.824444,6.12,4850
36.965833,50.569722,6.12,6900
47.841250,13.047778,6.12,5000
47.614167,-48.734167,6.12,4850
50.106667,25.662778,6.12,4550
52.556667,-41.370000,6.12,6450
54.997917,-1.120556,6.12,4850
63.213333,22.413611,6.12,12000
65.104583,18.742500,6.12,7050
73.720833,-58.547222,6.12,7050
84.330417,8.951944,6.12,26000
88.555833,10.586944,6.12,5100
89.754167,-9.382222,6.12,7200
91.535417,35.387500,6.12,6000
91.862083,41.854167,6.12,5000
91.670833,-42.298611,6.12,8750
96.085417,-12.962500,6.12,20000
99.420417,-12.985000,6.12,5000
100.308750,-40.349722,6.12,22000
103.256250,38.869167,6.12,7200
106.415833,52.758056,6.12,9250
108.401250,-27.356389,6.12,30000
116.398333,-56.722500,6.12,7500
117.523750,-19.523611,6.12,5000
120.120417,-48.871389,6.12,10000
125.282083,-64.106111,6.12,5400
128.175833,-73.356667,6.12,5200
140.247083,38.188333,6.12,7200
143.258750,-8.505278,6.12,5000
149.295417,-52.638889,6.12,24000
150.920833,-9.573889,6.12,5000
150.835417,-46.636111,6.12,10000
155.459583,14.975556,6.12,9750
157.610833,64.257500,6.12,8250
163.353750,-2.255278,6.12,5000
170.596250,-44.645833,6.12,5200
171.092083,-42.669167,6.12,26000
194.282083,46.176944,6.12,5000
208.003750,-31.619444,6.12,6450
223.994583,32.300278,6.12,9500
230.932083,-1.022500,6.12,7500
233.888333,17.655556,6.12,5200
237.567917,-45.401667,6.12,7750
245.135833,-39.430833,6.12,12000
250.974583,-41.113056,6.12,18000
259.089583,-35.749444,6.12,6000
264.740833,13.329167,6.12,6600
267.199583,19.255278,6.12,9750
273.318750,21.880278,6.12,4400
282.067083,48.767500,6.12,8250
284.588750,-31.036111,6.12,4550
296.861667,47.907778,6.12,3200
299.079167,56.686944,6.12,9000
307.767917,-15.056389,6.12,5500
316.597917,26.924444,6.12,5000
318.945000,-36.210833,6.12,4550
321.564167,-54.660556,6.12,7350
322.219583,55.418611,6.12,14000
327.122500,38.648611,6.12,14000
329.625417,-59.012222,6.12,7050
329.682500,-21.182778,6.12,2900
340.586667,53.908889,6.12,4700
342.199167,54.415000,6.12,20000
343.041250,-63.188611,6.12,5000
343.648750,16.941667,6.12,2900
347.098750,-79.480833,6.12,9250
348.527500,-62.700000,6.12,5200
348.667500,-10.688611,6.12,4250
1.224167,34.659722,6.12,5800
4.142083,8.240000,6.11,5200
4.675417,43.791111,6.11,14000
14.957083,6.483056,6.11,3200
15.507500,-57.002500,6.11,5200
18.141667,45.337778,6.11,3350
23.413333,-78.504722,6.11,5000
35.172500,47.310833,6.11,20000
37.147500,-31.102500,6.11,4700
44.269167,4.501111,6.11,2900
45.049167,38.131667,6.11,14000
45.212500,-2.878611,6.11,3350
46.416250,56.068611,6.11,5100
46.857083,17.880000,6.11,28000
55.192917,25.329444,6.11,9500
56.170417,46.099722,6.11,8250
66.737500,-24.081389,6.11,9500
72.930833,9.975000,6.11,20000
80.964167,-0.867222,6.11,6450
80.592083,-56.134444,6.11,14000
84.066250,47.715278,6.11,7500
90.334167,85.182222,6.11,3500
84.286667,-11.775556,6.11,9500
84.011250,-47.313889,6.11,4700
85.175417,31.920833,6.11,3200
100.321667,11.003333,6.11,3350
101.233750,-70.433889,6.11,4550
102.504583,-60.249167,6.11,6450
106.776667,4.910278,6.11,12000
106.509583,-38.382778,6.11,6000
113.553333,-33.463333,6.11,7750
123.495000,-36.341111,6.11,26000
125.695000,-13.054722,6.11,5300
131.230000,-21.167778,6.11,8750
132.459583,-72.550833,6.11,8750
136.641667,-55.803333,6.11,26000
138.108333,-7.109722,6.11,9250
139.465417,-67.050833,6.11,4700
143.172500,1.864167,6.11,6450
159.709583,-42.753611,6.11,8750
163.754167,-42.251111,6.11,10000
164.451667,-59.731944,6.11,5700
168.237083,-49.736389,6.11,5200
183.794167,-10.312500,6.11,6750
186.285417,-42.514444,6.11,5500
193.296667,-3.553056,6.11,6750
198.301667,18.726944,6.11,5200
202.281667,-64.675833,6.11,8750
203.200417,24.346389,6.11,5200
210.864583,-41.423333,6.11,8750
212.812917,32.295556,6.11,4400
213.416250,-54.625833,6.11,20000
221.231250,-58.477778,6.11,5000
234.703750,34.675000,6.11,5000
246.547917,11.407500,6.11,5200
252.749167,-37.514444,6.11,12000
255.447500,-58.958333,6.11,26000
267.158750,-55.401667,6.11,7750
267.935417,-45.600556,6.11,5400
274.278333,40.936667,6.11,5200
280.870833,53.871944,6.11,9500
294.108750,-18.852778,6.11,7500
297.012500,-13.703333,6.11,8500
297.364583,38.710000,6.11,5500
301.922500,34.423056,6.11,20000
306.427083,-2.800278,6.11,4850
308.965417,-69.611111,6.11,4700
308.710000,51.854167,6.11,7750
314.998750,-36.129722,6.11,6750
320.139583,60.756944,6.11,5500
324.203750,-33.048056,6.11,8250
323.862500,24.452222,6.11,9000
325.392917,40.805278,6.11,9500
332.071667,25.543611,6.11,7350
332.170833,45.741944,6.11,5800
333.456250,63.162500,6.11,14000
343.747917,1.064722,6.11,8250
346.792083,52.816389,6.11,5000
358.097500,21.670833,6.11,3200
13.981250,-27.775556,6.10,3500
28.346667,-38.594722,6.10,4850
29.250417,-51.766111,6.10,6600
29.921250,-66.066389,6.10,4850
32.190417,-17.779444,6.10,3200
32.723750,39.043056,6.10,9750
37.636667,-22.545556,6.10,3350
39.178750,31.607500,6.10,5000
40.535417,-46.524444,6.10,4850
56.117083,20.928611,6.10,10000
56.884167,55.922500,6.10,12000
58.845833,31.045833,6.10,33000
66.775000,-46.947500,6.10,6750
69.946667,-1.052778,6.10,5000
73.728333,-39.628611,6.10,4550
77.513333,-0.565278,6.10,5000
88.671250,-49.626944,6.10,24000
90.825000,42.911667,6.10,5000
93.858333,-9.035278,6.10,12000
104.697500,26.081111,6.10,6450
108.017083,-30.821667,6.10,8000
120.345417,-54.515000,6.10,26000
127.153333,24.144722,6.10,7500
130.076250,31.941944,6.10,6750
131.455417,-25.387500,6.10,9500
141.686667,-28.787500,6.10,18000
143.060833,-62.788889,6.10,2600
153.255417,-59.918056,6.10,22000
157.007917,-49.405556,6.10,4400
158.740417,-23.176111,6.10,6450
174.639583,46.834167,6.10,6750
175.970417,-62.878333,6.10,9500
204.690417,-70.445000,6.10,4550
208.487083,-47.128056,6.10,26000
217.068333,36.196944,6.10,5000
220.091250,21.975556,6.10,6000
221.295417,-55.601944,6.10,26000
224.862917,-43.160000,6.10,6750
227.222500,13.235000,6.10,5400
228.280833,-36.091389,6.10,14000
232.113333,-51.597500,6.10,5800
238.300417,13.196667,6.10,6000
239.975000,-54.021111,6.10,20000
241.074167,-33.214444,6.10,7750
247.845000,-26.537778,6.10,4850
251.790833,2.064444,6.10,9250
252.365833,-15.667500,6.10,8750
255.563750,64.600556,6.10,5500
263.833333,-53.352778,6.10,12000
264.535417,-42.880556,6.10,14000
263.998333,20.996111,6.10,8250
263.926667,37.301667,6.10,5100
268.848750,55.971389,6.10,7500
278.806250,34.457778,6.10,20000
282.842083,-3.317778,6.10,7200
294.937500,33.979167,6.10,9250
298.067917,36.432222,6.10,4400
305.194167,-14.785000,6.10,10000
307.194583,-35.595833,6.10,14000
321.855417,59.750000,6.10,3050
333.896250,-44.451944,6.10,5200
339.032917,35.577222,6.10,5000
343.964167,-31.633056,6.10,4550
350.939167,-43.124444,6.10,4550
358.819167,-31.921667,6.10,18000
13.993750,27.209444,6.09,8750
29.857917,12.294722,6.09,8500
51.489167,49.120833,6.09,16000
59.257083,6.040000,6.09,9500
62.063750,37.727778,6.09,4850
63.130833,17.277500,6.09,5000
64.666667,-52.860000,6.09,6450
68.353750,43.063889,6.09,7500
68.559167,-6.837778,6.09,4700
74.747500,14.542778,6.09,16000
78.381667,1.968056,6.09,8750
80.320417,-34.345278,6.09,20000
84.218333,40.182222,6.09,5700
86.257917,4.008056,6.09,7500
92.902500,48.711111,6.09,9250
92.806250,-26.482222,6.09,10000
106.196250,-22.032222,6.09,5000
107.963750,5.654722,6.09,9750
109.758333,-19.280278,6.09,7500
119.241250,-42.406111,6.09,4550
132.020417,-6.558611,6.09,5000
147.458750,21.179444,6.09,8250
157.985833,-45.069444,6.09,14000
166.391667,-11.088889,6.09,7500
172.075833,-72.474444,6.09,24000
186.326667,-27.749167,6.09,4850
202.607083,-6.470278,6.09,7200
210.136667,-78.590000,6.09,12000
215.661250,-48.320278,6.09,28000
218.290000,-30.714167,6.09,5000
217.692083,63.185556,6.09,6900
223.676667,-65.991389,6.09,24000
224.720000,-4.989167,6.09,6300
238.395417,16.075000,6.09,6750
243.964583,-14.849167,6.09,10000
249.506667,-6.538056,6.09,10000
250.400833,-24.468056,6.09,7500
254.718333,-37.621111,6.09,9250
256.207500,48.804167,6.09,4850
258.555000,-56.888333,6.09,3350
259.178333,-6.245000,6.09,5000
267.795833,-53.130556,6.09,12000
272.536250,16.476667,6.09,12000
280.234583,62.749722,6.09,5000
282.902083,36.538611,6.09,18000
285.719167,19.661111,6.09,4850
286.592500,8.230000,6.09,2450
292.543750,2.904167,6.09,4250
295.406250,-65.854167,6.09,3500
296.464167,35.012778,6.09,5000
298.842083,58.250278,6.09,5100
303.612083,-63.415833,6.09,7500
305.655833,31.265000,6.09,4700
306.449583,-40.796389,6.09,4550
321.325417,-71.799444,6.09,4700
325.637500,10.824722,6.09,20000
325.662083,49.600278,6.09,5200
332.760000,-21.232500,6.09,6600
350.737083,-60.055833,6.09,3050
354.866667,-46.637778,6.09,8000
356.005833,-45.083333,6.09,4850
51.108750,20.803611,6.08,9750
63.757500,57.460278,6.08,9000
71.053750,40.786944,6.08,14000
72.433750,15.904167,6.08,4550
73.713750,44.060833,6.08,10000
74.942917,53.155556,6.08,4400
76.550833,59.021111,6.08,5000
79.811250,20.134722,6.08,5200
80.907083,16.699444,6.08,9500
81.231667,-44.225833,6.08,4850
90.852917,11.680833,6.08,10000
91.593750,29.512500,6.08,3050
94.079167,23.970000,6.08,5200
101.756250,-21.015556,6.08,16000
106.717917,-24.960556,6.08,4700
125.980000,10.631944,6.08,3200
140.997917,-51.737222,6.08,8250
147.998333,-16.534722,6.08,5000
154.037917,-11.203333,6.08,5000
158.793750,-43.664722,6.08,5200
182.770417,-61.277500,6.08,7200
187.517917,58.767500,6.08,5200
190.316667,-13.013611,6.08,7050
190.706667,-55.947222,6.08,12000
202.815833,42.106111,6.08,4700
213.755417,-29.281944,6.08,9750
228.330000,-19.647500,6.08,9250
230.801250,30.287778,6.08,5700
240.940417,4.986667,6.08,5100
242.869583,16.665556,6.08,10000
250.214167,12.395000,6.08,9250
253.758750,25.730556,6.08,5500
255.991667,13.567500,6.08,4850
307.575000,10.895833,6.08,9750
309.794167,21.817222,6.08,10000
310.150833,29.805278,6.08,9500
322.790000,12.137500,6.08,12000
324.867083,-10.576944,6.08,5000
326.034583,28.743056,6.08,5800
325.689167,59.271111,6.08,4850
333.220417,73.307222,6.08,5000
2.050417,-2.447778,6.07,4700
6.123750,-2.219167,6.07,4850
11.134583,-62.497778,6.07,6750
12.818333,61.805833,6.07,4700
20.945000,78.725833,6.07,10000
33.621250,66.524444,6.07,6000
37.397083,9.565833,6.07,4700
48.736250,42.503889,6.07,4700
57.479167,22.244444,6.07,14000
64.655833,-22.970278,6.07,8750
72.567500,-41.320833,6.07,7200
74.082917,36.168889,6.07,26000
81.902083,-21.375556,6.07,5300
87.093333,20.869444,6.07,12000
93.917083,6.066111,6.07,18000
94.264583,-22.715000,6.07,6000
96.796667,-25.856667,6.07,6150
116.371250,-14.690833,6.07,9500
122.819167,9.821111,6.07,18000
135.453750,27.902778,6.07,8000
135.380833,5.640833,6.07,4850
135.092500,-43.173333,6.07,26000
155.751667,6.542500,6.07,4550
159.819167,-74.493611,6.07,4550
165.170000,-31.839444,6.07,6300
175.979583,-6.677222,6.07,5200
190.391250,62.713056,6.07,9500
191.806667,11.958056,6.07,9250
199.186667,-65.138333,6.07,6750
200.975000,37.033889,6.07,3050
217.403333,-76.729167,6.07,5000
219.795833,-46.584167,6.07,6450
221.298750,-1.417778,6.07,3350
221.801250,-52.205556,6.07,9750
233.972500,11.265556,6.07,5000
237.209583,-52.438056,6.07,4700
246.708750,2.347500,6.07,5200
269.424167,-76.177500,6.07,4700
272.768750,-47.513056,6.07,4850
273.878333,-18.661389,6.07,10000
276.959583,3.748611,6.07,4550
281.554167,41.441667,6.07,18000
286.988750,16.853333,6.07,5500
292.750833,70.989444,6.07,4700
301.386667,-67.320833,6.07,5700
315.770000,38.657500,6.07,5200
317.630000,10.048889,6.07,9500
321.611250,19.375556,6.07,8000
325.504583,35.510278,6.07,3600
340.679583,-44.247778,6.07,5000
344.898750,-13.070833,6.07,4250
356.105833,-70.490278,6.07,5200
356.888333,46.832500,6.07,24000
357.135417,-6.380556,6.07,4400
2.139167,-17.577500,6.06,3500
7.052917,16.445000,6.06,4250
8.889167,-54.821944,6.06,5000
9.028750,-22.842500,6.06,8500
10.678750,-38.463333,6.06,10000
13.367500,37.418056,6.06,4550
17.547917,15.674167,6.06,3500
26.943750,-80.176667,6.06,7500
28.943333,-60.861389,6.06,7500
33.510833,47.484167,6.06,6900
49.146250,32.183611,6.06,5200
56.026667,48.523611,6.06,4400
59.265833,23.175556,6.06,12000
66.587917,8.590278,6.06,18000
68.341667,-10.785833,6.06,5000
72.209583,75.941111,6.06,7750
75.583750,74.269167,6.06,4250
88.097500,19.868056,6.06,5800
94.703333,-15.024722,6.06,3500
96.387083,23.326944,6.06,9500
99.350417,6.135278,6.06,36000
115.206250,57.082778,6.06,4250
114.751667,-53.273333,6.06,12000
123.545833,-32.140833,6.06,28000
126.270417,35.011389,6.06,5000
141.067917,-39.425833,6.06,8250
147.166667,-56.411944,6.06,5000
167.416250,67.210278,6.06,7500
169.329167,-67.823611,6.06,3200
178.547917,-57.410000,6.06,10000
181.596250,-65.709167,6.06,5200
182.640833,-37.870278,6.06,8750
184.275000,-65.692778,6.06,10000
185.945833,42.542778,6.06,7050
197.743333,-52.566944,6.06,8750
207.958750,-32.994722,6.06,14000
212.757917,-69.719722,6.06,8500
217.457083,31.791111,6.06,10000
221.807083,-21.324722,6.06,4250
224.128750,-32.636667,6.06,4550
247.437500,-57.755833,6.06,5200
250.252500,24.858611,6.06,4700
255.923750,-47.160000,6.06,9500
257.056667,-1.079444,6.06,9750
261.579167,7.595556,6.06,12000
268.205000,-34.114167,6.06,4850
268.782917,-36.475833,6.06,12000
274.253750,-51.068333,6.06,12000
279.055417,65.488611,6.06,7500
282.431250,-72.994722,6.06,12000
281.989583,31.756944,6.06,24000
286.242917,30.733333,6.06,3200
289.750417,-15.536389,6.06,4550
290.639167,33.518056,6.06,5000
297.695833,37.826389,6.06,2900
298.397500,59.708889,6.06,9250
304.930417,-1.078611,6.06,5000
309.888750,40.579444,6.06,18000
342.184167,62.938333,6.06,5000
353.481250,20.840833,6.06,3050
4.571667,11.205833,6.05,5000
11.545417,44.861389,6.05,12000
32.355417,81.295833,6.05,9750
40.451250,-3.213333,6.05,5100
46.336667,40.582500,6.05,5000
46.158750,1.863611,6.05,5000
47.828333,-3.811667,6.05,3350
49.495833,-66.926944,6.05,9250
59.678750,-57.102500,6.05,7200
71.480833,-39.356667,6.05,4850
69.590417,-77.656111,6.05,4700
76.227083,-3.039722,6.05,20000
76.652917,-13.121944,6.05,10000
78.472083,-52.031111,6.05,4550
84.364167,-5.938333,6.05,28000
85.756667,56.581667,6.05,5000
83.901250,-78.820833,6.05,14000
90.251667,27.572222,6.05,12000
90.702917,49.905556,6.05,12000
90.304583,-25.417778,6.05,9750
99.901250,-23.695556,6.05,10000
101.347083,-23.461944,6.05,5000
104.305000,57.563333,6.05,4550
110.089167,-52.311667,6.05,7500
111.332917,-21.982778,6.05,8000
112.341250,-14.999167,6.05,6450
119.316250,8.641389,6.05,5000
124.957917,3.947778,6.05,5200
126.605000,-52.807500,6.05,10000
131.125000,-65.825556,6.05,9000
130.801667,-79.069722,6.05,8750
140.123333,-37.581389,6.05,4550
141.684167,-64.929722,6.05,9250
149.427083,-48.414444,6.05,24000
157.183333,-3.742500,6.05,9750
157.952500,-28.237500,6.05,6450
170.825000,0.131667,6.05,4550
173.310833,-16.280556,6.05,6150
179.795417,-51.696667,6.05,4850
180.583750,-85.631667,6.05,4550
184.263750,-16.693611,6.05,9500
187.839167,7.604167,6.05,4250
200.719167,-72.146667,6.05,18000
205.440417,-33.596944,6.05,5000
206.806250,-9.709167,6.05,4250
212.628750,-70.305556,6.05,4400
239.768333,49.881111,6.05,7500
243.723333,-25.476944,6.05,16000
245.017917,21.132500,6.05,5200
250.948333,-38.156667,6.05,12000
251.298750,43.217222,6.05,4400
262.935000,-26.269722,6.05,12000
285.765833,-19.245278,6.05,5400
292.637917,3.444444,6.05,10000
290.417500,79.602778,6.05,9250
293.951250,36.944444,6.05,14000
295.789583,30.678611,6.05,9750
295.964167,34.162500,6.05,14000
297.755417,-65.605000,6.05,7200
297.298333,-28.788889,6.05,7200
313.919583,4.532778,6.05,5400
314.294167,0.463611,6.05,4700
313.684583,75.925556,6.05,5500
315.438750,-26.881111,6.05,8250
318.359583,36.633611,6.05,7500
320.674583,30.309722,6.05,4850
343.664167,-70.073611,6.05,5800
350.208333,-50.306667,6.05,6750
352.665417,38.661944,6.05,5100
7.083750,10.189722,6.04,6600
10.400000,24.629167,6.04,8250
15.015000,44.713333,6.04,12000
15.954167,1.366667,6.04,7350
30.738333,77.916389,6.04,5000
38.225417,15.034722,6.04,6300
43.133750,-12.769444,6.04,4700
44.509583,38.615000,6.04,4550
51.042083,12.629444,6.04,5000
76.623750,61.170000,6.04,4250
85.149583,31.358056,6.04,12000
93.438750,51.172500,6.04,4850
92.866250,13.638611,6.04,10000
99.772083,22.030833,6.04,5100
99.257917,-38.146667,6.04,5000
103.391250,-28.539722,6.04,5500
103.745000,-2.803611,6.04,5400
117.258333,13.370833,6.04,5000
117.917917,-42.888333,6.04,26000
139.017500,-44.898611,6.04,9750
149.531667,8.314167,6.04,4550
153.457500,27.135833,6.04,5700
156.912500,9.762500,6.04,10000
159.710000,-12.443611,6.04,10000
162.473750,27.973889,6.04,7050
177.312083,16.242778,6.04,9250
187.078750,-64.341389,6.04,10000
199.828750,-72.035556,6.04,4550
208.076667,12.165278,6.04,9750
208.569167,-28.569722,6.04,4700
219.442917,-67.932222,6.04,6450
222.158750,-36.634722,6.04,3050
229.043750,-43.484722,6.04,24000
234.676250,-39.128056,6.04,9250
235.655000,-49.489444,6.04,4700
255.243750,-86.364444,6.04,9500
255.972917,34.790278,6.04,8750
257.917500,49.746667,6.04,8750
268.019583,39.982222,6.04,4400
270.014167,80.000833,6.04,6450
273.270000,38.773611,6.04,12000
277.762500,-41.913611,6.04,9250
279.527083,39.668056,6.04,2900
281.297917,-61.095000,6.04,4550
286.878750,-28.636944,6.04,4550
291.125417,-27.865556,6.04,26000
297.259167,-10.870833,6.04,4250
312.995000,-33.177222,6.04,9500
318.777500,-17.345000,6.04,5500
320.341667,32.612778,6.04,9750
336.462500,-75.015556,6.04,5700
335.915000,20.848333,6.04,6450
335.750833,62.420000,6.04,9750
343.407917,-48.598056,6.04,6000
18.676667,6.995278,6.03,5400
41.337083,4.711667,6.03,7500
43.080000,-62.909722,6.03,4850
52.110833,22.804167,6.03,5000
63.437083,72.126389,6.03,4850
72.185833,3.588333,6.03,4850
75.399583,61.078056,6.03,6900
75.393750,-39.718056,6.03,5500
81.750000,-68.622778,6.03,7500
86.861250,-10.533056,6.03,9000
98.097083,11.673611,6.03,5000
99.887917,28.263056,6.03,16000
99.647500,-16.873611,6.03,9750
107.388333,-16.234722,6.03,28000
108.617500,-10.316667,6.03,30000
116.325417,-43.752222,6.03,18000
117.759583,33.233611,6.03,9500
123.128750,-46.264167,6.03,20000
128.555417,8.451944,6.03,7050
133.265833,-56.649444,6.03,10000
159.069583,-16.344444,6.03,3350
164.060417,42.008333,6.03,4700
186.312917,23.926111,6.03,5000
190.455000,-19.758611,6.03,7050
195.771667,-71.476111,6.03,28000
218.660417,36.625833,6.03,4250
239.027083,-39.864167,6.03,18000
240.664167,-29.135833,6.03,4550
250.842083,-67.432500,6.03,10000
251.373750,1.020278,6.03,12000
252.112500,-14.909444,6.03,10000
254.839583,56.688611,6.03,4850
262.954583,-46.036389,6.03,6300
264.989583,31.202500,6.03,3200
268.241250,-35.624167,6.03,7200
286.717917,-16.228889,6.03,14000
316.730417,38.743333,6.03,3950
321.687500,52.898611,6.03,18000
333.107500,-14.193889,6.03,7200
339.892917,37.592778,6.03,5700
358.660833,-40.300000,6.03,6300
10.959167,-12.011667,6.02,4700
19.078333,33.114722,6.02,4850
22.470417,18.355556,6.02,9000
29.638750,61.698056,6.02,20000
32.800000,25.936944,6.02,4400
44.139167,47.163889,6.02,4550
47.612500,26.896389,6.02,4550
57.284167,43.963056,6.02,7750
67.965833,15.851667,6.02,6900
69.121667,23.340833,6.02,6750
77.578750,37.301944,6.02,4550
85.724167,-6.796111,6.02,7050
89.233750,24.249722,6.02,10000
106.326667,22.637222,6.02,14000
105.271250,-58.940000,6.02,8000
108.008333,-63.190000,6.02,10000
110.867500,22.945278,6.02,9750
115.029167,5.230833,6.02,10000
115.681250,34.000278,6.02,6450
117.773750,54.129167,6.02,6600
118.943750,-43.845000,6.02,18000
119.896250,13.242222,6.02,4700
120.062083,-48.981389,6.02,9500
123.052917,17.647778,6.02,6150
126.178333,42.005000,6.02,4250
138.822917,-58.388611,6.02,16000
146.889583,11.428889,6.02,2300
148.050833,2.454167,6.02,10000
153.623750,21.167778,6.02,6150
156.866667,41.600833,6.02,9500
160.547083,31.696944,6.02,2900
165.085833,42.911389,6.02,6150
166.622083,-58.675278,6.02,4700
170.713750,64.330556,6.02,9750
176.055000,25.218333,6.02,4250
187.491250,-41.736111,6.02,3200
192.903750,3.056667,6.02,4400
195.135833,-33.505278,6.02,7500
197.411250,37.423056,6.02,4550
199.767500,35.128056,6.02,7500
200.201250,-55.800556,6.02,30000
205.977917,52.064444,6.02,9750
212.112917,-74.850278,6.02,5800
215.834583,-50.772222,6.02,4700
217.689167,4.772222,6.02,4400
219.581667,-38.794167,6.02,4550
226.835000,18.441667,6.02,9250
231.912083,25.101667,6.02,3350
251.250833,-28.509722,6.02,9250
253.852917,-63.269722,6.02,10000
259.972083,-17.756389,6.02,9500
262.233750,-36.778333,6.02,5000
264.152917,30.785278,6.02,8750
269.201667,45.350833,6.02,2750
281.084583,39.671111,6.02,7350
283.718750,33.968611,6.02,5200
289.970833,11.535000,6.02,9500
299.184167,36.250833,6.02,20000
322.585000,52.958056,6.02,9500
346.865417,32.825833,6.02,9000
349.597500,41.773611,6.02,8250
352.862500,-44.843611,6.02,4850
2.334167,79.714722,6.01,8250
9.966667,-44.796667,6.01,4850
23.813333,-58.139444,6.01,7200
28.974167,1.849722,6.01,6450
32.842500,-10.052222,6.01,6750
40.527500,-38.383889,6.01,5200
54.698750,-27.943056,6.01,10000
61.925000,15.162778,6.01,7050
65.380417,-25.728333,6.01,7500
68.450417,9.413056,6.01,5200
71.570000,18.735000,6.01,4400
77.437917,28.030556,6.01,8750
103.264167,35.788611,6.01,4550
108.349583,-22.673333,6.01,4700
110.229167,-26.963611,6.01,26000
115.147917,-8.185833,6.01,9250
120.426667,60.324444,6.01,9500
123.249167,16.514167,6.01,5200
126.151667,-4.716944,6.01,7200
126.329583,-21.045833,6.01,7050
137.587083,21.996389,6.01,5500
141.592917,-1.463889,6.01,4700
147.808333,-4.243333,6.01,8000
156.855417,-65.704722,6.01,9500
182.692083,27.281389,6.01,9000
194.697083,75.472500,6.01,5000
203.011667,-18.728889,6.01,7500
204.704583,-57.623056,6.01,5500
207.602917,5.497222,6.01,5000
218.084167,26.677222,6.01,8250
223.348750,19.152778,6.01,4700
228.140833,-72.770278,6.01,14000
231.021250,45.271111,6.01,4700
235.246667,16.024722,6.01,5200
236.870833,-37.916389,6.01,5400
237.881250,-47.060556,6.01,4700
240.892917,-32.000556,6.01,6900
256.320417,0.702500,6.01,6300
258.244583,-32.438611,6.01,28000
266.232500,-57.545278,6.01,5200
269.662917,-28.759167,6.01,24000
274.023333,2.377778,6.01,2900
280.900417,36.556667,6.01,5200
285.014583,-66.653333,6.01,5000
285.230000,33.802222,6.01,5000
295.272917,13.815556,6.01,20000
300.349583,-22.737222,6.01,5300
303.132500,51.463611,6.01,4700
310.074583,60.505278,6.01,6600
314.674583,-14.482778,6.01,7500
326.370000,-71.008889,6.01,14000
330.100417,-55.882778,6.01,12000
332.640833,-4.267222,6.01,5000
343.265833,60.101111,6.01,4700
1.152917,42.092222,6.01,12000
16.219167,5.656389,6.00,4250
30.719583,64.901389,6.00,9750
37.688333,0.255278,6.00,8250
58.817917,-12.099167,6.00,8750
64.566250,-20.715556,6.00,5200
82.702500,41.461944,6.00,5000
84.880000,-3.564722,6.00,8000
86.689583,15.822500,6.00,14000
88.683750,0.968333,6.00,5000
94.148333,-39.264444,6.00,9500
95.652083,12.570000,6.00,7500
104.761667,38.052222,6.00,4700
114.991667,-37.579444,6.00,18000
127.212083,-9.748333,6.00,7200
132.587500,-42.090000,6.00,28000
133.574583,-5.434444,6.00,5800
137.920833,-39.258889,6.00,18000
145.449167,-55.214167,6.00,22000
154.861667,48.396944,6.00,5000
155.130000,54.216944,6.00,4550
154.820000,-12.528056,6.00,7750
158.198333,-58.666944,6.00,9500
161.266667,67.411389,6.00,4000
162.022500,-59.919167,6.00,10000
164.886667,36.093056,6.00,3200
166.130000,38.241389,6.00,9250
182.750000,81.710000,6.00,4250
186.852500,-63.789167,6.00,14000
189.685833,-18.250278,6.00,8500
190.787917,-56.176111,6.00,16000
193.577917,-11.648611,6.00,9500
195.445000,63.610278,6.00,6600
204.998750,-49.950278,6.00,2750
205.733750,-56.768056,6.00,30000
209.137500,-54.704444,6.00,5400
209.666250,14.649444,6.00,4250
212.395833,-51.504722,6.00,12000
215.951667,-53.176667,6.00,4850
234.842500,36.636667,6.00,12000
237.055417,13.788611,6.00,4700
253.323333,47.416944,6.00,4700
255.112917,-48.647778,6.00,5200
259.520833,17.318056,6.00,9750
261.906250,-29.724444,6.00,12000
269.676250,36.287778,6.00,5500
271.210000,-35.901389,6.00,4700
274.221250,-3.007222,6.00,5700
279.970000,52.196111,6.00,10000
288.760833,20.203333,6.00,5200
289.214167,46.999167,6.00,6600
310.512083,-76.180556,6.00,6900
320.039583,-45.022222,6.00,4000
326.567917,-9.275833,6.00,3050
330.032917,6.717500,6.00,24000
354.600417,-76.870000,6.00,5000
358.890417,57.412222,6.00,30000
358.890000,47.355833,6.00,5200
2.072500,-8.823889,5.99,5200
11.848333,6.740833,5.99,5200
16.010000,52.502222,5.99,4700
25.413333,30.047222,5.99,5000
52.412917,-6.805000,5.99,5500
52.654167,-47.375278,5.99,9750
65.885000,20.982222,5.99,14000
70.459583,38.280278,5.99,6000
73.711250,0.467500,5.99,20000
79.848750,-27.368889,5.99,10000
89.116667,9.509722,5.99,10000
93.873750,-4.915278,5.99,8750
93.822917,-18.476667,5.99,5000
110.514583,0.177222,5.99,14000
117.986250,19.325278,5.99,4850
119.631250,16.518611,5.99,5000
120.376250,16.455278,5.99,12000
119.757500,-45.216111,5.99,22000
121.576667,22.635556,5.99,3050
127.440000,-46.331944,5.99,20000
128.962500,6.620000,5.99,6300
133.048333,45.312500,5.99,5000
133.041667,42.002500,5.99,5000
141.023750,-61.648889,5.99,5000
163.425000,-70.720278,5.99,18000
169.818750,-64.582500,5.99,6600
195.149583,-3.368611,5.99,4700
196.850833,-59.860556,5.99,6300
196.588333,21.153333,5.99,6900
210.335000,8.894722,5.99,9500
228.525417,31.788056,5.99,4250
250.965417,34.038889,5.99,7200
257.062083,-17.609167,5.99,5000
258.834583,-14.583889,5.99,4850
265.340833,51.818056,5.99,5000
270.151667,33.213889,5.99,4100
274.532083,18.131389,5.99,12000
274.967083,29.666111,5.99,4400
281.075833,61.048056,5.99,5300
282.420833,-5.912778,5.99,4700
302.007500,-0.678333,5.99,4850
310.317500,14.583056,5.99,4400
312.857083,-5.626389,5.99,6750
315.016250,7.516389,5.99,7350
320.734583,-9.319444,5.99,3500
326.004167,-14.749444,5.99,7500
346.869583,21.134167,5.99,8750
6.811250,-25.547222,5.98,5200
10.674167,-60.262500,5.98,4250
14.559167,33.950833,5.98,5000
15.726250,41.345000,5.98,8750
18.531667,16.133611,5.98,14000
34.518750,57.516667,5.98,5300
40.391667,-14.549444,5.98,6750
47.662083,11.872500,5.98,14000
53.412500,54.974722,5.98,9250
66.237917,19.041667,5.98,6900
87.625000,2.024444,5.98,5200
88.167083,33.917500,5.98,3350
90.292500,31.034722,5.98,9500
96.304583,7.085833,5.98,6450
95.907083,-52.181111,5.98,5200
105.965000,12.594444,5.98,4250
125.167917,72.407222,5.98,3500
124.599583,-12.631944,5.98,5300
125.133750,24.022222,5.98,12000
126.481667,-14.929722,5.98,8750
126.238333,-42.769444,5.98,24000
137.197083,26.629167,5.98,5500
144.367917,-36.095833,5.98,4700
152.657917,-41.715000,5.98,4700
173.622917,-32.831389,5.98,5000
175.863333,-37.190278,5.98,4550
190.317500,-13.015000,5.98,6750
192.986667,-39.680833,5.98,14000
204.275000,-44.143333,5.98,5200
205.729167,-41.401111,5.98,5000
205.916667,-42.067500,5.98,14000
205.680833,34.988889,5.98,5500
205.596250,82.752500,5.98,5100
214.017500,18.911944,5.98,8000
227.531250,-38.792500,5.98,5200
230.655417,62.047222,5.98,10000
243.639583,73.395000,5.98,9250
250.775000,77.514167,5.98,6900
256.584583,-37.227500,5.98,9500
261.476667,16.917500,5.98,2900
267.701667,22.316389,5.98,7750
287.941667,31.283333,5.98,12000
294.218750,11.273333,5.98,6000
312.407500,12.545278,5.98,6750
319.309583,55.798056,5.98,4550
336.942500,31.840278,5.98,4700
340.653750,-47.210556,5.98,6000
351.918333,25.167222,5.98,10000
354.837917,74.002778,5.98,5200
5.369167,-77.426944,5.97,4550
14.629583,66.352222,5.97,10000
20.853750,20.468889,5.97,4250
24.920000,16.405833,5.97,4700
44.057500,8.381667,5.97,6450
58.291667,17.326944,5.97,6900
71.685000,40.312778,5.97,5100
73.196250,27.897500,5.97,7200
76.854167,-12.490556,5.97,6450
87.145417,-4.094722,5.97,5600
87.554583,4.423333,5.97,4700
88.031667,-9.041389,5.97,9500
97.060833,70.535556,5.97,9000
99.194583,-13.320833,5.97,4250
99.948333,12.983056,5.97,9500
104.737500,3.602222,5.97,5200
105.824583,9.138333,5.97,9250
108.837500,-52.499722,5.97,4850
111.462500,-5.775000,5.97,5700
125.300000,-57.973056,5.97,28000
126.465000,-64.600833,5.97,5200
138.809583,34.633611,5.97,5400
139.380000,46.817222,5.97,9750
147.367083,-37.186389,5.97,4850
154.134583,23.503056,5.97,5900
155.860417,-4.074167,5.97,12000
160.463750,-79.783333,5.97,22000
185.044583,-22.175556,5.97,5700
201.547500,-1.192500,5.97,8250
210.217500,-66.268611,5.97,7200
217.795000,-38.869722,5.97,4850
233.817917,53.921944,5.97,4400
242.296667,6.378889,5.97,4850
255.153750,-35.934167,5.97,4700
257.197917,-30.403611,5.97,8750
269.267917,0.066389,5.97,9250
270.968333,-24.360556,5.97,48000
286.731667,-48.299167,5.97,10000
286.421667,-15.660278,5.97,12000
295.029583,-23.428611,5.97,4850
309.770833,15.838056,5.97,24000
315.303750,36.026111,5.97,5500
323.060833,-33.944722,5.97,9500
321.207083,80.524722,5.97,5400
338.902083,-23.991111,5.97,5000
340.203750,-57.422222,5.97,4400
342.837083,-29.536111,5.97,5200
345.684583,-20.870556,5.97,5000
354.979583,9.677222,5.97,9500
357.414167,28.842500,5.97,9500
359.265000,42.658333,5.97,6300
359.332917,-62.956389,5.97,9750
1.566667,58.436667,5.96,5500
21.577500,43.457778,5.96,6450
33.156250,24.167778,5.96,5000
49.440833,39.283333,5.96,9500
51.400833,-69.336389,5.96,7050
52.836667,27.571944,5.96,9500
54.754583,-5.626111,5.96,4850
67.162500,-19.458333,5.96,4850
67.667917,-35.653611,5.96,5000
76.165833,74.066944,5.96,9750
79.075833,34.311944,5.96,33000
79.710000,-18.130000,5.96,6000
84.826667,29.215278,5.96,26000
84.657500,-6.573889,5.96,28000
89.059583,-22.840278,5.96,5000
90.429583,48.959444,5.96,5000
102.926250,-36.230278,5.96,9250
105.098750,-8.406944,5.96,12000
106.805417,-51.967778,5.96,5000
108.107083,-36.544444,5.96,24000
112.628750,-54.399444,5.96,3350
125.725000,-7.543333,5.96,3350
128.409583,-38.848889,5.96,20000
128.870000,-26.843611,5.96,9750
134.142083,-16.709444,5.96,5000
138.969167,72.946111,5.96,7500
155.264167,68.747500,5.96,8250
154.617500,-41.668333,5.96,12000
174.451667,-67.620278,5.96,5000
175.177500,-53.968611,5.96,3350
179.823333,33.167500,5.96,4850
181.237917,-60.969167,5.96,3200
195.290000,17.123056,5.96,5000
207.439583,61.489167,5.96,5700
226.638750,-30.918889,5.96,10000
251.165833,-53.152500,5.96,5200
253.427083,-43.050833,5.96,3050
258.899583,-38.593889,5.96,6450
258.923333,23.742778,5.96,4700
267.886667,-40.772500,5.96,3200
268.478750,-34.752500,5.96,12000
268.613333,-34.466389,5.96,12000
277.445000,-14.581667,5.96,12000
292.795417,-68.433889,5.96,4400
293.423333,49.262500,5.96,2900
295.453750,50.525278,5.96,5900
299.619583,63.534167,5.96,9250
300.818333,18.500556,5.96,4550
307.364583,81.091389,5.96,5000
314.144583,44.925000,5.96,42000
318.328750,-36.423889,5.96,5000
319.716667,11.203333,5.96,4250
331.153333,-26.822500,5.96,22000
353.705833,-15.245833,5.96,5000
17.640000,2.445556,5.95,4400
41.207083,67.824722,5.95,8750
43.397083,-22.376389,5.95,5000
45.183750,10.870278,5.95,4100
47.928333,81.470556,5.95,8250
62.256667,13.398333,5.95,12000
75.076250,39.394722,5.95,6750
86.645833,1.168056,5.95,5600
108.929583,-10.583889,5.95,5000
111.928750,-22.859722,5.95,20000
120.405833,-37.283611,5.95,9250
121.176667,-50.590556,5.95,5500
125.840833,18.332222,5.95,7750
127.155417,14.210833,5.95,8750
133.149167,28.330833,5.95,5200
136.350417,48.530278,5.95,6600
137.661250,30.963056,5.95,2600
148.428750,5.958333,5.95,3200
156.247500,-58.576389,5.95,7200
162.772500,-3.092500,5.95,4700
165.902500,-0.000833,5.95,4550
173.197917,-7.827500,5.95,4400
173.677083,16.796944,5.95,22000
182.422083,1.897778,5.95,4550
186.298750,-11.610278,5.95,9750
187.982500,-63.506111,5.95,8000
191.247917,39.278889,5.95,6000
206.680417,25.702222,5.95,5500
208.911250,-82.666111,5.95,4700
216.003750,8.243611,5.95,9250
228.974167,-48.074167,5.95,9250
235.477500,-76.081944,5.95,12000
234.985417,-59.908333,5.95,6600
262.845833,-56.920556,5.95,16000
265.384583,6.312778,5.95,5300
268.147500,1.305000,5.95,4250
271.598750,-36.019722,5.95,5500
272.631667,54.286667,5.95,4850
273.803750,-20.388056,5.95,33000
277.331250,-80.232778,5.95,4700
273.820833,68.755833,5.95,4850
296.952500,25.383889,5.95,5000
300.066250,-37.702222,5.95,5200
305.000833,13.548056,5.95,8750
310.012917,43.458611,5.95,4700
318.925833,77.012222,5.95,4250
326.222083,62.460556,5.95,33000
330.765833,-76.118611,5.95,7050
332.963750,16.040556,5.95,4850
334.753333,-13.305000,5.95,5300
337.441667,-27.107222,5.95,7350
341.021667,39.465556,5.95,4250
354.793333,75.292778,5.95,9250
356.652917,66.782222,5.95,26000
1.945000,-22.508889,5.94,9500
3.425417,-26.021944,5.94,4250
7.582917,59.977222,5.94,12000
11.237917,-42.676667,5.94,7500
17.931250,-2.251111,5.94,4400
24.614167,-36.528333,5.94,5000
27.162083,37.952778,5.94,5000
27.716667,11.043333,5.94,7200
27.727083,-50.206111,5.94,9750
30.646667,13.476667,5.94,3200
52.689167,6.188611,5.94,5200
64.330000,-6.471944,5.94,5200
68.377917,72.528611,5.94,8000
66.272083,-61.238333,5.94,4400
69.100833,64.261667,5.94,9750
75.595000,-31.771389,5.94,5200
81.160417,31.143056,5.94,12000
81.703750,34.391667,5.94,10000
82.608750,15.360278,5.94,9250
84.268333,11.035000,5.94,4400
86.626667,56.115556,5.94,9000
88.084583,-57.156111,5.94,6450
95.515000,59.372222,5.94,9250
99.422500,61.481111,5.94,5200
105.606250,17.755556,5.94,3350
108.737917,-41.425833,5.94,22000
115.396667,3.624722,5.94,10000
129.579167,32.801944,5.94,4700
143.232500,-13.516944,5.94,4250
144.866250,67.272222,5.94,4250
150.500000,-60.420833,5.94,7750
171.789583,-12.356667,5.94,6900
172.629583,43.173333,5.94,6900
197.438750,-10.329444,5.94,4250
206.579167,38.503889,5.94,5100
214.849583,-37.003611,5.94,9500
217.460417,0.828889,5.94,8750
221.771250,-38.290833,5.94,4550
236.094167,-41.819444,5.94,10000
238.751250,-19.383056,5.94,20000
244.751667,-14.872500,5.94,4400
248.107083,60.823333,5.94,9500
253.502083,-57.909444,5.94,3350
254.119583,-52.283889,5.94,12000
259.597083,38.811389,5.94,5300
262.161250,-55.169722,5.94,5200
261.692500,34.695833,5.94,10000
264.400833,-15.571111,5.94,7500
266.903333,-14.725833,5.94,12000
270.770833,-8.180278,5.94,6750
277.987500,-1.003056,5.94,9000
279.476667,-21.397778,5.94,8000
295.685833,32.426667,5.94,8750
297.557500,-47.557222,5.94,3350
307.474583,-18.583333,5.94,9250
315.613333,-38.530556,5.94,5000
316.361250,5.958333,5.94,6300
321.445833,36.667500,5.94,30000
326.130417,14.771944,5.94,6000
340.400417,41.549444,5.94,5100
345.382083,-4.711389,5.94,5000
347.613333,43.544167,5.94,6750
357.561250,-9.974167,5.94,5000
8.293333,54.895000,5.93,5000
8.886667,-0.505556,5.93,6750
12.072500,7.300000,5.93,5200
21.272083,-64.369444,5.93,4250
22.595417,-26.207778,5.93,4400
30.950833,-0.340278,5.93,5500
32.899167,-1.825278,5.93,5100
48.107500,-44.419722,5.93,6450
50.469167,49.070833,5.93,6600
51.593750,-27.317500,5.93,5500
58.388750,-46.893611,5.93,4700
60.169583,-30.490833,5.93,9500
83.516667,-1.470556,5.93,4250
85.273333,0.337778,5.93,7500
91.167500,-45.078889,5.93,6900
92.385000,22.190000,5.93,4400
97.547083,-10.081389,5.93,5000
97.692917,-27.769444,5.93,26000
101.635000,8.587222,5.93,26000
105.876667,29.337222,5.93,5600
111.734583,20.257222,5.93,7200
115.056667,-19.660833,5.93,5000
117.311250,-35.243333,5.93,12000
122.515833,58.248056,5.93,4400
137.212917,33.882222,5.93,6150
142.884167,-31.871944,5.93,7750
149.306667,57.418333,5.93,5500
148.459167,-51.146944,5.93,26000
162.169167,-1.958889,5.93,3200
163.377917,69.853889,5.93,5100
163.623333,-61.826667,5.93,4400
178.917083,-28.476944,5.93,4250
190.908750,-1.576944,5.93,5200
193.266250,-54.952500,5.93,4700
194.131250,-72.185278,5.93,5200
225.049167,-77.160278,5.93,5200
224.846250,4.567778,5.93,3200
225.362917,60.204444,5.93,9000
234.122083,16.118889,5.93,7050
240.522917,52.915833,5.93,4250
255.913750,13.605278,5.93,9750
260.728750,-37.220556,5.93,4850
264.363333,-50.060000,5.93,5000
284.002500,-23.173611,5.93,14000
285.989167,-51.018611,5.93,5000
288.152917,21.554444,5.93,9500
291.267083,-29.309167,5.93,4550
304.380417,66.853889,5.93,5700
305.688750,41.026111,5.93,3950
311.541667,-21.514167,5.93,10000
322.249583,22.179444,5.93,2900
329.722500,62.698333,5.93,3050
335.883750,-7.194444,5.93,5400
340.076667,53.846111,5.93,5000
349.850417,-18.075278,5.93,4550
358.231667,-3.155556,5.93,5100
15.904167,61.075000,5.92,7500
18.189167,-37.856389,5.92,7500
24.113333,48.722778,5.92,4850
35.727500,-51.092222,5.92,8750
37.635000,25.235000,5.92,6600
42.561667,-35.843611,5.92,5000
43.393333,-38.436944,5.92,6600
53.610833,24.464444,5.92,9250
65.060000,41.808056,5.92,5000
69.565833,20.684722,5.92,14000
75.459583,0.722222,5.92,5000
88.736250,19.749722,5.92,26000
94.032083,-16.617778,5.92,26000
100.134167,71.748889,5.92,5000
101.345000,-31.793611,5.92,6600
104.107500,9.956389,5.92,14000
108.050833,-25.942500,5.92,26000
109.390417,52.130833,5.92,4850
114.195833,55.755278,5.92,4700
114.474583,48.773611,5.92,8750
116.667083,65.455833,5.92,4700
138.393750,-47.338611,5.92,12000
142.195833,-62.273056,5.92,4850
159.747500,-58.816944,5.92,3350
163.821667,-60.516944,5.92,5000
183.091667,-62.950833,5.92,14000
185.489583,-56.374722,5.92,4400
210.859167,-56.213611,5.92,4700
218.135417,22.260000,5.92,7200
236.645000,55.474722,5.92,4550
241.526250,-23.606389,5.92,14000
243.592917,-33.011389,5.92,5000
246.396250,-23.446111,5.92,26000
250.402917,26.916944,5.92,7200
261.801667,-50.630278,5.92,12000
267.617500,-53.612222,5.92,26000
276.956250,-29.816389,5.92,6150
288.665417,-45.193333,5.92,5200
296.077083,69.336944,5.92,9500
298.050000,-19.045000,5.92,5500
299.835417,45.772222,5.92,8750
303.002917,26.478889,5.92,16000
333.033333,24.950000,5.92,5000
342.590833,41.953611,5.92,24000
349.165417,-44.489167,5.92,4850
10.176667,-4.351944,5.91,5000
21.085833,-6.914722,5.91,7050
27.108333,3.685556,5.91,5100
33.633333,-41.166667,5.91,5200
43.952083,18.331667,5.91,2600
49.511667,-28.796944,5.91,7050
56.539583,6.803056,5.91,5100
57.162083,0.227778,5.91,4550
65.595000,20.821389,5.91,3500
78.200833,-6.057222,5.91,5300
93.785417,13.851111,5.91,28000
93.785000,-20.272222,5.91,5000
106.842917,34.009444,5.91,4400
109.948333,7.142778,5.91,6300
114.144583,5.861667,5.91,6000
117.599583,-50.509722,5.91,4700
129.823333,52.711667,5.91,4850
133.160833,-48.359167,5.91,24000
142.127500,-66.701944,5.91,10000
143.359167,-22.863889,5.91,10000
152.531250,-8.408333,5.91,9750
158.140000,-44.618889,5.91,5400
159.510417,-57.256389,5.91,24000
162.350417,-59.323611,5.91,12000
163.926667,0.736944,5.91,7200
164.282917,-50.765000,5.91,9000
169.729167,1.650556,5.91,5000
178.749167,-63.278889,5.91,9250
197.449167,16.848611,5.91,4250
197.965000,-69.941944,5.91,7050
197.513333,38.498889,5.91,7750
203.668750,-13.214444,5.91,9500
206.865000,-50.249444,5.91,9250
205.663750,78.064444,5.91,5300
209.116250,1.050556,5.91,8000
209.822083,-50.370000,5.91,5200
213.420000,-0.845556,5.91,6450
219.558333,18.298333,5.91,4700
220.176667,13.534167,5.91,7500
222.185000,-66.593889,5.91,26000
227.784583,-84.787500,5.91,12000
242.245417,3.454444,5.91,4250
244.796667,49.038056,5.91,4100
250.347083,-68.296111,5.91,16000
249.771667,-37.217500,5.91,12000
252.394167,13.261389,5.91,9750
255.961667,-38.152222,5.91,6900
259.801667,-59.694444,5.91,4700
259.738333,-34.989722,5.91,4550
282.441250,32.812778,5.91,24000
290.067083,57.645278,5.91,3350
296.416250,7.613333,5.91,9250
298.030000,47.931944,5.91,26000
300.245417,8.558056,5.91,4250
304.002500,45.579444,5.91,6750
309.577500,-81.288889,5.91,4250
307.362917,56.068056,5.91,12000
309.646250,23.680556,5.91,5000
316.372083,78.126389,5.91,14000
343.760833,37.076944,5.91,6750
5.101667,30.935833,5.90,16000
11.050417,-38.421667,5.90,4850
12.307917,-24.136389,5.90,4700
27.737917,51.933333,5.90,6750
38.279167,-34.650000,5.90,5000
39.238333,38.732778,5.90,6750
45.475417,26.462222,5.90,9250
48.350000,48.176944,5.90,5100
49.982500,27.071111,5.90,5400
53.166667,35.461667,5.90,28000
56.614167,-29.338056,5.90,9250
61.334167,22.008889,5.90,5500
67.097500,14.740833,5.90,7500
71.022083,-8.503611,5.90,26000
77.830000,-2.490833,5.90,6750
80.827083,-8.415833,5.90,14000
88.745833,31.701667,5.90,8750
89.601667,1.836944,5.90,8750
97.512500,46.685556,5.90,4400
100.911250,3.932222,5.90,30000
108.564583,-9.947500,5.90,4550
111.676250,-34.140833,5.90,26000
113.024167,-8.880833,5.90,6750
116.802083,-22.519722,5.90,26000
125.707917,-26.348056,5.90,7050
128.229167,38.016389,5.90,4700
130.272083,-48.922500,5.90,28000
153.441250,-40.345833,5.90,4850
155.776250,33.908056,5.90,8500
157.964167,32.379444,5.90,10000
173.082917,-66.962222,5.90,4850
184.667917,-0.787222,5.90,8750
193.454583,-60.376944,5.90,20000
198.203750,-66.226944,5.90,10000
204.348750,-46.428333,5.90,14000
208.292917,28.648056,5.90,8250
214.659583,-18.716111,5.90,10000
231.964167,60.670278,5.90,4250
241.152917,-37.863056,5.90,7050
268.056667,-34.799167,5.90,18000
271.956250,26.097500,5.90,9250
277.398750,23.866111,5.90,18000
281.618750,-0.961667,5.90,9500
305.935000,37.476389,5.90,26000
314.107917,49.195833,5.90,5200
315.948333,53.286111,5.90,5000
328.797917,-61.886389,5.90,7350
340.489167,14.516389,5.90,5000
342.045417,37.416667,5.90,5200
342.759167,85.373611,5.90,4250
357.420833,36.425278,5.90,5900
4.287917,47.947500,5.89,16000
9.197083,15.231667,5.89,26000
10.110000,-59.454444,5.89,5900
23.704583,18.460556,5.89,3200
28.976667,37.277778,5.89,3500
37.202083,29.931944,5.89,6000
44.916250,41.033056,5.89,4700
45.407083,-28.091667,5.89,5500
46.829167,64.057778,5.89,12000
60.203333,18.193889,5.89,6900
61.997500,17.339722,5.89,4250
76.981250,21.704722,5.89,26000
77.938750,1.036944,5.89,5500
81.499167,-19.695556,5.89,7200
89.840833,49.924444,5.89,5500
104.252083,33.681111,5.89,5500
109.843333,2.740556,5.89,5100
115.243750,23.018611,5.89,4250
125.108750,57.743333,5.89,6900
134.127083,40.201667,5.89,7050
145.396667,31.278056,5.89,4100
164.878750,-16.353889,5.89,3200
167.410417,43.207500,5.89,3200
171.387917,-37.747778,5.89,3050
180.657083,-69.192222,5.89,12000
189.764583,-30.422222,5.89,4700
191.828750,62.780833,5.89,7750
192.544583,37.516944,5.89,9250
193.743750,-44.151944,5.89,5900
198.347917,-50.700000,5.89,12000
198.550417,-58.683889,5.89,5000
198.679583,-48.956667,5.89,4850
200.828750,-4.924444,5.89,4550
208.429583,-53.373611,5.89,20000
225.304167,-38.058333,5.89,4700
228.017917,18.975833,5.89,2900
229.609167,-0.461389,5.89,4250
231.561250,-68.309167,5.89,5200
258.322917,-67.196667,5.89,5000
269.079167,-15.812500,5.89,9750
275.647083,12.028889,5.89,9500
278.230417,-73.965556,5.89,5000
284.695417,13.906667,5.89,7500
284.507917,38.266111,5.89,16000
293.535417,-40.034722,5.89,9250
316.019583,-5.823056,5.89,5600
333.410833,28.608333,5.89,4700
338.512083,-1.574167,5.89,5400
355.287083,-11.680556,5.89,5100
355.486250,7.250556,5.89,9250
23.569167,37.237222,5.88,12000
30.038333,3.097222,5.88,5800
36.646667,-20.042778,5.88,4700
42.923750,46.841944,5.88,5200
65.465833,56.506667,5.88,9250
66.870000,11.212500,5.88,14000
68.658333,28.961111,5.88,12000
84.504583,7.541389,5.88,14000
93.619167,17.906389,5.88,8750
97.696667,58.162778,5.88,5000
98.823333,9.988333,5.88,4400
116.142500,-37.943056,5.88,16000
116.543333,-37.933889,5.88,16000
127.442500,67.297500,5.88,5200
129.274167,9.655556,5.88,9250
135.285417,-68.683889,5.88,3350
142.597500,-58.361667,5.88,3200
162.059167,-31.688333,5.88,9750
165.048333,-14.083333,5.88,4250
169.174583,49.476389,5.88,5000
177.161250,14.284167,5.88,7500
188.041667,-73.001667,5.88,4850
201.569167,46.028056,5.88,5000
220.182917,16.417778,5.88,8500
236.007500,2.515000,5.88,5800
242.182083,-23.685556,5.88,12000
245.620417,-43.912222,5.88,5700
253.612083,-42.478889,5.88,6750
253.355000,-20.415556,5.88,5700
259.132083,1.210556,5.88,20000
262.863750,-80.859167,5.88,3050
260.729167,-58.010278,5.88,5200
272.937917,33.446944,5.88,9250
281.679583,52.988056,5.88,26000
282.222500,19.328611,5.88,9750
285.873750,-68.755278,5.88,6300
287.490833,-41.892500,5.88,18000
299.947500,-9.958333,5.88,6300
300.436250,24.800278,5.88,22000
307.335000,36.454722,5.88,9750
312.674167,-12.545000,5.88,4850
325.768333,-14.399722,5.88,7500
334.110417,57.220278,5.88,5200
338.110000,39.779722,5.88,8500
1.056667,62.287778,5.88,9750
4.659583,31.517222,5.87,10000
7.856667,33.581667,5.87,4850
9.840833,21.250556,5.87,5000
12.037917,72.675000,5.87,5000
19.951250,-0.508889,5.87,5200
24.947500,-56.198056,5.87,5000
24.481667,-82.975000,5.87,5800
29.898750,21.058333,5.87,5000
35.520833,-17.662222,5.87,5000
61.512917,68.680000,5.87,4700
64.417500,-63.255556,5.87,12000
70.840000,49.973889,5.87,12000
81.772083,-40.943611,5.87,8250
85.557917,-22.373611,5.87,9500
87.472917,-22.971667,5.87,9500
88.876250,-4.616389,5.87,4700
89.206250,11.521111,5.87,4700
91.264167,42.981667,5.87,7050
91.362500,-10.242778,5.87,6900
94.289583,-37.253056,5.87,9250
96.318333,-0.946111,5.87,6300
96.665000,-1.507222,5.87,9250
98.113333,32.454722,5.87,9250
104.134583,46.274167,5.87,14000
110.267917,-25.891389,5.87,2900
112.498333,-52.651111,5.87,5000
113.579583,-23.474722,5.87,6600
120.207917,-54.151389,5.87,20000
128.431250,4.756667,5.87,5500
131.733333,12.110000,5.87,9750
132.509167,-29.463056,5.87,5200
134.482500,-48.573333,5.87,5200
139.675833,-51.560556,5.87,18000
142.887083,-35.715000,5.87,4400
181.069167,21.459167,5.87,7500
189.197500,-5.831944,5.87,9250
200.540417,5.154722,5.87,9500
206.556250,41.088611,5.87,8750
207.788333,34.664444,5.87,3200
214.753333,-25.815556,5.87,6750
218.385000,-54.998333,5.87,6600
218.374583,-52.680000,5.87,5000
218.881250,-41.517222,5.87,16000
223.145833,-63.810000,5.87,5700
224.723333,-11.144167,5.87,4550
234.383333,54.508889,5.87,4850
238.664583,-25.243611,5.87,14000
242.948333,42.374444,5.87,4400
250.439583,-33.146389,5.87,5700
251.832500,42.238889,5.87,2900
266.175000,-42.728889,5.87,9750
269.902917,-4.821389,5.87,4250
290.462083,-18.308333,5.87,5100
292.840833,26.617222,5.87,5000
304.505833,-21.810000,5.87,5000
314.419167,-16.031667,5.87,9500
316.597083,71.431944,5.87,7050
320.267917,-4.560000,5.87,5300
340.092917,-30.658889,5.87,4550
347.435833,-28.088611,5.87,4700
353.537500,-1.247500,5.87,9500
358.125000,-14.251111,5.87,4550
27.535417,22.275278,5.86,4850
30.744167,-15.305833,5.86,5700
33.253750,-21.000278,5.86,5100
42.191250,25.188056,5.86,10000
62.506250,86.626111,5.86,6750
65.362917,-0.098056,5.86,4550
72.329167,32.588333,5.86,8000
72.867500,-34.906389,5.86,9750
82.900417,-45.925278,5.86,4550
104.233333,46.705000,5.86,5000
112.357083,-7.551111,5.86,6300
118.880833,8.862778,5.86,7200
134.682917,-16.132778,5.86,6600
138.738333,-37.602500,5.86,6000
139.364167,-74.734722,5.86,10000
151.012083,-18.101667,5.86,10000
162.431250,-9.852778,5.86,5200
191.691667,-33.315556,5.86,4550
236.908333,55.376667,5.86,9250
242.823750,-41.119722,5.86,7500
254.990000,-25.091944,5.86,3050
264.286667,72.455833,5.86,5100
272.815417,-75.891389,5.86,4700
271.956250,26.101389,5.86,9250
272.773333,-41.359167,5.86,7200
279.809583,-47.909722,5.86,8250
279.722500,-21.051944,5.86,5600
312.323333,-25.781389,5.86,16000
328.879583,65.320833,5.86,26000
339.245000,-40.591111,5.86,9750
0.650417,66.098889,5.86,5200
2.678333,-12.580000,5.85,5000
13.926667,-7.347222,5.85,4250
32.288750,-43.516667,5.85,4850
49.360833,-47.751667,5.85,4700
54.621667,-7.391667,5.85,5500
57.402917,63.297222,5.85,8750
65.178333,-7.592500,5.85,20000
75.689583,-4.209722,5.85,4550
74.712083,-82.470556,5.85,5200
99.410417,56.857500,5.85,9500
102.457500,16.202778,5.85,16000
108.110000,24.128333,5.85,6750
109.517500,-43.986667,5.85,14000
113.290417,-24.710833,5.85,8250
123.459167,56.452222,5.85,5100
125.730000,-52.123889,5.85,10000
135.686667,7.298056,5.85,4550
138.534167,-44.145833,5.85,20000
142.680000,33.655556,5.85,5200
142.594167,-15.577222,5.85,4550
149.108333,8.933056,5.85,4700
152.803333,37.401944,5.85,4550
159.781667,37.910000,5.85,6150
177.923333,-30.835000,5.85,6450
183.357917,10.262222,5.85,9500
188.783750,21.881389,5.85,4850
192.164167,60.320000,5.85,6750
192.277500,83.418056,5.85,10000
198.571667,-78.447222,5.85,6300
205.374583,64.822500,5.85,9500
216.779583,-65.821667,5.85,4550
219.563333,54.023333,5.85,9750
222.565833,23.911944,5.85,6000
225.526667,-28.060556,5.85,9000
227.162917,-42.867778,5.85,16000
237.143333,28.156667,5.85,6000
239.418333,-20.983056,5.85,24000
246.045000,6.948056,5.85,9500
261.175000,-21.441667,5.85,5200
261.684167,48.260000,5.85,9000
273.143750,-73.671667,5.85,6750
271.530833,-8.323889,5.85,14000
288.853333,30.526389,5.85,3500
292.086667,2.930278,5.85,18000
301.557500,53.165833,5.85,6750
303.107917,-12.617500,5.85,6450
306.361667,-28.663333,5.85,5200
324.754583,20.265278,5.85,7200
2.578333,-5.248611,5.84,4850
16.081667,61.580278,5.84,6600
20.879167,-30.945556,5.84,4250
27.045417,16.955556,5.84,12000
40.748750,53.526111,5.84,5000
44.523750,-23.606111,5.84,4700
98.080000,4.855833,5.84,5000
97.804167,-35.259167,5.84,5200
107.923333,-20.883056,5.84,10000
117.303750,-46.857778,5.84,28000
139.281250,-14.573611,5.84,5000
149.147917,-33.418611,5.84,4850
154.174583,25.371389,5.84,4700
178.993333,56.598611,5.84,4850
190.345833,-46.145556,5.84,4400
193.735417,47.196667,5.84,2750
199.307917,-43.979444,5.84,8750
228.472083,-26.193611,5.84,5500
234.567917,-21.016111,5.84,5100
234.642917,50.423333,5.84,5200
237.489583,-48.911944,5.84,9750
246.165417,-29.704722,5.84,6000
257.912083,-48.874167,5.84,3350
263.280833,-41.173611,5.84,12000
268.082083,-34.416667,5.84,5200
278.192500,23.616944,5.84,4250
280.002083,-7.790556,5.84,4400
290.985417,43.388056,5.84,5300
295.937500,41.773056,5.84,3500
304.529167,40.732222,5.84,33000
348.655417,74.231111,5.84,10000
353.745833,71.642222,5.84,5100
10.514167,66.147500,5.83,5100
36.501250,-15.341111,5.83,8500
38.218750,34.542500,5.83,5000
39.577917,-30.194167,5.83,6900
45.483750,-9.961389,5.83,5400
52.715000,-66.489722,5.83,14000
59.717917,-5.470000,5.83,5100
65.773750,-24.892222,5.83,4250
84.286667,26.924167,5.83,12000
91.765417,-34.311944,5.83,22000
93.476250,-3.741389,5.83,5200
93.652917,-4.568333,5.83,20000
113.577500,-23.473611,5.83,6900
120.232917,25.392778,5.83,5200
123.599583,-45.834444,5.83,26000
125.087500,20.747778,5.83,4850
149.595000,72.879444,5.83,4550
172.269167,61.778333,5.83,6750
174.092917,-61.052222,5.83,26000
183.748333,-20.844167,5.83,5300
200.567500,-52.183056,5.83,26000
204.675000,-29.560833,5.83,6750
209.081250,-46.592500,5.83,4850
216.800833,-46.134444,5.83,9750
217.818750,-67.717222,5.83,4850
240.212917,4.427500,5.83,5000
240.830833,36.631667,5.83,9500
243.320000,-53.671667,5.83,3500
249.609167,-43.398611,5.83,26000
256.332500,54.470278,5.83,6450
276.495000,29.828889,5.83,9500
281.206667,-25.011111,5.83,20000
281.368333,5.499722,5.83,9750
282.743750,-9.774167,5.83,7200
285.884167,1.818889,5.83,9000
290.589583,-0.252500,5.83,5200
315.537917,56.669722,5.83,14000
318.056667,-40.269444,5.83,6750
319.842500,38.237500,5.83,7350
336.677083,78.785833,5.83,9500
345.178750,3.011667,5.83,4400
346.811250,-50.686389,5.83,6600
347.540833,-40.591667,5.83,2900
16.942500,-9.785556,5.82,6450
22.930417,-30.283333,5.82,5000
27.315417,47.896944,5.82,9250
29.432500,27.804444,5.82,3200
35.709583,41.396389,5.82,7500
39.020417,6.886944,5.82,4550
42.133750,18.283611,5.82,4850
45.732917,-46.975000,5.82,4700
52.654167,48.103611,5.82,14000
84.681667,-40.707500,5.82,14000
96.766667,-58.002222,5.82,4550
105.639583,16.674167,5.82,3200
108.674583,24.885000,5.82,3350
108.914167,7.977778,5.82,2900
110.605833,-5.982778,5.82,7050
120.767083,-32.463889,5.82,4700
122.796250,-48.461944,5.82,24000
133.200000,-38.724167,5.82,3500
135.350417,32.252500,5.82,9500
154.508333,65.108333,5.82,8000
154.310833,23.106111,5.82,6300
194.073333,54.099444,5.82,8750
199.615833,34.098056,5.82,4400
223.658333,-33.300556,5.82,4700
232.668333,-16.609444,5.82,5400
233.506667,-40.066111,5.82,3200
269.076667,0.670278,5.82,26000
294.671667,54.973889,5.82,6600
316.626250,31.184722,5.82,6450
319.546250,-4.519444,5.82,20000
320.270000,7.354444,5.82,3200
339.147500,-31.663889,5.82,4850
339.719167,19.522222,5.82,5200
348.360417,11.065000,5.82,5200
17.792917,37.724167,5.81,16000
22.807500,70.264722,5.81,6600
34.976250,-55.944722,5.81,4250
39.146250,7.729722,5.81,5000
53.396250,39.899444,5.81,8750
57.149167,-20.903056,5.81,4250
68.155833,-3.209167,5.81,12000
73.959583,15.040000,5.81,12000
74.539167,25.050278,5.81,10000
89.656667,-44.034444,5.81,5200
91.522917,-29.758611,5.81,9750
94.745833,-20.926111,5.81,22000
113.565833,3.371389,5.81,10000
119.710417,-60.824444,5.81,26000
128.506667,-2.151667,5.81,9750
152.377083,-68.683333,5.81,10000
154.656667,-56.110000,5.81,6600
164.006250,6.185278,5.81,2750
164.997500,-43.807222,5.81,14000
167.472500,-32.367500,5.81,9500
171.697083,-53.160000,5.81,5000
173.067083,-29.263333,5.81,6300
184.372917,53.191111,5.81,4100
186.263333,56.777500,5.81,3050
206.403750,-26.116111,5.81,9750
221.528333,-23.153056,5.81,5500
227.147917,25.108611,5.81,4850
228.579583,-70.079444,5.81,4000
235.477917,18.463889,5.81,9500
238.069167,55.826667,5.81,5200
243.344167,-55.540833,5.81,7200
263.652917,9.586667,5.81,9500
279.627917,-23.505000,5.81,14000
282.364167,-45.810278,5.81,5200
287.107500,52.425556,5.81,4850
291.619583,19.891389,5.81,3500
292.237500,24.768611,5.81,5000
300.201250,-45.113056,5.81,8000
314.106250,50.728611,5.81,7500
332.245833,-18.519722,5.81,26000
343.417083,44.749167,5.81,9250
343.529167,40.376944,5.81,5000
347.488750,-42.860556,5.81,6900
353.331250,-77.385278,5.81,5800
11.440000,-47.551667,5.80,5900
17.580833,25.457778,5.80,3950
23.978333,17.433611,5.80,7500
28.217083,-16.929167,5.80,7500
42.994583,68.888611,5.80,6750
44.521667,20.668611,5.80,6750
56.503750,67.201667,5.80,7500
58.430417,57.975000,5.80,8750
80.431667,8.428611,5.80,28000
87.510833,9.871111,5.80,5200
91.362917,-35.513611,5.80,9750
92.884583,24.420278,5.80,5000
96.057083,-60.281111,5.80,10000
98.815833,0.890000,5.80,14000
101.380417,-30.948889,5.80,26000
101.473750,-52.410000,5.80,4550
109.132500,-38.318889,5.80,22000
111.238333,51.887222,5.80,4250
114.682917,-36.496944,5.80,26000
116.040000,-36.062778,5.80,7200
128.967083,-50.970000,5.80,14000
145.259167,-57.259722,5.80,5000
160.930417,57.199167,5.80,10000
168.311250,-44.372222,5.80,4250
171.245417,11.430278,5.80,4400
174.074583,27.781111,5.80,7500
181.312917,76.905833,5.80,5100
187.474583,-56.524722,5.80,3350
189.005000,-39.870000,5.80,10000
214.368333,15.263333,5.80,3050
222.493333,28.615833,5.80,9000
223.595417,-11.898333,5.80,5300
239.338750,-36.185000,5.80,5000
256.332083,54.470278,5.80,6450
260.778750,-56.525278,5.80,5200
269.174583,-28.065278,5.80,8250
288.307083,-25.906667,5.80,4850
292.254167,1.950278,5.80,10000
301.025833,17.070000,5.80,5900
305.089167,17.793056,5.80,4250
310.135417,-16.124167,5.80,5300
322.034583,32.225278,5.80,7500
328.721667,56.611389,5.80,14000
330.829167,11.386389,5.80,12000
343.369583,-11.616667,5.80,12000
354.383333,44.429167,5.80,14000
1.275833,61.314167,5.80,14000
3.745000,8.820833,5.79,7500
5.189583,32.911389,5.79,4250
9.113750,60.326111,5.79,9000
17.138750,58.263611,5.79,14000
21.742083,-32.543056,5.79,3600
27.173333,32.690278,5.79,6300
28.039167,50.792778,5.79,12000
33.941667,25.783056,5.79,6600
39.244167,-34.578333,5.79,5500
48.059167,27.256944,5.79,12000
48.950000,57.140833,5.79,10000
62.900833,-20.356111,5.79,9500
65.241250,-81.580000,5.79,7500
69.539167,16.033333,5.79,7500
68.391667,-62.823611,5.79,4850
74.452917,23.948611,5.79,5200
82.348333,-3.446389,5.79,4850
86.717083,9.522222,5.79,5200
99.595833,28.984167,5.79,12000
100.272500,0.495278,5.79,14000
102.591250,-17.083889,5.79,5000
106.779583,-40.893333,5.79,24000
111.965417,-11.556944,5.79,5200
117.420833,-66.195833,5.79,12000
127.281667,-44.160556,5.79,26000
131.480000,-79.504444,5.79,4250
135.190417,-60.963889,5.79,5200
137.888333,-46.583889,5.79,26000
146.541667,6.708611,5.79,3350
147.800417,-59.425833,5.79,4700
160.837083,4.747778,5.79,4550
162.575417,-8.897778,5.79,9250
168.507500,8.060556,5.79,4550
170.783750,-56.779444,5.79,9000
185.937083,-38.911111,5.79,12000
194.914583,-3.811944,5.79,9250
197.786667,-42.233056,5.79,6450
198.883333,40.855278,5.79,8250
201.533750,72.391389,5.79,3350
205.045417,-64.576944,5.79,7050
227.050417,-40.583889,5.79,14000
230.660000,63.341389,5.79,4400
232.732083,64.208611,5.79,5000
247.061250,-37.179444,5.79,4850
249.046667,46.613333,5.79,5200
254.890833,-69.268333,5.79,8750
265.317917,-46.921944,5.79,10000
265.491667,72.156944,5.79,6000
262.700000,86.968056,5.79,9500
283.879167,-16.376667,5.79,6900
298.534167,-8.574167,5.79,4250
303.365417,60.640556,5.79,4250
333.092917,63.291389,5.79,3050
334.219167,-9.040000,5.79,4550
337.292500,26.763056,5.79,4700
339.304167,75.371667,5.79,3350
345.997917,-41.478333,5.79,5000
349.968333,42.078056,5.79,3500
357.838333,9.313333,5.79,3050
25.832083,60.551111,5.78,14000
39.400417,65.745556,5.78,4250
41.948333,81.448333,5.78,5200
40.051250,-9.453056,5.78,6600
52.479167,-42.634167,5.78,8750
70.332500,28.615000,5.78,9500
72.151250,-5.673889,5.78,6300
77.084167,-8.665000,5.78,14000
82.478333,1.789167,5.78,26000
83.280833,-35.139722,5.78,5000
83.814167,-33.080000,5.78,4700
83.686250,-73.741389,5.78,3050
91.740000,-21.812778,5.78,2900
93.083750,32.693333,5.78,3200
94.920833,-34.396667,5.78,12000
106.412917,9.185833,5.78,3500
107.846250,26.856667,5.78,9000
108.280000,-11.251389,5.78,5000
109.509167,40.883333,5.78,8750
111.284583,-13.751944,5.78,7500
111.355417,-25.217778,5.78,16000
117.303750,-60.283611,5.78,7350
119.247500,15.790278,5.78,4550
123.555000,-35.490556,5.78,4850
128.682500,36.419444,5.78,9500
133.452917,-60.354167,5.78,20000
139.888333,-15.834444,5.78,4400
153.366667,-51.756111,5.78,9250
192.322500,27.552222,5.78,9500
197.301667,10.022222,5.78,5000
201.277917,23.854444,5.78,9250
204.201667,-26.495000,5.78,8250
234.450417,-23.141667,5.78,5000
241.901667,-12.745556,5.78,12000
244.186667,29.150278,5.78,9250
267.897917,-60.164444,5.78,5000
278.802500,18.203333,5.78,10000
280.905000,-64.551111,5.78,5000
308.478750,46.693889,5.78,12000
311.091667,56.488056,5.78,3050
313.699583,-17.923056,5.78,5000
321.811667,-21.196111,5.78,4250
330.460833,52.882222,5.78,20000
331.297500,26.673889,5.78,4700
331.959583,21.702778,5.78,16000
332.655833,11.624444,5.78,3350
336.293750,-70.431667,5.78,7050
336.028750,-4.836944,5.78,10000
1.082083,-16.528889,5.78,4700
3.330833,-84.994167,5.77,3500
6.350833,1.939722,5.77,5500
40.761667,55.105833,5.77,16000
41.137083,15.311667,5.77,12000
53.150000,9.373611,5.77,12000
57.973750,34.359167,5.77,28000
65.171667,6.130833,5.77,5200
68.007500,53.910833,5.77,30000
72.135417,-16.329444,5.77,6600
82.006667,17.238889,5.77,3350
97.155417,-17.466111,5.77,5500
102.707917,-0.540833,5.77,7200
103.205833,8.380278,5.77,7500
110.322917,45.228056,5.77,8250
112.270417,-31.456389,5.77,26000
113.645417,-27.011944,5.77,4850
115.465833,13.480556,5.77,3200
120.336250,59.047500,5.77,6933
137.297917,-12.357778,5.77,5400
141.362917,-61.950278,5.77,9000
153.201250,4.614722,5.77,5000
157.526667,38.925278,5.77,9000
160.963333,-64.248889,5.77,26000
173.591667,3.060000,5.77,6750
188.676250,-44.673333,5.77,5900
198.137083,11.556111,5.77,3500
200.240417,-46.880556,5.77,4850
201.736250,78.643889,5.77,5800
207.946667,-46.899167,5.77,26000
210.000417,-25.010278,5.77,6450
221.989583,-26.646389,5.77,12000
224.055000,14.446389,5.77,10000
226.857917,-49.088333,5.77,5200
237.528750,-53.209444,5.77,12000
238.884583,-60.177778,5.77,5500
245.105000,-55.140000,5.77,5000
250.161250,4.219722,5.77,9750
253.743333,-41.151111,5.77,36000
261.077917,-60.673611,5.77,14000
260.990000,8.852778,5.77,4850
264.379583,24.310000,5.77,9500
268.309167,6.101389,5.77,7050
270.476667,-22.780556,5.77,30000
271.707500,-43.424722,5.77,8750
271.707500,-43.424722,5.77,8750
271.563333,-4.751389,5.77,4850
277.768333,16.928611,5.77,9500
283.696250,48.859722,5.77,7050
286.660000,24.250833,5.77,9000
296.865833,38.407500,5.77,14000
308.322917,-80.965000,5.77,5400
312.867500,28.250556,5.77,6750
321.103333,-41.006667,5.77,10000
323.823333,-3.983056,5.77,5100
327.892500,19.826667,5.77,14000
337.905833,-85.967222,5.77,5000
348.744167,-41.105556,5.77,4700
350.222083,38.182222,5.77,6750
357.364583,1.076111,5.77,8750
23.428750,-7.025278,5.76,5800
24.949167,-56.194722,5.76,4250
55.677917,59.969444,5.76,4550
56.476667,24.554722,5.76,14000
58.411250,48.650556,5.76,5000
66.155833,33.959722,5.76,6900
78.620000,-35.977222,5.76,5200
80.302917,29.570000,5.76,9750
96.431667,-48.177222,5.76,12000
111.139167,27.638056,5.76,7216
114.949167,-38.260833,5.76,26000
118.199583,-5.428056,5.76,6750
123.000000,-46.644167,5.76,6450
131.216250,-37.147222,5.76,26000
155.543750,41.229444,5.76,6450
168.413750,-53.231667,5.76,4700
172.410833,-24.463333,5.76,10000
183.355417,-38.929167,5.76,22000
193.340833,-60.328611,5.76,12000
209.662083,21.696111,5.76,10000
218.128750,55.397778,5.76,4250
227.374583,-67.084167,5.76,6600
227.577500,-26.332778,5.76,5000
239.025000,-60.482778,5.76,9250
247.805833,22.195278,5.76,4250
259.700000,-44.129722,5.76,12000
277.486250,-57.523056,5.76,5000
278.412500,-14.853611,5.76,9500
300.095833,-66.949444,5.76,5000
298.701250,36.996111,5.76,5900
304.603333,55.397222,5.76,9500
310.348750,-31.598333,5.76,3500
315.089583,-51.265278,5.76,6750
317.137083,-63.928889,5.76,5000
319.870000,49.510278,5.76,18000
336.112917,-13.529444,5.76,5400
341.542500,44.546111,5.76,7500
3.727083,-9.569722,5.75,12000
12.095833,5.280556,5.75,4700
25.436250,-11.324722,5.75,6750
34.499583,57.899722,5.75,4550
38.677917,-7.859444,5.75,4400
39.038750,-30.044722,5.75,5200
45.291667,-7.662778,5.75,5000
66.941250,-62.520833,5.75,5000
74.029583,52.869444,5.75,9500
75.687083,-22.795000,5.75,4850
92.433333,23.113333,5.75,26000
93.005417,19.790556,5.75,12000
102.079167,-1.319167,5.75,7350
106.956250,7.471111,5.75,5000
108.545833,-3.901389,5.75,4250
112.342083,-10.326667,5.75,4250
125.477500,-17.586389,5.75,4850
126.997083,-35.113889,5.75,24000
127.877083,24.081111,5.75,7500
131.828750,-46.155556,5.75,7200
133.801667,-18.241389,5.75,4700
136.001667,54.283889,5.75,9500
139.608333,35.364167,5.75,8000
140.600000,-46.047500,5.75,5400
160.451250,68.443333,5.75,4550
171.487917,55.850556,5.75,5000
182.224167,-44.326111,5.75,9500
201.138333,-5.163889,5.75,7050
205.168750,19.955556,5.75,9750
207.947500,-69.401389,5.75,4250
214.160833,-66.587778,5.75,28000
234.567500,46.797778,5.75,7200
239.742083,-65.037778,5.75,16000
238.877500,42.566111,5.75,12000
244.272917,-67.941389,5.75,9000
249.089583,-2.324722,5.75,4700
255.039583,-24.989167,5.75,6900
255.577917,25.505556,5.75,5300
261.990000,-52.297222,5.75,4700
264.539583,-10.926389,5.75,5000
265.997083,53.801667,5.75,9500
274.298333,-17.373889,5.75,4400
275.346250,-18.860000,5.75,6300
279.400000,-0.309444,5.75,9750
291.857917,52.320556,5.75,9750
293.224167,-53.185833,5.75,6750
299.672083,-69.163889,5.75,8750
302.895417,62.078611,5.75,6750
310.646667,82.531111,5.75,10000
318.941250,-53.263056,5.75,8500
323.235833,49.977778,5.75,10000
331.869167,19.475556,5.75,7200
334.277083,-5.387222,5.75,5400
334.552917,62.804444,5.75,4550
336.655833,4.393611,5.75,6450
344.799167,11.728889,5.75,8000
351.054583,-51.891389,5.75,3500
351.780833,42.911944,5.75,12000
356.169583,-78.791389,5.75,4850
358.210417,-8.996667,5.75,5000
0.542500,27.081944,5.75,5500
4.237917,61.533333,5.74,5200
6.276667,53.046944,5.74,12000
13.646667,19.188333,5.74,9750
28.962500,23.577222,5.74,4850
41.364583,-63.704444,5.74,5200
48.138333,-57.321667,5.74,4000
79.555417,73.268056,5.74,10000
81.784583,30.208611,5.74,12000
97.163333,-32.371111,5.74,22000
102.318333,-2.271944,5.74,14000
103.761250,-20.404722,5.74,9250
105.572500,15.336111,5.74,4850
114.170833,-19.702222,5.74,26000
119.077500,-60.526389,5.74,4550
134.208333,45.631944,5.74,4850
143.085000,-19.400278,5.74,8750
151.151250,53.891667,5.74,6750
157.989583,-45.066667,5.74,18000
167.329583,36.309444,5.74,3050
168.378333,-59.619444,5.74,28000
172.424583,15.413333,5.74,4400
174.145833,-33.570000,5.74,5000
185.549583,-68.307500,5.74,5000
188.150000,-13.859167,5.74,7200
204.246250,24.613333,5.74,3200
219.184167,-40.211667,5.74,14000
218.665000,49.368333,5.74,3350
221.621250,-47.441111,5.74,9750
222.327917,46.116111,5.74,6450
224.366667,-21.415556,5.74,4400
233.987917,54.630556,5.74,9500
246.105417,55.205000,5.74,9500
250.427083,1.181111,5.74,7200
251.588333,-58.503611,5.74,26000
261.027500,22.960278,5.74,7500
263.280417,41.243611,5.74,4850
269.731667,-36.858333,5.74,5200
279.389583,62.526667,5.74,10000
285.823750,-38.253333,5.74,7500
291.600417,13.023889,5.74,6600
298.156667,-54.971111,5.74,5200
343.935417,36.351667,5.74,16000
52.004167,-11.286667,5.73,4700
56.315833,-47.359722,5.73,4850
66.121667,34.130556,5.73,14000
76.317500,-26.152500,5.73,4700
84.146667,54.428889,5.73,3500
85.840000,-18.557500,5.73,10000
90.244167,47.901944,5.73,12000
92.241250,2.499444,5.73,9250
100.120000,77.995833,5.73,4250
103.827500,25.375556,5.73,6000
115.060833,38.344444,5.73,3500
114.932500,-38.139444,5.73,20000
122.613333,25.507222,5.73,5300
126.397917,2.102222,5.73,4250
133.344167,61.962222,5.73,7200
137.267917,-18.328611,5.73,9500
137.994583,-19.747778,5.73,5100
147.675000,-46.934444,5.73,5000
149.900833,29.645278,5.73,5100
175.392917,31.746111,5.73,6900
186.340833,-35.186389,5.73,12000
192.741250,-52.787500,5.73,8750
203.880417,-5.396111,5.73,5400
220.806667,-24.997500,5.73,12000
220.935000,40.459167,5.73,4400
229.151667,-60.903889,5.73,30000
237.778333,-55.055833,5.73,26000
241.818333,-36.755556,5.73,7350
242.116667,8.534167,5.73,3050
256.102917,-57.712222,5.73,20000
272.390833,3.993333,5.73,7200
275.800833,-12.014722,5.73,14000
276.995000,6.194167,5.73,14000
282.157500,-65.077778,5.73,8000
281.200833,37.594444,5.73,7500
293.582500,51.236667,5.73,6450
303.822500,-27.032778,5.73,5000
317.565000,53.563333,5.73,12000
324.045833,-26.171389,5.73,8250
338.967917,39.634167,5.73,26000
356.816250,-11.910833,5.73,4850
359.386250,-82.170000,5.73,5000
3.378333,41.035278,5.72,7500
7.510000,-3.957222,5.72,3500
25.512500,-36.832500,5.72,9750
47.402917,29.076944,5.72,14000
62.745833,33.586667,5.72,4850
62.834583,5.523056,5.72,6900
65.514583,14.077222,5.72,9250
67.003333,21.620000,5.72,8750
68.478333,-6.738889,5.72,12000
71.267500,-21.283611,5.72,4700
73.827500,-16.417778,5.72,5600
84.148750,-6.065000,5.72,28000
86.805000,14.488333,5.72,9250
92.644167,-27.154167,5.72,4850
108.691250,-46.849722,5.72,10000
112.215000,48.183889,5.72,12000
114.182917,-48.830278,5.72,12000
128.867500,-7.982222,5.72,9750
143.723333,72.205556,5.72,6450
148.713750,-50.243889,5.72,10000
152.943750,-58.060556,5.72,26000
163.742500,34.034722,5.72,5300
182.514167,5.806944,5.72,7200
192.824167,-60.329722,5.72,9500
230.967500,-12.369444,5.72,5400
252.662500,29.806667,5.72,3350
259.904167,80.136389,5.72,4250
266.783333,17.697222,5.72,9750
277.984167,-43.507778,5.72,4700
277.857083,-10.795833,5.72,26000
291.546250,-15.053056,5.72,14000
297.175417,11.815833,5.72,5800
304.902917,62.257500,5.72,12000
309.682917,13.315000,5.72,4550
343.795833,-4.987778,5.72,5000
356.050000,-64.404444,5.72,4700
357.638750,-14.401944,5.72,4400
25.450000,-60.789444,5.71,4700
33.263750,15.279722,5.71,3500
38.911667,37.312222,5.71,4550
40.307917,-0.695833,5.71,6450
44.900417,-25.274167,5.71,7200
49.671667,-18.559722,5.71,7500
51.889167,-35.681389,5.71,4700
54.197083,0.587778,5.71,5100
58.596667,-40.357222,5.71,5000
64.284167,57.860556,5.71,4850
73.199167,42.586667,5.71,9250
80.850000,-39.678611,5.71,3350
92.449583,-22.774167,5.71,6600
91.539167,-66.039722,5.71,10000
94.317083,5.100278,5.71,6150
99.307500,-36.990556,5.71,16000
99.927917,-30.470278,5.71,5000
102.422083,32.606667,5.71,4550
106.844167,-23.840278,5.71,26000
108.987917,27.897500,5.71,3350
124.822083,62.507222,5.71,5200
130.147083,-45.191389,5.71,3500
133.799583,-54.965556,5.71,6600
142.121667,8.188333,5.71,5000
148.573333,-45.283889,5.71,24000
164.807917,-33.737222,5.71,7200
166.490000,-27.287778,5.71,10000
173.805000,-47.372500,5.71,3050
183.785417,70.200000,5.71,4700
189.593333,1.854722,5.71,3050
196.909583,-53.459722,5.71,14000
208.703750,-67.652500,5.71,4700
208.800833,-52.161111,5.71,12000
224.298750,16.388333,5.71,5500
225.453750,-0.140556,5.71,3500
231.887917,-64.531389,5.71,4250
236.822083,14.115278,5.71,9250
251.177500,-40.839722,5.71,24000
261.131250,16.301111,5.71,9250
265.840000,24.327778,5.71,5800
271.456667,32.230556,5.71,5000
281.680417,-10.125000,5.71,7200
292.349583,-43.445833,5.71,8750
298.656667,-8.227222,5.71,16000
300.494167,-13.636944,5.71,9250
300.905833,29.896667,5.71,5400
320.995000,24.274167,5.71,7350
328.004167,55.796944,5.71,18000
328.543333,-4.276111,5.71,4700
333.685000,42.953889,5.71,9500
338.419167,56.625000,5.71,5200
340.219583,14.549444,5.71,5600
347.677500,17.594444,5.71,4400
0.268750,-48.810000,5.71,5200
1.579167,-49.075000,5.70,5900
10.443333,-56.501667,5.70,8750
11.930417,-18.061389,5.70,4550
13.407917,-62.871389,5.70,2900
18.705000,-0.973889,5.70,6750
23.357500,58.327500,5.70,5000
32.656667,19.500278,5.70,3050
52.495000,-78.351944,5.70,5200
62.698750,-8.819722,5.70,5100
64.223333,61.850278,5.70,20000
73.778333,-16.740556,5.70,5100
80.926250,-0.159722,5.70,28000
89.721667,12.808611,5.70,4700
97.993333,-58.754167,5.70,12000
99.095000,-18.660000,5.70,5200
102.597083,-31.706111,5.70,18000
109.867083,-16.395000,5.70,7350
114.016250,-14.492778,5.70,26000
118.123750,-54.367222,5.70,28000
122.290000,-48.684444,5.70,14000
131.510417,-2.048889,5.70,5000
144.250833,-25.296667,5.70,4850
151.087500,-24.285556,5.70,8000
159.135000,-12.230278,5.70,6450
177.423750,34.931667,5.70,6750
177.613333,-62.649444,5.70,9500
184.377083,28.937222,5.70,9000
186.896250,55.712778,5.70,3200
192.225833,14.122500,5.70,9750
206.648750,54.432778,5.70,12000
208.303750,17.932778,5.70,5500
208.462500,53.728611,5.70,10000
219.552083,43.641944,5.70,4700
229.602083,20.572778,5.70,5200
241.482500,-72.400833,5.70,4850
242.908333,23.494722,5.70,2900
261.004583,-62.864167,5.70,26000
263.677083,-32.581667,5.70,39000
277.482500,-47.220278,5.70,4700
280.965000,31.926667,5.70,7350
314.197083,-26.296389,5.70,6450
321.304583,-9.748611,5.70,7500
331.394583,28.963889,5.70,12000
344.199167,-47.969167,5.70,8750
346.939167,49.295833,5.70,6750
347.433750,59.333056,5.70,8750
7.608750,-48.215000,5.69,7200
24.035000,-29.907500,5.69,7200
24.366667,-84.769722,5.69,5200
29.640000,49.204167,5.69,5000
33.868750,-67.746389,5.69,4700
40.591667,20.011667,5.69,10000
50.278333,3.675556,5.69,5200
55.578750,19.700278,5.69,12000
64.496250,-80.213889,5.69,4700
83.381667,18.540278,5.69,26000
95.017500,14.651111,5.69,4550
98.162500,-32.030556,5.69,26000
99.664583,39.390833,5.69,4250
107.428750,-25.231111,5.69,26000
107.175833,-70.497222,5.69,7200
118.078750,-14.846389,5.69,7350
128.020000,-53.212222,5.69,5000
126.082500,-80.914167,5.69,5200
144.260833,16.437778,5.69,4850
145.561667,69.237500,5.69,5100
187.430000,20.896111,5.69,9250
200.423333,2.087222,5.69,9500
201.733750,-41.498056,5.69,4550
203.149583,-28.692778,5.69,9750
221.375833,0.717222,5.69,12000
222.422083,48.720556,5.69,6600
227.990000,-48.743611,5.69,9250
243.869583,18.808333,5.69,4550
247.063333,-58.599722,5.69,12000
263.414167,16.317500,5.69,5000
267.103333,20.565556,5.69,5500
272.475000,3.119722,5.69,6750
283.500417,-21.359722,5.69,4850
284.025833,18.105278,5.69,4850
285.322500,26.291389,5.69,20000
291.340000,-13.896944,5.69,4550
291.950417,-54.325278,5.69,4400
297.655417,40.599722,5.69,28000
305.297500,63.980278,5.69,4250
306.759583,49.383333,5.69,7500
320.501667,49.388889,5.69,5000
323.712500,-20.084444,5.69,7350
325.595417,41.077222,5.69,10000
2.014583,-33.529444,5.68,4850
16.272500,14.946111,5.68,6900
39.157917,12.447500,5.68,6450
53.145000,-50.378611,5.68,4700
68.534583,5.568611,5.68,9500
70.788750,-30.765556,5.68,4700
77.678750,46.962222,5.68,6750
77.845000,-11.849167,5.68,2600
80.382500,-0.416389,5.68,24000
105.339583,70.808056,5.68,4400
105.065833,16.078889,5.68,4550
114.575833,-48.601111,5.68,6900
122.368750,-16.248889,5.68,26000
126.229583,-23.153611,5.68,9500
167.204583,24.658333,5.68,9250
185.840000,-24.840556,5.68,4850
189.242917,17.089444,5.68,4250
222.327917,-24.251667,5.68,4850
247.445417,-14.550833,5.68,5800
270.038333,80.004167,5.68,6450
301.096667,-0.709444,5.68,4400
309.747917,30.334444,5.68,4700
317.342917,-73.173056,5.68,6300
316.505000,-30.125000,5.68,5000
320.208750,32.452778,5.68,5200
321.141667,26.174444,5.68,8000
328.405833,19.668333,5.68,10000
338.067500,76.226389,5.68,9500
345.281250,-50.950000,5.68,4550
352.254167,-63.110833,5.68,8750
354.097083,2.102222,5.68,6600
4.037083,-31.446389,5.67,4250
8.099167,6.955556,5.67,12000
11.110000,47.864167,5.67,20000
29.038750,37.251667,5.67,5000
32.168750,58.423611,5.67,9750
58.000833,6.534722,5.67,20000
60.442083,9.997778,5.67,20000
70.350417,48.300833,5.67,10000
83.753750,-6.009167,5.67,28000
90.205000,-51.216389,5.67,8750
91.242500,5.420000,5.67,5300
134.396667,15.581389,5.67,7500
135.491667,-0.482778,5.67,5000
154.770000,-64.676389,5.67,9750
158.759167,8.650278,5.67,9500
162.796250,56.582222,5.67,4700
166.130000,-47.679167,5.67,8000
191.593750,9.540000,5.67,4850
198.630417,11.331667,5.67,3500
201.458750,-70.627500,5.67,8750
220.255833,-36.135000,5.67,10000
227.099167,26.301111,5.67,4700
230.793333,-60.656944,5.67,6450
243.066250,-28.417500,5.67,12000
245.945833,61.696667,5.67,5200
258.067500,-39.506944,5.67,9750
260.439167,53.420556,5.67,4400
269.984167,45.501389,5.67,3500
291.735417,-29.743333,5.67,12000
295.180417,-0.621111,5.67,9250
299.793750,23.101389,5.67,7500
300.875000,16.031389,5.67,12000
310.485417,41.716944,5.67,14000
313.957500,47.417778,5.67,14000
324.632917,5.771667,5.67,7750
325.542083,1.285278,5.67,4700
1.175000,67.166667,5.67,4850
11.412500,74.988056,5.66,9500
21.715000,-13.056667,5.66,7500
56.497083,45.681944,5.66,18000
57.518750,44.967778,5.66,5800
72.788750,48.740833,5.66,5100
74.755417,-16.375833,5.66,7050
88.681667,-11.773889,5.66,4250
101.662500,-10.107222,5.66,12000
109.064583,-46.774444,5.66,4400
113.331250,-19.412500,5.66,4550
122.390000,-56.085556,5.66,9250
129.592500,53.401389,5.66,5200
131.187500,10.081667,5.66,9750
133.144167,32.474167,5.66,8000
142.302500,-20.748611,5.66,3350
150.703750,21.949167,5.66,26000
163.574167,-13.758056,5.66,5600
182.963333,25.870278,5.66,4400
184.031667,40.660278,5.66,3350
192.110000,-27.597500,5.66,5500
230.021667,51.958611,5.66,9000
277.549583,-18.728889,5.66,5000
284.187500,57.815000,5.66,4850
294.322500,16.462778,5.66,5200
300.084583,-33.703889,5.66,6450
303.848750,33.729444,5.66,5000
306.418750,21.409722,5.66,5400
319.815833,58.623611,5.66,3350
339.714583,-33.081389,5.66,9500
341.928333,-14.056389,5.66,10000
349.240417,-62.001111,5.66,6450
17.578333,42.081389,5.65,6300
39.424167,-3.396111,5.65,5500
64.596667,21.579167,5.65,7500
81.118333,-16.976111,5.65,9750
84.290833,-80.469167,5.65,5900
91.084583,-32.172500,5.65,26000
93.892917,-0.512222,5.65,6600
102.606250,13.413333,5.65,4550
103.000000,23.601667,5.65,4250
114.131667,46.180278,5.65,3500
120.307500,4.879722,5.65,9750
125.002917,-71.505278,5.65,10000
127.619167,-32.159444,5.65,4700
146.598333,1.785556,5.65,6900
152.732500,-8.418333,5.65,4700
155.069583,-47.699167,5.65,4250
174.315000,-75.896667,5.65,7350
202.304167,10.818333,5.65,5000
225.461667,-83.227778,5.65,5200
226.194583,-83.038333,5.65,5200
224.663333,-27.657222,5.65,9000
230.450833,-48.317778,5.65,5700
235.088333,-73.446667,5.65,16000
247.947083,45.598333,5.65,9000
250.334583,-48.763056,5.65,45000
250.417500,-49.651667,5.65,28000
255.025833,-54.596944,5.65,8750
255.242083,22.632222,5.65,4550
259.702083,28.823056,5.65,5000
261.422083,60.048333,5.65,9750
276.411667,8.031944,5.65,5200
278.346250,-38.726111,5.65,12000
285.615417,-24.846944,5.65,4550
294.007083,-24.719167,5.65,8250
298.327917,-3.114444,5.65,8750
303.579167,-52.445556,5.65,4400
308.098750,-9.853333,5.65,5800
315.115417,19.329444,5.65,3050
325.857083,38.283889,5.65,10000
330.288333,8.257222,5.65,4250
337.507500,32.572500,5.65,12000
345.024167,-25.164167,5.65,5000
354.415000,-13.060278,5.65,5100
18.069583,79.673889,5.64,9250
25.514583,35.245556,5.64,12000
56.290417,24.839167,5.64,14000
65.854167,16.777222,5.64,9750
83.476250,14.305556,5.64,24000
95.352917,-11.773333,5.64,28000
96.607500,56.285000,5.64,9250
100.011250,-80.813611,5.64,8750
103.328333,-19.032778,5.64,7350
112.719583,68.465556,5.64,4700
115.700417,-26.351111,5.64,4850
123.287083,29.656667,5.64,12000
124.460000,59.571111,5.64,8250
129.798750,65.020833,5.64,5900
130.801250,12.680833,5.64,9250
145.888750,29.974444,5.64,9500
160.680000,-32.715833,5.64,10000
173.067917,-29.261111,5.64,6300
173.200417,-40.436389,5.64,4100
177.759167,-5.333333,5.64,5000
224.133333,-47.879167,5.64,12000
224.903750,39.265278,5.64,7500
222.585000,82.511944,5.64,6150
232.064167,-16.716389,5.64,4250
243.670000,33.858611,5.64,6000
256.384583,-0.891944,5.64,28000
263.345000,19.256667,5.64,6600
277.112917,-38.995556,5.64,9500
277.437083,77.546944,5.64,4400
288.822500,21.232222,5.64,9000
294.263750,-18.231111,5.64,4550
301.150417,32.218611,5.64,28000
305.971667,-42.422778,5.64,8750
317.950833,59.986389,5.64,30000
326.808333,2.686111,5.64,9750
343.259583,16.841111,5.64,4850
350.314583,-26.986667,5.64,5600
23.657500,-15.676111,5.63,9250
26.936667,63.852222,5.63,5000
30.913750,25.935556,5.63,6300
32.720000,39.039444,5.63,12000
32.837917,8.569722,5.63,6000
44.108750,18.023056,5.63,6600
59.217083,22.478056,5.63,7200
88.138333,-37.631111,5.63,4850
91.243333,4.158611,5.63,5600
95.982917,-25.577778,5.63,4250
105.274583,-25.215278,5.63,26000
111.783333,-17.864444,5.63,8750
117.928750,-21.173889,5.63,5200
118.721667,-57.303056,5.63,4550
123.052917,17.647778,5.63,6300
140.458333,-55.515000,5.63,9250
144.291250,-32.178611,5.63,5000
146.597083,11.810000,5.63,4400
173.770417,54.785278,5.63,5000
187.572917,-23.696667,5.63,3500
196.467917,45.268611,5.63,4850
204.300833,-61.691944,5.63,6600
221.525000,15.131944,5.63,2750
221.843750,-25.624444,5.63,10000
224.095833,49.628611,5.63,6450
228.954583,0.372222,5.63,9000
241.906250,9.891667,5.63,8250
243.957083,-57.912222,5.63,9250
242.950000,36.425000,5.63,4550
248.148750,5.521111,5.63,12000
275.237917,29.858889,5.63,8750
284.106667,65.258056,5.63,5200
289.111667,14.544722,5.63,12000
291.555000,20.097778,5.63,10000
321.595417,-37.829444,5.63,4700
351.812500,-58.476111,5.63,5200
353.659167,33.497222,5.63,5000
0.623750,8.485556,5.63,7500
13.721250,83.707222,5.62,9000
30.918750,-4.103611,5.62,4250
34.531250,19.901111,5.62,9750
46.598750,13.187222,5.62,4550
96.004167,-36.707778,5.62,5400
98.647083,-32.716389,5.62,14000
106.021667,-5.323611,5.62,4550
108.635833,12.115833,5.62,5400
116.141667,-24.673889,5.62,28000
145.501250,39.757778,5.62,5200
147.832500,-46.193889,5.62,4700
205.259583,22.495833,5.62,5100
207.161250,31.190278,5.62,5000
234.412917,69.283333,5.62,4250
238.875417,-26.265833,5.62,9250
239.225833,-33.964167,5.62,12000
239.740417,36.643889,5.62,4250
262.956667,28.407500,5.62,9750
263.374583,-5.744722,5.62,8750
283.555000,27.909444,5.62,4400
297.996250,47.027500,5.62,33000
306.892917,38.440278,5.62,9250
324.740000,57.489167,5.62,42000
327.500417,-64.712500,5.62,5000
331.462083,-59.636111,5.62,4400
335.783333,-45.928611,5.62,7050
359.866250,-29.485000,5.62,4250
14.682917,-11.380000,5.61,5300
25.165833,43.297778,5.61,7750
45.593750,4.352778,5.61,16000
53.083750,84.911111,5.61,5700
49.895000,-24.123056,5.61,3200
51.123750,33.535833,5.61,10000
52.086667,33.807500,5.61,9500
61.094583,-12.792500,5.61,5000
72.730000,-53.461389,5.61,7500
75.972083,-24.387778,5.61,9250
80.094167,62.653611,5.61,4400
81.256667,-10.329167,5.61,4250
83.785417,9.935000,5.61,30000
95.732500,-56.370000,5.61,8750
101.827917,-55.540000,5.61,4250
111.747500,-23.086111,5.61,30000
117.544167,-9.183333,5.61,4550
126.145833,-3.751111,5.61,7050
130.072500,-53.015278,5.61,16000
156.313333,8.784722,5.61,3050
162.487500,-34.058056,5.61,9750
179.698750,-64.339167,5.61,9250
213.677500,-41.837500,5.61,5200
216.276250,-68.195278,5.61,9250
236.684167,-34.682500,5.61,16000
262.730833,31.158333,5.61,5200
278.876667,23.605556,5.61,5100
282.395833,-43.433889,5.61,12000
293.340000,-45.271944,5.61,8750
298.686667,0.273611,5.61,10000
314.625417,50.462222,5.61,20000
316.144583,5.502778,5.61,4250
346.723333,-38.892222,5.61,9750
358.694167,0.109167,5.61,2750
7.921667,52.839444,5.60,4700
55.890833,-10.485556,5.60,8750
59.875417,-12.574167,5.60,4250
67.278750,-13.048333,5.60,28000
83.805833,10.240000,5.60,12000
85.610000,65.697778,5.60,4250
97.206250,-7.034444,5.60,24000
98.096250,-5.868889,5.60,7500
97.826250,-51.826111,5.60,6300
115.800000,-36.050278,5.60,20000
117.397500,-33.288889,5.60,4250
119.445417,-60.303333,5.60,6000
137.175833,-8.589444,5.60,12000
151.789583,-17.141667,5.60,3950
152.341250,-61.549167,5.60,3200
153.881250,-43.112500,5.60,4400
194.001667,38.314722,5.60,7500
196.594167,22.616111,5.60,2750
200.079167,40.150556,5.60,4850
203.530417,55.348611,5.60,10000
204.952500,-40.051944,5.60,4700
206.124167,-16.179167,5.60,6000
223.307083,-73.190000,5.60,5300
268.347083,-34.895278,5.60,4550
273.920417,-63.055556,5.60,5000
276.256250,-30.756667,5.60,5000
320.752083,-22.668889,5.60,3350
321.331667,46.714444,5.60,7500
330.272500,13.119722,5.60,6900
330.736250,44.650000,5.60,10000
342.845000,61.696944,5.60,5200
347.087500,-28.823333,5.60,5100
351.819167,70.359722,5.60,8500
1.610417,64.196111,5.59,12000
12.356667,-13.561389,5.59,4250
15.326250,-38.916667,5.59,5000
25.585417,68.043056,5.59,10000
35.242500,50.151389,5.59,12000
43.987083,61.521111,5.59,6900
52.400000,-12.674722,5.59,8750
56.130833,36.460000,5.59,9500
61.405833,-27.651667,5.59,7350
64.990417,14.035278,5.59,7500
88.092917,14.171667,5.59,12000
98.850417,-36.780000,5.59,10000
104.649583,-25.413889,5.59,24000
112.327917,-1.905278,5.59,4250
113.298333,3.290278,5.59,7200
117.277917,-56.410556,5.59,5500
126.613333,-3.987500,5.59,8750
132.902500,-57.633611,5.59,14000
137.485000,-30.365278,5.59,9000
141.350000,-5.117500,5.59,4250
171.046250,-72.256667,5.59,26000
174.585833,43.625556,5.59,7200
180.414583,36.041944,5.59,5000
190.487917,6.806667,5.59,9500
196.646250,-41.588611,5.59,5000
217.157500,49.844722,5.59,5700
229.735000,-40.788333,5.59,16000
260.087917,46.240833,5.59,3500
262.838750,2.724444,5.59,5200
273.911667,42.159444,5.59,16000
289.129167,4.834722,5.59,9250
289.916667,-35.421389,5.59,24000
291.580000,-21.776667,5.59,4550
305.614583,-42.049722,5.59,10000
309.269583,26.461944,5.59,12000
317.162083,30.205833,5.59,12000
344.098333,41.603889,5.59,26000
350.206667,30.415000,5.59,3500
351.330833,-56.849167,5.59,5000
353.656250,40.236389,5.59,9750
1.172083,-71.436944,5.59,14000
16.521250,-9.839444,5.58,9750
20.919167,37.715000,5.58,9500
24.715833,-21.275278,5.58,9000
30.751250,64.390000,5.58,14000
33.928333,25.043056,5.58,6600
34.505833,1.757778,5.58,6000
52.218333,49.848333,5.58,18000
67.535833,15.638056,5.58,7500
70.028333,-24.482500,5.58,5400
72.303333,31.437222,5.58,4700
92.542917,-40.353611,5.58,3200
108.958750,47.240000,5.58,6000
108.712917,-27.038056,5.58,4400
124.572500,-35.451667,5.58,4700
125.338333,-20.079167,5.58,5800
134.156250,64.603889,5.58,5300
140.462083,-42.195000,5.58,3350
156.704167,-54.877500,5.58,4550
157.370833,-29.663611,5.58,4250
157.749167,-13.588333,5.58,12000
158.378750,34.988611,5.58,9500
162.848750,59.320000,5.58,4700
178.762917,8.443889,5.58,5000
188.392917,-12.830278,5.58,5200
195.942083,-20.583056,5.58,6450
205.231250,-85.786111,5.58,8750
230.801250,30.287778,5.58,6000
236.347917,5.446944,5.58,10000
251.831250,-58.341389,5.58,30000
254.200000,-23.150000,5.58,10000
268.961667,22.464167,5.58,4550
272.495833,36.466389,5.58,5200
283.431667,36.971667,5.58,26000
290.158750,-22.402500,5.58,7500
304.619167,37.000000,5.58,9500
305.522500,45.795000,5.58,5000
310.795833,66.657500,5.58,8000
311.951250,6.008333,5.58,10000
313.910833,12.568611,5.58,9000
326.633750,-11.365833,5.58,9750
327.065833,-47.303611,5.58,6000
330.270833,0.605000,5.58,4400
332.306667,33.172222,5.58,5200
333.435000,-25.180833,5.58,6600
337.283333,9.128889,5.58,4250
351.753333,87.307500,5.58,8250
6.065000,52.020000,5.57,20000
8.615833,-52.373056,5.57,7050
9.336250,-24.767222,5.57,5200
12.004583,-21.722500,5.57,12000
17.922500,65.018889,5.57,12000
24.274583,12.141667,5.57,7500
29.911667,-42.030556,5.57,4850
46.883333,-78.989444,5.57,7200
53.990417,-11.193611,5.57,5300
55.282917,37.580000,5.57,16000
54.962917,3.056944,5.57,5400
67.054167,83.807778,5.57,20000
82.063750,-37.230556,5.57,9750
88.718750,-39.958056,5.57,3500
126.615417,27.893611,5.57,4250
138.127500,-43.613611,5.57,14000
147.732083,-62.745278,5.57,4850
156.434583,-7.059722,5.57,4250
166.707917,-70.878056,5.57,26000
171.401667,16.456389,5.57,7200
178.042083,-56.987778,5.57,9500
179.417083,-62.448889,5.57,24000
183.038750,20.541944,5.57,5000
204.894167,10.746111,5.57,7500
226.357500,48.151111,5.57,9750
235.820000,-84.465278,5.57,9500
242.327500,-57.934444,5.57,12000
250.473750,-19.924444,5.57,6900
283.864583,6.615278,5.57,5000
284.319167,2.535278,5.57,12000
288.833750,15.083611,5.57,5200
298.006667,24.992222,5.57,9750
311.955417,47.831944,5.57,4250
320.268333,23.855833,5.57,4850
323.347917,-44.848611,5.57,4850
351.211667,32.385000,5.57,12000
16.423750,21.465278,5.56,10000
24.531667,57.977500,5.56,5500
44.921667,-2.465000,5.56,12000
48.110000,6.660833,5.56,4850
79.017083,11.341389,5.56,10000
87.742083,27.967778,5.56,5300
92.392917,-14.584167,5.56,4700
95.659167,-69.984167,5.56,4250
114.636667,35.048611,5.56,5000
115.301667,48.131667,5.56,5000
115.513333,14.208333,5.56,3050
143.636250,-5.915000,5.56,4850
144.178750,31.161667,5.56,3200
145.925833,-53.891667,5.56,10000
157.397500,-30.607222,5.56,12000
213.318333,-53.665833,5.56,4250
215.040417,-43.058889,5.56,5200
215.582083,-34.786944,5.56,14000
220.431250,11.660556,5.56,5200
235.997083,32.515833,5.56,5100
240.880417,76.793611,5.56,9250
246.429583,78.963889,5.56,7500
251.343750,15.745278,5.56,3050
256.575417,22.084167,5.56,4550
257.450000,-10.523333,5.56,6750
258.135833,62.874444,5.56,7500
286.241250,31.744444,5.56,3500
292.342083,14.595833,5.56,5000
330.519167,58.000556,5.56,33000
343.689583,-16.271944,5.56,4700
348.320833,57.168333,5.56,4550
348.907500,70.888056,5.56,7500
350.635417,60.133611,5.56,4550
8.421250,-29.558333,5.55,4700
14.196250,60.362778,5.55,12000
16.988333,20.739167,5.55,9250
17.455000,19.658611,5.55,6000
17.856667,64.202778,5.55,12000
33.561250,-67.841667,5.55,3350
56.235417,-0.296667,5.55,4400
65.047917,50.920833,5.55,28000
67.133750,1.380833,5.55,24000
82.781667,-20.863611,5.55,10000
90.318333,-33.911667,5.55,4250
97.142083,30.493056,5.55,6300
96.835000,2.908056,5.55,5100
96.815000,-0.276111,5.55,4250
106.548333,34.473889,5.55,5200
120.197083,17.308611,5.55,4550
135.336667,-41.864444,5.55,20000
146.626667,-44.755000,5.55,26000
175.332500,-43.095833,5.55,10000
180.185417,-10.446111,5.55,5200
185.211667,57.863889,5.55,4250
186.715417,-32.830000,5.55,12000
192.437083,-71.986389,5.55,5200
197.135417,-8.984444,5.55,4550
203.215417,-15.363056,5.55,4850
219.079167,-46.245278,5.55,4550
240.198333,-8.411389,5.55,10000
254.575000,-50.641111,5.55,12000
259.265417,-32.662778,5.55,6600
263.693333,-11.241944,5.55,14000
275.870417,-36.238333,5.55,5000
286.657083,28.628611,5.55,7500
305.025000,68.880278,5.55,2900
313.036250,-5.506944,5.55,12000
314.581250,44.471667,5.55,5000
337.157083,-67.489167,5.55,9000
345.330833,-28.853611,5.55,4550
348.892917,-3.496389,5.55,9250
349.850000,-5.124444,5.55,7050
357.991250,2.930278,5.55,4400
359.285417,55.705833,5.55,7350
0.403750,61.223056,5.55,7500
33.197917,-2.393611,5.54,6300
36.865417,31.801389,5.54,4850
49.442500,-62.575278,5.54,5800
56.983333,-30.167778,5.54,5400
70.766250,-70.931111,5.54,14000
80.709583,41.029444,5.54,9250
84.265833,17.040278,5.54,7500
105.988750,-43.608056,5.54,5700
111.996667,-29.155833,5.54,12000
113.462500,-36.338333,5.54,24000
122.665833,-13.799167,5.54,6600
124.884167,75.756944,5.54,5200
126.674583,-12.534444,5.54,4700
132.893750,-7.177222,5.54,9000
138.231667,-59.414444,5.54,5400
185.082083,26.619444,5.54,4700
208.386667,-35.664167,5.54,6900
213.521667,12.959444,5.54,6600
227.816667,-55.346111,5.54,5800
230.281667,-5.824722,5.54,4850
239.310833,14.414444,5.54,4850
242.469167,-33.545833,5.54,14000
246.350833,37.393889,5.54,8750
261.704583,20.080833,5.54,20000
265.712500,-36.945833,5.54,4250
283.112917,-46.595278,5.54,3500
287.069583,-19.290000,5.54,26000
305.514167,24.446111,5.54,14000
329.235000,12.076389,5.54,9500
330.818333,-6.522500,5.54,5000
349.176250,53.213611,5.54,6450
2.260000,18.211944,5.53,5100
39.000000,-7.831667,5.53,3500
45.564167,-71.902500,5.53,24000
55.159583,-5.210556,5.53,12000
66.822917,22.996389,5.53,16000
71.033333,-18.666667,5.53,9250
94.255000,-37.737500,5.53,4850
95.151250,-34.143889,5.53,28000
98.400417,14.155278,5.53,4700
111.408333,-79.094167,5.53,4700
121.266667,-53.108056,5.53,4550
126.820417,-70.093333,5.53,10000
178.918750,15.646667,5.53,9250
224.388750,-0.167500,5.53,4850
237.236667,-3.818611,5.53,8750
249.047917,52.900278,5.53,12000
258.830417,-33.548333,5.53,39000
272.523750,-30.728611,5.53,4850
284.849167,-12.840556,5.53,20000
289.300000,-66.661389,5.53,8750
289.913750,12.374722,5.53,7500
292.830417,50.306667,5.53,4850
299.439167,16.789167,5.53,12000
316.606250,-41.386111,5.53,4550
322.747083,60.459444,5.53,28000
324.010000,45.374722,5.53,2750
327.696250,-69.629444,5.53,4700
328.124583,28.793333,5.53,6600
333.455417,45.440833,5.53,10000
335.878750,-24.762500,5.53,5100
349.541250,-40.824444,5.53,6750
354.486667,18.400556,5.53,9750
0.333333,-50.337222,5.53,3200
17.092500,5.649722,5.52,7500
25.622083,-53.740556,5.52,6150
27.997083,55.147500,5.52,28000
48.835417,30.556667,5.52,9750
50.549583,27.607500,5.52,5500
50.350000,-23.635278,5.52,5400
48.990000,-77.388333,5.52,6900
73.762917,55.259167,5.52,12000
80.061667,41.086111,5.52,9250
87.620417,14.305556,5.52,5100
94.557083,-19.966944,5.52,26000
99.147083,-5.211111,5.52,14000
120.686667,-41.310000,5.52,12000
130.578750,-53.100000,5.52,14000
150.182083,-82.214722,5.52,10000
159.773750,53.668333,5.52,4550
160.047083,-65.100556,5.52,12000
166.725833,1.955556,5.52,5100
172.620833,18.409722,5.52,5000
225.332500,-2.755000,5.52,3500
233.152917,-19.670556,5.52,9500
248.936667,-65.495278,5.52,5200
265.494583,15.951944,5.52,6900
265.618333,24.564167,5.52,4400
271.951667,-17.154167,5.52,4850
292.467500,-26.985556,5.52,4550
296.505000,-31.908611,5.52,14000
298.629583,24.319444,5.52,10000
301.034583,7.278056,5.52,5000
302.639583,26.904167,5.52,9250
312.752917,-37.913333,5.52,4550
326.855417,60.692778,5.52,3350
346.217500,-68.820278,5.52,6900
351.652500,-52.721667,5.52,6900
1.425000,13.396111,5.51,5500
2.509583,11.145556,5.51,12000
5.162500,-69.625000,5.51,12000
8.921250,-48.000833,5.51,6600
23.233333,-36.865278,5.51,5000
30.112083,-8.523611,5.51,3050
34.245833,-6.422222,5.51,5200
62.152500,38.039722,5.51,6450
71.901250,-16.934444,5.51,5800
74.100833,-5.171389,5.51,18000
123.392083,-50.196111,5.51,3350
125.952083,53.219722,5.51,9250
130.566667,-48.099167,5.51,28000
160.757500,26.325556,5.51,9000
197.029167,-65.306389,5.51,30000
206.484583,-12.426667,5.51,5200
225.775417,35.205833,5.51,5200
230.035417,29.616111,5.51,5000
233.241250,-1.186389,5.51,5000
235.711250,52.360833,5.51,12000
252.853750,1.216111,5.51,9500
260.431667,39.974444,5.51,6150
272.667917,3.324167,5.51,4700
282.895833,52.975000,5.51,5100
288.314583,-12.282500,5.51,4400
310.260833,32.307222,5.51,5200
314.225000,-9.697500,5.51,4250
314.855833,59.438611,5.51,4400
321.756667,-42.547778,5.51,8750
334.460417,-77.511667,5.51,7050
341.419583,-46.547500,5.51,4700
344.899167,-29.462222,5.51,8750
356.757917,57.451389,5.51,4550
11.549167,-22.521944,5.50,5700
11.756250,11.973889,5.50,5200
15.704583,31.804444,5.50,12000
15.610000,-31.551944,5.50,9500
21.673750,19.240278,5.50,4850
30.741667,33.283889,5.50,9500
51.077083,24.724167,5.50,4400
62.291667,19.609167,5.50,4700
77.027500,24.265278,5.50,26000
78.683750,5.156111,5.50,4400
79.417500,-13.519722,5.50,5100
81.940000,15.874167,5.50,12000
89.087083,-31.382500,5.50,7200
92.241250,-22.427500,5.50,10000
91.970417,-42.153889,5.50,10000
105.815000,-59.178056,5.50,12000
126.682917,12.654444,5.50,3050
144.506250,-43.191111,5.50,5200
157.422917,84.252222,5.50,7500
156.035833,33.718611,5.50,4850
165.812083,-11.303611,5.50,5300
173.736667,-49.136667,5.50,4850
186.869583,-58.991944,5.50,2900
189.097083,59.486944,5.50,2900
204.295833,71.242222,5.50,4700
206.749167,38.542778,5.50,5000
211.332500,-76.796667,5.50,2600
217.535833,-45.321667,5.50,14000
229.095833,-22.399444,5.50,4250
230.655833,39.581389,5.50,4400
233.230000,-16.852778,5.50,26000
243.905417,-8.369444,5.50,5800
248.580417,-70.988056,5.50,4850
267.595417,29.322222,5.50,4850
278.180417,-14.865556,5.50,4550
286.104583,-31.046944,5.50,10000
311.583750,-39.199167,5.50,14000
329.824583,-38.395278,5.50,5000
332.662083,70.132778,5.50,7200
337.470417,78.824167,5.50,9250
26.524167,-50.816389,5.49,3050
42.873333,15.081944,5.49,16000
46.532500,79.418611,5.49,3350
59.119583,35.081111,5.49,28000
86.859167,17.729167,5.49,7500
87.402083,-14.483611,5.49,5400
116.509167,-6.772500,5.49,4250
118.545833,-35.877500,5.49,26000
161.602083,18.891389,5.49,4550
232.878333,-73.389444,5.49,24000
244.886250,-30.906667,5.49,6600
252.580833,7.247778,5.49,9250
272.608750,-62.002222,5.49,6000
278.472917,-24.032500,5.49,4400
282.210417,-43.680000,5.49,9250
290.148750,-0.892222,5.49,12000
295.889583,-15.470000,5.49,6750
295.928750,25.771944,5.49,5200
299.658333,30.983611,5.49,12000
302.950000,26.808889,5.49,4550
321.047917,-12.878056,5.49,7350
321.320833,-3.556667,5.49,4400
325.776667,41.155000,5.49,3200
344.366250,20.768889,5.49,5800
352.015417,-87.482222,5.49,4700
356.985417,-2.761667,5.49,5200
9.337917,35.399444,5.48,5800
58.173333,-5.361389,5.48,14000
67.662083,15.691944,5.48,8750
74.342917,17.153611,5.48,4850
79.566250,42.792222,5.48,2900
83.213750,-38.513056,5.48,4700
116.986250,-12.193056,5.48,6750
129.849167,-53.439722,5.48,20000
132.413333,-40.320556,5.48,9500
142.477083,-26.589722,5.48,4550
149.965417,56.811944,5.48,4250
161.605417,14.194722,5.48,5600
173.086667,61.082500,5.48,6300
174.667083,-13.201944,5.48,6450
182.227083,-41.231389,5.48,24000
187.362083,24.108889,5.48,6750
187.917917,-59.423889,5.48,6450
188.445000,-9.451944,5.48,10000
191.002083,-28.323889,5.48,4400
200.157500,-52.748056,5.48,18000
210.595000,-27.430000,5.48,4550
222.623333,37.271944,5.48,5000
243.314167,5.021111,5.48,4250
242.706250,75.877500,5.48,14000
251.699167,-39.377222,5.48,5000
254.296250,-33.259444,5.48,4250
259.763333,-46.633889,5.48,5200
272.009167,36.401389,5.48,4700
278.207917,30.554167,5.48,14000
283.068333,21.425278,5.48,12000
285.180833,55.658333,5.48,5500
314.607917,10.839167,5.48,5400
337.491667,4.431667,5.48,7200
13.741667,23.628333,5.47,4850
36.204167,10.610556,5.47,16000
42.668333,-35.676111,5.47,4250
44.957917,47.220833,5.47,5500
49.447500,44.025000,5.47,14000
53.035833,48.023611,5.47,14000
61.090417,24.105833,5.47,6000
73.796667,-74.936944,5.47,4400
82.318750,25.150556,5.47,14000
86.475000,49.826389,5.47,9500
87.569583,-79.361389,5.47,12000
91.633333,-23.110556,5.47,8750
108.347500,51.428889,5.47,3050
126.466250,-42.153333,5.47,24000
128.650833,65.145000,5.47,9500
129.328333,-62.853611,5.47,5000
130.331250,-78.963333,5.47,14000
139.172083,-8.744722,5.47,12000
140.430417,56.699167,5.47,2900
141.776667,-71.602222,5.47,4700
142.901250,-73.080833,5.47,4400
161.315417,-80.469722,5.47,5000
165.061250,45.526111,5.47,4250
193.830833,-42.915833,5.47,3500
240.081667,-16.533333,5.47,6300
249.093750,-42.858889,5.47,33000
260.919583,37.146667,5.47,10000
269.198750,-4.081944,5.47,5100
273.302500,-41.336111,5.47,26000
275.900417,-75.044167,5.47,10000
317.192500,-88.956389,5.47,7500
294.393333,-14.301667,5.47,6750
303.307917,-1.009444,5.47,4250
310.082500,-33.431944,5.47,4850
313.474583,33.437778,5.47,4250
337.163333,-39.131944,5.47,5100
336.503333,70.770833,5.47,4700
13.169167,-24.005833,5.46,4700
35.505833,-10.777778,5.46,7500
56.200833,24.289444,5.46,16000
60.985833,8.197222,5.46,7200
67.500417,83.340556,5.46,5200
70.014167,12.197778,5.46,14000
82.810417,3.292222,5.46,28000
83.059167,17.058056,5.46,16000
82.539583,-47.077778,5.46,5700
104.391250,-24.630556,5.46,7500
107.580833,-27.491389,5.46,5200
109.060417,-15.585833,5.46,9500
131.627500,-45.912778,5.46,24000
137.397917,-8.787778,5.46,5200
158.049167,14.137222,5.46,3350
182.766250,-23.602500,5.46,9500
187.752500,24.567222,5.46,9500
189.780417,21.062500,5.46,5100
193.744167,-85.123333,5.46,5000
204.876667,52.921389,5.46,9250
211.678333,-9.313333,5.46,7200
222.860000,59.293889,5.46,4400
224.192083,-11.409722,5.46,4400
229.703750,-60.496389,5.46,39000
231.572500,34.335833,5.46,4400
244.979583,39.708611,5.46,7050
268.855000,26.050000,5.46,7200
273.969583,-44.206667,5.46,5200
276.724583,-48.116944,5.46,5000
294.447083,-4.647500,5.46,7050
307.060833,81.422778,5.46,5100
329.095000,-37.253611,5.46,9500
332.656250,-11.565000,5.46,16000
336.772083,65.132222,5.46,30000
13.751250,-69.526944,5.45,4700
44.348750,-23.861944,5.45,8750
50.082083,77.734722,5.45,8500
57.087083,23.421111,5.45,14000
64.805417,50.048889,5.45,8250
63.702917,-62.191944,5.45,5000
69.832083,-14.359167,5.45,4850
79.842083,-50.606111,5.45,6450
84.957500,-32.629167,5.45,5400
101.558750,79.564722,5.45,6300
103.602500,-1.126944,5.45,9000
104.143333,-79.420278,5.45,12000
107.848333,-0.301944,5.45,8000
110.717083,55.281389,5.45,14000
110.242500,-14.360000,5.45,5500
118.677917,47.564722,5.45,4400
134.235833,32.910278,5.45,8250
135.684583,24.452778,5.45,10000
142.521667,-51.517222,5.45,14000
144.301250,-53.668611,5.45,9500
146.585833,-76.776111,5.45,5200
159.361667,-58.733333,5.45,10000
163.432083,-2.129167,5.45,5200
189.425833,-27.138889,5.45,7350
206.910000,-50.321111,5.45,4700
231.825833,-36.767778,5.45,22000
238.948333,37.946944,5.45,7500
244.823750,-42.673889,5.45,9250
253.507500,-41.806389,5.45,30000
268.796667,72.005000,5.45,7200
279.162917,6.671944,5.45,7050
299.307917,40.368056,5.45,20000
313.327500,45.181944,5.45,5000
324.439167,19.318611,5.45,7350
57.307500,70.871111,5.44,9500
62.593750,-6.923889,5.44,5200
73.021667,63.505278,5.44,3050
101.189583,28.970833,5.44,4400
107.091667,15.930833,5.44,5200
167.182917,-28.080556,5.44,9750
174.391250,-47.747222,5.44,4700
179.563333,-56.317222,5.44,14000
187.093750,-39.041389,5.44,14000
225.747083,-32.643333,5.44,24000
234.706250,-52.372778,5.44,10000
238.644167,20.310833,5.44,3500
241.582083,67.810278,5.44,10000
244.179583,-53.811111,5.44,3200
262.207083,0.330556,5.44,8000
273.566250,-21.713056,5.44,4550
283.717500,41.602778,5.44,5000
307.828333,49.220278,5.44,3200
321.942083,66.809167,5.44,16000
349.874167,48.625278,5.44,5000
7.110000,-39.915000,5.43,3500
9.791250,49.354444,5.43,3950
15.760833,-4.836667,5.43,5000
30.798750,0.128333,5.43,8750
39.704167,21.961389,5.43,8250
41.021667,44.296944,5.43,6000
66.761667,80.824167,5.43,5400
78.093333,73.946667,5.43,12000
77.331667,9.829444,5.43,9500
97.958750,-8.158056,5.43,4700
110.752500,-31.923889,5.43,20000
112.273750,-38.812222,5.43,20000
118.264583,-36.363889,5.43,5000
137.000417,29.654167,5.43,5200
166.225833,-35.804722,5.43,9500
191.893333,66.790278,5.43,4250
206.855833,-17.860000,5.43,3200
213.850417,-18.200833,5.43,9750
234.050417,-44.396944,5.43,4400
239.645000,-24.831389,5.43,20000
243.030417,-8.547500,5.43,9000
281.238333,-39.686389,5.43,4550
289.431667,23.025556,5.43,30000
291.373750,-23.962222,5.43,4400
309.454583,11.377778,5.43,9500
319.488750,-17.985278,5.43,14000
333.578333,-27.766944,5.43,14000
342.442500,55.902778,5.43,4850
344.268750,48.684167,5.43,22000
344.864167,0.962778,5.43,4850
346.290833,-7.693611,5.43,7200
357.209167,62.214444,5.43,9250
2.337500,-27.987778,5.42,7200
11.321667,55.221667,5.42,9500
14.459167,28.992222,5.42,5400
21.170000,-41.492500,5.42,5000
23.995833,-15.400278,5.42,4700
35.551667,-0.885000,5.42,7500
82.542500,63.067222,5.42,3350
81.792083,17.962222,5.42,20000
98.456250,-36.232222,5.42,4550
112.951667,17.086111,5.42,4700
115.315833,-38.533611,5.42,20000
121.196250,79.479722,5.42,10000
127.878750,-19.577500,5.42,10000
134.171250,-85.663056,5.42,8000
161.716667,-17.296667,5.42,9250
168.440000,-0.069722,5.42,10000
188.412083,33.247500,5.42,5000
217.173750,-6.900556,5.42,4250
238.482500,-23.978056,5.42,26000
246.132083,-37.565833,5.42,14000
279.155000,33.468889,5.42,14000
285.727083,-3.698889,5.42,9750
286.240000,-4.031389,5.42,4850
297.686667,-59.193056,5.42,10000
318.322083,-27.619444,5.42,4250
330.209167,-28.453611,5.42,14000
342.759167,-39.156944,5.42,3500
2.893333,-27.799722,5.41,4250
11.942083,74.847500,5.41,14000
19.151250,-2.500278,5.41,5500
29.942083,-20.824444,5.41,3350
40.639583,-50.800278,5.41,6000
62.707917,26.480833,5.41,7200
79.750000,33.748333,5.41,10000
120.048750,73.918056,5.41,4550
133.981667,11.626111,5.41,4250
142.166667,45.601389,5.41,5000
142.114583,9.056667,5.41,6150
143.915000,35.810278,5.41,5200
154.169583,13.728333,5.41,3350
176.829583,-57.696389,5.41,4250
214.817917,13.004167,5.41,6750
219.333750,-46.133889,5.41,5200
236.018333,-15.672778,5.41,7500
240.261250,33.303611,5.41,6000
253.730000,20.958611,5.41,5200
260.524583,-70.123333,5.41,12000
275.536250,23.285278,5.41,3500
297.355417,-72.503333,5.41,9000
312.325417,-68.776389,5.41,5000
321.040000,-20.851944,5.41,5000
321.917083,27.608611,5.41,9750
6.197917,61.831111,5.40,12000
28.322083,40.729722,5.40,4850
57.147500,-37.622222,5.40,9750
67.655417,13.724444,5.40,7500
69.190000,-62.077500,5.40,2300
71.107500,11.146111,5.40,7500
84.658750,30.492500,5.40,6150
88.955417,20.175000,5.40,2600
97.206250,-7.034444,5.40,24000
101.720000,-51.265833,5.40,4850
102.862500,-70.963333,5.40,16000
202.112917,59.945833,5.40,9750
236.523333,-1.804444,5.40,14000
244.313750,59.755000,5.40,2900
246.005417,-39.193056,5.40,5500
289.090417,-45.466389,5.40,4550
294.860417,42.818333,5.40,12000
332.791250,50.823333,5.40,8750
347.170417,2.127778,5.40,5200
10.618333,-65.468056,5.39,6600
12.681667,64.247500,5.39,6000
42.475833,-27.941667,5.39,10000
65.448333,60.735556,5.39,3500
69.775833,7.870833,5.39,8750
94.277500,9.942500,5.39,9500
102.240833,-15.144722,5.39,18000
106.669583,-11.294167,5.39,30000
110.161250,-52.086111,5.39,12000
110.882917,-32.202222,5.39,24000
133.561250,30.579444,5.39,5300
139.321667,-68.689444,5.39,6900
171.009583,1.407778,5.39,5200
173.405417,-40.586944,5.39,9500
185.705417,-57.676111,5.39,12000
216.614167,19.226944,5.39,7500
219.709167,44.404444,5.39,9750
238.474167,-24.533056,5.39,18000
245.621667,33.703611,5.39,4250
247.141667,0.665000,5.39,4400
257.008333,35.935278,5.39,8750
258.663333,14.390000,5.39,5500
260.165000,32.467778,5.39,6000
274.789583,7.259722,5.39,4700
275.036667,-15.831667,5.39,4400
277.420833,-1.985278,5.39,5000
279.115833,9.122500,5.39,6750
297.695000,-10.763611,5.39,7500
301.386667,61.995556,5.39,4550
310.552500,50.340000,5.39,26000
311.889167,80.552222,5.39,4850
347.506250,9.821944,5.39,12000
8.147917,20.294444,5.38,5000
11.637500,15.475556,5.38,2900
21.563750,19.172222,5.38,7200
31.280833,77.281389,5.38,7500
49.593333,-0.930278,5.38,5100
60.652917,-0.268889,5.38,6750
64.902917,21.773611,5.38,10000
65.162500,-20.639722,5.38,9500
74.960000,-10.263333,5.38,5600
75.702500,-49.151389,5.38,7200
83.862917,24.039444,5.38,26000
91.661250,-4.193889,5.38,20000
96.369167,-69.690278,5.38,5200
110.871250,-27.834167,5.38,4700
121.825000,-20.554722,5.38,8750
141.945000,-6.071111,5.38,5800
158.803750,-39.562778,5.38,2464
160.669167,-59.215833,5.38,26000
184.707917,75.160556,5.38,9750
205.504583,-58.787222,5.38,12000
224.072083,-52.809722,5.38,9500
234.727083,-19.301944,5.38,5200
242.031667,-26.326667,5.38,3200
260.040833,25.537500,5.38,9250
273.803750,-20.728333,5.38,30000
284.168750,-37.343333,5.38,14000
284.561250,17.360833,5.38,6300
285.057083,50.533611,5.38,26000
286.230000,53.396667,5.38,10000
293.712083,29.463056,5.38,6300
308.487500,13.027222,5.38,9250
5.149583,8.190278,5.37,4550
16.827917,-61.775278,5.37,5500
58.992500,47.871389,5.37,18000
62.324167,-16.385833,5.37,22000
65.645417,25.629167,5.37,12000
71.507083,11.705556,5.37,9500
116.395833,-34.173056,5.37,6000
124.954167,-71.515000,5.37,12000
130.254583,45.833889,5.37,5200
142.885000,35.103056,5.37,3350
179.987083,3.655278,5.37,9750
200.754583,-17.735278,5.37,4250
217.587083,-49.519167,5.37,9750
230.452500,32.933889,5.37,12000
231.187083,-39.710278,5.37,10000
238.657917,43.138611,5.37,3050
242.460417,-3.466944,5.37,4400
264.156667,48.585556,5.37,4850
279.895833,-43.186111,5.37,3200
281.585833,-22.392222,5.37,4400
281.095417,39.612778,5.37,7500
300.013750,17.516667,5.37,2900
315.295417,46.155833,5.37,28000
332.482083,-34.014722,5.37,8750
334.565000,-53.627778,5.37,5700
335.049583,-7.821111,5.37,14000
335.115000,5.789444,5.37,20000
346.165000,-53.965000,5.37,4250
9.981667,21.438333,5.36,5000
15.705000,-46.397500,5.36,5200
61.041250,2.826944,5.36,6600
83.569583,3.766944,5.36,9500
91.646250,38.482778,5.36,9000
92.496250,58.935833,5.36,5200
95.442083,53.452222,5.36,6750
94.710833,-9.390278,5.36,4850
108.837500,-30.686389,5.36,24000
112.483333,49.672500,5.36,6600
122.887500,-7.772500,5.36,5400
141.037917,-80.786944,5.36,7050
150.252917,31.923611,5.36,5700
168.137917,-49.101111,5.36,9250
174.615000,8.134167,5.36,2900
205.765417,3.538056,5.36,4700
221.322083,-62.875833,5.36,7750
278.486250,52.353611,5.36,5000
284.070417,-42.710556,5.36,5000
299.005417,16.634722,5.36,5500
301.590833,35.972500,5.36,5000
30.311250,-30.001667,5.35,5500
36.224583,-60.311944,5.35,7200
38.039167,-1.035000,5.35,5700
38.945000,34.687500,5.35,3050
56.418333,6.050000,5.35,24000
64.858750,21.142222,5.35,12000
69.992083,53.473056,5.35,8000
83.172083,-1.591944,5.35,28000
87.841667,-7.518056,5.35,26000
93.919167,59.999167,5.35,4550
101.706250,57.169167,5.35,5000
108.583333,3.111389,5.35,4700
111.182500,-31.808889,5.35,5200
118.916250,19.883889,5.35,10000
119.241250,-43.500278,5.35,26000
127.898750,18.094444,5.35,4250
132.645000,-66.793056,5.35,6750
143.080417,-40.649444,5.35,5200
145.932917,14.021667,5.35,3200
154.060000,29.310556,5.35,10000
181.161250,-68.329167,5.35,10000
187.488750,58.405833,5.35,8750
230.258333,0.715278,5.35,4550
247.426250,-46.243333,5.35,28000
253.842500,18.433333,5.35,4400
260.840000,-28.143056,5.35,4250
281.592500,75.433889,5.35,9750
293.671667,42.412778,5.35,9500
297.005000,-56.362500,5.35,8250
313.417500,-39.810000,5.35,4700
333.007917,60.759444,5.35,4850
342.595417,-80.124167,5.35,18000
16.420417,21.473333,5.34,9750
26.497083,-5.733333,5.34,4400
64.819167,-44.268056,5.34,4700
76.970417,8.498333,5.34,8750
79.796667,2.595833,5.34,6750
83.380833,-1.156111,5.34,28000
83.248333,-64.227500,5.34,5200
138.807500,14.941389,5.34,4850
154.531667,-28.991944,5.34,10000
161.568750,-64.515000,5.34,18000
162.314167,10.545278,5.34,9500
182.061250,-48.692778,5.34,12000
224.470417,-76.662778,5.34,4400
270.712917,-24.282222,5.34,7050
275.721250,-36.669444,5.34,8750
277.770000,-32.989167,5.34,9250
288.169583,-7.939444,5.34,24000
322.187083,-69.505278,5.34,2750
334.200417,-12.831389,5.34,5000
355.393750,-18.027222,5.34,4250
10.280000,39.458611,5.33,5200
43.427500,38.337500,5.33,6900
60.935833,5.435556,5.33,24000
73.345000,2.508056,5.33,3350
73.699167,7.779167,5.33,4850
93.937500,12.551111,5.33,12000
103.271250,59.448611,5.33,5600
111.167083,-16.201111,5.33,26000
113.786250,30.961111,5.33,5000
117.257083,-24.912222,5.33,6000
127.269583,-47.929167,5.33,26000
128.177083,20.441111,5.33,4550
133.461250,-47.520833,5.33,7750
139.238333,-39.401389,5.33,4250
155.872083,-38.010000,5.33,8000
175.262500,34.201667,5.33,5200
198.545417,-19.930833,5.33,5400
199.315000,13.675556,5.33,4550
228.797500,4.939444,5.33,5000
235.447500,12.847500,5.33,10000
245.616667,-49.572222,5.33,18000
247.923750,-41.816944,5.33,28000
258.115833,10.585278,5.33,3200
274.281250,-56.023333,5.33,24000
287.469583,-68.424722,5.33,5200
297.960833,-39.874444,5.33,10000
333.199167,34.604722,5.33,4700
346.913750,46.387222,5.33,4250
45.676250,-7.685278,5.32,5000
93.212917,65.718333,5.32,4850
101.497083,-14.796111,5.32,9500
123.203333,68.474167,5.32,5300
138.450833,43.217778,5.32,14000
145.177083,-57.983611,5.32,9250
147.970833,24.395278,5.32,8750
168.966250,13.307500,5.32,4550
176.978750,8.245833,5.32,9750
185.897500,-35.412778,5.32,12000
193.987500,-56.836111,5.32,33000
194.979583,66.597222,5.32,4700
216.202500,-24.806389,5.32,5200
223.936250,-33.855833,5.32,10000
253.242083,31.701667,5.32,7500
302.799583,-36.101111,5.32,4550
304.196250,24.671111,5.32,5200
333.575000,-21.074167,5.32,5000
336.235000,-57.797222,5.32,5700
350.478750,31.812500,5.32,18000
353.367083,22.498889,5.32,2750
14.006250,-11.266667,5.31,4400
26.411667,-25.052500,5.31,7350
33.401250,51.065833,5.31,5200
39.351667,-52.543056,5.31,8500
53.109583,46.056944,5.31,6900
69.307083,0.998333,5.31,16000
70.693333,-50.481389,5.31,5000
75.679167,-71.314444,5.31,5200
84.435833,-28.689444,5.31,6900
86.614167,-46.597222,5.31,5000
91.923333,-19.165833,5.31,3200
108.065833,-40.498889,5.31,9250
116.028750,25.784167,5.31,4400
121.067500,-32.675000,5.31,3350
132.340417,-3.443056,5.31,12000
152.524583,-12.816111,5.31,6750
172.267500,39.336944,5.31,9500
183.510833,-45.723889,5.31,4550
190.709583,-63.058611,5.31,28000
201.307917,-64.485278,5.31,7200
222.329583,-14.148889,5.31,9750
262.599167,-1.062500,5.31,5100
300.468333,-66.944167,5.31,4700
305.794583,5.343056,5.31,5200
314.568333,22.325833,5.31,4550
321.839167,37.116667,5.31,24000
321.715000,48.835000,5.31,8500
355.159167,-32.073056,5.31,4850
34.820000,47.380000,5.30,9750
39.260417,34.263889,5.30,2900
40.171250,27.060833,5.30,9250
72.001250,56.757222,5.30,9250
76.951667,20.418333,5.30,8750
79.996250,-12.315556,5.30,16000
93.854583,16.143056,5.30,16000
103.945000,-22.941389,5.30,24000
111.242500,11.669722,5.30,8750
116.567500,10.768333,5.30,9750
121.940833,21.581667,5.30,5900
171.647083,-61.115278,5.30,24000
175.618333,66.745000,5.30,4550
178.677083,-25.713889,5.30,5600
223.583750,-24.642222,5.30,4700
299.963750,-34.697778,5.30,9000
315.741667,-38.631667,5.30,7050
317.140000,-21.193611,5.30,10000
325.564583,5.680000,5.30,3200
331.197500,-0.906667,5.30,8750
354.784583,50.471667,5.30,12000
358.154583,10.947500,5.30,9000
17.663750,68.778611,5.29,10000
37.041667,29.669444,5.29,7500
50.805000,49.213333,5.29,20000
63.387917,7.716111,5.29,7200
70.726250,43.365000,5.29,9750
85.562917,-34.667778,5.29,12000
86.928750,13.899722,5.29,26000
88.709167,-52.635278,5.29,7500
99.137083,38.445278,5.29,4000
101.712917,-14.425833,5.29,12000
119.585833,2.224722,5.29,5000
125.518333,-73.400000,5.29,10000
131.812500,-1.897222,5.29,9250
139.355833,-74.894444,5.29,9750
157.219167,-64.172222,5.29,3500
176.432917,-45.690000,5.29,18000
184.952917,48.984167,5.29,3500
187.227917,25.912778,5.29,9750
213.711667,10.100556,5.29,4850
249.501667,56.015556,5.29,4850
255.786667,-53.236944,5.29,6600
261.714583,-45.843611,5.29,16000
323.024583,-41.179167,5.29,5000
327.726250,-82.719167,5.29,5200
326.518333,22.948889,5.29,5000
327.536250,17.285556,5.29,7200
330.970417,63.119722,5.29,2750
336.153333,-72.255556,5.29,9250
356.503750,-18.678056,5.29,7200
2.508750,-82.223889,5.28,5200
24.628750,73.040000,5.28,5200
33.227083,-30.723889,5.28,12000
33.984167,33.358889,5.28,10000
35.485833,0.395833,5.28,3200
37.918750,-79.109444,5.28,5200
45.217500,52.351667,5.28,16000
50.306667,21.146944,5.28,20000
59.152083,50.695278,5.28,6750
60.383333,-1.549722,5.28,20000
66.354167,22.199722,5.28,8250
66.526250,31.438889,5.28,4850
80.865833,57.544444,5.28,10000
109.713333,-26.585833,5.28,5800
126.265417,-24.046111,5.28,4250
152.177500,-65.815278,5.28,5000
153.345000,-51.233333,5.28,8250
192.306667,83.412778,5.28,9750
283.695417,-87.605833,5.28,4550
270.596250,20.833611,5.28,24000
278.490833,-33.016667,5.28,26000
286.825417,36.100278,5.28,18000
289.454167,11.595278,5.28,7500
299.059583,11.423889,5.28,9750
304.848333,-19.118611,5.28,4550
318.937083,-15.171389,5.28,3050
355.616250,-15.447778,5.28,4400
22.525833,47.007222,5.27,5000
33.200417,21.210833,5.27,6750
46.639583,-6.088611,5.27,3050
65.167917,65.140556,5.27,5500
71.087917,-59.732778,5.27,8000
87.000833,6.454167,5.27,8750
94.928333,-7.823056,5.27,26000
97.454583,-50.239167,5.27,7200
98.800417,28.022222,5.27,10000
99.448333,-32.339722,5.27,4700
102.887500,21.761111,5.27,9500
116.017500,50.433889,5.27,10000
129.467500,-26.255000,5.27,10000
138.957917,56.741389,5.27,4250
138.575000,-55.569722,5.27,5200
148.929167,49.820000,5.27,9250
176.731667,55.628333,5.27,4700
211.982500,43.854444,5.27,2900
245.111667,-78.667222,5.27,4550
246.988750,-64.058056,5.27,6900
274.794583,24.446111,5.27,4550
281.444583,74.085556,5.27,5000
284.939583,26.230556,5.27,4700
295.641667,11.826667,5.27,6000
300.368750,64.821111,5.27,3350
331.252083,62.785556,5.27,4400
333.294167,86.108056,5.27,12000
29.908333,64.621389,5.26,10000
42.256250,-62.806667,5.26,9500
46.068333,-7.600833,5.26,8000
57.578750,25.579444,5.26,9500
65.151250,15.095278,5.26,7500
68.548750,-8.970278,5.26,4400
83.914583,-4.855833,5.26,7500
101.839167,-37.929722,5.26,12000
128.814167,-58.225000,5.26,24000
139.524167,-51.051111,5.26,16000
149.555833,12.444722,5.26,12000
157.769167,82.558611,5.26,7200
175.196250,21.352778,5.26,4850
180.213333,-19.658889,5.26,28000
228.621667,29.164167,5.26,9500
234.123333,10.010000,5.26,5000
299.275833,-58.901389,5.26,12000
318.262917,-39.425278,5.26,6750
341.887917,-19.613333,5.26,5300
2.933333,-35.133056,5.25,6900
3.041667,-17.938333,5.25,4250
25.535833,-32.326944,5.25,5000
37.875417,2.267222,5.25,4550
56.127083,-1.163056,5.25,16000
80.875833,-13.927222,5.25,26000
101.684583,43.577500,5.25,6000
109.640000,-39.210278,5.25,9750
112.008750,6.941944,5.25,7500
113.024583,1.914444,5.25,7500
113.402083,15.826667,5.25,9750
138.602083,-43.227500,5.25,22000
144.590417,40.239722,5.25,7500
163.128750,-57.240556,5.25,12000
173.981667,-47.641667,5.25,8250
196.435417,35.798889,5.25,12000
197.846667,-43.368889,5.25,4850
201.680000,-12.707778,5.25,3500
208.020000,-52.811667,5.25,12000
212.072083,49.458056,5.25,3350
226.569583,54.556389,5.25,5300
245.452917,69.109444,5.25,4700
247.640000,20.479167,5.25,5200
253.648750,-6.153889,5.25,4700
255.401667,33.568333,5.25,9250
260.817083,-47.468333,5.25,26000
264.523333,-54.500278,5.25,8750
276.075833,-44.110278,5.25,26000
275.704167,17.826667,5.25,4550
282.470417,32.550833,5.25,9250
306.830000,-18.211667,5.25,14000
340.369167,40.225556,5.25,26000
11.185000,-22.006111,5.24,7350
18.432917,7.575278,5.24,8250
25.624167,20.268611,5.24,4850
49.553750,-62.506389,5.24,5900
56.915000,-23.874722,5.24,9500
65.472083,-63.386389,5.24,5200
98.088750,-37.696667,5.24,5200
119.868333,-39.297222,5.24,6750
136.936667,10.668056,5.24,14000
139.173750,-6.353056,5.24,4700
154.407500,-8.068889,5.24,7200
161.466250,30.682222,5.24,9750
163.372917,-20.138889,5.24,6600
193.868750,65.438611,5.24,7500
213.016667,69.432500,5.24,3200
221.936667,-26.087500,5.24,5500
232.351250,-46.732778,5.24,4400
234.456667,40.353333,5.24,5300
235.659583,-37.425000,5.24,5200
251.943333,5.246667,5.24,12000
270.770417,-8.180556,5.24,7200
281.935833,-40.406111,5.24,5500
282.417083,-20.324722,5.24,4400
304.230417,40.365000,5.24,4550
318.907917,-20.651667,5.24,5100
322.362500,46.540556,5.24,5000
325.503333,-23.262778,5.24,5100
332.953333,56.839444,5.24,6300
345.887083,67.209167,5.24,4550
356.050417,-18.276944,5.24,12000
7.530417,29.751667,5.23,8250
20.280833,28.738056,5.23,4250
30.511667,2.763611,5.23,9250
44.675000,-2.782500,5.23,9500
51.168750,64.586111,5.23,3500
54.072500,-17.466944,5.23,12000
61.752083,29.001389,5.23,7350
69.400417,-2.473333,5.23,7500
80.451667,41.804444,5.23,24000
97.951250,11.544444,5.23,9250
116.881250,-46.608611,5.23,28000
122.430000,-47.937500,5.23,28000
130.487083,-45.410833,5.23,18000
135.435833,-52.188333,5.23,12000
149.717917,-35.891111,5.23,7350
161.623750,-64.263333,5.23,16000
161.739583,-56.757222,5.23,14000
168.188333,-64.169722,5.23,14000
214.964583,-61.273056,5.23,8750
237.572917,2.196389,5.23,5200
246.931250,-7.598056,5.23,3050
261.500000,-50.633611,5.23,5200
263.747917,61.875000,5.23,6000
284.773750,13.622500,5.23,6300
286.856667,32.501667,5.23,7500
314.768333,4.293611,5.23,6600
12.671667,-50.986944,5.22,7200
31.380000,76.115000,5.22,5200
42.322917,17.464167,5.22,18000
63.651250,10.011111,5.22,12000
89.706667,0.553056,5.22,9750
96.042917,-11.530278,5.22,4550
97.368750,-56.852778,5.22,5000
101.915000,48.789444,5.22,5000
111.935000,21.445000,5.22,6750
133.915417,27.927500,5.22,5200
171.372500,-36.063056,5.22,5000
175.433333,-32.499722,5.22,4250
191.404583,7.673333,5.22,7500
197.497083,17.529444,5.22,6750
197.497083,17.529444,5.22,6750
198.995000,-19.943056,5.22,4850
199.193750,9.424167,5.22,6000
243.462083,-11.837500,5.22,4550
252.890417,-41.230556,5.22,36000
284.256667,32.901389,5.22,6150
287.249583,6.073333,5.22,7500
300.505833,24.938056,5.22,7200
309.818333,-14.954722,5.22,18000
352.822500,39.236389,5.22,5000
16.949583,-41.486944,5.21,9250
40.165000,-54.550000,5.21,6900
91.056250,-6.709167,5.21,26000
96.703750,58.417222,5.21,4400
100.601250,17.645278,5.21,9500
122.399583,-44.122778,5.21,26000
132.464583,-32.780556,5.21,5500
157.369583,-2.739167,5.21,12000
180.528333,43.045556,5.21,7500
185.140417,-22.215833,5.21,14000
203.242083,-10.165000,5.21,5000
221.755417,-52.383611,5.21,5200
276.802083,0.196111,5.21,6000
316.727500,38.745833,5.21,4250
339.657917,56.795833,5.21,2900
8.812083,-3.592778,5.20,6300
35.635833,-23.816389,5.20,6000
61.651667,27.600000,5.20,12000
76.891667,-63.399722,5.20,3050
88.740833,59.888333,5.20,9500
93.712083,19.156389,5.20,6600
96.807500,0.299167,5.20,4850
99.705000,39.902500,5.20,14000
101.118333,-31.070556,5.20,26000
105.485000,-5.722222,5.20,3200
106.011667,-42.337222,5.20,8750
108.978750,59.637500,5.20,4700
125.337500,-36.484444,5.20,26000
130.080417,-40.264167,5.20,12000
129.771667,-70.386944,5.20,10000
134.312083,15.322778,5.20,8750
134.885833,32.418611,5.20,5200
146.632083,57.128056,5.20,3050
174.011667,69.322778,5.20,5000
223.894167,-60.114167,5.20,4700
226.656667,-16.256944,5.20,4250
237.673750,15.133611,5.20,2450
245.589167,33.799167,5.20,3200
247.705833,-61.633611,5.20,5000
259.502917,-24.286944,5.20,5000
281.870833,-5.705000,5.20,5000
307.876667,74.954722,5.20,10000
338.673333,-20.708333,5.20,6900
350.663333,-15.039167,5.20,9250
7.594583,-23.787778,5.19,8750
12.531667,-10.644444,5.19,6450
36.103750,50.006667,5.19,5200
64.179583,53.611944,5.19,9500
73.695417,11.426111,5.19,9250
82.970417,-76.341111,5.19,4700
100.485000,-9.167222,5.19,3500
111.035417,40.672222,5.19,4850
129.990000,-53.055000,5.19,22000
196.974167,-10.740278,5.19,4700
236.666667,62.599444,5.19,9500
299.980000,37.042778,5.19,24000
339.662500,63.584444,5.19,9250
5.280417,37.968611,5.18,6750
5.380000,-28.981667,5.18,5500
25.732917,70.622500,5.18,12000
41.240000,12.445833,5.18,8250
77.923333,16.045556,5.18,4250
84.934167,25.896944,5.18,24000
105.603333,24.215278,5.18,5500
116.663750,37.517500,5.18,3200
117.421667,-17.228333,5.18,4550
134.717917,-47.234722,5.18,8750
160.887083,46.203889,5.18,6750
169.322500,2.010556,5.18,3500
179.003750,-17.150833,5.18,10000
181.957500,-75.366944,5.18,4700
186.077083,26.098611,5.18,9250
270.374583,21.595278,5.18,5200
290.712083,26.262500,5.18,18000
303.560417,28.694722,5.18,8250
316.602917,-32.341667,5.18,4700
319.842500,64.871944,5.18,24000
325.387083,-14.047500,5.18,5900
356.816667,-50.226667,5.18,24000
357.838750,-18.908889,5.18,12000
7.057083,44.394444,5.17,9500
17.068333,54.920278,5.17,5500
35.589167,55.845556,5.17,9500
44.155833,-3.712222,5.17,9750
65.920000,-3.745556,5.17,9500
86.499583,-32.306389,5.17,33000
87.721667,-52.108889,5.17,5200
104.960417,-67.916111,5.17,4550
106.076250,-56.749722,5.17,10000
115.924583,-40.933889,5.17,4850
117.942917,-13.898056,5.17,6000
119.465833,-45.577778,5.17,4700
119.906667,-60.586944,5.17,3350
126.379167,-51.728056,5.17,26000
145.738333,72.252500,5.17,5000
171.430000,-63.972778,5.17,6450
174.872500,-65.397778,5.17,5800
193.653333,-57.168333,5.17,20000
226.200833,-64.031667,5.17,5200
231.447500,15.428056,5.17,3350
232.159167,1.842222,5.17,8000
233.610833,-9.183333,5.17,18000
283.165000,-52.107500,5.17,5200
294.157917,44.695000,5.17,5100
294.798333,5.397778,5.17,24000
304.662917,34.982778,5.17,6750
313.902917,13.721389,5.17,5000
325.766667,72.320278,5.17,5000
17.778333,31.424722,5.16,7500
19.450000,3.614444,5.16,9250
39.508333,72.818333,5.16,5200
123.816250,-62.915833,5.16,9500
130.917917,-49.822778,5.16,30000
134.850417,-59.083611,5.16,7050
153.377500,-66.373056,5.16,8750
158.790417,57.082778,5.16,7350
194.268333,-51.198611,5.16,14000
229.016667,-41.491111,5.16,5500
268.325417,40.008056,5.16,4850
269.771667,-30.253056,5.16,3350
278.089167,-39.703889,5.16,9250
286.582917,-52.340833,5.16,6450
291.242500,11.944444,5.16,5200
291.369167,19.798611,5.16,5000
309.853750,0.486389,5.16,4850
316.309167,-54.727222,5.16,4700
320.723333,6.811111,5.16,9250
343.100417,9.835556,5.16,6450
347.934167,8.720000,5.16,8750
38.025833,36.147222,5.15,4250
49.657500,50.222222,5.15,24000
97.845833,-12.391667,5.15,4550
132.986667,43.726667,5.15,5000
166.819167,-42.638611,5.15,8750
172.953333,-59.515833,5.15,9500
174.252500,-61.283333,5.15,5000
174.530417,-61.826389,5.15,8750
180.915000,-42.434167,5.15,6600
185.530417,-67.521944,5.15,8750
199.560417,49.681944,5.15,10000
206.735000,-36.251944,5.15,10000
208.675417,-1.503056,5.15,4700
209.629583,-24.972222,5.15,14000
222.671667,-15.997222,5.15,6900
226.329583,-41.067222,5.15,5200
233.655417,-28.046944,5.15,4400
251.457917,8.582500,5.15,4250
266.036250,-51.834167,5.15,5700
288.427917,2.293611,5.15,14000
291.537917,36.317778,5.15,12000
303.875833,23.508611,5.15,5700
310.487917,-66.760833,5.15,12000
316.179167,-77.023889,5.15,8250
30.426667,-44.713611,5.14,4250
37.007083,-33.811111,5.14,9500
52.602083,11.336389,5.14,10000
81.580417,-58.912500,5.14,5400
90.863750,19.690556,5.14,14000
94.423750,-16.815833,5.14,4550
102.737917,67.571944,5.14,22000
102.477500,-46.614722,5.14,6750
105.214583,-51.402500,5.14,3350
107.697917,-48.932222,5.14,4700
116.876250,33.415556,5.14,3350
117.925000,1.766944,5.14,14000
125.016250,27.217778,5.14,6600
137.098333,66.873333,5.14,4250
137.339583,22.045556,5.14,5100
149.421250,41.055556,5.14,6600
183.049583,77.616389,5.14,8750
185.232083,-13.565556,5.14,4850
214.885417,-2.265556,5.14,5100
243.813750,-47.372222,5.14,14000
277.859583,-18.402778,5.14,10000
278.760000,-10.977222,5.14,5200
281.095417,39.613056,5.14,8000
284.651667,-60.200556,5.14,4700
298.322500,57.523611,5.14,20000
311.661250,16.124444,5.14,6450
331.508333,45.014444,5.14,4250
9.194167,44.488611,5.13,4250
18.600000,-7.923056,5.13,6750
83.818750,-5.389722,5.13,42000
105.908333,10.951667,5.13,4550
110.510833,36.760556,5.13,5000
114.319583,-4.111111,5.13,6600
123.400833,-46.991944,5.13,26000
126.478333,7.564444,5.13,5300
138.585833,61.423333,5.13,6150
167.141667,-61.947222,5.13,12000
172.942083,-59.442222,5.13,5700
188.939583,-41.021944,5.13,8250
228.659583,67.346667,5.13,6150
242.758333,-29.416389,5.13,4550
251.666667,-67.109722,5.13,8750
280.945417,-38.323611,5.13,9500
287.290833,76.560556,5.13,7750
300.436250,-59.376111,5.13,2600
335.398333,-21.598333,5.13,4700
359.732500,-52.745833,5.13,5000
3.615000,-7.780556,5.12,3050
5.442917,-20.057778,5.12,2750
22.400417,-21.629444,5.12,9750
65.966250,9.460833,5.12,9250
76.690417,-4.655000,5.12,12000
77.181667,-4.456111,5.12,7200
103.425833,68.888333,5.12,16000
121.268750,13.118056,5.12,9750
139.096250,-44.265833,5.12,4550
143.435417,-49.005000,5.12,22000
160.485833,65.716389,5.12,4700
191.661250,16.577500,5.12,4550
215.844583,8.446667,5.12,10000
221.246667,27.075000,5.12,9500
239.222917,-33.966389,5.12,9250
240.309583,17.818333,5.12,5200
260.225833,24.499444,5.12,9500
261.054167,-44.162500,5.12,16000
267.205000,25.622778,5.12,4700
275.254167,28.870000,5.12,8250
276.057500,39.507222,5.12,9250
287.918750,56.859167,5.12,5200
293.780417,-10.560278,5.12,5100
297.641667,38.722500,5.12,3200
310.010833,-60.548889,5.12,6300
347.381250,8.677222,5.12,2900
28.591667,-42.496944,5.11,9250
44.322083,31.934167,5.11,12000
45.903333,-59.737778,5.11,7500
57.385833,33.091389,5.11,9250
58.412083,-34.732222,5.11,18000
68.548333,-8.231389,5.11,3050
87.473333,-66.901111,5.11,18000
109.659167,-36.742778,5.11,26000
119.773750,-23.310556,5.11,4700
141.575417,-53.379167,5.11,18000
143.471667,-80.941389,5.11,20000
170.840833,-64.955000,5.11,20000
177.187917,-26.749722,5.11,2900
224.183333,-62.780833,5.11,22000
233.812500,39.010000,5.11,3350
237.815000,-3.090556,5.11,9250
258.837500,-26.602778,5.11,4850
292.688750,27.965278,5.11,14000
297.756667,10.415556,5.11,6300
308.479583,-44.516111,5.11,5000
312.121667,-43.988611,5.11,7350
325.046250,43.273889,5.11,3350
331.287083,62.280000,5.11,33000
345.874167,-34.749444,5.11,7500
358.026667,-82.018889,5.11,5300
29.337917,17.817500,5.10,4850
55.538750,63.216667,5.10,3050
62.511667,80.698611,5.10,5200
72.843750,18.839722,5.10,8250
98.407917,-1.220278,5.10,20000
108.385000,-44.639722,5.10,2750
110.486667,20.443611,5.10,3500
111.591250,-51.018333,5.10,5000
132.639583,-46.529167,5.10,30000
163.393750,54.585000,5.10,4550
184.000833,14.898889,5.10,9250
199.221250,-31.506111,5.10,4850
216.047083,5.820000,5.10,8750
272.220417,20.045278,5.10,8000
275.577500,-38.656944,5.10,4400
283.679583,-15.603056,5.10,20000
289.635417,1.085278,5.10,4700
301.289583,19.991111,5.10,4700
310.012500,-18.138611,5.10,3200
324.888750,2.243611,5.10,5000
335.006250,-80.439722,5.10,2750
334.110833,-41.627500,5.10,5200
345.651250,42.757778,5.10,9250
0.455833,-3.027500,5.10,16000
8.182500,-63.031111,5.09,10000
50.688333,20.741944,5.09,4550
52.500833,55.451944,5.09,9750
57.296667,24.136667,5.09,14000
92.560000,-74.753056,5.09,5400
119.326667,-44.109722,5.09,26000
126.902083,-53.088611,5.09,7750
147.147500,46.021111,5.09,6000
157.572917,-0.636944,5.09,18000
170.841250,-18.780000,5.09,6750
201.532500,-39.755278,5.09,5000
229.236250,-60.957500,5.09,36000
238.873333,-68.603056,5.09,5500
286.744167,11.071389,5.09,14000
326.251250,-9.082500,5.09,5200
9.034583,54.168611,5.08,16000
76.535417,58.972500,5.08,26000
81.120417,-0.891389,5.08,5100
83.845417,-5.416111,5.08,33000
116.854167,-38.511111,5.08,26000
123.493333,-36.322500,5.08,28000
147.487917,-45.732778,5.08,16000
151.547083,-47.370000,5.08,4850
158.503750,-23.745278,5.08,4400
158.700000,6.953611,5.08,5200
159.084583,-59.564722,5.08,4850
160.854167,23.188333,5.08,9250
165.210000,39.212222,5.08,7500
172.146250,-42.674167,5.08,12000
213.191667,-27.261111,5.08,4550
249.057083,52.924444,5.08,12000
257.676250,-44.557500,5.08,5200
257.388750,40.777222,5.08,4550
284.335417,-20.656389,5.08,10000
328.324167,-13.551667,5.08,7350
328.265833,25.925000,5.08,24000
338.942083,73.643056,5.08,7050
341.022917,41.819167,5.08,5000
349.777917,-13.458889,5.08,5500
350.769167,12.313889,5.08,4550
358.122083,19.120278,5.08,3200
12.244583,16.940556,5.07,6300
12.147500,-74.923333,5.07,4250
57.067917,11.143333,5.07,24000
67.708750,-44.953889,5.07,26000
69.788333,15.799722,5.07,9000
75.086250,81.193889,5.07,4550
78.851250,-26.943333,5.07,12000
81.912083,34.475833,5.07,4550
101.904583,-8.998333,5.07,3350
115.127083,87.020000,5.07,3200
124.578750,-65.613333,5.07,4850
142.990000,9.715833,5.07,4700
213.737500,-57.085833,5.07,22000
234.844583,36.635833,5.07,16000
241.092083,-11.373056,5.07,6750
258.836667,-26.601389,5.07,5000
278.008333,-45.757222,5.07,24000
301.722500,23.614444,5.07,24000
7.012083,17.893056,5.06,3050
48.193333,-1.196111,5.06,6300
61.113333,59.155556,5.06,7500
80.442500,-24.773056,5.06,5300
92.184167,-68.843333,5.06,14000
96.990000,-4.762222,5.06,26000
104.604583,-34.111667,5.06,24000
115.738333,-45.173333,5.06,5400
145.076667,-14.332222,5.06,20000
202.355000,-51.165278,5.06,9750
215.594583,-80.108889,5.06,22000
229.828333,1.765278,5.06,6300
271.507917,22.218889,5.06,3050
281.085000,39.670000,5.06,9000
295.629583,-16.123889,5.06,7350
295.209167,45.525000,5.06,6750
349.212083,-7.726667,5.06,3050
355.843333,10.331389,5.06,3200
69.977917,53.079722,5.05,5000
70.514583,-37.144444,5.05,7350
80.639583,79.231111,5.05,6600
91.764167,-62.154722,5.05,4700
92.965833,-6.550278,5.05,26000
109.632917,49.465000,5.05,9000
112.335000,28.118056,5.05,9000
114.869167,17.674722,5.05,4250
121.668333,-45.266389,5.05,4550
129.783333,-22.661944,5.05,5400
148.126667,-8.105000,5.05,9750
164.866667,40.430278,5.05,5900
201.279583,-74.887778,5.05,5000
262.991250,68.135000,5.05,5000
275.386250,49.121667,5.05,3200
290.712917,-54.423611,5.05,10000
300.340000,50.104722,5.05,4850
309.782500,10.086111,5.05,5800
312.875417,-51.608333,5.05,4850
350.085833,5.381389,5.05,4700
26.526250,-53.521944,5.04,9750
30.575417,54.487500,5.04,14000
90.814583,-26.284444,5.04,4550
94.110833,12.272222,5.04,6750
116.487083,-14.563889,5.04,7500
173.225417,-31.087222,5.04,3200
181.193750,-76.519167,5.04,4400
198.014583,-16.198611,5.04,6750
247.160417,41.881667,5.04,2600
252.938750,24.656389,5.04,5000
267.362500,76.962778,5.04,6600
271.756250,30.561944,5.04,6450
280.657917,55.539444,5.04,12000
309.632917,24.116111,5.04,20000
312.520417,44.059444,5.04,9000
327.461250,30.174167,5.04,9750
332.877917,59.414444,5.04,42000
356.597917,3.486667,5.04,4000
356.978333,67.806944,5.04,9750
2.580417,46.072222,5.03,7200
17.003750,43.941944,5.03,9250
31.641250,22.648333,5.03,9500
34.737500,28.642500,5.03,9500
49.050833,50.937778,5.03,5400
49.781667,50.095000,5.03,20000
59.356250,63.072222,5.03,12000
67.209167,13.047500,5.03,8250
72.548333,-16.217222,5.03,5000
76.241667,-49.577778,5.03,4250
80.003750,33.958056,5.03,8750
89.767917,-9.558333,5.03,8500
109.206250,-36.592778,5.03,26000
110.868750,25.050556,5.03,5200
163.935000,33.506944,5.03,4850
175.880000,-62.489444,5.03,6000
223.212917,-37.803333,5.03,16000
238.333750,-20.167222,5.03,26000
255.469583,-32.143611,5.03,14000
259.654167,10.864444,5.03,4400
273.474167,64.397222,5.03,6750
291.318750,-24.508611,5.03,8750
292.665833,-2.788889,5.03,3350
297.657083,52.988056,5.03,4550
329.812500,73.180000,5.03,6750
339.439167,-4.228056,5.03,4700
75.540833,-26.275000,5.02,4850
78.851667,32.687778,5.02,7750
91.881667,-37.253056,5.02,12000
100.770833,44.524444,5.02,4250
102.691250,41.781389,5.02,4550
158.237083,-47.003333,5.02,4400
186.462083,39.018611,5.02,5100
188.782500,18.376944,5.02,4700
229.274583,71.823889,5.02,4400
232.732500,40.833056,5.02,4400
232.945833,40.899444,5.02,8750
246.396667,-23.447222,5.02,26000
267.267917,50.781111,5.02,9500
281.207917,2.060000,5.02,12000
299.487500,-15.491389,5.02,9250
318.335417,-70.126389,5.02,3350
35.717917,-73.645833,5.01,4850
69.723333,-12.123056,5.01,9500
93.937083,-13.718333,5.01,12000
92.812500,-65.589444,5.01,3200
112.452917,27.916111,5.01,4700
118.065417,-34.705278,5.01,6750
128.681667,-49.944167,5.01,4850
143.302083,-21.115833,5.01,5000
143.536667,-51.255278,5.01,28000
205.436250,-54.560000,5.01,14000
205.403333,-8.703056,5.01,3350
209.142500,27.491944,5.01,4550
213.065833,2.409444,5.01,10000
285.360000,46.934722,5.01,8250
290.137083,-5.415833,5.01,5200
313.640000,28.057500,5.01,4400
324.237500,40.413611,5.01,8750
326.934167,-30.898333,5.01,9500
335.379583,12.205278,5.01,26000
0.582917,-29.720278,5.01,22000
55.562083,-31.938333,5.00,20000
59.284583,61.108889,5.00,4550
76.669167,51.597778,5.00,7500
76.862500,18.645000,5.00,5600
80.708333,3.544444,5.00,28000
104.027500,-14.043611,5.00,5500
108.342917,16.158889,5.00,2900
137.768333,-44.868056,5.00,20000
144.302917,6.835833,5.00,4850
160.767083,69.076111,5.00,4550
170.802917,-36.164722,5.00,4100
184.125417,33.061389,5.00,5000
184.748750,-55.143056,5.00,3350
186.747083,26.825556,5.00,9000
230.534583,-47.927778,5.00,6300
240.835833,-25.865278,5.00,4250
242.018750,17.046944,5.00,5200
246.995833,68.768056,5.00,10000
260.078750,18.057222,5.00,3200
271.870000,43.461667,5.00,5200
293.645417,19.773333,5.00,14000
297.244583,19.142222,5.00,9250
319.613333,43.945833,5.00,39000
345.021250,56.945278,5.00,5600
354.946250,-14.221667,5.00,7500
359.396667,-64.298333,5.00,9750
25.681250,-3.690278,4.99,4550
29.000000,68.685278,4.99,14000
44.699167,-64.071389,4.99,9250
81.163333,37.385556,4.99,4400
81.105833,17.383333,4.99,6300
88.711667,55.706944,4.99,9500
102.718333,-34.367222,4.99,4250
105.728333,-4.239167,4.99,28000
111.412083,9.276111,4.99,5400
115.751667,58.710278,4.99,9250
123.333333,-15.788333,4.99,5500
127.365000,-44.725000,4.99,26000
155.742083,-66.901667,4.99,14000
165.186667,6.101389,4.99,8750
170.706667,43.482778,4.99,5300
191.282500,45.440278,4.99,3200
239.876250,-41.744444,4.99,5000
240.360833,29.851111,4.99,10000
244.253750,-50.068333,4.99,6150
283.779583,-22.671389,4.99,4550
286.604583,-37.063333,4.99,6300
288.480000,57.705000,4.99,4700
296.606667,33.727778,4.99,6450
301.081667,-32.056389,4.99,4850
332.108333,-34.043889,4.99,3350
20.020417,58.231667,4.98,7500
24.837500,44.386111,4.98,5200
32.355417,25.939722,4.98,7200
52.012917,49.062778,4.98,20000
94.478333,61.515278,4.98,3050
109.667917,-24.558889,4.98,39000
130.006250,-12.475278,4.98,4400
202.107500,13.778889,4.98,5600
203.699167,37.182500,4.98,7200
255.782500,14.091944,4.98,3050
272.930833,-23.701111,4.98,5000
275.977083,58.800556,4.98,9750
284.060833,4.201944,4.98,8750
349.740417,-9.610833,4.98,10000
351.209583,62.282778,4.98,3350
353.488333,31.325278,4.98,4400
55.593750,33.965000,4.97,30000
60.325833,-61.078889,4.97,4400
67.110000,16.359722,4.97,4700
88.874583,-37.120833,4.97,4850
113.449583,-14.523889,4.97,3200
118.374167,26.765833,4.97,9250
136.493333,5.092222,4.97,4700
142.986250,11.299722,4.97,5000
156.032917,65.566389,4.97,10000
177.485833,-70.225833,4.97,5400
202.428333,-23.281389,4.97,2450
207.467917,-18.134167,4.97,5000
217.043333,-29.491667,4.97,14000
272.975833,31.405278,4.97,3050
291.031667,29.621389,4.97,24000
303.633333,36.806389,4.97,9500
18.796250,-45.531389,4.96,6300
112.768333,82.411389,4.96,2900
110.556250,-19.016667,4.96,16000
185.087500,3.312500,4.96,5000
235.070417,-23.818056,4.96,4550
232.853750,77.349444,4.96,4250
250.393333,-17.742222,4.96,5300
270.376667,21.595556,4.96,8750
277.939167,-45.915000,4.96,18000
289.408750,-18.953056,4.96,5200
298.980833,58.846111,4.96,4250
25.446667,42.613611,4.95,5900
50.360417,43.329444,4.95,9250
65.088750,27.350833,4.95,4850
81.186667,1.846389,4.95,28000
85.210833,-1.128889,4.95,26000
90.460000,-10.598056,4.95,20000
93.013750,16.130556,4.95,20000
104.066667,-48.721111,4.95,3350
171.984167,2.856111,4.95,5300
184.085417,23.945278,4.95,5200
186.600417,27.268333,4.95,7500
187.527917,69.201111,4.95,3050
197.263750,-23.118056,4.95,4850
239.447500,54.749722,4.95,7500
244.376250,75.755278,4.95,6750
275.074583,21.961389,4.95,3350
294.222917,-7.027500,4.95,30000
297.767083,22.610000,4.95,26000
303.569167,15.197500,4.95,9500
307.514583,48.951667,4.95,26000
344.108333,49.733611,4.95,4250
356.508750,46.420278,4.95,5500
10.867083,47.024722,4.94,8750
25.145000,40.576944,4.94,14000
33.092917,30.303056,4.94,5500
64.315000,20.578611,4.94,9250
74.814167,37.890278,4.94,9750
79.819167,22.096389,4.94,5200
113.915417,-52.533889,4.94,4550
115.096667,-15.263611,4.94,4550
120.879583,27.794167,4.94,4850
138.902917,-38.570000,4.94,5000
145.560000,-23.915556,4.94,6150
148.717500,-19.009444,4.94,3350
166.332917,-27.293611,4.94,7050
175.223333,-62.090000,4.94,5700
188.683333,70.021944,4.94,4550
192.924583,27.540556,4.94,6000
203.532917,3.658889,4.94,9750
220.181667,16.418333,4.94,12000
221.500417,-25.443056,4.94,7200
222.754167,-2.299167,4.94,5200
231.049583,-10.322222,4.94,6750
243.369583,-54.630556,4.94,5200
243.000000,-10.064167,4.94,9250
248.520833,-44.045278,4.94,30000
298.965417,38.486667,4.94,20000
301.846667,-52.880833,4.94,3350
343.008333,43.312500,4.94,3500
351.733333,1.255556,4.94,10000
1.125417,-10.509444,4.94,4550
44.765417,35.183056,4.93,4700
62.710833,-41.993611,4.93,7750
65.102500,34.566667,4.93,5200
91.246250,-16.484444,4.93,9500
99.656667,-48.220278,4.93,5200
105.973750,-49.583889,4.93,9000
119.933750,-3.679722,4.93,4700
132.448750,-45.308056,4.93,9500
157.758333,-73.221667,4.93,4400
190.485833,-59.685833,4.93,18000
195.182500,56.366389,4.93,7200
226.825417,24.869167,4.93,6750
285.003750,32.145556,4.93,4700
286.604583,-37.063333,4.93,6300
302.356667,36.839722,4.93,26000
355.997917,29.361667,4.93,5000
107.557083,-4.237222,4.92,5000
134.243333,-59.229444,4.92,26000
198.561667,-59.103333,4.92,6450
198.429167,40.152778,4.92,5200
215.654167,-58.459444,4.92,5200
221.246667,-35.191944,4.92,10000
225.243333,-8.518889,4.92,12000
241.360417,-19.801944,4.92,26000
283.306667,50.708333,4.92,5300
298.907500,52.438889,4.92,9000
311.795000,34.374167,4.92,4550
332.536667,-32.548333,4.92,6600
40.562083,40.193889,4.91,6150
67.969583,-0.043889,4.91,4550
75.356667,-20.051944,4.91,12000
85.619167,1.474722,4.91,4850
87.387083,12.651111,4.91,12000
96.224583,49.288056,4.91,4250
159.645833,-16.876667,4.91,5200
176.629583,-40.500556,4.91,5700
179.905417,-78.221944,4.91,12000
192.671667,-33.999444,4.91,10000
207.428333,21.264167,4.91,4400
212.710417,-16.301944,4.91,3200
214.557500,-81.007778,4.91,9500
228.655417,-31.519167,4.91,7350
247.117083,-70.084444,4.91,6150
256.344583,12.740833,4.91,9000
307.412500,-2.885556,4.91,4700
311.218750,25.270556,4.91,4700
329.162917,63.625556,4.91,3200
352.508333,58.548889,4.91,24000
21.405000,-14.598889,4.90,4700
38.461250,-28.232500,4.90,12000
94.998333,-2.944444,4.90,3350
104.404583,45.094167,4.90,9500
107.913750,39.320556,4.90,4400
114.791250,34.584167,4.90,7050
177.963333,-65.206111,4.90,22000
193.324167,21.245000,4.90,5200
195.068750,30.785000,4.90,5100
249.687083,48.928333,4.90,3200
280.880417,-8.275278,4.90,5200
293.804167,-48.099167,4.90,5000
312.492083,-33.779722,4.90,5300
323.694167,38.534167,4.90,5000
343.807083,8.815833,4.90,9750
2.816250,-15.468056,4.89,6450
12.208750,50.968333,4.89,12000
36.487500,-12.290556,4.89,12000
48.725417,21.044444,4.89,9750
108.305833,-45.183056,4.89,10000
129.927083,-29.561111,4.89,5600
133.881250,-27.681944,4.89,9250
157.840833,-53.715556,4.89,6600
159.307083,-27.412500,4.89,3200
240.850833,-38.602500,4.89,18000
254.007083,65.134722,4.89,6600
296.069167,37.354444,4.89,5300
309.181667,-2.550000,4.89,4250
312.370833,-46.226944,4.89,4250
20.585000,45.528889,4.88,5000
49.592083,-22.511389,4.88,5400
72.477500,37.488333,4.88,4550
81.908750,21.936944,4.88,26000
116.530833,18.510000,4.88,4400
130.430417,-15.943333,4.88,5100
148.551250,-25.932500,4.88,4700
190.471250,10.235556,4.88,10000
239.547500,-14.279444,4.88,20000
263.044167,55.184167,4.88,8500
269.448750,-41.716111,4.88,3500
309.397083,-61.530000,4.88,6750
339.815417,39.050278,4.88,33000
359.752083,55.755000,4.88,28000
34.263333,34.224167,4.87,6000
47.984583,74.393611,4.87,9500
63.598750,-10.256389,4.87,4550
88.278750,-33.801389,4.87,20000
101.558750,59.441667,4.87,9250
169.545417,31.529167,4.87,6000
199.304167,-66.783611,4.87,4700
256.205833,-34.122778,4.87,28000
263.066667,55.173056,4.87,9000
265.857500,-21.683333,4.87,6600
281.080833,-35.641944,4.87,26000
284.615417,-52.938611,4.87,10000
284.680833,-37.107500,4.87,7200
356.764583,58.651944,4.87,4850
18.942083,-68.876111,4.86,6600
38.968750,5.593333,4.86,5200
78.357083,38.484444,4.86,9000
85.323750,16.533889,4.86,24000
87.254167,24.567500,4.86,5200
128.831667,-58.009167,4.86,5000
130.606250,-53.113889,4.86,24000
152.234583,-51.811111,4.86,24000
186.628750,-63.122500,4.86,22000
214.938333,16.306944,4.86,4550
220.411667,8.161667,4.86,5300
229.412083,-63.610556,4.86,4700
269.197500,-44.342222,4.86,4700
275.217083,3.377222,4.86,5200
296.590417,-19.761111,4.86,4850
359.668333,-3.556111,4.86,5100
29.167500,-22.526944,4.85,4400
65.388333,46.498889,4.85,22000
112.464167,-23.024444,4.85,8750
161.713333,-64.383333,4.85,24000
176.321250,8.258333,4.85,9000
195.888333,-49.527222,4.85,10000
198.013333,-37.803056,4.85,5700
245.524167,30.891944,4.85,5000
251.324167,56.781944,4.85,7200
288.885000,-25.256667,4.85,5200
340.875000,-41.414444,4.85,5000
341.407917,-53.500278,4.85,4700
346.653750,59.419722,4.85,30000
349.436250,49.015278,4.85,3200
22.546250,6.143889,4.84,4400
30.977917,42.330833,4.84,14000
39.890833,-11.872222,4.84,6750
41.385833,-67.616667,4.84,9500
49.997500,65.652222,4.84,26000
63.485000,9.263611,4.84,5500
114.864167,-38.308333,4.84,26000
122.114167,51.506667,4.84,9500
157.656667,55.980556,4.84,6300
158.772917,75.713056,4.84,5200
165.140000,3.617500,4.84,4850
248.151250,11.488056,4.84,3950
312.234583,46.114167,4.84,24000
316.101250,-19.855000,4.84,8750
331.420000,5.058611,4.84,4400
13.750417,58.972778,4.83,4700
21.914167,45.406667,4.83,6750
28.382500,19.295833,4.83,12000
29.291667,-47.385000,4.83,5200
33.305417,44.231667,4.83,4550
49.840417,3.370278,4.83,5500
79.371250,-34.895278,4.83,5000
78.439167,-67.185278,4.83,4700
103.387083,-20.224167,4.83,28000
107.212917,-39.655833,4.83,26000
125.345833,-33.054444,4.83,4700
139.047083,54.021944,4.83,8750
155.581667,-41.650000,4.83,4850
171.152500,-10.859444,4.83,4250
212.599583,25.091667,4.83,6150
220.287083,13.728333,4.83,9500
240.573750,22.804444,4.83,9250
250.229583,64.589167,4.83,5000
267.293750,-31.703333,4.83,14000
281.518750,26.662222,4.83,4550
283.542500,-22.745000,4.83,4700
284.265417,-5.846111,4.83,4700
299.738333,-26.195556,4.83,5400
303.325000,46.815833,4.83,8750
13.267083,61.124167,4.82,6300
32.122083,37.859167,4.82,8750
49.682500,34.222778,4.82,4700
77.425000,15.597222,4.82,7200
89.498750,25.953889,4.82,30000
99.819583,-14.145833,4.82,4700
120.083333,-63.567500,4.82,24000
125.631667,-48.490278,4.82,28000
159.388333,-13.384444,4.82,4000
160.558333,-64.466389,4.82,22000
161.028750,-63.961111,4.82,20000
186.631667,-51.450833,4.82,24000
204.365000,36.295000,4.82,8250
212.212083,77.547500,4.82,4550
226.280000,-47.051111,4.82,20000
228.206250,-44.500556,4.82,24000
237.807917,35.657500,4.82,4850
245.518333,1.029167,4.82,7500
252.309167,45.983333,4.82,9500
255.265000,-4.222500,4.82,4400
259.331250,33.100000,4.82,28000
276.496250,65.563611,4.82,4850
283.599583,71.297222,4.82,5000
309.630417,21.201111,4.82,10000
320.190000,-40.809722,4.82,8750
337.661667,-10.678056,4.82,10000
355.440833,-17.816389,4.82,6000
6.982083,-33.007222,4.81,2900
75.359583,-7.173889,4.81,24000
92.574583,-54.968611,4.81,24000
140.236667,-62.404722,4.81,5400
143.765833,39.621389,4.81,5100
185.626250,25.846111,4.81,6000
188.712917,22.629167,4.81,10000
214.499167,35.509444,4.81,5000
217.050417,-2.228056,4.81,5800
220.855833,26.527778,4.81,3050
225.527083,25.008056,4.81,4400
262.854167,-23.962778,4.81,12000
267.546667,-40.090556,4.81,9500
276.337500,-20.541667,4.81,4700
304.446667,38.033056,4.81,26000
335.330417,28.330556,4.81,12000
338.250417,-61.982222,4.81,2900
3.650833,20.206667,4.80,3200
10.516250,50.512500,4.80,26000
48.958333,-8.819722,4.80,8750
56.509583,63.345000,4.80,6000
66.024167,17.443889,4.80,8250
84.721250,-7.213056,4.80,9000
94.711667,69.319722,4.80,10000
137.596667,67.134722,4.80,6600
140.120833,-9.555833,4.80,5200
186.006250,51.562222,4.80,5400
196.794583,27.624722,4.80,4250
198.812083,-67.894444,4.80,14000
199.401250,5.469722,4.80,3350
264.237917,68.758056,4.80,6750
359.603333,51.388611,4.80,2450
29.482083,23.596111,4.79,7500
58.572917,-2.954722,4.79,5200
74.982500,-12.537500,4.79,7500
99.832917,42.488889,4.79,4550
109.153333,-23.315556,4.79,4550
119.417083,-30.334722,4.79,9500
139.943333,-11.975000,4.79,5200
146.050417,-27.769444,4.79,8000
154.933750,19.470833,4.79,6600
193.588333,-9.538889,4.79,3050
247.551667,-25.115000,4.79,26000
281.362083,-64.871389,4.79,8750
332.451667,72.341111,4.79,5300
333.903750,-41.346667,4.79,5200
336.964583,4.695556,4.79,5000
340.439167,29.307500,4.79,9750
67.640417,16.193889,4.78,8500
73.158333,36.703056,4.78,4700
83.761250,-6.001944,4.78,30000
88.110000,1.855000,4.78,4850
123.373333,-35.899722,4.78,28000
169.782917,38.185556,4.78,9750
194.730833,17.409444,4.78,3350
244.574583,-28.613889,4.78,10000
260.497500,-67.770556,4.78,4700
303.816250,25.591944,4.78,24000
307.215000,-17.813611,4.78,7200
313.311667,44.387222,4.78,20000
0.398750,-77.065833,4.78,4550
7.854167,-48.803611,4.77,10000
13.252083,-1.144167,4.77,3500
101.832500,8.037222,4.77,4400
130.304583,-47.316944,4.77,8750
145.320833,-23.591667,4.77,18000
172.578750,-3.003611,4.77,4550
215.177083,-45.187222,4.77,7500
215.774167,-27.753889,4.77,4400
241.092083,-11.373056,4.77,6750
265.098333,-49.415556,4.77,7050
278.143750,57.045556,4.77,6450
289.054167,21.390278,4.77,22000
300.889583,-37.940833,4.77,4250
11.047500,-10.609444,4.76,5000
19.866667,27.264167,4.76,9250
46.385000,56.705833,4.76,5100
83.182083,32.191944,4.76,20000
108.659167,-48.271667,4.76,14000
122.252917,-61.302500,4.76,6750
135.636250,67.629722,4.76,3050
201.863333,-15.973611,4.76,5000
225.947500,47.654444,4.76,6150
237.816250,20.977778,4.76,4250
240.699583,46.036667,4.76,12000
242.242917,36.490833,4.76,4850
269.948333,-23.816111,4.76,12000
305.165833,-12.759167,4.76,12000
308.895000,-60.581667,4.76,7350
346.778333,25.468333,4.76,5200
28.382500,19.293611,4.75,9750
38.021667,-15.244722,4.75,6900
39.950000,-42.891667,4.75,9500
42.759583,-21.004167,4.75,5000
42.618750,-75.066944,4.75,4550
122.857917,-42.987222,4.75,8750
158.307917,40.425556,4.75,8250
212.478333,-53.439167,4.75,5100
214.041250,51.367222,4.75,7750
235.670833,-34.710556,4.75,20000
285.778750,-42.095278,4.75,12000
349.656250,68.111667,4.75,5000
21.483333,68.130000,4.74,5000
73.133333,14.250556,4.74,3050
87.760000,37.305556,4.74,3500
156.478750,33.796111,4.74,7500
157.583750,-71.993056,4.74,9750
165.457083,-2.484722,4.74,3500
185.179167,17.792778,4.74,5200
199.601250,-18.311389,4.74,5400
207.947917,34.444167,4.74,4250
235.486667,-19.678889,4.74,3500
292.942917,34.453056,4.74,24000
314.956667,47.521111,4.74,28000
341.870833,83.153889,4.74,4550
354.462500,-45.492500,4.74,9500
7.943333,54.522222,4.73,14000
52.654583,-5.075278,4.73,12000
57.149583,-37.620556,4.73,12000
80.440417,-0.382500,4.73,26000
176.190833,-18.350833,4.73,5200
199.385417,40.572500,4.73,7050
208.302083,-31.927778,4.73,22000
253.498750,-42.362222,4.73,28000
259.152917,-0.445278,4.73,4700
313.163333,-8.983333,4.73,9250
324.480000,62.081944,4.73,26000
325.664583,-18.866389,4.73,5200
326.035833,28.742778,4.73,6600
52.344583,-62.937500,4.72,6750
76.377500,-57.472778,4.72,6450
122.817917,-12.926944,4.72,5100
140.373333,-25.965556,4.72,3350
177.059583,-66.814722,4.72,4400
181.080000,-63.165556,4.72,26000
226.280000,-47.051111,4.72,20000
241.622500,-45.173333,4.72,8750
280.568333,-9.052500,4.72,7200
23.482917,59.231944,4.71,5100
36.405833,50.278611,4.71,4400
63.722083,40.483611,4.71,5500
79.785417,40.099167,4.71,5900
80.112083,-21.239444,4.71,10000
82.433333,-1.092222,4.71,4250
117.084583,-47.077778,4.71,5000
136.409583,-70.538889,4.71,26000
159.680000,31.976111,4.71,5800
163.494583,43.190000,4.71,9750
196.569583,-48.463611,4.71,20000
209.412083,-63.686667,4.71,4850
298.562083,8.461389,4.71,5100
319.484583,-32.172500,4.71,9750
343.603333,84.346111,4.71,4400
353.319167,-20.914444,4.71,9750
353.769167,-42.615000,4.71,9500
44.690417,39.662778,4.70,9500
44.928750,8.907500,4.70,18000
114.575000,-25.364722,4.70,14000
150.053333,8.044167,4.70,3200
174.170417,-9.802222,4.70,12000
175.053333,-34.744722,4.70,12000
203.613750,49.016111,4.70,8750
277.299583,-14.565833,4.70,9250
298.960000,-26.299444,4.70,5500
28.733750,-67.647222,4.69,5200
31.122500,-29.296944,4.69,12000
66.651667,14.713611,4.69,5300
69.818750,15.918056,4.69,8750
134.080833,-52.723611,4.69,20000
140.801250,-28.833889,4.69,5200
141.826667,-22.343889,4.69,4700
191.407917,-60.981111,4.69,5000
202.991250,-6.255833,4.69,3200
271.255417,-29.580000,4.69,6900
294.844167,30.153333,4.69,5200
317.585417,10.131667,4.69,7500
324.437917,-7.854167,4.69,8250
330.840000,-56.786111,4.69,4400
330.828750,-2.155278,4.69,16000
340.897083,-18.830278,4.69,4400
347.478333,-22.457500,4.69,5800
76.142083,15.404167,4.68,10000
103.905833,-20.136389,4.68,7200
120.305417,-1.392500,4.68,4400
144.613750,4.649167,4.68,4550
245.086667,-78.695833,4.68,2750
275.914583,-8.934167,4.68,5100
293.090000,69.661111,4.68,5000
308.827083,14.674167,4.68,9250
324.270000,-19.466111,4.68,26000
27.396250,-10.686389,4.67,7050
52.342083,49.508889,4.67,24000
91.538750,-14.935278,4.67,9750
137.729583,63.513611,4.67,7050
234.941667,-34.411944,4.67,5200
270.014167,16.750833,4.67,5000
315.322917,-32.257778,4.67,5400
325.523750,51.189722,4.67,24000
17.863333,21.034722,4.66,5200
40.862917,27.707222,4.66,24000
59.981250,-24.016389,4.66,18000
100.244583,9.895556,4.66,39000
108.563333,-26.352500,4.66,24000
109.576667,-36.734167,4.66,26000
130.821250,21.468611,4.66,9750
156.851667,-57.638889,4.66,7750
159.687917,-59.183056,4.66,4400
180.218333,6.614167,4.66,8750
189.811667,-7.995556,4.66,4700
190.647500,-48.813056,4.66,5000
205.184583,54.681667,4.66,3200
282.800417,59.388333,4.66,5100
291.629583,0.338611,4.66,7200
336.319167,1.377500,4.66,28000
359.439583,25.141389,4.66,3050
18.437083,24.583611,4.65,5000
58.427500,-24.612500,4.65,18000
68.462083,14.844444,4.65,8000
73.724167,10.150833,4.65,10000
88.525417,-63.090000,4.65,4850
103.661250,13.177778,4.65,7500
112.677083,-30.962222,4.65,5700
191.594583,-56.488889,4.65,24000
206.663750,-51.432778,4.65,5200
207.857917,64.723333,4.65,3050
240.803750,-49.229722,4.65,5200
252.458333,-10.783056,4.65,6450
259.417917,37.291667,4.65,9500
274.513333,-27.042500,4.65,4550
346.045833,50.052222,4.65,5000
75.773750,21.590000,4.64,8250
109.145833,-27.881111,4.64,3050
111.678333,49.211389,4.64,9750
113.845000,-28.369444,4.64,14000
189.968750,-39.987500,4.64,14000
235.297083,-44.661111,4.64,6750
237.744583,-25.751389,4.64,24000
270.065833,4.368611,4.64,26000
271.826667,8.733889,4.64,5200
277.843333,-62.278333,4.64,16000
278.375833,-42.312500,4.64,5200
300.275417,27.753611,4.64,9000
14.165833,59.181111,4.63,5200
44.802917,21.340278,4.63,9500
44.802917,21.340278,4.63,9500
47.822500,39.611667,4.63,4850
57.589583,71.332222,4.63,9500
90.980000,20.138333,4.63,26000
118.265417,-49.613056,4.63,28000
166.254167,7.336111,4.63,7200
168.800833,23.095556,4.63,3050
237.398750,26.068333,4.63,5700
240.882917,-57.775278,4.63,8250
246.950417,-8.371667,4.63,9250
339.343333,51.545278,4.63,8000
28.388750,3.187500,4.62,5000
82.982500,-7.301389,4.62,30000
114.707500,-26.803611,4.62,20000
130.918333,-7.233611,4.62,5900
138.937917,-37.413333,4.62,6750
173.690417,-54.264167,4.62,12000
193.663333,-59.146667,4.62,22000
233.544583,-10.064444,4.62,4850
238.168750,42.451667,4.62,6300
264.461250,-8.118889,4.62,14000
270.120833,-3.690278,4.62,7200
284.055000,4.203611,4.62,8750
1.333750,-5.707500,4.61,5000
4.272917,38.681667,4.61,9500
64.560833,50.295556,4.61,9500
119.966667,-18.399167,4.61,9500
166.635000,-62.424167,4.61,5200
290.431667,-15.955000,4.61,26000
308.475833,35.250833,4.61,4700
97.204167,-7.032778,4.60,24000
130.053333,64.327778,4.60,4850
142.287083,-2.768889,4.60,6600
151.281250,-13.064722,4.60,12000
164.179583,-37.137778,4.60,4850
168.150000,-60.317500,4.60,8500
198.072500,-59.920833,4.60,14000
221.310417,16.964444,4.60,5200
224.395833,65.932500,4.60,2900
231.334167,-38.733611,4.60,10000
294.176667,-24.883611,4.60,12000
350.159167,23.740278,4.60,8750
10.331667,-46.085000,4.59,5200
55.708750,-37.313611,4.59,4700
81.709167,3.095556,4.59,26000
83.846667,-4.838333,4.59,28000
115.885000,-28.411111,4.59,4550
148.026667,54.064444,4.59,9250
238.402917,-25.327222,4.59,26000
243.075833,-27.926389,4.59,26000
263.915000,-46.505556,4.59,10000
283.687083,22.645000,4.59,5600
287.087083,-40.496667,4.59,4850
290.167083,65.714722,4.59,9500
313.032083,27.096944,4.59,5300
337.207083,-0.020278,4.59,6600
54.273750,-40.274722,4.58,4850
88.331667,27.612222,4.58,10000
137.012083,-25.858333,4.58,4400
147.920000,-46.547778,4.58,5500
265.484583,72.148889,4.58,6750
298.365417,24.079722,4.58,12000
300.664583,-27.709722,4.58,2900
84.796250,4.121389,4.57,24000
142.995417,-1.185000,4.57,9250
154.903333,-55.029444,4.57,4550
160.883750,-60.566667,4.57,4400
246.354167,14.033333,4.57,12000
272.020833,-28.457222,4.57,5300
322.487083,23.638889,4.57,3350
335.256667,46.536667,4.57,18000
336.129167,49.476389,4.57,12000
357.231667,-28.130278,4.57,10000
59.686250,-61.400278,4.56,3200
136.632500,38.452222,4.56,5300
143.620417,69.830278,4.56,5600
207.956667,-32.994444,4.56,20000
216.534167,-45.221389,4.56,26000
325.480417,71.311389,4.56,4850
76.101667,-35.483333,4.55,4550
105.016667,76.977500,4.55,4400
143.555833,36.397500,4.55,5200
222.847083,19.101111,4.55,5200
245.159167,-24.169444,4.55,8750
316.650417,47.648333,4.55,4400
352.288750,12.760556,4.55,5300
0.935000,-17.336111,4.55,12000
7.890000,-62.965833,4.54,9500
11.181250,48.284444,4.54,20000
30.489167,70.906944,4.54,9250
52.478750,58.878611,4.54,10000
79.544583,33.371667,4.54,4700
98.764167,-22.964722,4.54,10000
112.449167,12.006667,4.54,4850
213.370833,51.790278,4.54,8000
226.111250,26.947500,4.54,4700
228.055417,-19.791667,4.54,10000
230.789167,-36.858611,4.54,22000
233.971667,-44.958611,4.54,24000
261.657917,-5.086667,4.54,7050
266.890000,-27.830833,4.54,6450
358.595833,57.499444,4.54,5800
12.453333,41.078889,4.53,20000
42.878333,35.059722,4.53,4250
90.014167,-3.074167,4.53,4850
114.342083,-34.968611,4.53,14000
176.996250,20.218889,4.53,5500
200.657917,-60.988333,4.53,24000
201.002083,-64.535833,4.53,5400
272.807500,-45.954444,4.53,5000
311.852083,36.490833,4.53,20000
345.969167,3.820000,4.53,18000
4.582083,36.785278,4.52,9500
37.266667,67.402500,4.52,8750
87.293750,39.181111,4.52,5200
144.837500,-61.328056,4.52,12000
214.777500,-13.371111,4.52,9500
235.387917,19.670278,4.52,9750
260.920833,37.145833,4.52,12000
299.236667,-27.170000,4.52,4700
303.942083,27.814167,4.52,4550
346.751250,9.409444,4.52,3350
348.137500,49.406389,4.52,7500
17.915000,30.089722,4.51,5000
41.977083,29.247222,4.51,4850
60.224167,-62.159444,4.51,2900
68.377500,-29.766667,4.51,5000
87.457083,-56.166667,4.51,4850
142.311250,-35.951389,4.51,4550
230.844583,-59.320833,4.51,20000
300.704583,67.873611,4.51,4550
311.009583,-51.921111,4.51,8250
311.337917,57.579722,4.51,6300
317.398750,-11.371667,4.51,5200
322.180833,-21.807222,4.51,5500
337.622083,43.123333,4.51,26000
98.225833,7.333056,4.50,10000
114.705417,-26.801667,4.50,18000
117.021667,-25.937222,4.50,30000
143.706250,52.051389,4.50,9500
155.228333,-56.043056,4.50,24000
163.903333,24.749722,4.50,9750
206.815417,17.456667,4.50,6600
246.025833,-20.037500,4.50,5000
316.782083,-25.005833,4.50,3500
332.095833,-32.988611,4.50,9500
355.511667,1.780000,4.50,8250
359.979167,-65.577222,4.50,12000
66.586667,15.618333,4.49,7500
100.997083,13.227778,4.49,5000
108.140000,-46.759444,4.49,7500
118.161250,-38.863056,4.49,26000
131.677083,-56.769722,4.49,24000
151.984583,-0.371667,4.49,10000
224.295833,-4.346389,4.49,7500
318.620417,10.006944,4.49,6750
333.469583,39.715000,4.49,4550
355.680417,-14.545000,4.49,12000
92.985000,14.208889,4.48,24000
94.905833,59.010833,4.48,9500
97.042083,-32.580000,4.48,22000
137.217917,51.604722,4.48,7500
136.286667,-72.602778,4.48,6150
151.857500,35.244722,4.48,8250
167.914583,-22.825833,4.48,9500
294.110417,50.221111,4.48,6900
336.833333,-64.966389,4.48,12000
41.275833,-18.572500,4.47,6600
50.085000,29.048333,4.47,4700
57.380000,65.526111,4.47,3200
74.321667,53.752222,4.47,9750
74.637083,1.714167,4.47,4700
101.965000,2.412222,4.47,5000
169.165417,-3.651667,4.47,8250
182.021667,-50.661389,4.47,18000
246.796250,-47.555000,4.47,22000
346.670417,-23.743056,4.47,5100
42.272500,-32.405833,4.46,5000
78.322917,2.861111,4.46,5000
141.163750,26.182222,4.46,4700
177.786250,-45.173611,4.46,4550
218.670000,29.745000,4.46,7200
331.528750,-39.543333,4.46,4550
340.128750,44.276389,4.46,4700
343.131667,-32.875556,4.46,10000
70.140417,-41.863889,4.45,7200
78.074583,-11.869167,4.45,14000
113.513333,-22.296111,4.45,6600
122.839583,-39.618611,4.45,4550
124.638750,-36.659444,4.45,8250
135.022500,-41.253889,4.45,5200
158.897083,-57.557778,4.45,4550
161.445000,-80.540278,4.45,26000
248.034167,-21.466389,4.45,8250
270.438333,1.305278,4.45,9500
288.887500,73.355556,4.45,4700
293.522500,7.378889,4.45,4550
3.660000,-18.932778,4.44,3050
25.357917,5.487500,4.44,4550
64.120417,-59.301944,4.44,4700
95.942083,4.592778,4.44,8750
123.512083,-40.348056,4.44,4850
129.689167,3.341389,4.44,4850
284.237500,-67.233611,4.44,6750
292.176250,24.665000,4.44,3500
12.170833,7.585000,4.43,4400
63.817917,-7.652778,4.43,4850
99.472500,-18.237500,4.43,4850
220.287083,13.728333,4.43,9500
236.610833,7.353056,4.43,6000
305.965417,32.190000,4.43,4700
310.864583,15.074444,4.43,8250
319.479583,34.896944,4.43,26000
335.890000,52.229167,4.43,5200
14.301667,23.417500,4.42,5200
56.535417,-12.101667,4.42,3200
91.892917,14.768333,4.42,24000
165.582500,20.179722,4.42,9750
215.759167,-39.512222,4.42,16000
218.153750,-50.456944,4.42,26000
246.755833,-18.456389,4.42,26000
311.934167,-5.027778,4.42,3050
337.208750,-0.020000,4.42,7050
28.411667,-46.302500,4.41,2900
83.705000,9.489444,4.41,30000
88.595417,20.276111,4.41,6000
107.785000,30.245278,4.41,4700
119.560000,-49.245000,4.41,28000
169.545833,31.529167,4.41,6000
222.572083,-27.960278,4.41,4400
262.684583,26.110556,4.41,4550
269.625833,30.189444,4.41,7200
346.974583,75.387500,4.41,5800
349.705833,-32.531944,4.41,4850
0.490000,-6.014167,4.41,3050
102.463750,-53.622222,4.40,5400
109.676667,-24.954167,4.40,33000
122.256667,-19.245000,4.40,20000
225.725000,2.091389,4.40,5000
329.479583,-54.992500,4.40,7500
351.345000,23.404167,4.40,6300
73.223750,-5.452778,4.39,6900
98.744167,-52.975556,4.39,10000
120.566250,2.334444,4.39,4700
165.038750,-42.225833,4.39,9250
260.250833,-21.112778,4.39,7350
288.439583,39.146111,4.39,26000
302.222083,77.711389,4.39,12000
319.966667,-53.449722,4.39,8750
349.475833,-9.182500,4.39,20000
351.511667,-20.641944,4.39,4250
83.053333,18.594444,4.38,3200
197.487500,-5.538889,4.38,9750
253.502083,10.165278,4.38,14000
7.886250,-62.958056,4.37,12000
9.638750,29.311667,4.37,5400
33.250000,8.846667,4.37,5400
94.137917,-35.140556,4.37,5000
104.034167,-17.054167,4.37,24000
151.976250,9.997500,4.37,4550
295.024167,18.013889,4.37,5900
295.262083,17.476111,4.37,5200
299.934167,-35.276389,4.37,24000
353.242917,-37.818333,4.37,12000
9.220417,33.719444,4.36,20000
10.838333,-57.463056,4.36,10000
52.643750,47.995278,4.36,4550
61.173750,22.081944,4.36,5000
72.652917,8.900278,4.36,9750
78.307917,-12.941389,4.36,12000
89.384167,-35.283333,4.36,26000
132.108333,5.837778,4.36,10000
186.734583,28.268333,4.36,4850
211.511667,-41.179722,4.36,26000
272.189583,20.814444,4.36,26000
263.053750,86.586389,4.36,9750
275.806667,-61.493889,4.36,4400
281.193333,37.605000,4.36,9000
281.755417,18.181389,4.36,8750
289.092083,38.133611,4.36,5000
294.180417,-1.286389,4.36,20000
337.382500,47.706944,4.36,3500
44.567917,-40.304444,4.35,9750
47.907500,19.726667,4.35,4700
86.193333,-65.735556,4.35,8250
93.844583,29.498056,4.35,5200
104.318750,58.422500,4.35,5500
121.982500,-68.617222,4.35,18000
125.160417,-77.484444,4.35,4700
144.206667,-49.355278,4.35,8750
216.545000,-45.379444,4.35,6900
272.145000,-63.668333,4.35,8250
122.148333,-2.983889,4.34,5800
139.050833,-57.541389,4.34,3350
210.430833,-45.603611,4.34,6600
229.457917,-30.148889,4.34,5100
261.628750,4.140278,4.34,4700
326.236667,-33.025833,4.34,10000
326.127917,17.350000,4.34,5500
17.775833,55.149722,4.33,8250
30.511667,2.763611,4.33,10000
97.963750,-23.418333,4.33,30000
130.154167,-59.761111,4.33,28000
180.756250,-63.312778,4.33,8750
193.278750,-48.943333,4.33,4550
215.081250,-56.386667,4.33,18000
234.513333,-42.567500,4.33,4400
260.207083,-12.846944,4.33,9500
274.965417,36.064444,4.33,4700
70.110417,-19.671667,4.32,2900
112.040833,8.925556,4.32,4550
131.593750,-13.547778,4.32,5200
177.421250,-63.788333,4.32,24000
216.728750,-83.667778,4.32,4700
222.910000,-43.575556,4.32,20000
236.014583,77.794444,4.32,9250
241.851250,-20.868611,4.32,5700
309.584583,-1.105278,4.32,5300
14.651667,-29.357500,4.31,16000
142.930000,22.968056,4.31,4250
188.017500,-16.196111,4.31,7200
231.122500,37.377222,4.31,7200
56.302083,24.467222,4.30,18000
130.806250,3.398611,4.30,24000
174.237083,-0.823889,4.30,5200
283.625833,36.898889,4.30,2900
303.349583,56.567778,4.30,9250
61.645833,50.351389,4.29,10000
63.883750,8.892222,4.29,24000
66.372500,17.928056,4.29,9500
73.512500,66.342778,4.29,33000
79.893750,-13.176667,4.29,30000
144.271667,81.326389,4.29,4550
261.838750,-29.866944,4.29,6750
264.136667,-38.635278,4.29,5000
290.805000,-44.799722,4.29,7200
326.362083,61.120833,4.29,9500
330.947500,64.627778,4.29,9250
332.496667,33.178333,4.29,6750
337.876250,-32.346111,4.29,10000
354.534167,43.268056,4.29,14000
15.735833,7.890000,4.28,5000
37.039583,8.460000,4.28,12000
54.218333,0.401667,4.28,6150
66.577083,22.813611,4.28,8000
70.561250,22.956944,4.28,24000
115.827917,28.883611,4.28,4850
159.826667,-55.603333,4.28,5800
178.227500,-33.908056,4.28,12000
247.784583,-16.612778,4.28,5200
320.561667,-16.834444,4.28,5300
346.720000,-43.520556,4.28,6750
351.992083,6.378889,4.28,4850
41.235417,10.114167,4.27,7500
49.982083,-43.069722,4.27,5200
53.447083,-21.632778,4.27,14000
69.539583,12.510833,4.27,8500
77.286667,-8.754167,4.27,26000
122.372083,-47.345833,4.27,28000
193.359167,-40.178889,4.27,8250
196.727500,-49.906111,4.27,28000
229.633333,-47.875000,4.27,14000
311.664583,16.124167,4.27,4850
331.609167,-13.869722,4.27,12000
26.348333,9.157778,4.26,5200
89.983750,45.936944,4.26,3050
184.586250,-79.312222,4.26,20000
188.435417,41.357500,4.26,6000
197.968333,27.878056,4.26,6150
210.411667,1.544444,4.26,9250
242.192500,44.935000,4.26,12000
265.353750,-12.875278,4.26,9500
17.186250,86.256944,4.25,4700
17.375833,47.241944,4.25,16000
36.746250,-47.703889,4.25,20000
41.030833,-13.858611,4.25,16000
64.006667,-51.486667,4.25,6900
69.172500,41.264722,4.25,4400
68.913750,10.160833,4.25,8750
125.708750,43.188056,4.25,4400
134.621667,11.857778,4.25,8750
156.787917,-31.067778,4.25,4400
216.881250,75.696111,4.25,4400
118.325833,-48.103056,4.24,30000
250.769167,-77.517500,4.24,5000
304.412083,-12.508333,4.24,5700
5.017917,-64.874722,4.23,6150
42.646250,38.318611,4.23,7200
54.122500,48.192778,4.23,20000
56.712083,-23.249722,4.23,7050
206.421667,-33.043889,4.23,7050
241.647917,-36.802222,4.23,26000
247.845417,-34.704444,4.23,26000
251.492083,82.037222,4.23,5500
297.641250,32.914167,4.23,2600
319.354167,39.394722,4.23,12000
326.698333,49.309444,4.23,24000
66.342083,22.293889,4.22,8250
275.189583,71.337778,4.22,10000
281.793750,-4.747778,4.22,5600
283.054167,-62.187500,4.22,26000
307.395417,62.994167,4.22,8250
311.415417,30.719722,4.22,5100
321.610833,-65.366111,4.22,6600
348.580833,-6.048889,4.22,3350
52.267083,59.940278,4.21,12000
85.190000,-1.942778,4.21,30000
156.970833,36.707222,4.21,5100
343.987083,-32.539722,4.21,5200
348.972917,-9.087778,4.21,5000
82.696250,5.948056,4.20,20000
119.214583,-22.880000,4.20,6450
248.525833,42.436944,4.20,12000
207.361250,-34.450833,4.19,2900
213.224167,-10.273611,4.19,4700
281.415417,20.546389,4.19,6600
333.758333,57.043611,4.19,7500
341.673333,12.172778,4.19,6600
56.581667,23.948333,4.18,18000
112.277917,31.784444,4.18,7500
214.095833,46.088333,4.18,10000
57.363750,-36.200278,4.17,5100
261.592500,-24.175278,4.17,9250
340.164167,-27.043611,4.17,14000
8.250000,62.931667,4.16,28000
91.030000,23.263333,4.16,5300
129.414167,5.703611,4.16,9750
249.093750,-35.255556,4.16,4100
334.208333,-7.783333,4.16,5200
97.240833,20.212222,4.15,18000
107.966250,-0.492778,4.15,9500
181.720417,-64.613611,4.15,7200
238.456250,-16.729444,4.15,5200
239.397083,26.877778,4.15,4700
341.513750,-81.381667,4.15,7750
63.724583,48.409444,4.14,6000
80.986667,-7.808056,4.14,5200
129.411250,-42.989167,4.14,8500
233.232500,31.359167,4.14,18000
311.523750,-25.270833,4.14,6900
355.102083,44.333889,4.14,12000
277.207917,-49.070833,4.13,5200
298.815417,-41.868333,4.13,5000
326.161250,25.645000,4.13,6750
333.992500,37.748889,4.13,4550
354.987500,5.626389,4.13,6450
41.050000,49.228333,4.12,6300
90.595833,9.647500,4.12,9500
105.939583,-15.633333,4.12,14000
147.869583,-14.846667,4.12,5300
181.302083,8.733056,4.12,5200
345.220000,-52.754167,4.12,5200
40.166667,-39.855556,4.11,5000
39.897500,-68.266944,4.11,12000
52.718333,12.936667,4.11,5000
117.309583,-46.373333,4.11,30000
158.867083,-78.607778,4.11,3500
176.628333,-61.178333,4.11,5500
184.392083,-67.960833,4.11,2750
234.180000,-66.316944,4.11,4850
287.367917,-37.904444,4.11,9500
287.507083,-39.340833,4.11,5000
312.955417,-26.919167,4.11,3500
337.439583,-43.749444,4.11,2900
24.199167,41.405556,4.09,6300
35.437083,-68.659444,4.09,9250
45.597917,-23.624444,4.09,9000
84.226250,9.290556,4.09,5000
237.185000,18.141667,4.09,3500
143.611250,-59.229444,4.08,20000
164.943750,-18.298889,4.08,5000
171.220417,-17.683889,4.08,8750
214.003750,-6.000556,4.08,6600
320.521667,19.804444,4.08,4850
325.876667,58.780000,4.08,3200
25.915000,50.688611,4.07,26000
39.870833,0.328611,4.07,26000
74.092917,13.514444,4.07,4700
103.547500,-12.038611,4.07,4400
124.631667,-76.919722,4.07,6750
131.100000,-42.649167,4.07,5500
207.369167,15.797778,4.07,4250
229.378333,-58.801111,4.07,9250
316.486667,-17.232778,4.07,9750
11.834583,24.267222,4.06,4850
113.980417,26.895833,4.06,3500
254.896250,-53.160556,4.06,4400
47.266667,49.613333,4.05,6000
170.284167,6.029444,4.05,12000
215.139167,-37.885278,4.05,10000
216.299167,51.850833,4.05,6450
219.471667,-49.425833,4.05,20000
220.914167,-35.173611,4.05,4550
227.210833,-45.279722,4.05,24000
59.741250,35.791111,4.04,39000
62.165417,47.712500,4.04,24000
62.966250,-6.837500,4.04,7200
184.608750,-64.003056,4.04,26000
283.833750,43.946111,4.04,2750
75.854583,60.442222,4.03,5900
176.465000,6.529444,4.03,3350
193.648333,-57.177778,4.03,26000
271.363750,2.499444,4.03,5000
308.303333,11.303333,4.03,18000
71.375417,-3.254722,4.02,20000
131.674167,28.760000,4.02,5300
182.103333,-24.728889,4.02,7200
244.960000,-50.155556,4.02,5200
284.905833,15.068333,4.02,4850
285.420000,-5.738889,4.02,4850
323.495417,45.591944,4.02,5200
338.839167,-0.117500,4.02,12000
34.328750,33.847222,4.01,9750
132.632917,-27.710000,4.01,4550
201.306250,54.988056,4.01,8750
240.472083,58.565278,4.01,6300
242.998750,-19.460556,4.01,24000
280.758750,-71.428056,4.01,5000
290.659583,-44.458889,4.01,12000
307.348750,30.368611,4.01,6750
342.397917,-13.592500,4.01,3500
359.827917,6.863333,4.01,6900
30.001250,-21.077778,4.00,3500
43.470417,-49.890278,4.00,2450
135.611667,-66.396111,4.00,9500
156.098750,-74.031667,4.00,7200
220.490000,-37.793611,4.00,24000
349.357500,-58.235833,3.99,7350
30.858750,72.421389,3.98,9500
93.713750,-6.274722,3.98,4850
109.207500,-67.957222,3.98,6600
303.867917,47.714444,3.98,4550
87.872500,39.148611,3.97,5100
130.025833,-35.308333,3.97,5300
135.160000,41.782778,3.97,6750
137.819167,-62.317222,3.97,24000
270.161250,2.931667,3.97,20000
290.971667,-40.616111,3.97,14000
337.317500,-43.495556,3.97,5400
350.742500,-20.100556,3.97,5000
66.009167,-34.016944,3.96,4400
89.786667,-42.815278,3.96,5000
102.460417,-32.508611,3.96,28000
115.952083,-28.954722,3.96,9500
182.912917,-52.368611,3.96,24000
241.701667,-20.669167,3.96,28000
300.147917,-72.910556,3.96,10000
22.812917,-49.072778,3.95,5000
43.564583,52.762500,3.95,5600
99.170833,-19.255833,3.95,4850
115.455000,-72.606111,3.95,5000
200.985000,54.921667,3.95,9750
237.739583,-33.627222,3.95,12000
341.632917,23.565556,3.95,5200
6.550833,-43.680000,3.94,8250
131.171250,18.154167,3.94,5000
170.981250,10.529167,3.94,6900
314.293333,41.167222,3.94,9750
69.079583,-3.352500,3.93,26000
115.311667,-9.551111,3.93,5000
290.418333,-17.847222,3.93,7500
17.096250,-55.245833,3.92,18000
255.072500,30.926389,3.92,10000
318.955833,5.247778,3.92,6000
60.789167,5.989167,3.91,9750
131.507083,-46.041667,3.91,9750
144.964167,-1.142778,3.91,4700
167.147500,-58.975000,3.91,5600
187.010000,-50.230556,3.91,26000
233.881667,-14.789444,3.91,5200
126.415000,-3.906389,3.90,10000
298.118333,1.005556,3.90,6600
347.590000,-45.246667,3.90,4850
44.107083,-8.898056,3.89,4850
170.251667,-54.491111,3.89,20000
184.976667,-0.666944,3.89,9500
244.935000,46.313333,3.89,20000
248.362500,-78.897222,3.89,5200
299.076667,35.083333,3.89,5000
2.352917,-45.747500,3.88,5000
138.591250,2.314167,3.88,12000
148.190833,26.006944,3.88,4700
202.761250,-39.407500,3.88,5100
220.765000,-5.658333,3.88,7200
239.221250,-29.214167,3.88,26000
14.188333,38.499444,3.87,8750
48.017917,-28.986944,3.87,6300
56.456667,24.367778,3.87,14000
69.545000,-14.303889,3.87,4700
82.802917,-35.470556,3.87,4850
103.532917,-24.183889,3.87,4700
188.116667,-72.133056,3.87,20000
188.370833,69.788333,3.87,18000
209.670000,-44.803611,3.87,26000
227.983750,-48.737778,3.87,12000
63.500417,-42.294444,3.86,4850
189.425833,-48.541111,3.86,9500
269.063333,37.250556,3.86,4850
273.440833,-21.058889,3.86,14000
56.050000,-64.806944,3.85,4700
86.821250,-51.066389,3.85,8750
95.528333,-33.436389,3.85,5300
108.702917,-26.772778,3.85,26000
153.684167,-42.121944,3.85,9500
158.202917,9.306667,3.85,28000
239.113333,15.661667,3.85,6600
243.859583,-63.685556,3.85,5800
278.801667,-8.244167,3.85,4550
67.143750,15.962222,3.84,5000
130.156667,-46.648889,3.84,7050
133.761667,-60.644722,3.84,14000
159.325417,-48.225833,3.84,6900
172.850833,69.331111,3.84,3500
235.685833,26.295556,3.84,12000
275.924583,21.769722,3.84,4700
335.414167,-1.387222,3.84,10000
56.079583,32.288333,3.83,28000
163.327917,34.215000,3.83,5000
209.567917,-42.100833,3.83,26000
221.965000,-79.044722,3.83,4550
271.885833,28.762500,3.83,12000
297.043333,70.267778,3.83,5300
68.887500,-30.562222,3.82,5200
139.711250,36.802500,3.82,9250
156.969583,-58.739444,3.82,7200
247.728333,1.983889,3.82,10000
296.847083,18.534167,3.82,3200
354.391250,46.458056,3.82,5200
84.686667,-2.600000,3.81,33000
87.830417,-20.879167,3.81,5000
156.522500,-16.836389,3.81,4400
47.374167,44.857222,3.80,5000
147.747500,59.038611,3.80,7200
154.994167,19.840556,3.80,5300
233.700417,10.537500,3.80,7500
233.700417,10.539167,3.80,7500
264.866250,46.006389,3.80,24000
106.027083,20.570278,3.79,6450
111.431667,27.798056,3.79,5100
292.426250,51.729722,3.79,8750
303.407917,46.741389,3.79,4700
107.187083,-70.498889,3.78,5000
163.373333,-58.853333,3.78,4850
56.298333,42.578611,3.77,6750
126.434167,-66.136944,3.77,4850
286.170833,-21.741667,3.77,5100
289.275833,53.368611,3.77,5100
309.909583,15.911944,3.77,12000
311.919167,-9.495833,3.77,9750
337.822917,50.282500,3.77,9750
42.674167,55.895556,3.76,4550
65.733750,17.542500,3.76,5000
83.406250,-62.489722,3.76,6600
252.446250,-59.041389,3.76,4250
325.368750,-77.390000,3.76,5000
331.752917,25.345000,3.76,6750
75.619583,41.075833,3.75,4400
136.038750,-47.097778,3.75,4700
245.480000,19.153056,3.75,7750
266.973333,2.707222,3.75,10000
268.382083,56.872778,3.75,4700
337.292917,58.415278,3.75,6750
51.792500,9.732778,3.74,12000
321.666667,-22.411389,3.74,5600
343.153750,-7.579722,3.74,3200
27.865000,-10.335000,3.73,5000
53.232500,-9.458333,3.73,4700
118.054167,-40.575833,3.73,4850
271.837500,9.563889,3.73,9000
73.562917,2.440556,3.72,24000
89.881667,54.284722,3.72,5000
221.562083,1.892778,3.72,10000
316.232917,43.927778,3.72,4400
318.697917,38.045556,3.72,7200
89.101250,-14.167778,3.71,7350
176.512500,47.779444,3.71,5000
237.704167,4.477778,3.71,9500
298.828333,6.406667,3.71,5200
28.989583,-51.608889,3.70,5200
56.218750,24.113333,3.70,18000
269.441250,29.247778,3.70,5200
49.879167,-21.757778,3.69,3050
72.801667,5.605000,3.69,26000
146.311667,-62.507778,3.69,5500
349.291250,3.282222,3.69,5100
130.897917,-33.186389,3.68,28000
190.415000,-1.449444,3.68,7500
231.957083,29.105833,3.68,7500
325.022917,-16.662222,3.68,7500
142.882083,63.061944,3.67,7500
236.547083,15.421944,3.67,9500
9.242917,53.896944,3.66,26000
234.664167,-29.777778,3.66,26000
271.657917,-50.091667,3.66,26000
347.361667,-21.172500,3.66,4850
64.948333,15.627500,3.65,5000
190.415000,-1.449444,3.65,7500
211.097083,64.375833,3.65,10000
313.702500,-58.454167,3.65,4850
176.401667,-66.728611,3.64,8250
42.495833,27.260556,3.63,14000
57.290417,24.053333,3.63,14000
309.387500,14.595278,3.63,6750
22.870833,15.345833,3.62,5300
130.073333,-52.921944,3.62,24000
195.567500,-71.548889,3.62,4700
253.645833,-42.361389,3.62,4400
262.774583,-60.683889,3.62,14000
266.433333,-64.723889,3.62,4700
345.480417,42.326111,3.62,18000
116.313750,-37.968611,3.61,4700
152.647083,-12.354167,3.61,5000
177.673750,1.764722,3.61,6150
21.005833,-8.183333,3.60,5000
51.203333,9.028889,3.60,5400
79.401667,-6.844444,3.60,20000
86.115833,-22.448333,3.60,6600
103.197083,33.961111,3.60,9250
135.906250,47.156667,3.60,9750
142.675000,-40.466667,3.60,7050
185.340000,-60.401111,3.59,4550
109.523333,16.540278,3.58,9250
217.957500,30.371389,3.58,4550
234.256250,-28.135000,3.58,4550
24.498333,48.628333,3.57,4550
116.111667,24.398056,3.57,5200
253.083750,-38.017500,3.57,26000
275.264167,72.732778,3.57,6450
304.513750,-12.544722,3.57,5200
4.857083,-8.823889,3.56,4850
34.127500,-51.512222,3.56,14000
64.473750,-33.798333,3.56,12000
169.835417,-14.778611,3.56,5200
230.451667,-36.261389,3.56,4250
302.181667,-66.181944,3.56,5400
86.738750,-14.821944,3.55,9250
214.850833,-46.057778,3.55,26000
55.812083,-9.763333,3.54,5000
83.784583,9.934167,3.54,36000
149.215833,-54.567778,3.54,20000
173.250417,-31.857778,3.54,5300
264.396667,-15.398611,3.54,7500
67.154167,19.180278,3.53,5100
110.030833,21.982222,3.53,7200
237.405000,-3.430278,3.53,10000
250.724167,38.922222,3.53,5300
332.550000,6.197778,3.53,9500
124.128750,9.185556,3.52,4400
145.287500,9.892222,3.52,6600
151.833333,16.762778,3.52,10000
342.420000,66.200556,3.52,5000
276.743333,-45.968333,3.51,24000
284.432500,-21.106667,3.51,4850
26.017083,-15.937500,3.50,5200
225.486667,40.390556,3.50,5200
342.138750,-51.316944,3.49,9250
169.619583,33.094167,3.48,4550
258.662083,14.390278,3.48,2750
342.500833,24.601667,3.48,5200
40.825000,3.235833,3.47,9250
60.170000,12.490278,3.47,24000
105.429583,-27.934722,3.47,3950
119.194583,-52.982222,3.47,24000
228.875833,33.314722,3.47,5200
299.689167,19.492222,3.47,3500
17.147500,-10.182222,3.45,4850
154.274167,42.914444,3.45,9500
282.520000,33.362778,3.45,14000
12.275000,57.815833,3.44,6150
137.741667,-58.966944,3.44,26000
154.172500,23.417222,3.44,7500
286.562083,-4.882500,3.44,12000
311.322500,61.838889,3.43,5000
266.614583,27.720556,3.42,5500
311.239583,-66.203056,3.42,8250
22.091250,-43.318333,3.41,3500
28.270417,29.578889,3.41,6600
207.376250,-41.687778,3.41,26000
228.071250,-52.099167,3.41,5200
240.030417,-38.396944,3.41,26000
67.165417,15.870833,3.40,8250
154.270833,-61.332222,3.40,4550
340.365417,10.831389,3.40,14000
46.294167,38.840278,3.39,2900
28.598750,63.670000,3.38,24000
131.694167,6.418889,3.38,5500
193.900833,3.397500,3.38,3050
203.673333,-0.595833,3.37,9250
230.670417,-44.689444,3.37,26000
81.119167,-2.396944,3.36,28000
101.322500,12.895556,3.36,6750
127.566250,60.718056,3.36,5500
291.374583,3.114722,3.36,7050
63.606250,-62.473889,3.35,5200
332.713750,58.201111,3.35,4850
117.323750,-24.859722,3.34,5400
168.560000,15.429444,3.34,9500
261.348333,-56.377500,3.34,28000
269.756667,-9.773611,3.34,5000
258.038333,-43.239167,3.33,7050
153.434167,-70.038056,3.32,14000
158.005833,-61.685278,3.32,22000
286.735000,-27.670556,3.32,4850
16.520833,-46.718611,3.31,5200
78.232917,-16.205556,3.31,12000
183.856667,57.032500,3.31,9250
226.017500,-25.281944,3.29,3050
231.232500,58.966111,3.29,4700
93.719167,22.506667,3.28,3050
9.832083,30.860833,3.27,4550
68.499167,-55.045000,3.27,10000
102.047500,-61.941389,3.27,8250
211.592917,-26.682500,3.27,4700
260.502500,-24.999444,3.27,26000
343.662500,-15.820833,3.27,9250
275.327500,-2.898889,3.26,5000
112.307500,-43.301389,3.25,4250
44.565417,-40.304722,3.24,9000
56.809583,-74.238889,3.24,3200
244.580417,-4.692500,3.24,5100
284.735833,32.689444,3.24,12000
302.826250,-0.821389,3.23,12000
322.165000,70.560833,3.23,28000
230.342917,-40.647500,3.22,28000
267.464583,-37.043333,3.21,4700
354.836667,77.632500,3.21,4850
254.417083,9.375000,3.20,4700
318.234167,30.226944,3.20,5200
72.460000,6.961389,3.19,6600
76.365417,-22.371111,3.19,4250
220.626667,-64.975278,3.19,8750
76.628750,41.234444,3.17,24000
99.440417,-43.196111,3.17,14000
143.214167,51.677222,3.17,6600
257.196667,65.714722,3.17,18000
281.414167,-26.990833,3.17,14000
258.761667,36.809167,3.16,4550
134.801667,48.041667,3.14,8250
258.757917,24.839167,3.14,9250
140.263750,34.392500,3.13,3950
142.805417,-57.034444,3.13,4250
173.945000,-63.019722,3.13,12000
224.790417,-42.104167,3.13,26000
254.655000,-55.990278,3.13,4550
87.740000,-35.768333,3.12,4700
133.848333,5.945556,3.11,5100
162.406250,-16.193611,3.11,4700
274.406667,-36.761667,3.11,3050
309.391667,-47.291389,3.11,5000
252.967500,-38.047500,3.08,28000
292.680417,27.959722,3.08,4550
305.252917,-14.781389,3.08,6300
288.138750,67.661667,3.07,5100
155.582083,41.499444,3.05,3500
191.570417,-68.108056,3.05,26000
230.182083,71.833889,3.05,9250
34.836250,-2.977500,3.04,2450
207.404167,-42.473889,3.04,26000
218.019583,38.308333,3.03,8250
266.896250,-40.126944,3.03,7200
95.078333,-30.063333,3.02,26000
105.756250,-23.833333,3.02,24000
55.731250,47.787500,3.01,20000
146.775417,-65.071944,3.01,8500
167.415833,44.498611,3.01,4850
328.482083,-37.365000,3.01,14000
32.385833,34.987222,3.00,8750
84.411250,21.142500,3.00,22000
182.531250,-22.619722,3.00,4700
199.730417,-23.171667,3.00,5200
75.492083,43.823333,2.99,7500
271.452083,-30.424167,2.99,5000
286.352500,13.863333,2.99,10000
100.982917,25.131111,2.98,5200
146.462917,23.774167,2.98,5900
331.445833,-0.319722,2.96,5800
59.507500,-13.508611,2.95,3500
187.466250,-16.515556,2.95,12000
262.960417,-49.876111,2.95,26000
340.750417,30.221389,2.94,5800
46.199167,53.506389,2.93,5200
102.484167,-50.614722,2.93,4850
322.889583,-5.571111,2.91,6000
111.787500,8.289444,2.90,14000
194.007083,38.318333,2.90,10000
59.463333,40.010278,2.89,30000
229.727500,-68.679444,2.89,9750
239.712917,-26.114167,2.89,28000
245.297083,-25.592778,2.89,28000
287.440833,-21.023611,2.89,7200
95.740000,22.513611,2.88,3050
113.650000,31.888611,2.88,9500
56.871250,24.105000,2.87,16000
296.243750,45.130833,2.87,12000
326.760000,-16.127222,2.87,8750
29.692500,-61.569722,2.86,7500
334.625417,-60.259722,2.86,4550
58.532917,31.883611,2.85,28000
238.785417,-63.430556,2.85,7200
261.325000,-55.530000,2.85,4550
82.061250,-20.759444,2.84,5500
3.309167,15.183611,2.83,26000
195.544167,10.959167,2.83,5200
248.970833,-28.216111,2.82,30000
121.885833,-24.304167,2.81,6600
250.321667,31.603056,2.81,6000
276.992500,-25.421667,2.81,4850
6.437917,-77.254167,2.80,5800
183.786250,-58.748889,2.80,26000
76.962500,-5.086389,2.79,9250
262.608333,52.301389,2.79,5800
233.785417,-41.166944,2.78,26000
83.858333,-5.910000,2.77,33000
247.555000,21.489722,2.77,5300
265.868333,4.567222,2.77,4700
160.739167,-64.394444,2.76,30000
200.149167,-36.712222,2.75,9500
222.719583,-16.041667,2.75,9250
243.586250,-3.694444,2.74,3500
245.997917,61.514167,2.74,5200
296.565000,10.613333,2.72,4550
109.285833,-37.097500,2.70,4550
221.246667,27.074167,2.70,5000
275.248750,-29.828056,2.70,4550
74.248333,33.166111,2.69,4550
161.692500,-49.420000,2.69,5500
189.295833,-69.135556,2.69,26000
262.690833,-37.295833,2.69,26000
21.454167,60.235278,2.68,8750
208.671250,18.397778,2.68,6000
224.632917,-43.133889,2.68,26000
188.596667,-23.396667,2.65,5500
236.067083,6.425556,2.65,4700
28.660000,20.808056,2.64,8750
84.912083,-34.074167,2.64,16000
89.930417,37.212500,2.62,10000
241.359167,-19.805556,2.62,28000
154.992917,19.841667,2.61,4850
229.251667,-9.383056,2.61,14000
182.089583,-50.722500,2.60,26000
285.652917,-29.880278,2.60,9500
183.951667,-17.541944,2.59,14000
83.182500,-17.822222,2.58,7500
168.527083,20.523611,2.56,9000
249.289583,-10.567222,2.56,33000
208.885000,-47.288333,2.55,26000
45.570000,4.089722,2.53,3350
140.528333,-55.010833,2.50,26000
346.190417,15.205278,2.49,12000
14.177083,60.716667,2.47,30000
311.552917,33.970278,2.46,5000
111.023750,-29.303056,2.45,20000
178.457500,53.694722,2.44,10000
319.645000,62.585556,2.44,8250
257.594583,-15.724722,2.43,9500
345.943750,28.082778,2.42,3200
265.622083,-39.030000,2.41,28000
6.570833,-42.306111,2.39,5000
326.046667,9.875000,2.39,4700
165.460417,56.382500,2.37,9750
240.083333,-22.621667,2.32,30000
218.876667,-42.157778,2.31,28000
204.971667,-53.466389,2.30,28000
220.482500,-47.388333,2.30,28000
252.540833,-34.293333,2.29,4700
2.294583,59.149722,2.27,7200
200.981250,54.925278,2.27,9750
30.975000,42.329722,2.26,4550
120.896250,-40.003333,2.25,45000
139.272500,-59.275278,2.25,8000
10.127083,56.537222,2.23,5000
83.001667,-0.299167,2.23,33000
233.672083,26.714722,2.23,10000
269.151667,51.488889,2.23,4250
136.999167,-43.432500,2.21,4400
305.557083,40.256667,2.20,6300
190.379167,-48.959722,2.17,9750
177.265000,14.571944,2.14,9250
47.042083,40.955556,2.12,14000
340.667083,-46.884722,2.10,2750
222.676250,74.155556,2.08,4400
263.733750,12.560000,2.08,8750
2.097083,29.090556,2.06,14000
17.432917,35.620556,2.06,3500
86.939167,-9.669722,2.06,30000
211.670833,-36.370000,2.06,5000
85.189583,-1.942778,2.05,33000
10.897500,-17.986667,2.04,5100
37.952917,89.264167,2.02,6450
283.816250,-26.296667,2.02,26000
31.793333,23.462500,2.00,4700
239.875833,25.920278,2.00,24000
95.675000,-17.955833,1.98,28000
113.650000,31.888333,1.98,9750
141.896667,-8.658611,1.98,4550
131.175833,-54.708333,1.96,9750
306.412083,-56.735000,1.94,26000
99.427917,16.399167,1.93,10000
252.166250,-69.027778,1.92,4700
89.882083,44.947500,1.90,9500
264.330000,-42.997778,1.87,7350
125.628333,-59.509722,1.86,4550
206.885000,49.313333,1.86,24000
276.042917,-34.384722,1.85,12000
107.097917,-26.393333,1.84,6300
51.080833,49.861111,1.79,6750
165.932083,61.750833,1.79,5000
122.383333,-47.336667,1.78,14086
193.507083,55.959722,1.77,10000
332.058333,-46.961111,1.74,16000
186.652083,-63.099444,1.73,28000
84.053333,-1.201944,1.70,30000
138.300000,-69.717222,1.68,9500
81.572917,28.607500,1.65,16000
81.282917,6.349722,1.64,26000
187.791250,-57.113333,1.63,3050
263.402083,-37.103889,1.63,26000
104.656250,-28.972222,1.50,26000
152.092917,11.967222,1.35,16000
186.649583,-63.099167,1.33,30000
219.900417,-60.835556,1.33,4850
191.930000,-59.688611,1.25,30000
310.357917,45.280278,1.25,9500
344.412917,-29.622222,1.16,9250
116.328750,28.026111,1.14,5000
201.298333,-11.161389,0.98,28000
247.351667,-26.431944,0.96,3350
68.980000,16.509167,0.85,4250
297.695833,8.868333,0.77,8250
210.955833,-60.373056,0.61,28000
88.792917,7.406944,0.50,3350
24.428750,-57.236667,0.46,24000
114.825417,5.225000,0.38,6750
78.634583,-8.201667,0.12,14000
79.172500,45.998056,0.08,5500
279.234583,38.783611,0.03,10000
219.899583,-60.835278,-0.01,5800
213.915417,19.182500,-0.04,4850
95.987917,-52.695833,-0.72,7500
101.287083,-16.716111,-1.46,9750
